"","pond","id_bu","id_bu_encuesta","secu","estrato","encuesta","encuesta_a","encuesta_m","region_3","zona_u_r","gse","percepcion_1_a","percepcion_1_b","percepcion_1_c","percepcion_2","percepcion_3","percepcion_5","percepcion_6","percepcion_38","percepcion_4","eval_gob_1","iden_pol_2","eval_act_pol_1_fh","eval_act_pol_1_co","eval_act_pol_1_gz","eval_act_pol_1_gy","eval_act_pol_1_ca","eval_act_pol_1_el","eval_act_pol_1_gm","eval_act_pol_1_fo","eval_act_pol_1_gf","eval_act_pol_1_gq","eval_act_pol_1_gw","eval_act_pol_1_gx","eval_act_pol_1_ha","eval_act_pol_1_ae","eval_act_pol_1_em","eval_act_pol_1_gu","eval_act_pol_1_hb","eval_act_pol_1_dv","eval_act_pol_1_ep","eval_act_pol_1_en","eval_act_pol_1_p","eval_act_pol_17","eval_act_pol_18","confianza_6_a","confianza_6_c","confianza_6_b","confianza_6_j","confianza_6_d","confianza_6_e","confianza_6_f","confianza_6_n","confianza_6_x","confianza_6_g","confianza_6_h","confianza_6_i","confianza_6_k","confianza_6_s","confianza_6_o","confianza_6_p","confianza_6_r","confianza_6_m","confianza_6_ab","confianza_6_ac","democracia_21","pp_congreso_61_b","religion_14","pobreza_68_e","ciudadania_16","ciudadania_33_a","ciudadania_33_b","ciudadania_33_c","ciudadania_33_d","ciudadania_33_e","ciudadania_33_f","ciudadania_33_g","ciudadania_33_h","ciudadania_33_i","ciudadania_33_k","ciudadania_33_j","ciudadania_33_l","ciudadania_33_m","ciudadania_34","bienestar_13_c","bienestar_13_h","bienestar_13_g","bienestar_13_f","info_enc_49","educacion_21","educacion_67","educacion_112_aleatorio_deck","educacion_112_deck_1","educacion_112_deck_2","educacion_112_deck_3","educacion_112_deck_4","educacion_112_a","educacion_112_b","educacion_112_c","educacion_112_d","educacion_113","educacion_114","educacion_106","salud_85","salud_86","salud_87","salud_88","seguridad_37_a","seguridad_37_b","seguridad_37_c","democracia_38","seguridad_38","seguridad_39_a","seguridad_39_b","seguridad_39_c","seguridad_40","seguridad_41_a","seguridad_41_b","ciudadania_31","rol_gobierno_27","seguridad_42_a","seguridad_42_b","seguridad_45","seguridad_46_a","seguridad_46_b","seguridad_46_c","seguridad_46_d","seguridad_47_a","seguridad_47_b","seguridad_47_c","seguridad_47_d","seguridad_49","iden_pol_3","iden_pol_3_a","elec_part_37","elec_pres_144_a","elec_pres_144_b_2","sexo","edad","info_enc_59_2","info_enc_58","info_enc_30_b","info_enc_61","esc_nivel_1_c","info_enc_57","info_hogar_28_c","info_enc_62","salud_5_b","religion_82"
"1",0.49712611,"1-91",1,91300,26,91,2024,6,16,2,2,9,17,5,1,3,4,3,4,3,2,10,1,4,6,1,1,6,6,6,6,6,6,1,6,1,6,4,6,4,6,1,4,3,2,3,2,3,4,3,3,2,1,1,4,2,4,3,2,2,3,1,1,3,1,1,2,2,1,4,4,4,4,4,2,4,2,2,2,3,4,4,4,4,10,10,10,10,1,2,7,17,1,48,67,90,10,0,10,0,2,5,2,3,1,2,2,1,3,6,10,2,1,1,1,3,1,5,5,2,3,2,-8,NA,NA,NA,NA,NA,NA,NA,NA,3,18,NA,1,2,NA,2,32,1,2,NA,2,3,2,3,3,2,2
"2",0.76834941,"2-91",2,91149,20,91,2024,6,13,1,4,16,14,26,2,3,3,3,5,3,2,-8,1,3,1,1,4,2,2,6,6,2,6,2,2,6,6,3,2,4,2,2,3,9,7,4,3,4,4,4,4,4,4,4,3,4,4,4,4,4,4,3,4,4,4,3,1,3,2,4,5,5,4,4,3,2,4,4,4,5,4,5,3,1,10,10,10,10,1,3,2,5,12,34,58,77,0,0,0,10,3,5,2,3,1,1,5,1,9,4,1,2,1,1,1,1,3,1,1,2,3,3,1,4,5,2,4,NA,NA,NA,NA,4,11,NA,2,NA,2,2,39,4,2,NA,2,3,1,NA,2,2,-9
"3",0.86438958,"3-91",3,91149,20,91,2024,6,13,1,3,16,5,3,4,1,3,2,2,1,1,3,4,4,6,4,4,4,4,6,2,6,6,6,6,2,6,6,6,2,6,2,4,2,8,3,3,3,3,3,3,3,3,3,2,2,2,3,3,3,3,2,3,3,4,1,1,2,2,4,3,3,3,3,3,3,3,4,3,2,3,4,3,6,10,8,10,10,1,2,5,22,22,44,50,75,3,2,6,9,1,2,1,1,NA,2,6,6,3,9,5,1,2,2,1,2,1,2,4,2,2,2,1,3,3,4,4,NA,NA,NA,NA,6,9,NA,1,1,NA,1,46,1,2,NA,2,5,1,NA,1,3,11
"4",0.68842002,"4-91",4,91149,20,91,2024,6,13,1,3,10,14,1,5,1,3,2,4,1,1,1,5,3,6,4,4,4,4,3,6,3,6,6,6,2,3,1,6,1,6,2,3,4,8,3,3,3,4,4,3,4,3,4,2,4,1,4,4,2,3,3,2,3,4,1,1,3,1,2,1,4,2,3,4,1,4,4,5,2,2,2,4,3,10,10,10,10,1,2,6,3,2,47,56,95,8,0,8,0,1,2,1,1,NA,1,-8,9,2,4,2,5,4,2,4,3,1,5,5,2,2,2,-8,NA,NA,NA,NA,NA,NA,NA,NA,5,3,NA,1,1,NA,1,41,1,2,NA,2,5,1,NA,2,7,1
"5",0.51977604,"5-91",5,91149,20,91,2024,6,13,1,3,10,5,9,2,3,4,3,5,3,2,8,1,1,6,1,2,1,2,6,-8,-8,6,6,-8,4,4,5,6,4,6,2,2,1,7,4,3,3,4,4,4,3,3,3,3,3,4,4,3,3,4,3,3,4,3,2,2,1,1,5,5,5,5,5,5,4,4,5,4,4,4,5,5,3,10,10,10,10,1,3,2,5,12,34,58,77,0,0,0,8,2,2,1,3,3,1,5,1,11,2,5,2,1,1,1,1,1,2,2,1,3,3,1,4,5,4,-8,NA,NA,NA,NA,6,10,NA,2,NA,2,2,53,1,1,5,2,4,2,0,8,5,2
"6",1.51679073,"6-91",6,91149,20,91,2024,6,13,1,3,1,3,14,2,3,2,-8,4,2,2,-9,2,5,6,6,-8,1,6,6,6,6,6,-8,6,-8,6,-8,6,2,6,6,4,2,6,4,3,1,4,4,4,4,3,3,4,3,4,4,4,4,4,4,4,4,4,3,-8,2,1,2,3,3,3,3,3,3,3,3,5,3,3,3,3,6,10,10,10,-8,2,NA,NA,15,9,31,64,79,5,-8,0,10,2,5,2,2,2,5,NA,6,1,11,10,7,1,1,1,1,1,2,3,2,3,3,1,-8,4,4,4,NA,NA,NA,NA,5,15,15,1,1,NA,1,55,1,2,NA,2,1,2,1,3,5,2
"7",0.22252486,"7-91",7,91070,8,91,2024,6,6,1,3,26,10,11,2,2,2,3,-8,2,-9,-9,-9,-9,-9,-9,-9,-9,-9,-9,-9,-9,-9,-9,-9,-9,-9,-9,-9,-9,-9,-9,-9,-9,-9,4,1,-9,-9,-8,3,3,1,3,1,1,-9,4,1,4,-9,2,1,3,3,-9,-8,2,1,4,4,4,4,4,3,2,2,2,2,4,2,4,4,2,10,-7,10,-7,NA,NA,NA,20,18,46,65,87,10,1,9,4,4,5,1,3,3,1,3,1,2,7,10,5,4,4,4,1,1,5,1,2,3,3,2,NA,NA,NA,NA,2,1,2,4,6,15,15,1,1,NA,2,58,1,2,NA,2,2,1,NA,8,5,9
"8",1.08748366,"8-91",8,91300,26,91,2024,6,16,2,3,2,14,3,2,3,3,2,4,2,1,5,3,1,6,3,1,3,4,6,6,6,6,6,6,3,4,3,6,2,1,2,2,3,7,3,3,4,4,4,3,4,2,2,2,2,4,4,2,4,4,4,3,2,4,2,1,3,2,5,4,5,4,3,4,3,3,4,3,4,3,4,3,6,4,10,5,-7,NA,NA,NA,3,2,47,56,95,9,5,10,5,1,5,2,2,2,5,NA,2,4,6,8,4,1,1,1,2,3,5,3,2,3,3,2,NA,NA,NA,NA,2,2,2,5,1,15,15,1,1,NA,2,23,1,2,NA,2,6,2,6,1,5,9
"9",0.30777735,"9-91",9,91114,14,91,2024,6,9,1,2,8,10,5,3,1,4,1,5,1,1,5,4,5,3,3,4,3,5,4,1,4,6,6,6,3,4,1,4,1,3,1,2,2,6,1,1,3,4,2,4,4,2,2,4,1,2,4,3,2,2,1,1,2,4,1,1,3,1,4,2,4,4,4,3,3,2,3,4,3,3,2,2,6,10,10,-9,-7,NA,NA,NA,2,16,42,69,81,0,1,10,8,2,2,1,1,NA,4,NA,6,1,11,-9,2,1,1,1,3,1,-9,5,1,2,1,2,NA,NA,NA,NA,5,2,5,-9,4,1,NA,1,1,NA,2,51,1,2,NA,2,8,2,8,7,4,1
"10",0.64452053,"10-91",10,91114,14,91,2024,6,9,1,3,1,2,3,2,1,2,2,3,1,1,6,4,3,3,4,4,4,4,4,6,6,6,6,6,4,3,6,6,4,4,3,4,1,-9,2,2,2,3,3,3,3,3,4,-8,2,2,2,-8,2,2,3,-8,3,2,1,1,2,2,4,2,1,3,2,-8,2,2,2,-8,-8,4,3,2,6,8,6,10,-7,NA,NA,NA,22,22,44,50,75,2,3,5,2,2,4,2,3,3,2,2,2,4,9,-8,2,1,1,1,2,1,1,4,-9,3,3,-8,NA,NA,NA,NA,NA,NA,NA,NA,1,10,NA,1,2,NA,2,85,1,2,NA,2,1,1,NA,7,2,1
"11",0.30222736,"11-91",11,91114,14,91,2024,6,9,1,3,8,3,4,4,2,3,2,3,3,1,-9,4,4,2,6,3,4,5,6,-8,6,6,6,6,6,6,6,6,1,6,6,4,8,1,4,4,4,4,4,4,4,4,4,4,-8,3,3,3,-8,-8,3,3,3,3,2,-8,2,2,4,4,-8,3,2,3,2,2,2,5,5,5,3,3,6,10,10,10,-7,NA,NA,NA,5,12,34,58,77,0,10,0,10,2,-8,3,1,NA,-8,NA,7,5,11,5,1,1,1,1,1,2,5,5,1,-8,3,2,NA,NA,NA,NA,-8,-8,-8,5,-8,15,15,1,1,NA,1,69,1,1,5,2,3,1,NA,7,2,9
"12",0.56388297,"12-91",12,91265,20,91,2024,6,13,1,3,3,11,17,1,1,3,2,3,2,-9,-9,4,4,3,3,3,3,6,3,6,6,6,6,6,4,4,4,4,6,6,5,4,9,1,3,1,2,3,1,1,3,1,3,1,1,-8,1,4,1,1,1,1,3,3,-8,1,2,1,2,-8,-8,-8,-8,-8,-8,-8,-8,-8,-8,-8,-8,-8,-8,10,10,10,10,1,3,5,23,23,41,68,76,10,10,5,0,1,1,1,1,NA,-8,NA,6,2,5,10,2,1,1,1,1,1,3,2,1,3,3,1,-8,-8,4,-8,NA,NA,NA,NA,3,23,NA,1,3,NA,2,52,1,2,NA,1,4,2,4,1,5,2
"13",0.55371476,"13-91",13,91265,20,91,2024,6,13,1,3,3,26,1,2,2,3,2,-8,3,-8,1,4,4,6,6,6,6,6,6,6,6,6,6,6,4,6,4,6,6,6,6,4,1,6,1,3,-8,4,-8,3,4,3,-8,-8,1,-8,-8,-8,1,4,4,-8,2,3,1,2,3,1,4,4,-8,-8,3,-8,2,3,4,-8,-8,-8,-8,3,6,0,0,10,-7,NA,NA,NA,4,6,27,66,91,-8,-8,-8,-8,-8,-8,1,-8,NA,-8,NA,1,6,11,10,2,1,1,1,1,1,1,3,2,-8,2,-8,NA,NA,NA,NA,NA,NA,NA,NA,-8,15,15,1,3,NA,1,84,1,2,NA,2,1,1,NA,7,5,1
"14",0.88562598,"14-91",14,91265,20,91,2024,6,13,1,3,1,6,10,3,2,4,2,3,2,1,-8,4,4,6,6,3,3,6,6,6,6,6,6,6,4,3,6,6,3,6,3,4,1,1,4,1,1,4,4,4,3,3,4,4,1,3,3,3,3,4,1,1,3,1,3,2,1,1,2,5,3,5,2,5,5,5,3,5,2,-8,5,5,3,10,10,10,-7,NA,NA,NA,22,22,44,50,75,0,10,0,10,4,5,1,2,3,1,5,2,6,10,10,3,1,1,1,1,1,1,3,1,3,-8,2,NA,NA,NA,NA,-8,-8,-8,5,4,15,15,1,1,NA,2,67,1,2,NA,2,2,1,NA,7,1,2
"15",0.29520866,"15-91",15,91265,20,91,2024,6,13,1,3,7,1,3,2,3,2,4,3,2,1,-8,3,4,6,4,6,2,6,6,6,6,6,6,6,4,4,6,6,3,6,3,5,1,4,1,1,4,4,1,4,4,4,4,4,1,4,4,3,3,4,3,4,4,1,3,2,1,1,5,5,5,5,5,5,2,2,1,1,5,5,5,5,1,0,0,0,-7,NA,NA,NA,20,18,46,65,87,0,0,10,10,4,5,1,3,2,-8,NA,3,2,9,10,5,1,1,2,1,1,1,5,1,3,1,2,NA,NA,NA,NA,5,5,5,5,4,15,15,2,NA,1,2,80,1,2,NA,2,1,1,NA,7,5,1
"16",0.59041732,"16-91",16,91265,20,91,2024,6,13,1,3,3,2,26,1,3,2,3,5,3,2,-8,2,2,6,6,2,2,2,2,6,6,6,6,6,2,1,4,6,-8,2,2,4,5,4,3,3,4,4,4,3,3,3,3,4,1,3,4,4,3,3,2,-8,3,4,2,1,2,1,4,5,5,5,5,5,3,3,3,5,5,5,5,4,6,10,10,10,-7,NA,NA,NA,20,18,46,65,87,0,0,10,0,3,5,2,2,3,4,NA,5,1,2,10,2,1,1,1,1,1,4,4,1,3,3,1,1,1,1,5,NA,NA,NA,NA,4,15,15,1,3,NA,2,76,1,1,5,2,2,1,NA,7,1,9
"17",0.89814419,"17-91",17,91114,14,91,2024,6,9,1,3,26,1,10,3,3,3,4,3,2,3,5,3,3,-8,2,3,2,4,3,2,-8,-8,-8,-8,3,3,6,-8,-8,-8,3,3,1,1,4,2,4,4,4,4,3,2,4,3,3,4,4,3,2,4,2,3,4,4,1,1,2,1,5,5,5,5,5,5,5,4,3,5,5,5,5,5,1,10,10,10,10,2,NA,NA,1,32,37,54,82,0,1,1,2,3,5,1,2,3,2,3,10,1,6,10,2,1,1,1,2,1,4,5,2,3,3,2,NA,NA,NA,NA,2,2,2,2,5,15,15,1,4,NA,1,64,1,1,5,2,3,2,4,1,7,1
"18",0.81527455,"18-91",18,91114,14,91,2024,6,9,1,3,3,13,14,3,2,3,3,5,1,1,5,3,3,-8,-8,3,3,4,-8,-8,-8,6,3,-8,3,-8,2,-8,2,-8,3,4,4,2,3,3,3,4,3,3,4,2,4,3,4,4,3,3,3,3,3,2,2,2,3,1,3,1,5,5,5,4,5,5,5,5,2,3,5,5,5,5,1,10,10,10,10,1,3,7,18,15,35,72,89,9,0,1,8,2,5,1,3,3,4,NA,1,6,8,9,1,1,1,1,4,1,5,5,1,3,3,1,-8,2,-8,-8,NA,NA,NA,NA,1,15,15,1,1,NA,1,34,1,1,-8,2,2,1,NA,1,3,2
"19",3.55896687,"19-91",19,91276,25,91,2024,6,16,1,3,14,1,10,3,2,3,3,3,1,3,6,4,4,4,2,3,3,4,4,3,6,6,6,2,4,4,2,6,3,3,4,5,1,4,3,3,3,3,2,3,3,2,2,3,4,3,3,2,4,3,2,4,3,3,1,1,2,2,4,4,4,4,4,3,4,2,4,2,3,4,3,3,3,6,6,4,5,2,NA,NA,15,9,31,64,79,10,10,0,10,2,5,2,2,3,3,NA,7,2,1,6,4,2,2,2,2,2,3,4,1,3,3,2,NA,NA,NA,NA,2,2,4,2,4,10,NA,2,NA,5,1,37,1,2,NA,2,5,2,4,10,5,1
"20",1.08815236,"20-91",20,91100,12,91,2024,6,8,1,1,10,11,1,-8,2,3,4,5,3,-8,5,3,3,6,6,3,2,6,6,6,6,6,6,6,3,6,6,6,6,6,6,3,1,4,2,1,3,4,4,3,3,3,-8,-8,1,4,4,4,1,4,1,4,3,3,3,1,2,1,5,-8,2,1,-8,3,2,1,-8,5,-8,4,2,-8,1,10,10,10,-7,NA,NA,NA,8,5,26,57,80,10,0,10,0,3,5,2,3,4,5,NA,11,3,7,10,2,2,2,2,2,5,5,5,2,3,2,2,NA,NA,NA,NA,4,-8,-8,-8,6,15,15,1,4,NA,2,86,1,2,NA,2,3,1,NA,7,4,1
"21",0.35122793,"21-91",21,91266,22,91,2024,6,14,1,4,7,6,10,2,-8,2,2,4,2,1,-8,2,4,6,6,4,2,6,6,6,6,6,6,6,2,6,6,6,4,6,2,2,1,1,3,4,2,3,3,-8,2,2,4,3,2,2,4,4,1,-8,3,3,3,3,3,-8,1,1,-8,-8,-8,-8,-8,-8,-8,-8,-8,-8,-8,-8,-8,-8,-8,10,2,10,-7,NA,NA,NA,8,5,26,57,80,9,0,10,1,4,5,2,3,2,2,3,11,6,5,8,2,1,1,1,1,1,4,3,1,3,3,2,NA,NA,NA,NA,5,-8,-8,5,-8,15,15,1,1,NA,2,70,1,1,5,2,1,1,NA,2,2,2
"22",0.43312883,"22-91",22,91105,12,91,2024,6,8,1,4,1,3,10,3,2,3,1,4,3,2,10,2,2,6,2,2,1,2,2,4,4,4,6,2,4,4,4,4,4,6,4,4,1,1,2,2,2,3,3,3,2,2,2,3,2,3,2,3,2,3,1,2,1,1,1,2,2,1,2,3,1,2,3,2,2,1,3,3,2,2,2,3,1,10,10,10,1,2,NA,NA,22,22,44,50,75,0,0,10,10,1,5,1,2,1,4,NA,7,6,1,10,4,1,1,1,1,1,5,5,1,3,2,1,2,5,2,-8,NA,NA,NA,NA,1,10,NA,1,2,NA,1,80,1,1,5,2,1,1,NA,7,1,2
"23",0.92367687,"23-91",23,91105,12,91,2024,6,8,1,4,1,9,26,3,1,3,3,3,2,2,5,1,2,6,1,2,2,3,3,4,1,4,2,2,4,4,5,4,2,3,4,4,1,8,2,2,3,4,2,3,2,3,3,2,2,4,3,3,3,3,3,3,3,3,1,1,2,3,3,4,3,4,3,3,3,3,3,4,3,4,3,3,1,10,10,10,0,2,NA,NA,5,12,34,58,77,0,6,0,10,1,4,2,2,2,4,NA,4,11,1,8,3,1,1,1,1,1,4,4,1,2,3,1,2,2,2,1,NA,NA,NA,NA,3,1,NA,1,1,NA,2,76,1,2,NA,2,4,1,NA,7,2,1
"24",1.67661772,"24-91",24,91225,20,91,2024,6,13,1,3,3,2,6,4,1,4,1,2,1,1,1,4,5,6,5,4,5,3,4,4,4,6,3,5,4,4,2,4,1,6,3,1,-8,1,3,4,4,3,1,4,2,2,3,3,2,1,2,4,2,1,2,2,3,4,1,1,2,4,2,1,2,4,2,1,2,2,2,2,1,4,1,1,1,10,10,10,10,1,3,7,18,15,35,72,89,0,0,0,0,5,2,1,2,4,1,6,1,11,2,0,2,5,5,5,4,3,5,5,1,3,3,1,5,2,3,5,NA,NA,NA,NA,6,3,NA,1,1,NA,1,49,1,1,5,2,7,1,NA,10,2,1
"25",0.52781399,"25-91",25,91225,20,91,2024,6,13,1,4,7,12,10,2,2,3,3,3,3,2,5,3,3,6,3,3,3,6,6,6,3,6,6,6,3,4,3,4,3,6,3,3,1,3,3,2,3,3,3,3,3,3,3,3,2,3,3,3,3,3,3,3,3,3,2,2,2,1,4,3,2,3,3,4,2,2,2,3,3,3,3,4,2,10,-7,10,-7,NA,NA,NA,3,2,47,56,95,0,5,0,5,2,2,1,3,2,5,NA,2,3,4,6,7,2,1,1,1,2,2,1,1,3,-8,-8,NA,NA,NA,NA,NA,NA,NA,NA,6,15,15,1,1,NA,2,70,1,2,NA,2,4,2,4,7,5,1
"26",1.67661772,"26-91",26,91225,20,91,2024,6,13,1,3,3,5,10,2,2,3,3,4,3,2,5,3,3,2,1,2,2,2,3,3,2,2,2,2,3,4,4,3,2,2,2,3,1,2,4,1,4,4,4,3,4,3,4,3,-8,3,3,3,3,4,1,2,2,4,2,1,2,1,4,4,4,4,4,4,2,2,3,3,4,2,3,4,1,10,10,10,-7,NA,NA,NA,16,19,39,62,86,5,5,5,3,3,2,1,2,3,3,NA,1,2,3,5,2,2,2,2,2,1,3,5,1,3,3,-8,NA,NA,NA,NA,NA,NA,NA,NA,4,15,17,1,4,NA,1,47,1,2,NA,1,6,2,4,1,5,9
"27",0.43037118,"27-91",27,91277,25,91,2024,6,16,1,4,2,5,1,2,3,3,2,3,3,2,1,4,5,4,6,6,4,6,4,5,6,5,6,6,4,2,2,4,6,4,5,4,1,2,1,3,1,4,4,3,4,1,1,1,4,1,1,4,3,3,1,1,1,3,3,1,2,1,5,5,5,5,5,5,5,5,5,5,5,5,5,5,6,10,10,10,10,2,NA,NA,12,4,33,59,94,0,10,10,10,2,5,1,3,4,1,5,3,9,1,0,2,4,2,4,2,1,2,2,2,1,1,2,NA,NA,NA,NA,4,4,4,4,7,15,9,1,1,NA,1,48,1,1,10,2,3,1,NA,3,2,9
"28",1.51039077,"28-91",28,91277,25,91,2024,6,16,1,4,10,3,5,3,3,3,2,3,2,3,5,3,4,6,2,4,2,2,2,2,6,2,6,6,4,4,6,6,6,2,4,4,1,2,4,2,3,4,3,1,3,2,4,-9,1,3,4,4,2,3,1,1,2,3,3,2,2,1,4,3,3,3,3,3,2,2,2,4,3,4,3,4,5,8,10,10,10,2,NA,NA,12,4,33,59,94,5,0,10,5,4,2,2,3,4,2,2,7,2,4,10,5,1,1,1,2,1,3,2,2,3,-9,1,-8,2,-8,-8,NA,NA,NA,NA,6,15,15,1,2,NA,1,58,1,2,NA,2,2,1,NA,8,4,1
"29",0.54193852,"29-91",29,91277,25,91,2024,6,16,1,4,10,3,2,2,2,3,3,4,3,2,9,4,4,6,6,4,4,4,4,6,4,2,6,6,4,4,6,4,2,2,6,4,1,4,2,4,4,3,3,-8,3,2,-8,4,3,2,4,4,3,4,1,3,4,3,1,1,2,1,4,3,3,-8,-8,4,2,-8,-8,4,3,5,-8,5,6,10,-7,3,-7,NA,NA,NA,7,3,20,53,88,0,0,5,0,4,5,2,3,1,3,NA,1,3,5,5,2,1,1,4,1,1,5,1,2,3,3,-8,NA,NA,NA,NA,NA,NA,NA,NA,6,1,NA,2,NA,1,2,78,1,2,NA,2,2,2,1,7,2,1
"30",1.13279307,"30-91",30,91277,25,91,2024,6,16,1,3,1,3,6,2,2,2,4,4,3,2,10,2,4,6,6,6,2,6,6,1,6,6,6,6,4,6,6,6,6,6,6,4,1,2,3,3,1,4,4,4,1,3,3,2,4,4,3,4,4,4,4,1,4,4,2,1,3,1,5,5,5,5,4,4,4,5,4,4,4,4,4,5,2,10,10,10,10,2,NA,NA,14,7,45,55,83,10,5,10,3,1,5,1,2,4,1,2,2,1,3,10,1,1,4,1,-8,1,5,5,1,3,2,2,NA,NA,NA,NA,2,1,2,2,1,15,15,1,4,NA,1,61,1,2,NA,2,1,1,NA,3,5,2
"31",0.19609469,"31-91",31,91277,25,91,2024,6,16,1,4,3,1,5,2,2,3,3,4,2,2,5,2,6,6,2,6,2,2,6,6,6,6,6,6,6,4,6,6,6,6,6,4,2,4,3,3,4,3,3,4,3,3,3,3,1,3,4,4,3,3,1,1,1,2,3,1,2,3,4,4,2,2,2,4,2,2,2,2,3,2,3,2,-8,10,10,10,10,2,NA,NA,11,13,30,51,92,6,5,10,5,2,-8,1,2,3,4,NA,1,2,4,9,2,2,2,2,2,3,5,4,2,3,3,2,NA,NA,NA,NA,-8,-8,4,4,-8,15,15,1,2,NA,2,59,1,2,NA,2,1,1,NA,8,5,1
"32",0.5378106,"32-91",32,91233,20,91,2024,6,13,1,4,13,3,10,3,3,3,3,4,3,2,-8,3,4,6,2,2,2,6,6,2,6,6,6,-8,3,6,2,6,2,6,3,4,4,6,3,1,4,3,3,3,3,1,3,3,1,3,3,3,3,3,1,1,3,3,3,1,3,2,4,3,3,3,3,3,2,3,3,2,3,3,3,4,2,10,10,10,6,1,2,7,21,21,38,49,93,5,0,0,1,2,5,2,2,3,4,NA,1,2,6,10,1,2,2,2,2,3,3,5,2,3,2,-8,NA,NA,NA,NA,NA,NA,NA,NA,4,15,15,1,1,NA,2,55,1,2,NA,2,4,1,NA,1,1,9
"33",0.34848218,"33-91",33,91233,20,91,2024,6,13,1,3,1,7,13,2,1,3,3,4,2,2,-8,4,4,6,6,2,6,2,6,1,2,6,6,6,2,2,2,6,2,6,6,4,1,4,4,4,1,4,4,4,4,4,4,4,4,3,4,4,4,4,3,4,2,4,3,2,2,1,4,4,4,4,4,4,3,4,4,1,4,2,4,4,5,10,10,10,0,2,NA,NA,15,9,31,64,79,9,10,8,10,4,5,1,3,1,5,NA,5,6,1,7,2,1,1,1,2,1,3,2,2,3,-8,1,1,1,1,1,NA,NA,NA,NA,3,15,15,1,1,NA,1,78,1,2,NA,2,2,1,NA,7,2,2
"34",3.15873897,"34-91",34,91206,20,91,2024,6,13,1,3,3,10,7,2,2,3,3,4,3,2,-8,2,3,6,6,2,-9,6,6,6,6,-9,6,6,4,6,6,6,4,6,6,4,8,4,4,3,4,4,4,4,3,4,3,-8,2,3,3,2,3,3,3,3,3,3,1,1,2,1,5,4,3,-8,3,4,2,2,1,3,2,3,4,3,4,10,5,10,4,2,NA,NA,12,4,33,59,94,0,1,10,4,1,5,1,3,4,5,NA,1,3,11,8,1,1,1,1,1,1,3,4,1,3,3,1,-8,2,2,2,NA,NA,NA,NA,1,15,15,1,3,NA,2,26,1,2,NA,2,8,2,4,2,5,9
"35",0.69696435,"35-91",35,91233,20,91,2024,6,13,1,3,9,5,1,2,2,2,4,4,3,2,-8,2,4,6,6,6,2,6,6,6,6,6,6,6,4,6,6,6,6,6,6,2,10,4,4,3,1,4,4,4,4,4,4,2,2,4,4,4,3,4,2,4,3,4,1,-8,1,1,2,5,5,-8,5,5,5,2,1,-8,5,5,5,4,6,10,10,10,0,2,NA,NA,1,32,37,54,82,0,10,0,0,4,2,2,2,3,5,NA,11,6,3,10,2,1,1,1,1,1,5,4,1,3,3,-8,NA,NA,NA,NA,NA,NA,NA,NA,4,15,15,1,1,NA,1,75,1,2,NA,2,2,2,3,1,2,2
"36",1.15820429,"36-91",36,91233,20,91,2024,6,13,1,3,7,10,3,2,2,2,3,3,3,1,-8,3,3,2,2,3,2,6,2,2,2,3,6,6,3,2,2,2,1,2,2,3,5,1,3,3,3,4,4,4,4,3,4,4,4,4,4,4,4,3,3,3,3,4,3,1,3,3,5,5,5,4,5,5,5,4,5,5,4,3,5,4,3,10,8,10,10,2,NA,NA,16,19,39,62,86,5,10,0,5,4,1,2,2,1,1,1,3,6,1,10,1,2,2,2,2,1,3,2,2,3,3,1,-8,-8,2,2,NA,NA,NA,NA,4,15,15,1,-9,NA,2,28,1,2,NA,2,6,1,NA,1,5,1
"37",0.70976314,"37-91",37,91233,20,91,2024,6,13,1,3,5,10,1,1,3,2,4,4,2,3,5,2,4,6,6,4,4,6,6,2,2,6,6,6,2,2,2,6,2,6,2,4,10,6,4,4,4,4,3,1,2,1,4,1,1,3,4,4,2,4,1,1,1,3,3,2,3,1,4,5,5,5,5,4,3,3,5,5,5,5,5,5,6,10,10,10,10,2,NA,NA,15,9,31,64,79,10,10,0,10,5,2,2,1,NA,1,2,11,6,2,10,1,2,2,2,1,3,4,4,1,3,3,1,-8,2,2,2,NA,NA,NA,NA,4,15,15,1,1,NA,2,46,1,2,NA,2,4,2,4,3,4,9
"38",0.78763361,"38-91",38,91234,20,91,2024,6,13,1,3,10,3,5,3,2,3,3,4,2,1,5,4,4,6,6,3,2,3,6,6,3,6,6,6,4,3,6,3,3,6,3,3,4,2,1,4,4,4,3,3,4,2,4,2,3,3,3,4,3,4,2,3,4,3,1,-8,3,2,5,4,4,4,5,5,5,4,4,3,5,5,4,5,3,10,10,10,10,2,NA,NA,3,2,47,56,95,5,5,5,5,1,5,1,3,3,3,NA,1,2,6,10,5,1,2,2,1,2,5,5,1,3,3,1,4,1,3,3,NA,NA,NA,NA,5,15,15,1,1,NA,2,22,1,2,NA,2,7,2,2,2,2,1
"39",1.07056627,"39-91",39,91090,12,91,2024,6,8,1,3,7,1,5,2,2,3,3,3,2,2,-8,1,6,6,6,6,6,6,6,6,6,6,6,6,6,6,6,6,6,6,6,4,8,1,3,3,3,2,3,3,4,3,3,3,2,3,3,3,3,3,3,3,3,3,3,-8,3,2,5,5,5,5,5,3,2,1,2,5,4,4,5,4,4,10,-7,10,-7,NA,NA,NA,12,4,33,59,94,5,5,7,1,2,2,-8,3,4,5,NA,1,6,9,10,2,1,1,1,2,1,-8,4,2,3,3,1,5,5,5,5,NA,NA,NA,NA,4,15,15,2,NA,-8,1,19,1,2,NA,1,7,2,4,1,3,9
"40",1.05638735,"40-91",40,91234,20,91,2024,6,13,1,3,2,1,16,4,2,4,1,4,2,1,1,4,5,6,1,1,4,4,1,1,6,6,6,6,1,4,1,4,1,6,1,2,5,1,4,4,4,4,4,4,4,4,1,4,4,1,4,4,4,4,4,3,2,4,1,1,3,1,5,2,5,5,5,5,5,5,5,5,5,5,5,5,1,10,10,0,10,2,NA,NA,7,3,20,53,88,10,0,10,0,1,5,2,1,NA,4,NA,1,8,3,10,5,1,5,1,2,2,5,4,1,3,3,1,5,5,5,5,NA,NA,NA,NA,4,9,NA,1,1,NA,1,56,1,2,NA,2,2,2,2,1,3,9
"41",0.39478321,"41-91",41,91290,15,91,2024,6,9,2,3,13,10,26,3,2,3,1,5,3,2,9,1,2,6,1,1,2,6,4,6,2,6,6,6,4,6,5,6,5,6,2,4,1,6,4,1,3,4,3,3,1,1,3,3,1,4,4,3,1,3,2,1,3,3,2,2,3,1,4,4,4,4,2,2,2,2,3,4,3,4,3,2,1,8,10,10,10,2,NA,NA,6,17,40,52,84,0,0,10,10,2,5,2,1,NA,4,NA,5,3,4,10,5,1,1,2,1,1,1,1,1,3,3,1,-8,5,5,4,NA,NA,NA,NA,3,15,15,1,2,NA,2,63,1,2,NA,2,4,2,4,1,3,1
"42",0.31133428,"42-91",42,91290,15,91,2024,6,9,2,3,3,7,12,1,1,2,4,4,3,2,10,2,2,6,2,2,1,2,6,6,6,6,6,6,4,6,2,6,4,6,6,5,11,1,4,1,2,4,4,2,3,-9,2,3,2,4,4,3,4,4,2,2,4,4,3,-8,2,1,5,5,4,5,5,5,4,4,-9,4,4,4,5,5,5,10,10,10,-7,NA,NA,NA,8,5,26,57,80,0,0,0,0,4,5,1,3,4,1,-8,1,3,6,10,2,1,1,1,1,4,5,1,2,3,3,1,5,2,5,2,NA,NA,NA,NA,4,15,15,2,NA,2,2,53,1,2,NA,2,1,1,NA,10,1,2
"43",0.35122793,"43-91",43,91266,22,91,2024,6,14,1,3,1,4,3,2,3,3,2,4,3,2,5,2,4,-8,2,3,2,2,4,-8,-8,-8,-8,-8,4,3,4,-8,2,4,4,4,1,1,3,2,3,-8,4,3,4,3,3,3,1,4,3,3,4,3,2,3,3,3,2,1,2,1,5,4,4,4,4,4,2,4,2,4,4,4,3,4,1,10,10,10,0,1,2,-8,11,13,30,51,92,10,0,0,0,4,5,1,2,3,5,NA,2,6,4,10,2,1,1,1,2,5,5,5,1,3,3,1,-9,4,1,-9,NA,NA,NA,NA,5,9,NA,1,1,NA,2,65,1,2,NA,2,3,2,2,10,2,1
"44",0.31133428,"44-91",44,91290,15,91,2024,6,9,2,3,3,6,9,2,3,3,4,5,3,2,4,5,2,-8,5,4,-8,-8,-8,-8,-8,-8,-8,-8,5,6,-8,6,2,-8,5,3,1,2,4,1,3,4,4,-8,4,2,4,2,1,4,4,-8,4,4,1,1,3,-8,1,1,2,1,4,4,4,4,4,4,4,3,4,4,4,4,4,4,1,10,10,10,7,2,NA,NA,19,10,43,61,74,0,0,7,0,5,5,1,1,NA,4,NA,2,1,6,9,4,2,1,2,1,1,5,5,1,3,3,-8,NA,NA,NA,NA,NA,NA,NA,NA,6,15,15,1,1,NA,2,53,1,1,-8,2,4,2,3,1,1,2
"45",1.24533711,"45-91",45,91290,15,91,2024,6,9,2,3,3,13,10,2,2,3,2,4,3,2,5,3,4,4,2,2,2,6,6,6,-8,6,6,6,1,6,5,6,4,-8,6,4,2,1,1,2,2,4,3,1,2,2,3,2,1,3,3,3,2,3,2,1,3,2,1,2,2,1,-8,1,3,3,3,3,1,1,1,1,-8,-8,3,3,3,10,10,10,0,1,2,7,8,5,26,57,80,8,7,10,10,2,5,1,2,2,-8,NA,1,6,11,8,2,1,1,1,1,1,4,2,1,3,-8,2,NA,NA,NA,NA,4,3,4,4,5,-8,15,1,2,NA,2,50,1,2,NA,2,3,1,NA,2,3,1
"46",1.2058787,"46-91",46,91290,15,91,2024,6,9,2,3,13,5,26,2,2,2,2,5,3,2,-8,4,2,2,6,2,2,4,6,4,6,6,6,6,4,6,6,6,2,6,6,4,9,1,2,1,1,4,4,1,1,2,4,1,1,4,3,4,1,3,4,1,2,3,1,1,3,1,5,1,4,3,1,3,1,3,1,3,3,2,1,3,3,10,9,10,-7,NA,NA,NA,15,9,31,64,79,2,0,0,10,2,4,1,2,2,5,NA,4,8,11,10,1,1,1,1,2,4,5,5,2,3,2,2,NA,NA,NA,NA,2,-8,5,5,6,15,15,1,2,NA,1,68,1,2,NA,2,2,1,NA,7,2,1
"47",0.29304183,"47-91",47,91224,20,91,2024,6,13,1,4,1,3,7,3,1,2,4,4,2,1,7,4,4,6,4,4,4,6,2,2,6,6,6,4,4,4,2,4,2,2,4,2,11,-8,4,4,4,4,4,4,4,3,4,3,4,3,4,4,4,4,4,4,4,4,3,2,3,1,5,3,5,5,5,3,5,5,5,4,5,5,5,5,5,5,9,6,-7,NA,NA,NA,1,32,37,54,82,0,0,7,4,2,4,2,2,4,2,1,8,3,2,7,5,2,2,2,3,2,2,2,1,2,2,2,NA,NA,NA,NA,4,4,4,2,3,15,4,1,1,NA,1,83,1,2,NA,2,4,1,NA,7,5,9
"48",0.87912549,"48-91",48,91224,20,91,2024,6,13,1,3,2,1,3,3,2,3,3,4,1,1,6,4,4,6,6,4,6,6,6,6,6,6,6,6,2,6,6,2,2,6,6,3,8,1,1,1,1,3,3,4,3,1,-8,1,3,1,3,3,1,-8,1,-8,3,3,1,1,3,2,2,2,2,2,2,2,2,2,2,2,2,2,2,2,3,5,6,7,-7,NA,NA,NA,4,6,27,66,91,5,5,4,5,4,4,1,2,1,3,NA,2,7,11,0,1,1,1,1,2,1,-8,1,1,2,2,1,4,4,4,4,NA,NA,NA,NA,3,15,19,1,1,NA,1,68,1,2,NA,2,1,1,NA,7,5,9
"49",0.92058311,"49-91",49,91291,15,91,2024,6,9,2,3,7,8,10,2,2,3,2,3,2,2,5,3,5,2,2,4,2,4,4,1,6,6,3,2,1,3,1,3,1,3,1,2,10,1,3,3,3,3,3,4,4,3,4,4,3,3,3,2,3,3,3,1,3,4,1,1,2,1,4,2,4,4,3,4,4,4,4,2,4,4,4,4,3,10,10,5,10,1,3,5,3,2,47,56,95,5,0,5,10,1,1,2,2,4,1,3,3,5,9,5,-9,1,3,1,3,1,5,5,2,3,3,1,5,5,5,5,NA,NA,NA,NA,5,5,NA,1,1,NA,1,43,1,1,5,2,4,1,NA,1,2,9
"50",0.44058746,"50-91",50,91300,26,91,2024,6,16,2,3,1,5,3,2,2,3,3,4,3,-8,-9,-8,4,6,6,6,3,6,6,6,6,6,6,6,6,6,6,6,3,6,6,4,1,1,3,2,3,4,4,3,2,-8,3,2,3,2,-8,4,3,-8,2,1,3,2,1,-8,2,1,4,-8,-8,-8,-8,-8,2,-8,-8,-8,-8,4,-8,-8,3,10,10,10,-7,NA,NA,NA,2,16,42,69,81,0,0,5,2,3,4,1,2,2,5,NA,6,2,1,-8,2,1,1,1,2,5,-8,5,2,3,-8,2,NA,NA,NA,NA,-8,-8,-8,-8,-8,15,15,1,4,NA,2,67,1,2,NA,2,4,1,NA,7,5,9
"51",0.44058746,"51-91",51,91300,26,91,2024,6,16,2,4,4,8,11,3,1,3,1,2,2,1,5,3,4,6,2,4,1,6,6,6,6,6,6,6,1,6,6,6,6,6,3,1,7,1,4,1,3,4,1,3,3,1,3,3,1,1,1,2,1,1,3,2,3,3,1,1,2,1,3,2,3,2,1,3,2,1,3,1,3,2,3,1,7,10,10,10,-7,NA,NA,NA,12,4,33,59,94,0,5,10,0,1,1,1,2,4,1,4,4,6,8,0,1,1,1,1,4,1,5,2,-8,3,2,2,NA,NA,NA,NA,-8,2,-8,1,-8,-9,-9,2,NA,1,2,71,1,2,NA,2,4,1,NA,7,5,2
"52",0.50890718,"52-91",52,91300,26,91,2024,6,16,2,3,3,14,26,3,3,3,3,4,3,2,-9,2,2,6,2,2,2,6,3,6,3,6,6,6,4,3,4,3,3,6,3,2,2,6,3,1,1,3,3,1,2,1,3,3,1,4,3,3,1,3,1,1,3,3,1,1,2,1,4,5,5,3,2,4,2,2,2,2,3,4,4,3,1,10,10,10,10,1,2,5,6,17,40,52,84,5,0,0,0,3,5,1,3,3,1,3,4,6,2,5,1,2,2,2,1,1,5,4,1,3,-8,2,NA,NA,NA,NA,-8,1,2,4,5,15,15,1,2,NA,2,45,1,1,3,2,8,2,6,10,8,2
"53",0.13512848,"53-91",53,91291,15,91,2024,6,9,2,3,10,3,1,2,2,3,3,4,1,1,10,4,2,6,6,4,4,6,6,2,6,6,6,6,4,2,6,6,2,4,6,4,9,4,2,1,3,4,4,4,3,2,3,4,1,3,4,4,3,3,1,3,3,4,3,1,2,1,2,5,3,5,1,2,4,2,2,2,4,1,1,2,1,10,10,10,10,2,NA,NA,5,12,34,58,77,1,1,1,9,1,5,1,3,3,4,NA,11,3,9,10,1,1,2,2,2,5,5,3,2,3,-9,2,NA,NA,NA,NA,2,3,4,2,4,24,NA,1,1,NA,2,58,1,1,5,2,1,1,NA,1,1,1
"54",0.49712611,"54-91",54,91300,26,91,2024,6,16,2,3,14,10,2,3,2,4,3,4,2,1,5,4,4,6,3,4,3,6,6,6,6,6,6,6,3,3,4,6,2,6,2,4,2,6,1,1,1,3,3,3,3,2,4,3,1,3,3,3,1,3,1,3,4,3,1,2,2,1,4,5,5,4,3,4,2,2,2,4,4,2,4,4,6,10,10,8,10,1,2,6,17,1,48,67,90,5,2,10,5,1,5,1,3,3,3,NA,2,1,5,7,1,1,1,1,1,1,2,5,2,3,2,2,NA,NA,NA,NA,2,2,2,2,5,4,NA,1,1,NA,2,33,1,2,NA,2,3,2,3,8,1,1
"55",0.32265643,"55-91",55,91300,26,91,2024,6,16,2,3,3,7,1,1,2,1,5,4,3,2,-9,2,2,6,2,2,1,6,6,6,6,6,6,6,1,2,4,6,1,6,2,4,1,4,3,1,4,4,4,3,3,3,1,4,3,4,4,4,4,4,4,3,4,4,3,1,2,1,5,4,4,4,4,4,3,2,2,4,-9,1,5,1,1,10,10,10,-7,NA,NA,NA,14,7,45,55,83,10,5,10,0,2,5,1,3,3,5,NA,7,10,2,10,1,1,1,1,2,4,2,3,2,3,2,2,NA,NA,NA,NA,5,5,4,2,6,15,5,1,1,NA,2,59,1,2,NA,2,1,1,NA,7,2,1
"56",0.44058746,"56-91",56,91300,26,91,2024,6,16,2,3,3,9,2,2,1,4,2,4,3,2,6,1,2,6,6,2,2,6,6,6,6,6,6,6,5,6,5,6,4,6,6,4,1,1,3,2,1,4,3,3,3,2,3,1,1,3,4,3,4,3,3,2,3,3,1,1,1,2,4,5,5,5,5,5,3,3,1,3,5,5,-9,1,1,10,10,10,-7,NA,NA,NA,9,11,36,63,78,5,5,10,0,1,2,2,3,2,5,NA,6,8,5,10,2,1,1,1,1,1,5,5,1,3,3,2,NA,NA,NA,NA,5,5,5,5,3,10,NA,1,2,NA,2,67,1,2,NA,2,1,1,NA,2,2,2
"57",0.78473689,"57-91",57,91160,20,91,2024,6,13,1,3,3,7,14,4,1,4,2,3,3,1,5,3,6,6,6,6,6,6,6,6,6,6,6,6,6,6,6,6,6,6,6,3,9,1,2,2,2,2,2,2,2,2,2,2,2,2,2,2,2,2,2,2,2,2,3,1,1,1,3,2,2,2,2,2,2,2,2,2,2,2,2,2,2,10,0,10,-7,NA,NA,NA,14,7,45,55,83,5,10,10,0,2,5,2,-8,NA,5,NA,1,2,3,10,3,2,2,2,2,3,3,3,1,2,-8,-8,NA,NA,NA,NA,NA,NA,NA,NA,6,15,15,2,NA,1,1,32,2,2,NA,2,-8,1,NA,1,8,2
"58",0.78473689,"58-91",58,91160,20,91,2024,6,13,1,1,14,5,26,3,1,4,1,4,1,1,4,4,5,6,3,4,5,5,4,1,6,6,6,6,3,4,1,3,1,6,2,3,1,1,3,3,4,4,3,3,3,2,3,2,2,1,3,3,3,3,2,2,3,4,1,1,3,2,3,2,4,2,3,2,3,2,3,5,2,4,2,2,1,7,8,8,8,1,3,6,16,19,39,62,86,0,5,0,5,1,1,1,1,NA,4,NA,3,2,9,6,2,1,1,1,1,1,5,3,1,3,2,2,NA,NA,NA,NA,1,1,1,1,5,11,NA,1,1,NA,1,36,1,2,NA,2,10,1,NA,1,7,5
"59",0.98532637,"59-91",59,91160,20,91,2024,6,13,1,3,14,2,5,1,3,3,4,1,3,2,10,1,1,2,1,1,1,1,1,1,1,3,3,1,3,1,5,1,5,1,1,4,5,2,4,2,4,4,4,3,2,2,2,4,1,4,4,2,4,4,1,2,3,4,1,2,3,1,5,5,5,5,5,5,1,1,2,2,5,5,5,5,3,8,8,10,-7,NA,NA,NA,24,24,28,71,73,5,5,0,5,1,1,3,3,2,3,NA,2,1,11,10,2,1,1,1,1,1,1,1,1,3,3,-8,NA,NA,NA,NA,NA,NA,NA,NA,6,18,NA,1,2,NA,1,52,14,2,NA,2,7,1,NA,1,7,11
"60",2.39337616,"60-91",60,91160,20,91,2024,6,13,1,1,3,10,2,3,2,3,3,2,1,2,5,3,4,3,3,4,4,3,3,6,6,6,6,6,4,3,3,3,2,3,3,4,1,6,2,2,-8,3,2,2,3,2,3,3,2,2,3,2,2,3,2,2,3,3,1,2,2,2,3,2,3,-8,3,2,2,2,2,2,3,1,2,1,3,10,7,10,-7,NA,NA,NA,11,13,30,51,92,5,0,5,2,2,1,1,2,3,3,NA,2,11,4,7,5,2,2,3,1,2,5,4,2,3,3,2,NA,NA,NA,NA,3,2,3,4,5,15,15,1,1,NA,1,27,1,2,NA,2,7,1,NA,1,7,9
"61",1.08175992,"61-91",61,91192,20,91,2024,6,13,1,2,2,8,17,2,3,3,2,3,2,2,5,4,4,6,6,6,6,6,6,6,6,6,6,6,4,6,6,6,6,6,6,4,9,1,3,3,3,4,3,3,3,4,4,3,3,3,3,3,3,3,3,3,3,3,1,1,3,1,4,4,4,5,4,4,4,4,4,4,4,4,4,4,1,7,7,10,-7,NA,NA,NA,22,22,44,50,75,5,5,5,4,3,4,2,2,1,-8,NA,1,11,6,5,2,2,2,3,2,2,5,5,2,2,-8,-8,NA,NA,NA,NA,NA,NA,NA,NA,4,15,15,2,NA,-8,2,18,1,2,NA,2,4,2,4,1,NA,1
"62",1.08175992,"62-91",62,91192,20,91,2024,6,13,1,3,3,17,13,3,3,4,3,3,2,1,5,4,4,6,6,3,3,6,6,6,6,6,6,6,4,6,6,4,3,6,6,4,9,6,3,2,3,3,4,2,3,2,2,2,2,3,2,3,4,3,2,3,4,4,1,1,3,2,4,3,3,3,4,4,4,3,2,2,4,3,3,4,1,7,6,10,-7,NA,NA,NA,18,15,35,72,89,5,0,5,5,1,2,2,2,3,3,NA,1,2,11,4,1,2,2,2,2,1,5,5,1,3,2,1,3,3,3,3,NA,NA,NA,NA,5,15,5,1,1,NA,2,26,1,2,NA,2,8,2,5,1,5,9
"63",1.65687759,"63-91",63,91191,20,91,2024,6,13,1,3,14,3,7,2,1,4,2,3,2,2,6,2,3,6,6,6,3,6,6,6,6,6,6,6,3,6,6,6,3,6,6,3,4,1,1,1,3,3,2,3,4,3,4,3,2,3,4,2,2,2,2,1,2,3,1,1,2,1,3,2,3,3,3,2,2,2,1,2,1,1,2,1,1,10,10,10,10,2,NA,NA,11,13,30,51,92,5,3,5,5,1,3,1,3,1,3,NA,2,1,4,10,4,1,1,1,2,1,1,5,1,3,3,2,NA,NA,NA,NA,1,5,5,3,5,24,NA,2,NA,2,1,29,2,2,NA,1,7,1,NA,1,5,1
"64",1.22744415,"64-91",64,91291,15,91,2024,6,9,2,3,10,5,9,3,2,3,3,3,2,1,4,3,4,2,3,3,3,6,4,6,6,6,6,6,3,4,4,4,3,4,6,4,3,2,2,2,2,3,3,2,3,2,3,3,2,3,3,2,3,2,3,2,2,2,1,1,3,1,3,4,4,3,3,3,2,2,2,3,3,3,3,3,3,7,6,3,7,2,NA,NA,6,17,40,52,84,6,3,3,3,2,4,2,1,NA,3,NA,6,2,7,7,5,2,3,1,2,3,4,4,2,3,2,2,NA,NA,NA,NA,4,4,4,4,6,15,15,1,1,NA,1,31,1,1,5,2,8,2,2,1,4,9
"65",0.42849132,"65-91",65,91070,8,91,2024,6,6,1,3,1,11,6,3,2,3,2,3,2,3,-9,6,3,6,6,6,6,6,6,6,6,6,6,6,6,6,6,6,2,6,6,3,2,-9,3,4,4,4,4,4,4,2,4,3,4,-9,4,4,3,4,3,3,4,4,3,-9,3,2,4,3,3,3,3,3,3,3,3,3,3,3,3,3,3,10,10,10,0,2,NA,NA,22,22,44,50,75,0,0,0,5,3,3,1,2,1,1,1,2,3,1,5,4,4,2,2,3,3,-9,5,2,3,3,2,NA,NA,NA,NA,2,3,-8,4,3,15,15,1,1,NA,1,60,1,2,NA,2,8,1,NA,10,3,1
"66",0.11126243,"66-91",66,91070,8,91,2024,6,6,1,3,2,17,5,1,3,2,3,4,3,2,-8,3,4,6,6,3,3,6,6,6,6,6,6,6,3,6,6,6,6,6,6,4,1,4,4,3,3,4,3,4,4,4,4,3,1,3,3,3,3,3,3,3,1,2,2,1,2,4,4,4,4,4,4,4,4,4,4,4,4,4,4,4,6,6,5,10,0,2,NA,NA,22,22,44,50,75,10,10,10,10,2,4,2,1,NA,5,NA,4,5,6,10,4,2,1,1,5,4,5,5,1,3,2,2,NA,NA,NA,NA,4,2,-8,2,1,15,15,1,3,NA,2,57,5,2,NA,2,4,1,NA,10,5,9
"67",0.14418821,"67-91",67,91070,8,91,2024,6,6,1,3,1,3,9,1,3,2,4,5,3,2,10,1,1,6,1,1,1,2,2,3,6,4,6,1,3,3,2,4,4,3,6,4,1,1,3,1,4,4,3,3,4,3,3,3,3,4,4,3,3,4,2,2,4,4,2,1,1,1,3,4,2,4,4,2,2,1,1,1,2,4,3,1,6,10,10,10,0,2,NA,NA,16,19,39,62,86,1,9,0,5,2,1,1,3,1,1,1,2,6,7,8,2,2,3,3,1,1,5,5,1,3,3,1,3,2,4,4,NA,NA,NA,NA,6,18,NA,1,2,NA,1,73,1,2,NA,2,6,1,NA,7,3,3
"68",0.32939428,"68-91",68,91266,22,91,2024,6,14,1,3,13,10,1,2,3,3,4,4,3,2,-8,3,2,6,6,3,2,6,6,6,6,6,6,6,2,6,6,6,6,6,6,3,2,4,4,3,1,4,3,-8,4,-8,3,-8,4,4,4,4,4,3,3,2,3,3,2,1,2,1,4,4,5,4,3,2,3,3,3,2,3,3,3,3,3,2,10,1,-7,NA,NA,NA,9,11,36,63,78,6,3,10,4,2,3,1,2,3,2,1,4,11,6,10,1,1,1,1,2,1,1,1,1,3,3,2,NA,NA,NA,NA,4,2,4,4,3,15,15,1,1,NA,1,75,1,1,5,2,2,1,NA,7,2,2
"69",0.89570594,"69-91",69,91276,25,91,2024,6,16,1,3,10,5,1,3,2,3,2,5,3,2,4,3,4,6,4,3,4,5,6,6,6,6,6,6,3,3,1,6,1,6,1,3,7,1,4,4,4,4,3,4,4,2,4,4,2,3,4,3,3,3,4,3,4,4,1,2,3,1,3,4,4,4,4,2,3,5,4,3,3,4,2,4,1,8,10,8,1,2,NA,NA,14,7,45,55,83,2,2,4,2,3,3,1,3,2,4,NA,3,5,2,5,2,4,4,3,1,3,5,4,2,3,-8,2,NA,NA,NA,NA,3,1,3,3,6,15,15,1,1,NA,2,53,1,2,NA,1,9,1,NA,1,5,9
"70",2.4117574,"70-91",70,91290,15,91,2024,6,9,2,3,14,9,1,2,2,3,3,3,2,2,-9,1,4,6,6,2,2,6,6,6,6,6,6,6,4,4,6,6,6,2,6,4,1,3,3,2,4,4,4,4,3,3,4,-9,2,4,4,4,3,4,2,3,3,-9,3,1,1,1,4,-8,3,5,5,5,5,2,5,5,2,-8,5,3,6,8,8,7,7,1,3,6,13,14,29,70,96,0,9,0,0,2,5,2,2,4,5,NA,1,6,3,10,2,2,2,2,2,3,3,2,1,1,-8,-8,NA,NA,NA,NA,NA,NA,NA,NA,-9,15,-9,1,-9,NA,1,67,1,2,NA,2,4,1,NA,1,2,2
"71",0.67029815,"71-91",71,91015,3,91,2024,6,3,1,4,5,10,3,4,1,4,3,2,1,1,5,5,4,3,4,3,5,6,4,3,6,6,6,3,5,4,4,2,1,4,3,4,2,5,4,3,4,4,3,1,3,2,3,3,3,3,3,3,3,3,1,1,3,3,2,1,2,1,5,5,4,1,3,5,5,4,5,1,3,1,4,1,1,7,7,7,7,1,3,4,9,11,36,63,78,0,6,0,0,3,5,2,2,2,4,NA,2,6,4,0,2,2,2,4,3,4,4,4,2,2,2,1,5,3,5,5,NA,NA,NA,NA,3,15,3,1,1,NA,2,30,1,2,NA,2,4,1,NA,10,1,9
"72",1.1614306,"72-91",72,91144,20,91,2024,6,13,1,2,1,5,14,3,3,4,3,5,2,1,5,3,3,6,3,1,3,4,2,3,6,6,6,6,4,4,2,6,2,6,1,3,1,4,4,4,4,4,4,4,4,4,4,4,3,3,4,3,4,3,3,3,4,3,3,1,2,3,3,3,4,4,4,4,3,3,3,3,3,4,3,3,1,10,10,6,9,1,3,7,19,10,43,61,74,0,0,10,0,1,1,2,3,1,3,NA,1,3,6,10,1,1,2,2,2,1,2,4,1,3,3,2,NA,NA,NA,NA,1,1,-8,-8,4,15,15,1,1,NA,2,54,1,2,NA,2,6,1,NA,1,7,9
"73",0.64382121,"73-91",73,91144,20,91,2024,6,13,1,2,3,6,9,2,3,4,3,4,3,1,5,4,4,6,6,4,4,6,6,6,6,6,6,6,4,6,6,6,6,6,6,4,10,2,3,1,3,3,1,3,3,1,3,1,1,3,3,4,3,3,1,1,3,3,2,1,2,1,3,4,3,2,4,3,3,3,3,3,4,4,3,3,1,5,7,9,7,1,2,7,21,21,38,49,93,7,7,7,7,2,1,1,3,4,5,NA,2,4,11,5,1,2,2,2,2,3,4,5,1,3,3,1,5,2,5,5,NA,NA,NA,NA,3,15,15,1,1,NA,1,47,1,2,NA,2,8,1,NA,1,5,1
"74",0.40536114,"74-91",74,91144,20,91,2024,6,13,1,4,1,10,14,1,3,3,4,5,3,2,-8,4,4,6,6,2,2,6,6,6,6,6,6,6,2,2,2,6,4,6,6,4,1,2,4,1,4,3,3,3,3,4,4,1,1,4,4,4,4,3,4,-8,4,3,3,2,1,1,5,5,5,3,4,4,3,3,1,2,-8,3,3,2,6,10,10,10,0,2,NA,NA,23,23,41,68,76,0,10,10,0,5,5,1,3,1,5,NA,1,11,2,10,5,1,1,1,2,1,5,2,2,3,3,-8,NA,NA,NA,NA,NA,NA,NA,NA,6,1,NA,2,NA,1,2,66,1,2,NA,2,1,1,NA,7,1,2
"75",1.07025258,"75-91",75,91234,20,91,2024,6,13,1,3,1,6,10,3,2,3,3,3,2,1,5,3,4,6,2,3,3,6,6,6,6,6,6,6,3,2,3,6,2,6,3,3,1,4,3,3,3,3,2,3,3,3,3,3,3,3,4,3,3,3,1,1,3,3,2,1,2,1,4,4,4,4,4,2,2,2,2,2,2,2,2,2,3,10,10,10,10,2,NA,NA,20,18,46,65,87,0,0,0,10,2,5,1,3,3,3,NA,1,2,6,8,5,1,1,1,1,1,4,4,2,3,3,1,5,1,1,1,NA,NA,NA,NA,5,9,NA,1,1,NA,2,41,1,2,NA,2,4,1,NA,2,5,1
"76",0.71350172,"76-91",76,91234,20,91,2024,6,13,1,1,1,3,5,1,3,3,4,4,2,2,-8,2,4,6,3,3,2,3,2,3,6,6,6,6,1,3,1,3,1,6,3,2,3,2,4,3,4,4,3,3,3,3,4,3,3,4,4,4,4,3,3,3,3,4,3,2,3,1,5,4,5,5,5,4,4,4,4,4,4,4,5,4,3,10,10,10,10,1,3,7,23,23,41,68,76,10,5,5,10,1,4,1,3,4,2,3,1,2,7,10,5,1,1,1,2,1,5,3,1,3,3,1,5,1,1,1,NA,NA,NA,NA,6,15,17,1,1,NA,2,36,1,2,NA,2,6,2,6,8,5,9
"77",0.51813963,"77-91",77,91154,20,91,2024,6,13,1,4,4,3,8,2,3,2,4,4,3,2,-8,6,6,6,6,6,6,6,6,6,6,6,6,6,6,6,6,6,6,6,6,4,9,8,4,1,4,4,4,4,4,4,4,4,3,4,4,4,4,4,4,4,4,4,3,2,1,5,5,5,5,5,5,5,5,5,5,5,5,5,5,5,6,10,10,-9,-7,NA,NA,NA,16,19,39,62,86,9,10,0,10,2,-9,3,3,4,5,NA,1,3,6,10,2,1,1,1,-9,1,1,5,2,3,3,1,2,2,2,5,NA,NA,NA,NA,4,15,15,1,3,NA,1,57,1,2,NA,2,0,1,NA,1,5,9
"78",1.73844267,"78-91",78,91154,20,91,2024,6,13,1,3,7,6,14,3,3,2,3,3,2,1,8,4,3,6,4,4,4,3,-8,6,3,6,6,6,3,4,3,6,3,6,3,2,5,1,4,3,4,3,3,3,3,4,3,3,3,3,3,2,3,3,3,3,4,4,1,2,3,2,1,2,2,-8,2,2,2,2,2,2,2,2,2,2,3,10,6,10,10,2,NA,NA,21,21,38,49,93,3,9,5,5,2,5,2,1,NA,4,NA,4,11,5,8,5,2,2,2,1,2,5,4,1,3,3,1,-8,4,-8,-8,NA,NA,NA,NA,5,15,15,1,1,NA,2,25,1,1,5,2,8,2,4,3,5,9
"79",0.46938228,"79-91",79,91296,21,91,2024,6,13,2,3,10,5,1,3,-8,4,2,5,1,1,-8,4,4,6,6,4,4,3,3,6,6,2,6,6,3,4,2,6,1,6,2,3,1,-9,4,1,4,4,4,4,3,3,4,4,1,1,4,4,3,4,1,1,3,4,1,-8,3,1,4,4,5,4,-8,3,3,3,3,-8,-8,3,3,4,-8,10,10,10,-7,NA,NA,NA,2,16,42,69,81,10,10,10,10,2,5,1,1,NA,5,NA,3,6,8,10,2,2,2,2,1,1,2,4,2,3,-8,2,NA,NA,NA,NA,-8,-8,-8,-9,4,15,15,2,NA,1,1,73,1,2,NA,2,1,1,NA,7,5,9
"80",0.83933155,"80-91",80,91296,21,91,2024,6,13,2,3,7,12,10,1,2,2,4,4,3,2,10,2,2,6,2,2,2,2,6,6,6,6,6,6,4,4,4,6,4,6,2,4,1,2,4,2,1,4,3,4,3,3,4,4,2,4,4,3,3,3,2,3,3,3,1,2,2,2,4,4,4,4,2,2,2,2,2,2,2,4,2,2,3,10,10,10,-7,NA,NA,NA,21,21,38,49,93,0,0,3,4,1,2,1,3,4,1,2,2,3,8,10,3,1,2,2,2,1,3,3,1,3,-8,2,NA,NA,NA,NA,5,5,5,-8,6,1,NA,1,-9,NA,2,70,1,2,NA,2,2,2,1,7,2,2
"81",0.3073348,"81-91",81,91296,21,91,2024,6,13,2,4,7,10,11,2,2,3,3,3,3,1,-9,3,4,6,6,3,3,6,6,6,6,-8,6,6,4,6,3,6,3,6,-8,3,3,2,4,4,4,4,4,4,4,4,4,4,4,4,4,4,4,4,4,4,4,4,3,1,3,1,5,5,5,5,3,5,3,3,2,3,3,4,4,4,6,10,10,10,-7,NA,NA,NA,12,4,33,59,94,5,0,10,5,3,5,1,2,2,5,NA,2,7,1,10,2,1,1,1,2,1,4,4,1,3,-8,-8,NA,NA,NA,NA,NA,NA,NA,NA,6,15,15,1,-9,NA,2,63,1,2,NA,2,1,1,NA,8,5,1
"82",1.63655663,"82-91",82,91296,21,91,2024,6,13,2,2,3,17,14,2,2,4,3,4,2,3,-9,3,3,6,6,2,3,6,6,6,6,6,3,6,4,3,3,6,3,6,2,4,2,4,3,3,3,4,3,-8,3,3,3,3,2,3,3,2,2,3,2,2,3,3,1,1,3,2,3,4,4,-8,3,4,1,1,1,2,4,3,3,3,1,10,5,10,-7,NA,NA,NA,6,17,40,52,84,3,5,6,5,4,5,1,2,2,5,NA,1,2,7,7,5,1,1,1,2,2,5,4,1,2,-8,2,NA,NA,NA,NA,-8,-8,-8,-8,6,15,15,1,2,NA,1,21,1,2,NA,1,7,2,1,1,5,2
"83",1.41218448,"83-91",83,91206,20,91,2024,6,13,1,3,26,3,9,3,3,3,4,-9,2,2,-9,-9,-9,-9,-9,-9,-9,-9,-9,-9,-9,-9,-9,-9,-9,-9,-9,-9,-9,-9,-9,4,-9,4,3,4,4,-9,3,-9,2,4,4,4,3,4,3,3,2,2,2,4,4,4,1,1,2,1,3,-8,-8,-9,2,-9,2,-9,2,5,2,5,2,3,-8,10,10,10,0,2,NA,NA,10,8,25,60,85,5,0,0,0,2,5,2,2,4,1,1,8,6,3,10,2,1,1,1,1,1,3,5,1,3,3,-8,NA,NA,NA,NA,NA,NA,NA,NA,4,15,15,1,-9,NA,1,64,1,2,NA,2,2,1,NA,1,4,1
"84",4.19952226,"84-91",84,91154,20,91,2024,6,13,1,3,6,1,10,3,2,4,3,5,3,2,-9,2,3,6,6,6,1,3,6,2,3,6,6,6,4,6,6,6,2,6,6,3,9,1,4,4,4,4,4,4,4,4,3,4,4,4,4,4,4,4,4,4,4,4,1,2,3,1,5,4,4,4,4,4,4,4,4,4,4,4,4,5,6,10,10,10,10,2,NA,NA,15,9,31,64,79,10,10,0,10,1,1,1,3,1,5,NA,2,6,9,5,1,1,1,1,1,4,5,5,1,3,3,1,-8,-8,-8,-8,NA,NA,NA,NA,5,15,15,2,NA,5,2,44,1,2,NA,2,4,2,2,2,5,2
"85",0.53816234,"85-91",85,91154,20,91,2024,6,13,1,4,1,10,14,2,2,2,3,4,2,3,-9,2,4,6,6,2,1,2,6,6,6,6,6,6,4,6,6,6,2,4,6,1,1,4,3,3,1,3,3,3,3,3,3,-8,2,3,4,3,3,2,3,4,3,3,1,1,1,1,5,4,4,4,4,4,4,4,4,4,4,4,4,4,5,10,10,10,0,2,NA,NA,21,21,38,49,93,3,7,0,9,2,1,2,1,NA,5,NA,6,7,10,7,5,2,2,2,2,3,4,5,1,3,3,-8,NA,NA,NA,NA,NA,NA,NA,NA,5,15,15,1,4,NA,2,60,1,2,NA,2,3,2,3,8,8,2
"86",0.46938228,"86-91",86,91296,21,91,2024,6,13,2,4,1,3,6,2,1,3,2,5,1,1,1,4,4,6,4,3,4,6,6,6,6,6,6,6,4,4,5,6,1,6,3,4,1,2,4,3,4,4,3,-8,3,-8,-8,-8,2,2,4,3,3,4,1,-8,3,3,1,1,3,1,4,-8,4,-8,1,4,3,2,4,-8,4,5,5,4,1,10,5,10,0,2,NA,NA,21,21,38,49,93,-8,-8,-8,5,-8,5,1,2,1,-8,NA,1,6,2,10,2,1,1,1,1,1,5,5,1,3,-8,2,NA,NA,NA,NA,2,2,-8,5,4,15,15,1,-9,NA,1,79,1,2,NA,2,1,1,NA,7,5,3
"87",0.3073348,"87-91",87,91296,21,91,2024,6,13,2,3,3,7,9,2,2,2,3,5,3,2,10,2,4,6,6,4,2,6,6,6,6,6,6,6,4,4,6,6,4,6,6,4,10,1,3,1,2,4,3,-8,3,-8,4,-8,3,3,1,4,3,3,1,3,3,4,3,1,2,1,5,5,5,5,5,5,5,5,5,5,5,5,5,5,4,10,10,10,-9,2,NA,NA,2,16,42,69,81,0,0,10,5,4,1,1,3,1,2,1,6,1,11,10,2,1,1,1,1,1,3,3,2,3,3,-8,NA,NA,NA,NA,NA,NA,NA,NA,5,15,15,1,-9,NA,2,63,1,2,NA,2,2,1,NA,2,2,2
"88",0.71027945,"88-91",88,91296,21,91,2024,6,13,2,3,5,10,3,3,2,3,3,5,2,2,-9,1,2,-8,2,2,1,-8,-8,6,6,6,6,6,4,5,3,6,5,6,2,5,1,4,4,3,1,3,3,3,4,3,4,3,3,3,4,3,4,3,3,3,3,3,2,1,2,1,3,4,5,-8,4,3,3,3,3,5,5,5,5,4,4,10,10,10,10,1,3,7,1,32,37,54,82,0,5,5,10,3,2,2,3,2,5,NA,2,6,8,8,2,1,1,1,1,2,4,4,1,3,-8,-8,NA,NA,NA,NA,NA,NA,NA,NA,5,15,15,1,2,NA,2,39,1,2,NA,2,4,1,NA,1,2,2
"89",0.47351964,"89-91",89,91296,21,91,2024,6,13,2,2,8,6,10,3,1,4,2,4,2,2,-9,-9,-9,-9,-9,-9,-9,-9,-9,-9,-9,-9,-9,-9,-9,-9,-9,-9,-9,-9,-9,4,2,4,4,4,1,4,4,-8,4,1,4,4,4,4,4,4,1,4,4,4,-8,4,1,1,2,1,2,4,4,4,4,3,2,4,2,4,5,4,5,4,4,10,-8,10,10,1,3,6,6,17,40,52,84,0,9,8,9,4,1,2,2,3,5,NA,6,2,10,5,2,1,1,1,1,3,4,5,1,3,-9,-8,NA,NA,NA,NA,NA,NA,NA,NA,4,15,15,1,2,NA,2,32,1,2,NA,2,6,1,NA,1,5,2
"90",0.29666705,"90-91",90,91097,12,91,2024,6,8,1,3,3,1,6,2,2,3,3,4,3,2,6,2,3,4,3,2,2,3,2,4,4,3,2,1,5,4,4,4,4,3,4,4,1,1,3,1,2,3,3,2,2,1,2,2,2,3,3,2,3,3,2,2,3,3,2,1,2,1,4,4,4,4,4,3,2,2,3,1,3,4,4,3,1,10,-7,10,-7,NA,NA,NA,5,12,34,58,77,2,9,2,8,1,1,2,3,1,2,2,1,10,4,8,2,1,1,1,2,2,2,5,1,3,2,2,NA,NA,NA,NA,2,1,2,4,6,15,10,1,2,NA,2,71,1,2,NA,2,8,1,NA,7,3,1
"91",0.96673814,"91-91",91,91090,12,91,2024,6,8,1,3,3,1,10,1,2,2,4,5,3,2,5,1,3,6,1,3,1,3,2,3,6,3,6,1,5,2,4,6,5,6,4,5,1,4,4,2,2,4,2,4,2,2,2,3,1,4,4,4,3,3,2,1,3,4,2,1,2,3,4,3,5,3,5,1,2,2,3,1,5,5,4,3,1,9,9,10,-7,NA,NA,NA,14,7,45,55,83,8,10,10,0,2,5,2,3,3,1,3,10,6,11,0,4,1,1,1,1,1,1,1,1,3,3,1,3,1,4,4,NA,NA,NA,NA,4,10,NA,1,1,NA,1,62,1,2,NA,2,4,1,NA,3,1,1
"92",1.46914007,"92-91",92,91090,12,91,2024,6,8,1,2,9,7,14,1,3,3,3,4,3,2,10,1,4,6,2,1,6,6,6,6,6,6,6,6,3,6,3,3,3,6,3,1,10,7,3,1,3,4,3,1,2,1,3,4,2,4,4,3,4,2,2,2,4,4,2,1,3,1,2,5,4,1,5,2,2,3,2,3,5,5,5,1,2,10,-7,10,5,1,2,7,12,4,33,59,94,0,0,10,5,5,1,2,3,1,5,NA,7,1,6,5,4,1,1,1,1,2,4,4,1,3,-8,-8,NA,NA,NA,NA,NA,NA,NA,NA,5,15,15,2,NA,5,2,38,1,2,NA,2,8,2,8,1,4,1
"93",0.32530936,"93-91",93,91090,12,91,2024,6,8,1,2,7,10,26,2,2,4,4,3,1,1,-9,4,4,6,6,4,4,4,4,6,6,6,6,6,3,4,3,4,2,6,6,3,1,1,4,3,2,4,3,3,3,2,3,3,2,2,3,3,4,3,3,3,3,3,1,1,2,2,2,3,4,4,5,4,4,4,4,4,4,5,4,4,1,10,10,10,-7,NA,NA,NA,24,24,28,71,73,0,0,10,0,1,1,1,1,NA,1,5,2,10,5,10,2,2,2,1,5,2,5,5,1,3,-8,-8,NA,NA,NA,NA,NA,NA,NA,NA,4,15,-8,1,1,NA,1,70,1,2,NA,2,8,1,NA,7,7,2
"94",0.47396867,"94-91",94,91234,20,91,2024,6,13,1,3,1,2,3,2,3,3,4,4,2,1,-8,3,3,6,6,4,3,6,6,6,6,6,6,6,3,6,6,6,6,6,6,3,1,7,4,1,4,4,4,4,4,4,4,4,4,2,4,3,2,3,1,4,3,4,3,-8,3,1,4,4,4,4,4,2,3,2,1,4,4,3,4,4,6,10,10,10,0,2,NA,NA,9,11,36,63,78,-8,0,10,0,5,5,1,1,NA,5,NA,2,1,11,10,5,1,1,1,1,1,5,5,2,3,3,-8,NA,NA,NA,NA,NA,NA,NA,NA,4,15,15,1,2,NA,1,84,1,2,NA,2,1,1,NA,7,2,1
"95",2.45066355,"95-91",95,91262,20,91,2024,6,13,1,3,1,2,13,3,3,3,2,5,2,1,-8,3,3,6,1,1,1,6,6,6,6,6,6,6,1,3,2,6,1,6,1,1,6,9,4,4,4,4,4,4,3,2,3,3,4,3,3,3,2,4,2,2,3,4,1,1,3,3,4,5,5,2,2,5,5,2,5,2,3,4,4,1,6,10,10,7,7,2,NA,NA,9,11,36,63,78,10,5,10,0,1,2,1,3,3,1,3,2,8,11,3,4,3,2,1,2,3,2,4,1,3,3,2,NA,NA,NA,NA,4,5,4,5,5,15,15,1,1,NA,1,34,1,2,NA,2,7,1,NA,2,5,9
"96",1.36759961,"96-91",96,91262,20,91,2024,6,13,1,3,6,13,11,2,1,3,2,4,2,2,5,2,3,6,6,6,2,6,6,6,6,6,6,6,6,6,6,6,6,6,6,3,2,6,3,3,-8,3,3,3,3,2,3,3,1,3,3,3,1,3,3,3,1,3,1,2,3,3,2,2,2,2,2,2,2,2,1,1,2,2,1,1,3,10,10,8,9,1,2,7,23,23,41,68,76,8,10,5,2,2,3,2,1,NA,5,NA,1,3,2,6,5,2,2,2,1,2,3,3,2,1,-8,2,NA,NA,NA,NA,5,5,-8,5,4,15,15,1,-9,NA,2,35,1,2,NA,2,3,2,4,1,1,2
"97",0.70102318,"97-91",97,91262,20,91,2024,6,13,1,3,3,14,9,2,2,3,2,5,2,2,-8,2,2,6,6,2,2,3,2,6,6,6,6,6,3,4,3,6,4,6,6,4,1,6,3,1,3,4,3,4,3,3,4,3,1,4,4,1,1,3,1,1,4,3,2,1,2,1,4,4,4,4,2,3,2,2,2,2,2,2,3,4,1,10,10,10,0,2,NA,NA,23,23,41,68,76,5,10,0,0,2,5,1,3,1,5,NA,1,6,11,5,2,2,1,1,2,2,3,5,2,3,2,-8,NA,NA,NA,NA,NA,NA,NA,NA,6,15,15,1,4,NA,2,62,1,2,NA,2,6,1,NA,2,1,1
"98",2.98972039,"98-91",98,91262,20,91,2024,6,13,1,3,5,6,10,3,3,3,2,-8,2,-8,-8,3,3,6,6,6,3,6,6,6,6,6,6,6,6,6,6,6,6,6,6,4,5,4,3,2,3,3,2,1,2,2,2,2,2,2,3,3,2,2,2,2,2,2,2,1,2,1,3,3,2,2,1,2,1,1,2,3,2,2,3,2,1,8,8,6,7,2,NA,NA,5,12,34,58,77,4,9,2,10,2,1,1,2,2,5,NA,1,3,10,6,2,2,2,3,2,2,3,4,1,1,1,2,NA,NA,NA,NA,-8,-8,-8,4,4,15,15,1,4,NA,1,23,1,2,NA,2,4,2,-8,3,5,9
"99",1.27958733,"99-91",99,91121,14,91,2024,6,9,1,2,3,1,11,1,3,1,5,5,3,2,5,1,1,3,1,1,1,1,1,6,6,6,6,1,4,1,6,1,3,1,3,4,2,7,4,1,4,4,4,4,4,4,3,4,1,4,4,3,3,4,1,3,4,4,2,1,1,1,5,5,5,5,2,5,1,2,1,2,5,5,5,5,3,10,10,10,5,2,NA,NA,6,17,40,52,84,10,0,0,0,2,5,1,3,4,1,2,7,8,4,5,1,1,1,1,2,1,2,1,2,3,3,1,1,1,5,5,NA,NA,NA,NA,6,18,NA,1,2,NA,1,53,1,2,NA,2,8,1,NA,-8,NA,2
"100",0.42652911,"100-91",100,91121,14,91,2024,6,9,1,3,3,2,9,3,2,5,3,3,2,2,10,2,5,3,4,2,3,2,3,2,3,3,3,3,5,4,3,3,5,2,4,5,1,6,1,1,3,3,3,3,4,3,3,2,1,4,3,1,1,1,1,1,1,3,1,1,3,1,4,3,3,3,2,2,3,1,2,1,3,4,2,2,7,10,10,8,0,1,2,5,23,23,41,68,76,10,10,10,0,2,3,1,3,3,4,NA,5,6,3,10,4,1,1,1,3,3,3,1,1,3,2,2,NA,NA,NA,NA,-8,2,-8,2,4,10,NA,1,2,NA,1,51,1,2,NA,2,7,1,NA,1,7,1
"101",0.58243025,"101-91",101,91074,10,91,2024,6,7,1,4,7,8,12,3,3,2,3,4,3,2,10,3,4,6,6,5,6,6,6,6,3,6,6,6,4,6,6,6,6,6,6,5,10,2,3,1,1,4,1,3,4,2,3,3,1,4,4,3,1,3,1,2,1,3,3,2,3,2,5,4,5,4,3,5,4,5,1,2,3,3,2,2,3,10,-7,9,5,1,3,7,1,32,37,54,82,0,10,0,0,3,5,3,3,4,3,NA,2,4,6,7,2,2,1,2,2,2,4,1,2,3,2,1,5,2,1,2,NA,NA,NA,NA,4,7,NA,1,1,NA,2,56,1,2,NA,2,2,1,NA,8,2,2
"102",0.7574941,"102-91",102,91074,10,91,2024,6,7,1,4,7,2,5,3,3,3,3,4,3,2,5,1,4,6,6,6,2,6,6,6,6,6,6,6,2,6,6,6,4,6,6,4,1,1,-8,1,-8,4,3,-8,4,4,-8,4,1,3,4,3,3,-8,-9,1,4,1,3,2,2,1,2,4,4,2,3,3,3,2,4,3,3,2,5,3,1,10,10,10,0,1,3,7,24,24,28,71,73,10,0,10,10,1,5,1,2,4,3,NA,3,11,4,5,5,1,1,1,1,4,4,4,2,2,1,2,NA,NA,NA,NA,4,4,4,4,3,15,15,1,1,NA,2,38,1,2,NA,2,1,1,NA,3,2,1
"103",1.11813729,"103-91",103,91275,25,91,2024,6,16,1,3,3,2,13,3,1,3,3,3,1,1,5,5,5,6,3,3,4,5,3,6,4,6,6,6,4,3,3,4,1,6,1,4,1,4,3,4,4,4,3,4,4,2,3,2,2,2,4,4,3,3,3,3,3,3,1,1,3,1,4,2,4,3,4,3,2,3,4,5,3,3,3,3,6,10,10,10,10,1,2,7,18,15,35,72,89,10,5,0,10,3,2,1,1,NA,4,NA,1,6,9,10,4,1,1,1,3,1,5,4,2,3,2,-8,NA,NA,NA,NA,NA,NA,NA,NA,5,15,15,1,1,NA,2,43,1,2,NA,2,6,1,NA,1,2,1
"104",0.56450293,"104-91",104,91263,20,91,2024,6,13,1,3,1,10,3,3,3,3,4,3,3,3,-8,-8,-8,6,6,6,6,6,6,6,6,6,-8,6,6,6,6,6,6,6,6,3,1,1,3,2,4,4,4,4,3,2,4,4,3,3,4,3,4,3,4,3,2,4,3,2,2,1,5,4,3,3,3,3,3,3,3,2,2,3,3,3,3,10,10,10,0,2,NA,NA,3,2,47,56,95,10,10,0,0,4,5,1,2,1,5,NA,2,5,6,9,2,1,1,1,1,4,5,3,2,3,3,-8,NA,NA,NA,NA,NA,NA,NA,NA,4,15,15,1,3,NA,2,66,1,2,NA,2,2,1,NA,7,1,1
"105",0.28225146,"105-91",105,91263,20,91,2024,6,13,1,3,3,7,17,3,1,3,4,4,2,3,-8,3,2,6,6,2,2,-8,6,6,6,6,6,6,4,3,6,6,6,6,3,4,1,4,3,2,4,3,4,3,3,1,4,3,2,2,4,3,3,3,3,2,2,2,1,1,2,1,3,2,2,2,2,2,2,2,2,2,2,2,3,2,6,10,10,10,0,2,NA,NA,9,11,36,63,78,10,0,10,5,5,5,1,2,3,5,NA,1,2,6,10,1,1,1,1,2,5,5,5,2,3,-8,-8,NA,NA,NA,NA,NA,NA,NA,NA,4,15,15,1,-9,NA,2,81,1,2,NA,2,1,1,NA,7,4,1
"106",0.20425938,"106-91",106,91263,20,91,2024,6,13,1,2,1,9,5,2,3,3,4,5,3,2,-8,-8,-8,-8,6,-8,-8,-8,-8,-8,-8,6,-8,-8,-8,6,6,-8,-8,-8,-8,2,1,2,1,3,-8,4,4,4,4,4,3,4,4,4,4,4,3,4,4,-8,3,3,3,1,2,1,4,4,5,4,4,4,4,4,4,4,4,4,4,4,5,10,8,10,10,2,NA,NA,23,23,41,68,76,0,10,0,0,2,1,1,3,3,5,NA,11,7,6,10,1,1,1,1,3,1,2,5,2,3,-8,-8,NA,NA,NA,NA,NA,NA,NA,NA,3,15,15,1,2,NA,2,59,1,2,NA,2,4,1,NA,7,5,1
"107",0.28225146,"107-91",107,91263,20,91,2024,6,13,1,2,1,7,3,2,3,2,4,4,3,1,-8,4,4,6,6,-8,2,6,6,6,6,6,6,6,4,6,6,6,6,6,6,4,1,1,1,4,4,4,-8,4,3,4,3,-8,1,3,4,3,1,2,4,1,4,3,2,1,3,2,3,4,2,2,3,3,1,3,3,-8,-8,2,-8,3,6,10,10,10,0,2,NA,NA,21,21,38,49,93,10,0,0,0,2,4,2,3,3,5,NA,9,3,2,10,1,1,1,1,1,5,2,2,1,3,3,-8,NA,NA,NA,NA,NA,NA,NA,NA,3,15,15,1,3,NA,2,75,1,2,NA,2,2,1,NA,7,2,1
"108",0.56450293,"108-91",108,91263,20,91,2024,6,13,1,2,3,2,9,2,2,3,-8,5,3,3,-8,3,3,6,6,-8,2,6,6,6,6,6,6,6,3,3,6,6,2,6,6,4,1,1,1,1,2,4,4,4,3,3,4,4,1,4,4,1,-8,4,1,-8,2,2,1,1,1,1,5,-8,5,-8,-8,-8,4,-8,-8,2,-8,5,-8,-8,-8,10,10,10,0,2,NA,NA,6,17,40,52,84,5,0,0,10,1,5,1,3,1,5,NA,1,4,3,10,1,1,1,1,-8,1,5,5,1,3,-8,-8,NA,NA,NA,NA,NA,NA,NA,NA,-8,15,15,2,NA,-9,2,75,1,2,NA,2,2,1,NA,7,1,1
"109",0.51040319,"109-91",109,91149,20,91,2024,6,13,1,3,5,10,2,3,1,3,2,5,1,1,1,4,4,6,2,4,4,4,6,1,6,6,6,4,2,4,1,6,1,6,2,4,9,4,3,2,3,4,3,3,4,3,4,3,2,2,3,3,3,3,3,2,3,4,1,1,3,1,4,2,3,4,4,3,4,3,3,4,3,4,3,4,3,10,10,10,10,2,NA,NA,1,32,37,54,82,0,0,10,10,1,2,1,2,2,1,1,2,3,4,10,2,1,2,1,1,5,5,4,1,2,2,-8,NA,NA,NA,NA,NA,NA,NA,NA,4,15,5,1,1,NA,1,71,1,2,NA,2,2,1,NA,7,5,1
"110",0.53035844,"110-91",110,91297,21,91,2024,6,13,2,3,1,3,2,1,3,3,2,-8,3,-9,-9,-9,-9,-9,-9,-9,-9,-9,-9,-9,-9,-9,-9,-9,-9,-9,-9,-9,-9,-9,-9,-9,-9,-9,-8,-8,-8,-8,-8,-8,-8,-8,-8,-8,-8,-8,-8,-8,-8,-8,-8,-8,-8,-8,-9,-9,2,1,4,-9,-9,-9,-9,-9,-9,-9,-9,-9,-9,-9,-9,-9,-9,10,10,10,-9,2,NA,NA,23,23,41,68,76,9,7,9,1,3,2,2,2,2,5,NA,1,6,8,-8,5,1,1,1,-8,3,-9,-8,1,3,-8,-8,NA,NA,NA,NA,NA,NA,NA,NA,4,15,15,-9,NA,-9,2,61,1,2,NA,2,1,2,4,7,5,9
"111",1.64742473,"111-91",111,91297,21,91,2024,6,13,2,3,12,6,26,3,1,3,3,3,2,3,-8,2,2,6,2,3,3,-8,6,6,6,6,6,6,3,2,4,6,2,6,6,3,2,4,3,3,4,3,3,-8,3,-8,3,3,3,4,3,3,3,3,3,3,3,3,1,1,3,1,4,4,4,4,4,4,4,4,4,4,4,4,4,4,6,10,8,10,10,1,3,7,14,7,45,55,83,5,10,10,0,3,5,2,2,3,5,NA,2,7,1,6,4,1,1,1,2,1,3,3,1,3,-8,-8,NA,NA,NA,NA,NA,NA,NA,NA,4,15,15,1,4,NA,1,28,1,2,NA,2,4,2,4,1,3,9
"112",1.08630696,"112-91",112,91297,21,91,2024,6,13,2,2,10,26,8,3,1,3,3,2,1,1,-9,4,-9,-9,-9,-9,-9,-9,-9,-9,-9,-9,-9,6,-9,-9,-9,-9,-9,-9,-9,4,1,4,4,4,4,4,4,4,4,4,4,4,4,4,4,4,4,4,4,4,4,4,1,-8,3,1,5,5,5,5,5,5,5,5,5,5,5,5,5,5,4,0,0,10,-9,2,NA,NA,17,1,48,67,90,0,10,0,10,3,2,1,2,2,5,NA,10,6,7,5,5,1,1,1,3,2,3,3,1,3,-8,2,NA,NA,NA,NA,-8,-8,-8,-8,5,15,15,1,-9,NA,2,67,1,2,NA,2,8,1,NA,7,5,1
"113",0.40856931,"113-91",113,91297,21,91,2024,6,13,2,3,10,3,1,2,3,4,3,4,3,3,-9,3,3,6,2,3,1,3,6,6,6,6,6,6,3,4,3,6,6,6,2,3,5,4,3,3,3,3,3,3,3,3,3,3,3,3,3,3,3,3,3,3,3,3,1,2,2,1,-8,-8,-8,-8,-8,-8,-8,-8,-8,-8,-8,-8,-8,-8,-8,10,10,10,10,1,2,5,9,11,36,63,78,10,10,10,0,3,1,1,1,NA,5,NA,6,8,1,5,2,2,1,1,3,2,3,3,1,3,-8,-8,NA,NA,NA,NA,NA,NA,NA,NA,4,15,15,1,-9,NA,2,33,1,2,NA,2,4,1,NA,8,1,1
"114",2.00364074,"114-91",114,91275,25,91,2024,6,16,1,3,3,1,5,4,1,4,3,5,2,1,6,4,4,6,2,4,3,5,4,3,6,6,6,6,3,4,3,4,1,6,3,4,1,2,3,3,4,4,4,1,4,1,4,4,2,2,4,2,3,2,2,2,3,4,1,1,2,1,5,3,5,4,4,4,4,3,4,4,5,3,3,4,1,10,10,10,10,1,2,7,24,24,28,71,73,10,10,5,5,4,3,1,2,3,4,NA,1,6,11,5,2,1,2,1,1,1,2,3,1,3,2,2,NA,NA,NA,NA,1,1,1,2,4,17,NA,1,1,NA,1,40,1,2,NA,2,6,2,8,1,2,1
"115",0.29367205,"115-91",115,91070,8,91,2024,6,6,1,3,1,5,6,1,3,2,3,5,3,2,10,3,2,6,2,2,3,3,6,2,6,6,6,6,4,6,3,4,3,6,3,4,-9,6,4,3,4,4,4,4,4,4,4,3,3,4,4,3,4,4,4,3,4,4,2,1,2,1,4,5,5,5,5,5,5,5,5,5,5,5,5,5,7,10,10,10,10,2,NA,NA,12,4,33,59,94,7,6,10,0,4,4,2,3,3,1,2,4,3,5,6,2,4,2,2,3,-9,2,2,1,3,3,-8,NA,NA,NA,NA,NA,NA,NA,NA,1,15,15,1,4,NA,2,52,1,2,NA,2,5,1,NA,1,5,1
"116",0.53035844,"116-91",116,91297,21,91,2024,6,13,2,3,2,10,9,2,2,3,3,4,2,2,-9,4,4,6,3,4,4,6,3,3,3,6,6,6,4,3,4,6,4,6,4,4,1,6,2,2,4,3,3,-8,3,3,4,-8,2,3,3,3,2,3,2,2,3,3,1,1,3,3,4,4,4,4,2,4,2,2,2,2,2,4,4,-8,4,10,5,10,-7,NA,NA,NA,19,10,43,61,74,0,10,10,0,3,4,2,2,2,4,NA,2,1,7,8,4,1,1,1,2,1,2,4,1,-8,-8,-8,NA,NA,NA,NA,NA,NA,NA,NA,6,15,15,1,-9,NA,2,56,1,2,NA,2,4,2,2,7,2,1
"117",0.81713863,"117-91",117,91297,21,91,2024,6,13,2,3,7,12,10,2,2,3,3,3,3,3,-9,3,2,6,3,3,3,6,6,6,6,6,6,6,4,4,4,6,4,6,3,4,2,4,2,2,4,4,3,-8,3,4,4,-8,2,3,3,2,2,3,2,2,3,3,1,1,2,2,4,4,4,4,2,4,2,2,2,2,2,4,4,2,3,10,-8,10,10,1,3,5,3,2,47,56,95,5,10,0,10,4,3,1,3,2,5,NA,3,7,2,7,2,1,1,1,2,1,5,5,1,3,-8,2,NA,NA,NA,NA,-8,-8,-8,-8,5,15,15,1,2,NA,2,34,1,2,NA,2,4,2,1,7,1,1
"118",0.81713863,"118-91",118,91297,21,91,2024,6,13,2,3,12,10,3,2,2,2,3,4,2,2,1,-9,-9,-9,-9,-9,-9,-9,-9,-9,-9,-9,-9,-9,-9,-9,-9,-9,-9,-9,-9,-9,-9,-9,4,4,2,4,4,4,4,4,4,4,4,4,4,-8,4,4,4,4,4,4,1,-9,2,2,4,4,4,4,4,4,4,4,4,4,4,4,4,4,1,10,10,10,10,1,3,5,24,24,28,71,73,0,0,0,0,5,2,1,3,1,5,NA,3,7,2,10,2,1,1,1,2,1,3,3,2,3,-9,2,NA,NA,NA,NA,4,4,4,4,-8,15,15,1,1,NA,2,40,1,2,NA,2,3,2,4,1,5,2
"119",0.83650346,"119-91",119,91297,21,91,2024,6,13,2,3,10,3,5,2,2,2,4,4,3,2,-9,2,4,-8,6,3,1,-8,-8,2,-8,-8,6,-8,4,-8,4,6,4,6,4,4,1,6,4,2,3,4,4,4,4,4,4,-8,3,3,4,2,4,4,3,2,2,3,1,1,3,2,4,5,5,5,2,4,2,1,2,2,1,5,4,-8,2,10,10,10,10,1,3,3,9,11,36,63,78,10,10,10,0,1,2,2,3,2,5,NA,2,8,3,-8,5,1,1,1,2,3,4,5,-8,3,-8,2,NA,NA,NA,NA,-8,-8,-8,-8,6,15,15,1,4,NA,2,47,1,2,NA,2,3,1,NA,1,8,9
"120",0.53710044,"120-91",120,91121,14,91,2024,6,9,1,3,3,9,16,1,2,3,3,4,3,2,8,2,2,6,2,2,2,6,6,4,6,4,6,6,5,4,6,2,4,1,4,5,1,6,1,1,-8,3,3,-9,4,3,3,-8,3,3,3,1,3,3,3,3,4,3,2,2,3,1,4,5,2,3,3,4,2,4,2,2,2,3,2,2,6,10,0,10,-7,NA,NA,NA,17,1,48,67,90,0,0,0,0,1,5,1,3,1,4,NA,4,10,11,9,2,1,2,1,2,3,4,4,2,3,-8,2,NA,NA,NA,NA,-8,2,4,4,-8,15,15,1,-8,NA,2,75,1,2,NA,2,4,1,NA,7,NA,1
"121",0.76944337,"121-91",121,91121,14,91,2024,6,9,1,3,8,3,9,1,1,3,1,2,2,1,5,4,4,6,6,4,3,6,6,6,6,6,6,6,4,6,6,6,6,3,6,3,1,1,1,1,1,3,1,1,3,1,3,3,1,1,1,3,3,1,1,2,1,3,3,1,3,1,4,2,2,2,2,2,2,2,2,4,4,2,2,2,6,9,9,7,6,1,3,6,24,24,28,71,73,0,0,0,10,2,4,1,3,4,1,2,6,2,1,5,6,1,1,1,2,2,5,5,1,3,3,2,NA,NA,NA,NA,4,4,4,4,6,15,15,2,NA,5,2,53,1,2,NA,2,4,1,NA,10,1,9
"122",0.74276212,"122-91",122,91275,25,91,2024,6,16,1,3,3,5,9,2,3,3,4,4,2,2,3,2,4,6,3,4,1,4,3,6,6,6,6,6,4,4,6,6,4,6,1,4,1,6,4,2,3,4,4,2,4,2,3,4,1,4,3,4,3,1,2,2,2,3,1,1,2,1,4,4,5,2,3,4,1,1,2,3,2,4,2,1,3,10,10,10,10,2,NA,NA,3,2,47,56,95,2,10,0,10,1,1,2,2,1,4,NA,2,4,9,10,2,1,1,1,2,5,5,5,1,3,3,1,-8,4,4,4,NA,NA,NA,NA,4,10,NA,1,2,NA,1,73,1,2,NA,2,6,1,NA,7,5,8
"123",1.7757307,"123-91",123,91248,20,91,2024,6,13,1,3,26,2,5,4,1,2,1,3,2,1,4,4,3,6,6,3,4,5,6,6,6,6,6,6,2,6,2,6,1,6,3,2,2,7,4,3,2,3,3,4,4,4,4,3,3,2,2,4,3,2,3,4,3,4,1,1,2,2,3,2,3,2,4,3,4,3,4,4,3,4,3,2,4,8,-7,8,-7,NA,NA,NA,23,23,41,68,76,8,8,5,2,4,1,2,1,NA,5,NA,3,4,2,5,5,2,5,2,4,3,2,4,2,3,3,1,4,3,3,5,NA,NA,NA,NA,5,3,NA,1,1,NA,1,24,1,2,NA,1,7,2,4,4,5,11
"124",0.22866994,"124-91",124,91242,20,91,2024,6,13,1,3,13,14,5,3,3,4,3,2,3,2,4,2,2,6,2,2,2,6,6,3,3,6,6,3,3,6,4,3,4,3,6,4,2,-8,4,2,4,4,4,2,3,3,3,3,3,4,4,4,4,3,2,3,4,3,2,1,3,2,5,5,5,4,5,5,2,2,2,5,4,3,4,4,3,10,9,10,9,1,2,6,11,13,30,51,92,0,0,10,0,4,5,1,3,1,1,5,3,11,1,10,3,2,1,2,1,1,3,3,2,3,3,1,3,4,4,3,NA,NA,NA,NA,6,18,NA,1,2,NA,2,51,1,2,NA,2,4,1,NA,2,1,1
"125",0.89570594,"125-91",125,91276,25,91,2024,6,16,1,3,7,1,10,1,2,3,3,3,2,2,4,1,3,6,3,2,2,6,6,6,6,6,6,6,4,6,4,6,3,6,4,5,2,6,4,-9,4,4,4,1,4,1,1,4,2,4,4,4,4,4,4,1,4,4,3,2,3,2,4,4,4,4,4,4,1,4,-8,4,4,1,4,4,3,10,10,10,10,1,2,6,15,9,31,64,79,-9,-8,0,5,1,2,2,3,2,1,5,1,5,6,7,1,2,1,2,2,1,3,5,1,3,3,1,5,-8,1,1,NA,NA,NA,NA,3,7,NA,1,2,NA,2,46,1,2,NA,2,4,1,NA,3,1,9
"126",1.39584384,"126-91",126,91016,3,91,2024,6,3,1,2,1,10,11,3,2,3,3,-9,-9,-9,-9,3,4,6,6,6,2,6,6,6,6,6,6,2,6,6,6,6,6,6,6,3,11,-8,3,-9,4,4,-9,-9,-9,2,-8,-9,1,-9,-9,-9,-9,-9,4,-9,4,-9,-9,-9,3,1,4,-9,-9,-9,-9,-9,3,-9,-9,-9,-9,-9,-9,-9,-9,-9,0,0,-9,2,NA,NA,4,6,27,66,91,-9,-9,-9,-9,-9,-9,-9,2,-9,-9,NA,3,6,11,-9,1,3,1,2,-9,4,-9,4,2,3,3,-8,NA,NA,NA,NA,NA,NA,NA,NA,8,15,15,2,NA,5,1,78,1,2,NA,2,4,1,NA,10,1,1
"127",0.93248253,"127-91",127,91080,10,91,2024,6,7,1,4,3,10,5,2,3,3,4,3,2,2,5,1,4,6,6,6,6,6,6,6,6,6,6,6,4,6,6,6,6,6,6,5,2,2,2,2,3,3,1,2,1,2,3,3,1,3,3,3,2,3,2,3,1,3,3,2,2,1,-8,3,3,3,2,2,2,1,1,3,1,2,2,1,3,10,10,10,10,1,3,7,10,8,25,60,85,0,10,0,5,4,4,2,2,2,2,5,2,11,1,10,1,1,1,2,2,1,5,1,2,2,2,1,3,4,3,4,NA,NA,NA,NA,6,5,NA,1,4,NA,2,46,1,2,NA,2,1,2,2,8,1,1
"128",0.26855022,"128-91",128,91121,14,91,2024,6,9,1,3,2,10,1,2,2,3,3,4,3,3,-9,3,4,6,-8,4,2,6,6,6,6,6,6,6,4,4,6,6,2,3,3,5,1,1,3,3,2,3,3,3,-8,2,3,-8,2,3,3,3,3,3,3,3,3,3,3,1,2,1,4,4,4,4,3,4,4,3,3,3,4,2,4,3,1,9,10,10,9,2,NA,NA,23,23,41,68,76,9,3,0,9,2,4,2,2,3,2,2,11,6,4,5,2,1,1,1,4,2,4,5,2,3,-8,2,NA,NA,NA,NA,-8,2,-8,-8,5,15,15,1,-9,NA,2,65,1,2,NA,2,4,1,NA,1,1,1
"129",0.59597915,"129-91",129,91120,14,91,2024,6,9,1,3,5,3,7,1,3,3,3,5,3,2,-9,2,4,4,1,2,2,6,4,6,6,6,6,6,3,6,6,6,4,3,4,5,1,4,1,3,4,4,2,2,2,3,2,3,3,4,3,3,3,3,1,3,3,3,1,1,2,1,4,4,3,3,3,3,2,2,4,4,3,4,4,2,1,10,10,0,10,2,NA,NA,7,3,20,53,88,0,0,10,0,2,4,1,3,1,5,NA,2,1,6,10,1,1,3,1,1,1,4,1,2,3,-8,2,NA,NA,NA,NA,-8,5,-8,5,4,10,NA,1,-9,NA,2,39,1,2,NA,2,8,1,NA,1,4,1
"130",0.80634066,"130-91",130,91120,14,91,2024,6,9,1,3,3,10,7,1,3,2,5,4,2,2,-9,1,5,6,6,6,1,6,6,6,6,6,6,6,5,6,6,6,6,6,6,5,2,4,4,1,4,3,3,-8,1,3,3,3,1,4,4,-8,3,-8,1,-8,4,3,3,2,2,1,5,4,4,4,4,3,4,4,4,-8,-8,4,5,2,2,10,10,10,10,1,2,7,3,2,47,56,95,0,10,0,0,1,5,2,3,2,1,1,3,2,11,10,4,1,1,1,1,3,3,1,2,3,3,-8,NA,NA,NA,NA,NA,NA,NA,NA,1,15,15,1,4,NA,2,51,1,2,NA,2,2,1,NA,3,1,1
"131",0.19092156,"131-91",131,91285,11,91,2024,6,7,2,4,10,1,3,2,2,3,3,4,3,2,1,2,5,6,6,3,4,2,6,6,5,6,6,6,4,6,6,6,4,6,6,4,2,1,4,3,3,3,4,3,3,4,3,3,4,3,4,3,3,3,4,4,3,3,3,2,1,2,5,5,2,2,1,1,2,4,4,3,5,1,3,2,1,10,10,10,-7,NA,NA,NA,19,10,43,61,74,0,10,10,4,5,5,2,3,4,5,NA,6,1,3,0,2,2,4,4,5,3,5,4,2,3,2,2,NA,NA,NA,NA,5,4,5,5,4,4,NA,1,1,NA,2,57,1,2,NA,2,1,2,1,8,2,1
"132",0.19092156,"132-91",132,91285,11,91,2024,6,7,2,3,3,2,1,2,3,3,3,4,3,2,4,4,5,6,6,4,6,6,6,6,4,6,6,6,4,6,6,6,4,6,6,4,4,1,1,4,1,4,1,4,4,4,4,1,1,3,4,4,1,4,1,1,1,1,3,2,1,1,4,5,4,4,4,4,4,4,5,4,4,4,4,4,2,10,10,10,-7,NA,NA,NA,15,9,31,64,79,10,0,0,0,5,5,1,3,4,5,NA,2,6,7,10,5,1,1,1,3,4,5,5,2,3,3,2,NA,NA,NA,NA,5,5,4,5,3,15,15,1,2,NA,2,62,1,2,NA,2,1,1,NA,8,1,1
"133",0.5214069,"133-91",133,91285,11,91,2024,6,7,2,4,3,7,6,2,2,2,3,4,3,2,10,6,4,6,6,6,6,6,6,6,6,6,6,6,6,6,6,6,6,6,6,4,2,4,1,4,4,4,4,4,3,4,-8,4,3,4,4,4,4,3,4,1,4,4,3,1,2,1,4,5,3,4,5,5,3,5,5,4,3,3,3,5,-8,10,-7,10,-7,NA,NA,NA,3,2,47,56,95,0,0,0,0,4,5,2,3,2,4,NA,2,6,8,10,2,1,2,2,2,1,5,5,2,3,3,2,NA,NA,NA,NA,4,4,4,4,-8,15,15,1,1,NA,2,75,1,2,NA,2,4,2,0,7,2,1
"134",0.54407618,"134-91",134,91100,12,91,2024,6,8,1,3,14,6,26,2,3,3,-8,-8,3,-8,-8,-8,-8,-8,-8,-8,-8,-8,-8,-8,-8,-8,-8,-8,-8,-8,-8,-8,-8,-8,-8,-8,1,1,-8,2,-8,-8,4,-8,-8,1,-8,3,1,-8,4,3,-8,4,1,4,4,4,1,-8,2,1,-8,-8,-8,-8,-8,-8,-8,-8,-8,-8,-8,-8,-8,-8,-8,10,10,10,10,2,NA,NA,5,12,34,58,77,-8,-8,-8,-8,1,5,2,3,2,2,2,11,2,1,-8,1,-8,-8,-8,1,5,5,5,1,-8,-8,2,NA,NA,NA,NA,4,2,4,4,4,15,15,1,-8,NA,2,82,1,2,NA,2,1,1,NA,7,2,-9
"135",0.54407618,"135-91",135,91100,12,91,2024,6,8,1,3,1,9,3,4,1,2,2,5,-8,1,5,4,5,6,4,4,4,6,6,2,6,2,6,6,2,4,1,6,1,6,2,3,-8,1,4,3,1,3,4,4,4,-8,3,3,1,1,3,-8,1,-8,3,1,1,-8,1,1,2,2,3,1,4,2,2,2,2,2,2,3,3,2,2,2,-9,10,-7,0,-7,NA,NA,NA,11,13,30,51,92,-8,-8,-8,-8,2,3,2,2,1,4,NA,1,-8,NA,0,1,2,2,2,-9,5,5,3,-9,3,2,-8,NA,NA,NA,NA,NA,NA,NA,NA,-8,15,-9,2,NA,1,2,76,1,2,NA,2,4,1,NA,7,1,2
"136",2.02885573,"136-91",136,91080,10,91,2024,6,7,1,4,3,9,14,3,2,3,3,3,1,2,4,2,4,6,6,6,4,6,6,2,6,6,6,6,4,6,6,6,2,6,6,5,10,2,2,2,3,3,4,3,4,3,3,2,3,3,3,3,4,4,3,2,3,2,1,2,2,1,4,4,4,3,4,4,4,3,2,4,3,3,4,3,1,10,10,10,10,2,NA,NA,22,22,44,50,75,5,0,9,9,2,5,1,1,NA,4,NA,2,11,7,10,5,1,1,2,1,2,2,2,2,3,3,2,NA,NA,NA,NA,4,4,4,5,6,17,NA,1,1,NA,2,24,1,2,NA,2,3,2,2,3,2,1
"137",0.30112944,"137-91",137,91285,11,91,2024,6,7,2,3,3,10,7,2,3,3,3,3,2,2,5,1,2,6,6,2,2,6,6,6,6,6,6,6,5,6,6,6,6,6,2,4,2,4,3,3,3,3,3,3,3,3,2,2,2,3,4,3,3,3,4,3,3,2,2,2,2,1,5,5,4,4,4,4,4,4,3,4,4,4,4,4,3,10,10,10,10,1,3,6,15,9,31,64,79,10,10,0,10,2,4,2,3,3,2,1,6,10,8,10,2,2,2,2,2,2,2,2,2,3,3,2,NA,NA,NA,NA,4,2,2,2,1,1,NA,1,2,NA,2,52,1,2,NA,2,1,2,1,3,1,1
"138",2.51115528,"138-91",138,91080,10,91,2024,6,7,1,3,3,11,10,3,2,2,3,4,2,2,5,2,4,6,2,3,2,6,6,6,6,6,6,6,4,6,6,6,3,6,6,4,9,2,3,2,3,4,3,3,3,3,3,2,3,3,3,3,3,3,3,2,4,3,1,1,2,1,5,5,5,4,2,3,3,3,3,3,3,3,3,5,3,10,10,10,-7,NA,NA,NA,8,5,26,57,80,1,5,1,0,1,2,1,2,1,3,NA,6,2,3,6,5,1,1,1,2,1,3,3,1,3,2,2,NA,NA,NA,NA,4,4,4,5,1,15,15,1,1,NA,1,27,1,2,NA,2,4,2,1,1,5,1
"139",0.50223106,"139-91",139,91080,10,91,2024,6,7,1,3,16,4,10,2,3,2,2,3,3,2,7,2,4,-8,6,6,3,6,6,6,6,6,6,6,3,6,6,6,6,6,6,2,8,6,3,3,4,3,3,3,3,3,3,3,1,3,3,1,3,3,1,3,1,4,2,1,1,2,4,4,4,4,4,4,4,4,4,4,4,4,3,4,6,10,10,8,-7,NA,NA,NA,4,6,27,66,91,5,0,0,6,1,2,2,3,2,2,5,6,10,11,7,5,2,1,2,1,4,5,4,2,3,3,2,NA,NA,NA,NA,4,4,4,4,4,20,NA,2,NA,5,1,28,1,2,NA,2,3,1,NA,6,5,1
"140",0.50832828,"140-91",140,91285,11,91,2024,6,7,2,3,10,3,1,2,2,3,2,4,2,2,-8,1,3,6,6,6,1,6,6,6,6,6,6,6,6,6,6,6,4,6,6,5,11,2,1,2,1,3,3,2,3,2,3,2,2,3,3,2,2,3,2,1,3,2,2,1,1,1,4,5,4,2,2,2,3,2,2,1,2,2,3,3,6,10,8,10,-7,NA,NA,NA,6,17,40,52,84,3,5,7,5,3,5,1,2,2,2,2,1,2,11,8,4,2,2,3,3,3,3,3,2,3,1,2,NA,NA,NA,NA,1,1,2,3,8,15,15,2,NA,2,1,21,1,-8,NA,2,4,2,2,1,5,1
"141",0.84721379,"141-91",141,91285,11,91,2024,6,7,2,3,2,14,3,1,3,1,4,5,3,2,6,1,1,6,-8,1,1,3,-8,6,6,6,6,6,5,6,5,4,5,6,-8,5,9,2,4,3,-8,4,4,2,4,3,2,3,2,4,4,3,4,4,3,3,4,3,1,1,2,1,4,4,4,3,4,2,2,2,2,2,4,4,2,3,3,10,10,10,-7,NA,NA,NA,7,3,20,53,88,10,10,0,10,1,1,3,2,1,1,2,6,2,1,10,5,1,1,1,2,1,5,5,2,3,2,2,NA,NA,NA,NA,5,1,1,1,5,18,NA,1,2,NA,1,24,1,2,NA,1,7,2,8,2,7,1
"142",0.96522518,"142-91",142,91285,11,91,2024,6,7,2,3,10,5,26,2,1,2,2,3,2,1,5,2,3,6,6,2,3,6,6,6,3,6,6,6,2,6,2,4,1,3,2,4,4,2,4,2,4,3,3,3,3,1,2,1,2,3,3,3,2,2,2,3,3,3,1,1,3,1,4,3,4,4,4,4,3,3,3,3,4,3,4,4,1,10,7,10,0,2,NA,NA,6,17,40,52,84,7,5,8,8,2,5,1,2,2,3,NA,1,6,2,10,3,2,2,4,2,3,5,5,2,3,2,2,NA,NA,NA,NA,3,2,4,4,4,19,NA,1,1,NA,2,25,1,2,NA,1,7,2,8,3,2,11
"143",0.19434408,"143-91",143,91121,14,91,2024,6,9,1,3,7,10,9,2,3,3,3,4,2,2,-9,3,-8,6,-8,-8,-8,6,6,6,6,-8,6,6,-8,6,6,6,-8,4,6,4,-8,-8,4,3,2,3,3,3,3,3,3,-8,3,3,3,4,3,3,-8,3,3,4,3,-8,1,4,4,4,4,4,4,4,4,4,4,4,4,4,4,-8,4,10,10,10,10,2,NA,NA,13,14,29,70,96,0,0,0,0,2,2,1,2,3,5,NA,2,4,5,-8,1,2,2,2,5,5,5,5,2,3,3,1,-8,4,4,-8,NA,NA,NA,NA,5,15,15,1,2,NA,2,57,1,2,NA,2,2,1,NA,8,1,2
"144",1.31580121,"144-91",144,91120,14,91,2024,6,9,1,3,10,3,4,1,2,2,2,4,2,2,5,2,4,6,6,6,6,6,6,6,6,6,6,6,6,6,6,6,6,-8,6,5,9,6,2,2,2,3,3,2,3,2,2,2,2,3,3,2,2,3,2,2,2,3,2,2,2,1,4,3,2,3,3,4,2,2,2,2,2,2,3,2,1,10,10,10,10,1,3,7,13,14,29,70,96,0,10,5,0,1,5,1,3,3,2,1,3,2,6,0,2,1,1,1,2,2,3,3,1,3,3,2,NA,NA,NA,NA,3,4,3,3,3,15,15,1,4,NA,2,23,1,2,NA,2,4,2,4,8,1,1
"145",0.42507103,"145-91",145,91301,26,91,2024,6,16,2,4,14,3,5,1,2,3,3,5,3,2,5,2,4,2,6,3,2,6,2,6,6,6,6,6,5,2,2,3,1,6,6,4,1,1,3,4,3,4,3,3,3,2,4,2,2,3,3,4,3,3,2,3,3,2,3,2,1,1,4,4,4,4,4,3,3,2,3,4,4,4,4,3,3,10,8,7,-7,NA,NA,NA,9,11,36,63,78,10,10,10,0,2,5,1,3,1,1,1,1,4,9,5,2,1,2,1,2,3,5,3,2,3,2,2,NA,NA,NA,NA,4,5,-8,-8,4,15,15,1,-8,NA,2,60,1,2,NA,2,3,2,2,8,2,2
"146",1.3098385,"146-91",146,91301,26,91,2024,6,16,2,3,7,16,1,3,2,3,2,5,2,2,5,2,4,3,6,3,4,6,6,6,6,6,6,6,4,6,3,6,3,6,6,4,10,5,2,3,4,4,3,2,3,1,4,3,2,4,4,4,3,4,2,1,3,3,2,1,2,1,4,4,3,5,5,4,2,2,3,4,4,3,4,3,2,10,10,8,10,1,2,7,6,17,40,52,84,0,3,5,0,2,5,1,2,3,2,2,6,4,9,10,2,1,1,1,1,1,5,5,2,3,3,1,5,5,5,5,NA,NA,NA,NA,6,15,15,1,4,NA,2,41,1,2,NA,2,4,1,NA,2,5,1
"147",0.96528681,"147-91",147,91301,26,91,2024,6,16,2,3,5,16,10,1,3,2,3,4,2,2,1,1,4,6,6,6,3,6,6,6,6,6,6,6,4,6,6,6,6,6,6,5,9,6,1,3,3,4,4,3,3,4,3,3,4,4,3,3,3,4,4,3,4,4,3,2,2,1,2,5,5,5,5,5,5,5,5,5,3,5,5,4,5,10,10,10,10,1,2,7,5,12,34,58,77,0,7,7,5,3,4,1,2,1,1,5,7,3,9,7,4,2,1,1,1,3,1,2,2,3,-8,-8,NA,NA,NA,NA,NA,NA,NA,NA,2,19,NA,1,4,NA,1,37,1,2,NA,2,3,2,2,1,2,1
"148",0.58043464,"148-91",148,91301,26,91,2024,6,16,2,3,7,10,1,2,2,4,3,4,2,2,-9,3,4,6,3,6,3,6,6,6,6,6,6,6,3,6,6,6,3,6,6,3,2,1,3,2,3,-8,3,-8,2,2,-8,-8,2,3,-8,-8,3,3,3,1,2,3,3,-8,1,1,4,3,-8,3,3,-8,3,2,-8,3,3,-8,-8,-8,3,10,10,10,-7,NA,NA,NA,18,15,35,72,89,8,8,1,8,4,5,1,3,3,1,1,6,3,1,-8,2,1,1,1,2,5,5,5,1,3,3,2,NA,NA,NA,NA,-8,-8,-8,-8,-8,15,15,1,1,NA,2,67,1,2,NA,2,2,1,NA,7,5,9
"149",0.21253551,"149-91",149,91301,26,91,2024,6,16,2,3,10,3,11,2,2,3,3,4,2,2,2,1,3,6,6,6,4,6,6,6,6,6,6,6,2,6,6,6,6,6,6,4,2,1,3,3,3,4,3,-8,3,1,3,-8,1,3,4,3,-8,-8,1,1,3,-8,-8,-8,2,1,-8,2,5,-8,-8,-8,-8,-8,-8,-8,-8,-8,-8,-8,7,10,10,10,-7,NA,NA,NA,22,22,44,50,75,0,5,0,10,4,5,1,2,1,5,NA,11,6,1,10,2,2,1,2,5,3,5,5,2,3,-8,2,NA,NA,NA,NA,-8,-8,-8,-8,-8,15,15,2,NA,-8,2,59,1,2,NA,2,1,1,NA,3,2,1
"150",1.13175079,"150-91",150,91301,26,91,2024,6,16,2,4,6,10,13,2,3,3,1,4,2,2,7,2,5,6,6,6,6,6,6,6,6,6,6,6,6,6,6,6,4,6,6,5,6,4,2,1,1,3,3,1,1,1,1,3,3,3,3,2,2,3,3,1,1,3,2,1,3,1,3,4,3,3,4,4,2,2,2,1,2,1,2,3,2,10,10,10,-7,NA,NA,NA,4,6,27,66,91,6,7,8,6,1,1,1,3,4,1,1,4,8,5,7,2,1,1,1,1,4,4,4,2,3,-8,2,NA,NA,NA,NA,1,1,2,1,3,7,NA,2,NA,2,1,19,1,2,NA,2,4,2,2,10,1,2
"151",0.37725026,"151-91",151,91301,26,91,2024,6,16,2,4,3,9,2,3,1,4,2,3,3,2,5,2,2,6,6,6,6,6,6,6,6,6,6,6,2,6,6,6,6,6,6,4,3,5,3,3,3,3,3,3,3,2,4,3,3,3,3,3,4,3,3,3,3,3,1,1,1,2,3,4,5,5,4,5,4,5,4,4,4,4,4,4,6,10,10,0,-7,NA,NA,NA,14,7,45,55,83,5,10,5,5,3,2,1,2,2,2,5,9,6,2,5,1,2,2,2,5,3,3,4,1,3,-8,1,5,5,4,4,NA,NA,NA,NA,3,7,NA,2,NA,1,1,26,1,2,NA,2,4,1,NA,3,NA,1
"152",0.67043976,"152-91",152,91301,26,91,2024,6,16,2,3,7,10,3,2,3,3,3,5,2,2,5,2,4,6,3,3,2,6,6,6,6,6,6,6,4,6,6,6,3,6,6,4,1,1,4,2,4,4,4,3,2,3,3,3,2,4,3,4,4,4,2,2,3,3,1,1,2,1,4,4,3,3,4,2,2,1,2,3,3,4,2,-8,6,10,10,10,-7,NA,NA,NA,19,10,43,61,74,0,5,5,2,3,5,1,3,1,5,NA,5,3,6,6,2,1,1,1,2,5,5,5,1,3,3,2,NA,NA,NA,NA,5,5,5,5,5,15,15,1,1,NA,2,49,1,2,NA,2,1,1,NA,2,2,9
"153",0.1661842,"153-91",153,91264,20,91,2024,6,13,1,3,1,3,4,2,3,1,4,5,3,2,-8,2,-8,6,6,1,1,6,6,6,6,6,6,6,2,6,6,6,4,6,6,4,1,1,4,1,3,4,4,4,3,4,4,4,1,4,4,3,4,4,3,1,4,4,3,1,2,1,3,4,5,5,5,3,2,2,2,-8,2,5,3,4,3,10,10,10,10,1,3,7,15,9,31,64,79,10,10,0,10,5,1,1,3,1,5,NA,4,7,2,-8,2,1,1,1,1,1,5,5,1,3,3,1,-8,2,-8,-8,NA,NA,NA,NA,6,15,15,2,NA,3,2,60,1,2,NA,2,1,1,NA,7,1,2
"154",1.16190611,"154-91",154,91264,20,91,2024,6,13,1,4,1,6,3,2,3,3,2,3,2,2,-8,1,3,2,1,2,1,3,6,6,2,6,2,2,4,2,4,3,4,3,2,5,1,1,2,1,3,4,4,3,3,4,4,4,1,4,4,4,3,4,1,3,3,3,3,1,2,3,4,5,5,5,4,5,3,2,2,4,4,3,5,4,1,10,8,10,10,2,NA,NA,8,5,26,57,80,5,0,4,0,5,1,2,3,1,2,2,1,2,3,10,1,1,1,1,1,2,3,3,2,3,3,1,1,1,1,1,NA,NA,NA,NA,4,1,NA,1,2,NA,1,30,1,2,NA,2,4,1,NA,1,2,1
"155",0.43072584,"155-91",155,91264,20,91,2024,6,13,1,3,3,10,26,3,1,3,3,2,1,1,8,4,4,6,6,3,1,6,6,6,6,6,6,6,5,4,4,4,4,6,-8,5,2,4,1,1,4,3,3,1,3,1,3,1,1,3,2,1,3,2,1,1,1,1,3,2,3,1,4,2,3,3,3,3,2,1,2,3,3,3,2,2,3,7,7,3,0,2,NA,NA,22,22,44,50,75,0,0,6,5,1,5,2,1,NA,5,NA,1,6,10,10,2,1,1,1,2,3,5,3,2,3,3,1,-8,-8,5,5,NA,NA,NA,NA,4,15,15,1,4,NA,1,79,1,2,NA,2,1,1,NA,7,5,1
"156",0.36654593,"156-91",156,91278,25,91,2024,6,16,1,3,1,3,8,1,2,4,3,4,3,2,5,2,4,6,2,6,2,6,6,6,6,6,6,6,4,6,6,6,4,6,6,4,1,3,1,3,3,4,4,3,3,3,3,3,3,4,3,4,4,4,3,3,3,3,3,2,1,1,5,5,5,5,5,5,3,1,5,4,4,1,5,1,3,10,10,10,-7,NA,NA,NA,5,12,34,58,77,0,5,0,0,2,5,1,2,1,2,5,6,2,11,0,1,1,1,1,5,1,5,2,2,3,3,2,NA,NA,NA,NA,-8,4,1,-8,4,18,NA,1,2,NA,2,61,1,2,NA,2,2,2,1,7,2,1
"157",0.43863553,"157-91",157,91264,20,91,2024,6,13,1,3,5,10,13,2,2,3,3,5,2,2,2,1,5,6,2,3,2,6,3,6,6,6,6,6,2,3,4,3,3,6,3,4,1,1,4,4,1,4,4,3,3,2,2,3,4,4,4,4,4,4,4,3,4,3,2,1,1,1,5,5,5,5,4,5,5,5,5,4,5,5,5,4,3,10,10,10,10,2,NA,NA,19,10,43,61,74,1,0,6,1,2,5,1,3,1,5,NA,1,2,3,10,1,1,1,1,3,4,5,5,2,3,3,1,3,1,1,3,NA,NA,NA,NA,6,15,15,1,1,NA,2,46,1,2,NA,2,4,2,1,8,1,2
"158",0.35788668,"158-91",158,91264,20,91,2024,6,13,1,3,5,10,13,2,2,2,3,5,2,2,-8,2,4,6,6,6,3,6,6,6,6,6,6,6,3,6,2,6,2,6,6,4,1,1,3,3,3,4,3,3,4,4,4,3,4,3,4,4,3,3,3,4,4,4,3,1,2,1,3,4,4,2,4,2,4,4,1,2,2,4,3,-8,3,10,10,10,10,1,3,7,10,8,25,60,85,10,10,0,10,5,5,1,3,3,5,NA,1,3,6,0,5,1,1,3,3,1,4,1,2,3,3,-8,NA,NA,NA,NA,NA,NA,NA,NA,5,15,15,1,-9,NA,2,29,1,2,NA,2,1,1,NA,2,1,9
"159",0.45927617,"159-91",159,91264,20,91,2024,6,13,1,3,1,3,10,3,3,3,3,4,2,-8,-8,4,3,6,6,-8,3,6,6,6,6,6,6,6,4,4,4,6,2,6,6,4,1,1,1,1,3,4,4,4,2,4,4,4,1,3,4,4,3,4,3,3,4,2,3,1,2,1,3,3,3,-8,2,3,3,1,1,2,3,3,2,-8,6,10,10,10,10,2,NA,NA,15,9,31,64,79,10,10,0,10,2,5,2,3,1,5,NA,2,11,3,10,5,1,1,1,2,3,5,5,2,3,3,-8,NA,NA,NA,NA,NA,NA,NA,NA,4,15,15,1,1,NA,2,73,1,2,NA,2,6,1,NA,7,1,1
"160",0.64840494,"160-91",160,91264,20,91,2024,6,13,1,4,2,9,3,2,3,3,2,5,3,2,-8,1,3,6,6,6,1,6,6,6,6,6,6,6,6,6,5,6,5,6,6,4,5,1,3,1,4,4,3,4,4,3,4,4,1,4,4,3,4,4,1,3,3,-8,3,2,3,1,4,5,5,4,5,3,2,2,2,2,5,4,3,5,2,10,10,10,10,2,NA,NA,10,8,25,60,85,0,5,0,0,3,5,1,3,1,5,NA,1,7,2,8,2,1,1,1,2,1,-8,5,2,3,3,1,-8,1,1,1,NA,NA,NA,NA,4,15,15,1,2,NA,2,30,1,1,5,2,6,2,1,1,3,1
"161",1.18406479,"161-91",161,91278,25,91,2024,6,16,1,3,10,5,7,3,3,4,3,5,2,2,3,3,4,6,2,3,2,6,6,6,6,6,6,6,3,3,6,2,3,6,2,4,1,6,2,3,3,4,3,3,3,3,3,2,3,4,3,3,3,3,2,2,3,4,1,2,2,1,4,5,5,3,4,2,3,2,4,2,4,2,4,3,4,10,8,10,-7,NA,NA,NA,3,2,47,56,95,2,5,4,6,3,5,1,2,4,3,NA,1,2,7,8,2,2,1,1,2,2,4,3,2,3,3,1,5,5,5,3,NA,NA,NA,NA,3,9,NA,1,1,NA,2,24,1,2,NA,2,6,2,3,1,1,1
"162",0.78937653,"162-91",162,91278,25,91,2024,6,16,1,3,3,10,1,1,3,2,5,5,3,2,10,1,2,3,3,1,1,3,6,3,3,3,6,3,4,6,6,3,4,3,3,5,3,2,4,2,4,4,3,4,4,2,3,3,2,4,3,2,4,3,3,2,3,3,3,1,2,1,5,5,5,4,5,2,3,2,2,2,3,4,3,4,1,8,8,10,8,2,NA,NA,8,5,26,57,80,2,2,4,2,2,5,3,3,3,3,NA,1,6,11,6,5,1,1,2,1,1,3,1,2,3,-8,-8,NA,NA,NA,NA,NA,NA,NA,NA,5,18,NA,1,-9,NA,2,24,1,2,NA,2,6,1,NA,3,2,1
"163",0.78937653,"163-91",163,91278,25,91,2024,6,16,1,3,2,16,7,3,3,2,2,4,2,2,-8,1,4,6,6,2,6,6,6,6,6,6,6,6,3,6,2,6,3,6,6,3,5,2,1,2,2,4,3,3,2,2,2,3,3,3,3,4,4,3,2,1,3,4,3,2,1,1,5,5,4,5,5,3,3,3,4,5,4,2,4,3,3,10,10,10,10,2,NA,NA,21,21,38,49,93,9,2,10,3,2,4,1,3,1,3,NA,6,1,2,5,2,1,1,2,1,1,4,5,2,3,2,-8,NA,NA,NA,NA,NA,NA,NA,NA,3,3,NA,1,2,NA,2,21,1,2,NA,2,4,1,NA,3,4,1
"164",0.36654593,"164-91",164,91278,25,91,2024,6,16,1,3,1,5,7,1,2,3,1,5,2,2,6,1,4,6,6,6,1,6,6,6,6,6,6,6,5,6,6,6,2,6,6,5,1,1,4,4,3,4,4,4,4,1,3,4,3,4,3,4,3,4,4,3,4,3,3,2,2,1,-8,3,-8,-8,5,3,3,-8,-8,-8,3,-8,-8,-8,4,10,-7,10,-7,NA,NA,NA,8,5,26,57,80,10,5,10,5,1,5,1,3,1,1,2,1,3,6,10,2,1,2,1,1,1,5,1,2,3,3,1,5,1,1,1,NA,NA,NA,NA,1,15,10,2,NA,2,2,62,1,2,NA,2,2,2,2,7,2,9
"165",0.4022312,"165-91",165,91278,25,91,2024,6,16,1,3,3,2,1,3,1,4,1,4,2,2,10,2,4,6,2,2,3,4,3,6,6,6,6,3,5,4,3,6,4,6,6,4,2,4,3,3,4,4,4,3,2,2,4,2,2,3,4,1,4,3,3,2,3,3,2,2,2,1,5,5,5,5,5,3,4,4,5,3,4,5,5,5,1,10,10,10,10,1,2,7,1,32,37,54,82,10,10,0,10,1,5,3,2,2,4,NA,2,11,4,10,2,1,1,1,2,1,3,3,1,3,3,2,NA,NA,NA,NA,5,5,4,4,6,13,NA,1,2,NA,1,47,1,2,NA,2,6,1,NA,1,4,1
"166",0.2986839,"166-91",166,91036,6,91,2024,6,5,1,3,1,2,3,1,3,4,4,5,3,2,5,2,3,6,2,3,2,3,6,6,6,6,6,6,4,5,6,6,2,6,3,4,1,4,4,2,4,4,3,3,3,3,4,3,3,4,4,4,3,4,3,1,4,4,1,1,2,1,5,5,5,5,5,5,5,5,4,5,5,5,5,5,6,10,-7,10,-7,NA,NA,NA,7,3,20,53,88,10,0,10,0,4,5,1,3,4,2,5,11,2,7,10,5,2,2,2,3,1,2,5,2,3,2,2,NA,NA,NA,NA,2,2,2,2,6,15,15,1,3,NA,2,69,1,2,NA,1,4,1,NA,7,6,1
"167",0.94877881,"167-91",167,91036,6,91,2024,6,5,1,2,1,5,10,4,2,4,1,2,2,1,1,4,5,6,5,3,4,3,3,1,3,1,6,3,1,3,1,5,1,6,1,1,1,1,4,4,4,3,3,4,3,3,2,3,3,2,4,2,3,3,4,2,3,3,1,1,3,2,2,3,3,3,3,3,4,4,4,2,3,3,4,3,4,10,2,1,8,2,NA,NA,2,16,42,69,81,0,0,2,0,1,2,1,3,3,4,NA,8,4,1,1,2,4,4,3,2,3,5,3,1,2,2,2,NA,NA,NA,NA,5,2,4,5,4,16,NA,1,1,NA,1,47,1,2,NA,2,4,1,NA,1,1,11
"168",0.2986839,"168-91",168,91036,6,91,2024,6,5,1,3,1,2,3,1,2,4,3,5,3,2,10,2,2,6,2,6,2,2,2,6,2,6,6,6,4,4,4,6,4,6,4,5,1,1,2,2,4,4,4,3,3,2,4,4,2,4,4,2,4,4,2,4,3,3,1,1,3,2,4,3,4,4,4,3,2,2,2,3,4,3,4,3,1,0,-7,0,-7,NA,NA,NA,1,32,37,54,82,0,5,0,5,3,3,1,3,3,1,3,1,3,5,10,1,2,2,2,1,5,5,5,1,3,2,2,NA,NA,NA,NA,2,4,4,4,4,24,NA,1,2,NA,2,84,1,2,NA,2,4,1,NA,7,5,1
"169",0.2986839,"169-91",169,91036,6,91,2024,6,5,1,3,3,2,9,3,1,3,3,2,1,1,3,5,5,6,3,3,3,4,3,1,6,6,6,6,3,6,6,6,3,6,3,3,1,4,4,3,4,3,3,3,4,2,3,3,3,2,3,3,3,3,3,3,3,3,1,1,3,5,3,3,3,3,3,3,3,3,3,3,3,3,3,3,1,6,10,4,-7,NA,NA,NA,14,7,45,55,83,7,7,7,7,2,2,1,2,4,3,NA,4,6,11,3,5,3,4,1,-9,3,1,5,2,3,3,-8,NA,NA,NA,NA,NA,NA,NA,NA,1,15,15,1,1,NA,2,68,1,2,NA,2,6,1,NA,7,6,9
"170",0.91234293,"170-91",170,91215,20,91,2024,6,13,1,3,3,10,11,1,2,3,3,4,3,2,7,2,4,6,3,2,2,3,6,6,6,6,6,6,5,6,4,6,3,6,3,4,3,1,4,1,3,4,3,1,1,1,1,3,3,4,3,3,3,4,2,1,4,4,2,1,3,1,4,4,4,4,4,4,4,3,3,4,4,3,4,4,3,10,10,10,10,1,3,4,17,1,48,67,90,2,2,2,3,1,2,1,3,2,5,NA,2,7,1,7,5,1,2,1,2,3,5,3,2,3,3,1,-8,2,4,3,NA,NA,NA,NA,4,5,NA,1,1,NA,2,35,1,2,NA,2,6,2,6,3,5,3
"171",0.30859267,"171-91",171,91215,20,91,2024,6,13,1,4,14,5,10,2,3,1,4,5,3,2,-8,1,1,6,1,1,1,6,1,3,6,6,6,3,3,3,3,2,3,6,3,-9,10,4,3,2,4,4,3,3,3,3,2,3,2,4,3,4,3,4,2,2,3,3,3,2,2,1,3,4,4,4,4,4,3,-9,4,4,5,5,5,-9,6,10,8,5,10,1,3,1,3,2,47,56,95,0,10,0,0,5,3,1,3,3,3,NA,4,11,1,9,5,1,1,1,1,1,1,1,1,3,2,-8,NA,NA,NA,NA,NA,NA,NA,NA,6,-8,17,1,1,NA,2,49,1,2,NA,2,2,1,NA,2,1,1
"172",0.47970575,"172-91",172,91291,15,91,2024,6,9,2,3,9,10,7,2,3,3,3,4,3,2,5,2,4,6,6,3,2,6,6,6,4,6,6,6,4,6,6,6,4,6,6,5,9,1,4,3,4,4,3,3,4,3,4,3,2,4,4,3,4,3,4,3,4,4,1,1,2,1,3,3,3,3,4,5,2,2,3,5,2,5,3,3,5,10,8,5,5,2,NA,NA,13,14,29,70,96,2,8,2,2,1,5,1,2,3,3,NA,2,4,9,6,2,3,2,2,2,2,1,5,1,3,2,2,NA,NA,NA,NA,4,4,4,4,3,15,15,2,NA,-9,1,20,1,2,NA,1,7,2,6,4,2,9
"173",0.41639272,"173-91",173,91291,15,91,2024,6,9,2,3,3,13,1,2,2,3,1,4,2,2,10,2,3,3,6,6,2,6,6,6,6,6,6,6,4,6,6,6,4,6,6,4,6,4,3,1,3,3,2,3,4,2,3,3,2,3,4,3,4,2,1,2,4,4,2,1,2,1,5,5,5,3,3,3,3,3,3,2,2,4,4,4,2,10,10,10,10,2,NA,NA,12,4,33,59,94,5,0,10,5,3,5,1,2,4,5,NA,6,1,3,10,5,1,1,1,2,3,1,1,1,3,3,2,NA,NA,NA,NA,-8,-8,-8,-8,3,18,NA,1,2,NA,2,35,1,2,NA,2,9,2,2,2,3,1
"174",0.22198989,"174-91",174,91069,8,91,2024,6,6,1,3,10,2,1,4,1,3,3,2,1,3,5,3,3,6,6,3,4,6,6,2,6,6,6,6,3,6,3,6,2,6,3,3,2,4,3,2,3,4,3,2,2,1,3,2,2,3,3,3,3,3,2,1,3,3,1,1,3,1,4,3,3,2,4,3,2,2,2,2,4,3,4,2,3,5,10,10,6,2,NA,NA,5,12,34,58,77,0,9,0,5,2,4,1,2,3,4,NA,1,2,11,5,1,2,2,2,1,2,4,5,1,3,3,1,4,2,2,4,NA,NA,NA,NA,3,15,15,1,1,NA,1,51,1,2,NA,2,3,1,NA,3,2,8
"175",0.2338307,"175-91",175,91215,20,91,2024,6,13,1,3,5,1,9,3,2,3,3,4,2,-9,2,4,5,6,3,4,3,4,4,-9,4,-8,6,-8,4,4,3,3,1,6,2,3,1,4,1,3,3,3,3,-8,3,2,3,3,3,2,2,3,2,3,3,2,2,2,1,1,2,1,3,3,2,4,3,3,3,3,3,3,4,4,4,3,1,10,10,10,10,2,NA,NA,12,4,33,59,94,2,2,7,2,4,4,1,2,3,3,NA,11,5,4,6,7,4,2,2,2,2,4,4,2,3,3,1,-8,-8,-8,-8,NA,NA,NA,NA,5,9,NA,1,1,NA,2,62,1,2,NA,1,8,1,NA,8,2,1
"176",0.48374054,"176-91",176,91278,25,91,2024,6,16,1,3,9,3,26,2,3,2,3,5,3,2,5,2,4,6,2,2,2,6,6,6,6,6,6,6,2,4,4,4,4,6,6,5,9,1,4,3,4,4,1,2,2,2,3,2,1,4,3,3,3,3,1,1,3,2,3,2,2,1,4,1,4,5,4,1,4,1,1,4,1,4,5,5,3,10,10,10,10,2,NA,NA,11,13,30,51,92,10,0,0,0,4,4,2,2,3,1,3,1,5,3,5,2,2,2,2,4,1,1,1,1,3,3,1,2,4,4,4,NA,NA,NA,NA,4,4,NA,1,1,NA,2,50,1,2,NA,2,2,1,NA,2,1,1
"177",1.18632229,"177-91",177,91276,25,91,2024,6,16,1,3,5,6,7,1,2,2,3,4,3,2,5,2,2,2,2,2,2,2,1,2,2,2,3,2,3,3,3,3,2,2,2,4,6,1,4,1,4,4,4,4,4,2,4,4,2,4,4,2,3,3,2,4,3,4,2,2,1,4,5,5,4,2,3,4,1,2,1,1,5,5,2,4,3,10,10,10,1,2,NA,NA,18,15,35,72,89,5,5,5,5,1,5,1,3,4,1,5,5,10,2,10,5,1,1,1,1,3,5,5,1,3,-8,2,NA,NA,NA,NA,-8,4,5,4,4,20,NA,1,2,NA,1,44,1,1,5,2,6,1,NA,1,7,1
"178",0.52605287,"178-91",178,91037,6,91,2024,6,5,1,3,5,10,11,2,3,4,2,4,2,2,5,2,3,3,5,4,4,3,6,3,3,3,2,4,4,2,3,3,3,3,2,4,2,4,2,2,4,3,3,1,2,2,3,2,2,3,3,3,3,3,3,2,3,3,3,1,2,1,5,4,5,2,2,1,2,2,2,2,4,2,3,3,1,10,10,10,10,1,2,7,14,7,45,55,83,5,10,5,0,1,5,2,3,1,4,NA,1,2,6,10,2,1,1,1,3,1,1,4,1,2,-8,2,NA,NA,NA,NA,4,4,-8,-8,4,1,NA,1,1,NA,2,39,1,2,NA,1,6,1,NA,2,2,1
"179",1.03847559,"179-91",179,91037,6,91,2024,6,5,1,3,5,10,2,2,2,3,3,5,3,2,5,4,2,6,3,3,3,4,2,2,6,1,4,6,2,3,1,6,1,6,2,1,1,9,3,4,2,4,4,4,4,4,1,3,4,3,4,2,4,4,4,3,4,4,1,1,3,3,4,4,4,4,4,4,4,4,4,3,4,3,4,4,3,10,10,10,10,1,1,7,4,6,27,66,91,0,8,0,8,2,5,1,2,2,4,NA,4,5,1,5,2,2,1,1,2,5,5,5,2,3,3,-8,NA,NA,NA,NA,NA,NA,NA,NA,6,15,15,1,1,NA,1,55,1,2,NA,2,6,1,NA,1,7,9
"180",0.35586632,"180-91",180,91037,6,91,2024,6,5,1,3,9,14,2,4,1,3,1,2,1,1,3,5,5,6,3,4,3,5,3,3,3,6,6,6,3,4,4,6,3,2,3,3,1,8,4,3,4,3,3,3,3,3,3,3,3,2,3,3,3,3,3,3,1,4,1,1,3,3,2,2,2,2,2,2,2,2,2,2,2,2,2,2,3,4,4,4,6,2,NA,NA,13,14,29,70,96,10,10,10,10,5,2,1,2,4,2,2,11,4,9,4,6,4,1,1,3,1,1,5,2,3,3,-8,NA,NA,NA,NA,NA,NA,NA,NA,1,15,9,1,1,NA,2,47,1,2,NA,2,4,1,NA,8,5,9
"181",0.71173263,"181-91",181,91037,6,91,2024,6,5,1,4,3,14,1,3,3,3,3,4,3,2,5,1,2,6,2,2,2,6,6,6,6,6,6,6,4,4,5,4,2,6,3,4,5,6,4,4,2,4,3,3,4,3,3,3,4,4,3,4,4,4,4,3,4,3,3,1,3,2,5,5,5,5,5,3,5,4,4,4,4,5,5,4,3,10,10,10,10,2,NA,NA,20,18,46,65,87,6,0,0,5,2,5,2,3,3,4,NA,9,11,1,0,1,1,1,1,1,1,5,5,1,3,3,1,-8,-8,2,2,NA,NA,NA,NA,6,15,15,1,4,NA,2,48,1,2,NA,2,4,2,4,1,3,9
"182",0.99224418,"182-91",182,91016,3,91,2024,6,3,1,2,1,5,10,3,2,3,3,3,1,1,5,5,5,6,4,5,4,4,5,2,6,6,6,3,2,4,6,6,2,6,2,3,1,4,3,3,4,4,3,3,3,1,3,3,2,2,3,3,3,3,2,2,3,3,1,1,2,1,4,2,4,3,3,3,3,3,3,3,3,2,2,1,3,10,10,10,5,2,NA,NA,23,23,41,68,76,5,10,5,1,1,1,2,2,3,2,2,3,5,9,10,1,1,2,3,2,3,5,4,2,3,1,2,NA,NA,NA,NA,3,2,3,3,3,4,NA,1,1,NA,2,82,1,2,NA,2,4,2,2,10,4,1
"183",0.91434845,"183-91",183,91249,20,91,2024,6,13,1,3,1,3,10,2,2,3,2,4,2,2,-8,2,3,6,1,1,1,3,3,2,3,6,6,6,4,4,4,3,3,6,4,4,1,2,3,2,3,3,3,3,3,2,4,3,2,3,3,3,3,4,3,3,3,3,1,1,2,2,5,5,5,4,4,3,3,4,3,3,5,3,3,2,3,10,9,10,9,2,NA,NA,10,8,25,60,85,1,5,0,5,2,4,2,2,3,4,NA,1,6,11,7,1,1,1,1,2,3,3,3,2,3,3,1,5,-8,-8,5,NA,NA,NA,NA,5,1,NA,1,1,NA,2,69,1,2,NA,2,4,1,NA,7,1,2
"184",0.91434845,"184-91",184,91249,20,91,2024,6,13,1,3,3,9,14,2,2,2,4,-8,3,2,-8,1,2,6,-8,2,1,-8,6,6,6,6,6,6,5,6,-8,6,4,6,6,4,1,2,-8,1,-8,4,4,-8,4,4,4,3,1,4,4,4,3,4,4,2,1,3,-8,1,1,1,5,5,5,-8,5,3,3,3,5,3,-8,2,3,3,1,5,0,10,0,2,NA,NA,18,15,35,72,89,10,0,0,10,4,5,2,2,1,5,NA,2,6,11,-8,6,1,1,1,1,5,1,1,2,3,3,1,-8,1,5,5,NA,NA,NA,NA,-8,15,15,1,4,NA,2,70,1,2,NA,2,1,1,NA,7,5,1
"185",1.71501823,"185-91",185,91249,20,91,2024,6,13,1,3,1,2,6,4,1,2,2,4,2,1,-8,4,4,6,4,5,4,5,4,1,4,6,6,3,3,4,1,4,1,3,1,4,1,4,4,3,4,4,4,4,2,1,4,3,2,2,3,3,3,4,3,-8,2,4,1,1,3,2,4,1,2,4,4,4,2,3,2,2,3,5,4,3,1,10,10,10,10,2,NA,NA,14,7,45,55,83,6,7,10,7,2,4,2,2,1,1,1,3,6,1,0,1,1,2,1,2,3,5,5,2,3,3,1,5,-8,5,-8,NA,NA,NA,NA,6,9,NA,1,1,NA,1,68,1,2,NA,2,4,1,NA,1,5,2
"186",1.38245985,"186-91",186,91250,20,91,2024,6,13,1,3,5,6,3,2,2,3,3,4,3,2,-8,2,2,6,6,2,2,2,6,6,6,6,6,6,-8,-8,6,6,-8,6,6,4,1,1,3,1,4,4,3,3,3,3,3,4,2,3,3,3,3,3,1,2,3,3,3,2,2,3,4,4,4,2,3,4,2,2,3,2,2,4,4,1,1,10,10,10,0,2,NA,NA,16,19,39,62,86,10,10,0,0,1,5,1,2,1,2,-8,1,3,5,10,2,1,1,1,1,1,1,1,-8,3,1,1,5,-8,-8,5,NA,NA,NA,NA,4,15,15,2,NA,5,2,63,1,2,NA,2,3,2,1,7,4,1
"187",0.42652911,"187-91",187,91121,14,91,2024,6,9,1,2,3,14,17,1,3,3,3,5,3,2,10,1,2,5,1,1,1,1,2,4,2,5,1,1,5,4,4,6,5,2,2,5,9,4,1,1,-9,2,3,2,3,4,3,2,1,4,-9,1,-9,3,-9,1,3,-9,1,2,2,1,4,4,1,-9,-9,2,1,1,-9,-9,-9,-9,2,2,4,10,9,10,-9,2,NA,NA,8,5,26,57,80,10,0,10,0,2,5,3,2,3,1,6,7,1,11,10,3,1,1,1,1,1,1,2,1,3,-8,1,-9,-9,-9,-9,NA,NA,NA,NA,6,24,NA,1,2,NA,1,45,1,2,NA,2,8,1,NA,1,1,1
"188",0.4221421,"188-91",188,91120,14,91,2024,6,9,1,4,1,10,26,2,3,1,4,4,2,2,-9,-9,6,6,6,6,6,6,6,6,6,6,6,6,4,6,6,6,4,6,6,4,-8,1,4,4,-8,-8,-8,-8,-8,-8,-8,-8,4,-8,-8,-8,-8,-8,4,3,-8,-8,3,2,2,1,1,-8,-8,-8,-8,-8,-8,-8,-8,-8,-8,2,-8,-8,1,10,10,10,10,2,NA,NA,18,15,35,72,89,10,10,0,2,4,5,1,2,1,2,-8,2,3,6,-8,-8,2,2,2,1,-9,-9,-9,1,3,-8,2,NA,NA,NA,NA,-8,-8,-8,-8,7,15,15,1,2,NA,2,70,1,2,NA,2,1,1,NA,7,2,1
"189",1.95431215,"189-91",189,91120,14,91,2024,6,9,1,3,11,3,5,2,2,4,3,5,2,2,-9,2,4,6,6,6,6,6,6,6,6,6,6,6,6,6,6,6,4,-8,6,4,1,1,1,1,4,4,2,3,2,2,2,4,1,4,4,2,3,2,1,1,2,2,3,2,2,1,4,5,3,3,1,5,5,5,5,5,4,5,1,5,7,7,8,0,10,2,NA,NA,20,18,46,65,87,0,0,0,5,3,5,1,2,4,3,NA,4,8,10,5,2,2,2,2,3,1,1,1,2,3,2,-8,NA,NA,NA,NA,NA,NA,NA,NA,4,15,15,1,1,NA,1,24,1,2,NA,2,4,2,4,2,2,9
"190",0.90116751,"190-91",190,91274,25,91,2024,6,16,1,2,3,1,10,2,2,2,3,4,2,2,5,3,3,3,2,3,2,4,1,2,3,4,4,2,3,4,2,3,2,4,2,3,3,8,3,3,3,3,3,3,3,3,4,2,2,3,-8,3,3,3,3,2,3,3,1,1,2,1,3,3,3,4,3,1,2,2,2,3,2,4,1,-8,7,10,10,10,10,2,NA,NA,5,12,34,58,77,5,10,5,10,1,1,1,3,4,4,NA,1,9,3,5,2,2,2,1,2,5,5,5,1,3,-8,2,NA,NA,NA,NA,-8,-8,-8,-8,6,1,NA,1,4,NA,1,78,1,2,NA,2,8,1,NA,7,7,1
"191",1.33902233,"191-91",191,91274,25,91,2024,6,16,1,3,14,3,6,3,2,3,3,4,2,3,5,3,4,6,2,3,3,2,3,3,6,2,6,6,2,3,3,6,2,6,3,3,1,4,3,3,3,4,4,3,3,3,3,3,3,3,3,3,3,3,3,3,3,3,2,1,2,3,5,3,5,3,4,3,2,2,3,2,3,3,3,4,6,10,10,10,-7,NA,NA,NA,18,15,35,72,89,5,0,0,10,2,5,1,2,1,5,NA,11,4,1,10,6,2,2,2,2,1,5,5,2,3,-8,2,NA,NA,NA,NA,4,2,2,4,8,15,15,1,1,NA,1,61,1,2,NA,1,4,1,NA,1,5,2
"192",1.01649917,"192-91",192,91277,25,91,2024,6,16,1,2,1,3,5,3,3,3,3,5,2,2,5,2,2,3,2,3,2,4,3,3,6,6,6,2,4,3,3,6,4,6,3,4,1,2,4,3,4,4,3,2,2,2,3,4,2,4,4,2,4,3,2,2,3,3,1,1,2,1,4,4,5,3,3,4,3,3,3,3,3,4,4,3,3,10,10,10,10,2,NA,NA,16,19,39,62,86,5,0,0,0,2,1,2,2,3,2,2,2,1,5,0,2,1,1,1,2,1,5,5,1,3,2,2,NA,NA,NA,NA,2,2,2,4,6,15,15,1,2,NA,1,67,1,2,NA,2,8,1,NA,1,7,1
"193",2.4309478,"193-91",193,91274,25,91,2024,6,16,1,2,3,9,2,3,1,3,2,2,1,3,8,3,3,3,2,4,3,4,4,2,3,3,4,4,3,4,3,6,4,3,3,4,9,7,2,2,2,2,2,2,2,2,3,2,2,3,3,2,2,2,2,2,2,2,3,1,3,4,5,5,5,3,3,3,3,3,3,5,3,3,3,3,6,5,5,7,5,1,2,7,10,8,25,60,85,0,10,5,10,3,5,1,1,NA,5,NA,11,1,6,10,2,2,2,2,5,2,4,2,1,3,2,2,NA,NA,NA,NA,5,2,2,2,4,18,NA,1,2,NA,1,39,1,2,NA,2,8,2,8,1,7,1
"194",0.4358722,"194-91",194,91252,20,91,2024,6,13,1,3,3,2,11,2,3,3,3,4,2,3,1,3,4,6,3,6,4,3,6,6,6,6,6,6,2,6,2,6,2,6,6,2,-9,9,4,4,4,4,4,3,3,3,4,4,4,4,3,4,4,3,4,2,4,4,3,2,2,3,4,4,4,4,4,4,4,4,4,4,4,4,4,4,6,10,10,10,-7,NA,NA,NA,5,12,34,58,77,0,10,0,10,2,5,1,3,3,4,NA,2,1,11,10,1,2,2,2,5,1,1,3,1,3,3,1,4,4,4,-8,NA,NA,NA,NA,3,15,-8,1,1,NA,2,66,1,2,NA,2,3,1,NA,7,2,1
"195",0.33964935,"195-91",195,91252,20,91,2024,6,13,1,3,3,14,5,3,2,4,3,2,1,1,5,4,4,6,4,4,3,4,6,1,6,6,6,6,4,6,2,6,2,6,2,4,9,4,3,2,2,4,2,3,3,2,3,2,3,1,3,1,3,3,2,2,3,3,1,1,3,2,4,2,4,2,4,2,4,2,3,2,3,2,3,2,4,8,6,6,6,2,NA,NA,12,4,33,59,94,5,5,8,2,3,4,2,2,3,3,NA,9,4,2,5,1,3,2,2,3,3,5,5,1,3,3,1,5,5,5,5,NA,NA,NA,NA,4,15,15,1,1,NA,2,25,1,2,NA,1,7,2,4,1,5,2
"196",1.53840816,"196-91",196,91252,20,91,2024,6,13,1,3,3,5,10,2,2,2,3,4,3,2,3,2,2,6,3,2,2,6,6,6,2,6,6,6,3,2,6,6,3,6,3,4,1,4,3,3,4,4,4,3,3,3,3,3,3,4,4,4,4,4,3,3,4,3,1,1,3,3,4,4,4,4,5,4,4,3,3,4,3,3,4,4,3,10,10,10,8,1,1,6,23,23,41,68,76,5,8,6,0,2,5,1,3,2,2,2,1,2,8,8,1,1,1,1,2,1,3,3,2,3,3,1,4,2,2,-8,NA,NA,NA,NA,4,15,15,1,2,NA,2,36,1,2,NA,2,4,2,4,8,2,1
"197",0.41628337,"197-91",197,91252,20,91,2024,6,13,1,2,3,13,6,2,3,2,3,3,3,3,5,3,3,6,6,3,3,3,3,6,6,6,6,6,3,3,3,6,3,6,3,3,-9,-9,-9,-9,-9,-9,3,2,3,3,4,-9,-9,-9,-9,2,3,4,3,3,2,2,3,-9,-9,1,3,-9,-8,2,3,-9,2,-9,2,3,-9,3,3,1,4,10,10,10,10,1,2,7,5,12,34,58,77,0,7,0,10,3,4,1,3,3,3,NA,5,4,10,5,4,2,2,2,-9,3,5,5,-9,3,3,-8,NA,NA,NA,NA,NA,NA,NA,NA,1,15,15,1,-9,NA,2,50,1,2,NA,2,4,1,NA,1,2,9
"198",2.23093064,"198-91",198,91253,20,91,2024,6,13,1,3,3,14,26,2,3,3,4,4,3,2,5,1,3,6,2,1,2,3,6,6,6,6,6,6,3,4,4,6,4,6,6,4,3,6,-8,2,1,3,3,3,-8,4,3,3,2,-8,4,2,3,3,2,4,3,3,1,1,2,1,4,5,5,5,5,5,3,3,3,-9,5,5,5,5,3,10,7,10,10,1,2,7,17,1,48,67,90,5,0,10,0,3,2,1,3,1,3,NA,2,4,3,10,2,1,1,1,1,1,3,4,2,3,3,1,4,4,4,4,NA,NA,NA,NA,4,15,15,1,2,NA,1,32,1,2,NA,2,4,1,NA,1,NA,2
"199",0.73703737,"199-91",199,91214,20,91,2024,6,13,1,3,17,2,9,2,3,4,2,5,2,2,7,1,3,3,1,1,1,3,2,3,3,2,3,3,5,2,5,4,3,3,4,5,1,4,4,2,3,3,2,2,3,3,4,3,2,3,3,2,3,2,1,2,3,1,1,1,3,1,3,4,4,4,4,4,3,2,3,2,4,3,3,3,1,8,9,9,7,1,2,7,22,22,44,50,75,5,8,8,10,1,5,3,2,3,2,2,1,2,11,7,2,3,1,2,2,1,2,4,1,3,3,1,4,2,3,5,NA,NA,NA,NA,4,17,NA,1,2,NA,2,32,1,2,NA,2,8,1,NA,1,7,1
"200",1.34849433,"200-91",200,91250,20,91,2024,6,13,1,3,3,6,10,1,3,1,3,4,3,2,-8,1,4,6,1,2,1,2,6,6,6,6,6,6,2,2,6,6,2,6,6,5,1,3,4,4,4,4,4,4,4,4,4,4,3,4,4,4,4,4,4,4,3,4,3,-8,3,1,5,4,4,4,4,4,4,4,4,4,4,4,4,4,6,10,10,10,10,1,3,4,20,18,46,65,87,0,0,10,0,2,5,1,3,4,1,5,2,10,3,10,2,1,1,1,5,3,3,1,2,3,3,1,-8,1,1,1,NA,NA,NA,NA,4,15,15,1,1,NA,2,33,1,2,NA,2,4,2,3,8,1,2
"201",1.34849433,"201-91",201,91250,20,91,2024,6,13,1,3,1,7,8,3,3,3,2,4,2,2,-8,3,4,6,6,6,3,6,6,6,6,6,6,6,3,6,6,6,6,6,6,3,4,2,3,3,3,3,3,2,2,3,3,3,3,3,3,3,3,3,3,2,3,3,3,2,2,1,4,3,3,5,3,4,3,3,3,3,3,3,3,3,4,10,10,6,6,1,2,6,8,5,26,57,80,8,0,10,0,3,3,1,3,2,5,NA,2,6,11,10,2,1,1,1,2,2,2,5,2,3,3,1,5,1,1,5,NA,NA,NA,NA,4,15,15,2,NA,2,2,34,1,2,NA,2,4,1,NA,1,2,1
"202",1.48860113,"202-91",202,91250,20,91,2024,6,13,1,3,26,1,5,4,3,3,2,5,3,2,1,2,3,6,6,6,3,6,6,6,6,6,6,6,-8,6,6,6,2,6,6,2,3,1,1,1,3,3,1,3,3,3,3,3,1,3,1,3,3,3,1,1,1,3,3,2,3,1,2,2,1,2,1,1,4,4,4,2,3,4,1,3,5,10,10,10,10,2,NA,NA,15,9,31,64,79,0,5,0,5,5,1,1,1,NA,2,3,3,5,9,3,5,2,1,2,2,4,3,4,1,3,3,1,5,5,2,1,NA,NA,NA,NA,3,15,15,1,1,NA,2,18,1,2,NA,2,4,2,6,4,4,1
"203",0.37594528,"203-91",203,91153,20,91,2024,6,13,1,3,3,7,16,3,1,4,3,3,2,1,1,4,4,6,4,4,4,4,6,3,6,6,6,6,2,3,2,6,2,6,2,2,1,4,3,3,3,3,3,3,3,3,3,3,2,1,2,3,2,3,2,2,2,3,1,2,2,3,4,3,3,3,3,3,3,3,3,3,3,3,3,3,6,9,-7,9,-7,NA,NA,NA,24,24,28,71,73,1,10,5,10,3,5,1,2,3,-8,NA,6,2,10,5,3,2,2,2,2,1,5,5,1,3,2,-8,NA,NA,NA,NA,NA,NA,NA,NA,6,9,NA,1,1,NA,2,62,1,2,NA,2,8,2,4,-8,8,9
"204",0.56391791,"204-91",204,91153,20,91,2024,6,13,1,4,4,8,3,1,3,1,4,4,3,2,-9,2,4,6,6,6,-8,6,6,6,6,6,6,6,-8,-8,6,6,6,-8,-8,4,1,1,3,3,3,3,3,3,3,1,3,3,1,3,3,3,3,4,3,-8,1,1,3,2,3,1,4,2,1,1,1,1,1,1,1,1,1,1,1,2,-8,10,10,10,-7,NA,NA,NA,20,18,46,65,87,0,0,5,0,5,5,1,1,NA,2,-8,6,2,5,10,3,1,1,1,1,4,5,-8,1,3,3,1,1,1,1,5,NA,NA,NA,NA,-8,15,15,2,NA,5,2,57,1,2,NA,2,3,2,4,2,9,9
"205",0.67029815,"205-91",205,91015,3,91,2024,6,3,1,2,9,2,3,2,2,4,2,3,2,1,4,2,2,6,6,6,2,6,6,6,6,6,6,6,3,6,6,3,3,6,6,4,8,1,4,2,4,4,2,2,2,2,3,3,2,3,3,3,3,2,2,2,3,3,2,1,2,2,4,4,4,4,3,3,3,3,3,3,4,3,3,3,2,7,8,8,7,1,3,5,12,4,33,59,94,7,1,9,0,2,5,1,2,3,3,NA,2,6,11,7,5,1,1,1,2,2,3,2,2,3,2,-8,NA,NA,NA,NA,NA,NA,NA,NA,4,4,NA,1,2,NA,2,34,1,2,NA,1,5,1,NA,2,1,5
"206",0.27953747,"206-91",206,91069,8,91,2024,6,6,1,4,1,3,5,2,3,2,4,4,2,2,10,3,4,6,6,2,2,6,6,2,6,6,6,6,4,6,6,6,6,6,6,4,1,1,2,4,4,4,3,4,2,4,-9,-8,3,3,4,4,2,3,3,-8,3,3,3,1,2,1,2,4,4,4,2,4,2,4,4,4,4,4,4,4,5,10,10,10,10,2,NA,NA,8,5,26,57,80,9,1,10,1,2,5,1,3,1,5,NA,11,2,4,0,2,2,2,2,2,5,5,5,2,3,3,2,NA,NA,NA,NA,4,4,4,4,3,15,15,1,1,NA,2,69,1,2,NA,2,2,1,NA,7,1,1
"207",3.69970627,"207-91",207,91015,3,91,2024,6,3,1,3,3,5,11,3,2,4,3,3,3,2,5,1,3,6,6,6,6,6,6,6,6,6,6,6,6,6,6,6,6,6,6,2,4,1,3,3,3,3,3,3,3,3,3,3,3,3,3,3,3,3,3,3,3,3,3,2,2,1,3,4,3,3,3,4,4,4,3,3,3,3,4,3,2,10,10,10,10,2,NA,NA,2,16,42,69,81,2,1,8,8,1,4,3,2,2,3,NA,3,5,6,5,3,2,3,3,5,4,4,2,1,2,2,2,NA,NA,NA,NA,2,1,4,2,4,-8,-8,2,NA,3,2,18,1,2,NA,1,3,2,3,4,1,-9
"208",2.4899541,"208-91",208,91253,20,91,2024,6,13,1,3,14,1,4,2,1,2,1,5,2,2,3,1,3,6,-8,6,3,6,6,-8,-8,6,6,6,6,-8,6,6,5,-8,6,5,7,4,1,2,1,4,4,4,1,1,2,-9,1,3,3,4,3,4,2,1,2,4,2,1,1,3,3,5,3,3,5,1,1,1,1,1,1,5,1,1,5,3,8,1,0,2,NA,NA,22,22,44,50,75,10,1,1,10,2,3,1,2,2,4,NA,3,4,6,10,4,1,1,1,4,1,1,4,1,3,3,-8,NA,NA,NA,NA,NA,NA,NA,NA,-8,15,15,-9,NA,-9,2,42,1,2,NA,2,4,1,NA,2,5,9
"209",0.29408554,"209-91",209,91186,20,91,2024,6,13,1,2,3,1,2,1,3,2,4,5,3,2,6,1,1,3,1,1,1,1,2,3,3,6,6,6,4,2,4,2,4,1,3,4,1,4,4,1,4,4,4,3,3,-9,3,4,1,4,4,2,3,4,3,2,4,4,2,2,2,2,4,5,4,5,4,3,3,2,2,4,4,5,4,4,1,9,10,10,-7,NA,NA,NA,12,4,33,59,94,6,0,10,0,4,1,2,3,1,4,NA,1,4,11,8,2,1,2,1,2,2,3,5,1,3,3,2,NA,NA,NA,NA,1,1,1,-9,1,15,18,1,2,NA,2,72,1,2,NA,2,10,1,NA,7,5,1
"210",0.20229532,"210-91",210,91069,8,91,2024,6,6,1,4,3,7,11,1,3,2,4,4,2,2,9,3,3,6,2,3,2,2,6,3,6,6,6,6,5,3,5,3,4,6,2,5,1,1,2,1,3,3,3,4,3,3,3,4,3,3,1,2,2,3,1,1,3,4,1,2,1,2,5,4,4,4,3,4,4,3,1,4,5,3,5,4,1,10,10,10,10,1,2,7,22,22,44,50,75,0,0,0,1,4,5,2,3,3,3,NA,5,2,11,10,4,2,2,2,1,5,5,5,2,3,3,1,3,4,4,4,NA,NA,NA,NA,1,18,NA,1,3,NA,2,58,1,2,NA,2,2,1,NA,10,1,1
"211",1.48799264,"211-91",211,91186,20,91,2024,6,13,1,2,10,2,17,3,2,4,3,3,2,3,5,3,3,6,2,3,2,2,6,6,6,6,6,6,2,3,2,6,2,6,3,4,8,6,4,3,4,4,2,4,4,3,4,3,2,4,2,2,3,3,2,2,3,4,1,1,3,1,4,4,4,4,4,3,3,3,3,3,4,4,-8,3,6,6,0,5,7,1,1,5,1,32,37,54,82,0,0,0,0,3,3,2,2,5,3,NA,2,4,11,5,1,3,2,2,2,3,4,5,1,3,2,1,-8,-8,-8,-8,NA,NA,NA,NA,8,-8,15,1,1,NA,1,39,1,2,NA,2,8,1,NA,1,4,9
"212",0.10114766,"212-91",212,91069,8,91,2024,6,6,1,3,1,10,3,1,3,2,4,4,2,2,4,1,1,6,6,6,2,6,6,2,6,6,6,6,2,6,6,6,6,6,6,4,1,4,4,4,2,4,4,4,3,4,4,4,4,4,4,4,4,4,4,3,4,4,3,2,3,1,4,4,4,4,4,4,4,4,4,4,4,4,4,4,1,10,10,10,10,2,NA,NA,8,5,26,57,80,9,0,9,10,4,5,2,3,1,1,5,1,2,3,10,5,2,2,2,5,2,5,2,2,3,3,1,4,4,4,4,NA,NA,NA,NA,6,15,1,1,4,NA,2,60,1,2,NA,2,2,1,NA,10,1,2
"213",4.24880364,"213-91",213,91151,20,91,2024,6,13,1,4,3,5,10,2,3,4,3,5,3,2,5,2,5,4,3,3,4,3,3,6,4,6,4,2,5,3,5,6,3,6,3,5,7,4,2,2,4,4,3,2,3,3,3,4,2,3,3,3,2,3,2,1,3,3,1,1,1,1,5,3,2,2,3,2,2,2,3,2,1,2,2,1,6,10,10,10,8,1,2,6,24,24,28,71,73,4,4,7,9,2,5,1,3,1,4,NA,6,2,11,7,4,2,2,2,2,1,3,4,2,3,3,1,-8,4,2,3,NA,NA,NA,NA,3,4,NA,1,1,NA,2,30,1,2,NA,2,8,2,7,1,4,1
"214",0.99717169,"214-91",214,91271,24,91,2024,6,15,1,2,9,11,2,3,2,3,4,3,2,-9,5,3,3,6,3,3,3,6,6,6,6,6,6,6,3,3,3,6,2,3,3,3,3,2,4,3,-9,4,4,4,4,3,3,4,3,3,3,4,3,3,1,3,4,4,-9,1,2,3,4,5,5,4,5,4,5,4,4,5,5,3,4,4,3,10,-7,10,-7,NA,NA,NA,3,2,47,56,95,8,9,0,10,1,5,1,2,4,1,5,1,5,11,10,2,4,2,2,2,5,5,5,2,3,2,2,NA,NA,NA,NA,5,4,4,5,8,15,15,2,NA,4,2,74,1,2,NA,2,3,2,6,7,2,5
"215",2.11405233,"215-91",215,91155,20,91,2024,6,13,1,3,10,2,5,2,2,3,3,4,2,1,-8,4,4,6,6,4,4,6,2,4,6,6,6,-8,4,4,3,6,4,-8,4,3,1,6,3,2,4,3,3,-8,3,2,-8,3,2,2,3,2,2,3,2,2,3,2,3,1,2,4,3,3,4,4,2,4,2,2,2,2,2,4,-8,4,4,10,-7,10,-7,NA,NA,NA,7,3,20,53,88,0,0,0,0,5,2,1,2,2,5,NA,1,7,2,7,2,1,1,1,2,3,5,5,1,3,-8,1,-8,-8,-8,-8,NA,NA,NA,NA,6,15,15,1,1,NA,2,76,1,2,NA,2,6,1,NA,7,5,9
"216",1.2684314,"216-91",216,91155,20,91,2024,6,13,1,3,1,3,13,2,2,2,3,4,3,2,-9,4,3,6,3,3,3,-8,-8,6,6,6,6,6,4,3,3,6,3,6,2,4,4,6,2,2,4,4,3,3,3,-8,4,2,2,3,3,2,-8,3,2,2,3,3,1,2,2,4,4,4,4,3,3,4,3,1,2,-8,4,3,3,-8,3,10,0,10,-7,NA,NA,NA,9,11,36,63,78,7,7,7,5,3,5,1,2,3,5,NA,6,11,2,7,5,1,1,1,4,3,5,5,1,3,3,1,4,3,4,4,NA,NA,NA,NA,4,15,15,1,-9,NA,2,78,1,2,NA,2,6,1,NA,7,2,1
"217",0.39953444,"217-91",217,91207,20,91,2024,6,13,1,3,10,26,6,2,1,3,2,4,2,2,5,2,3,6,6,4,2,6,6,6,6,2,2,6,4,6,6,6,1,6,4,2,2,4,4,4,4,3,4,3,3,3,4,4,4,4,3,4,3,4,3,3,1,3,3,1,3,1,4,5,2,5,5,5,5,5,1,1,5,1,5,1,6,10,6,10,9,2,NA,NA,16,19,39,62,86,0,0,0,0,5,5,3,2,2,5,NA,9,5,11,0,1,1,1,1,2,1,3,4,1,3,3,1,-8,2,-8,2,NA,NA,NA,NA,4,9,NA,1,2,NA,1,48,1,2,NA,2,3,1,NA,2,1,2
"218",1.27895953,"218-91",218,91205,20,91,2024,6,13,1,3,1,3,7,3,2,3,2,4,1,1,5,4,4,6,3,4,2,3,6,3,6,6,6,2,4,4,4,3,2,6,4,4,2,4,2,2,2,4,3,3,3,2,3,2,2,3,3,3,3,3,3,2,3,3,3,2,2,1,3,4,4,4,4,4,3,3,3,3,4,5,4,4,3,10,8,8,-7,NA,NA,NA,6,17,40,52,84,4,0,0,0,4,3,1,1,NA,3,NA,6,1,2,3,2,2,2,2,2,2,1,1,1,3,1,-8,NA,NA,NA,NA,NA,NA,NA,NA,4,15,15,1,1,NA,1,63,1,2,NA,2,4,1,NA,3,4,1
"219",1.17612621,"219-91",219,91207,20,91,2024,6,13,1,3,3,13,1,3,2,3,3,3,2,3,-8,-9,-9,-9,-9,-9,-9,-9,-9,-9,-9,-9,-9,-9,-9,-9,-9,-9,-9,-9,-9,2,-8,-8,3,2,4,3,3,3,3,3,3,-8,2,3,3,-8,2,-8,2,-8,3,-8,-8,-8,2,1,4,4,4,-8,2,4,2,2,2,-8,-8,3,-8,-8,-8,10,5,10,4,2,NA,NA,7,3,20,53,88,5,5,5,5,4,5,2,2,2,5,NA,3,5,2,6,5,-8,-8,-8,2,3,5,5,1,3,3,1,-8,-8,-8,-8,NA,NA,NA,NA,6,15,15,2,NA,1,2,26,1,1,5,2,6,1,NA,1,3,9
"220",0.50038033,"220-91",220,91190,20,91,2024,6,13,1,2,3,6,10,2,2,3,2,4,2,2,4,3,4,6,4,3,2,4,4,2,4,6,6,2,4,5,3,4,1,6,2,4,1,4,3,3,2,4,3,2,3,1,3,3,2,3,3,3,2,3,1,2,3,3,1,1,3,1,4,2,2,2,2,2,2,1,1,2,2,3,2,2,3,4,7,8,5,2,NA,NA,21,21,38,49,93,0,0,0,5,2,3,2,3,1,2,1,3,1,9,5,4,1,1,1,1,1,4,4,1,3,3,1,5,5,5,5,NA,NA,NA,NA,8,15,9,1,1,NA,1,60,1,2,NA,2,10,1,NA,3,7,1
"221",2.21545947,"221-91",221,91188,20,91,2024,6,13,1,3,10,13,3,3,3,3,2,4,2,1,-9,3,4,6,6,4,4,-8,-8,-8,6,-8,-8,6,2,3,3,-8,2,6,3,3,1,2,3,3,3,3,3,3,3,3,3,3,3,3,3,3,3,3,3,4,3,3,1,1,3,1,3,3,3,3,3,3,3,3,3,3,3,3,3,3,2,10,-8,10,-7,NA,NA,NA,17,1,48,67,90,5,5,5,5,4,5,-8,2,2,5,NA,1,2,11,7,1,1,1,1,2,1,3,3,2,3,-8,-8,NA,NA,NA,NA,NA,NA,NA,NA,6,15,15,1,1,NA,1,23,1,2,NA,2,4,2,4,1,5,9
"222",0.55160815,"222-91",222,91186,20,91,2024,6,13,1,3,26,1,3,3,2,3,3,3,2,1,5,3,3,6,4,4,2,4,6,2,6,6,6,1,4,5,4,4,3,6,1,4,1,4,4,2,4,4,3,3,3,2,3,4,2,3,4,2,3,3,2,3,3,3,2,1,3,2,3,3,2,2,2,2,2,1,2,2,3,2,2,1,1,6,-7,8,-7,NA,NA,NA,18,15,35,72,89,10,3,4,5,2,5,2,3,1,5,NA,1,2,7,7,2,2,2,2,1,2,4,4,1,3,2,2,NA,NA,NA,NA,2,2,-8,-8,5,15,15,2,NA,-9,1,78,10,2,NA,-9,4,1,NA,7,2,9
"223",1.51634846,"223-91",223,91100,12,91,2024,6,8,1,3,1,3,14,3,2,3,3,2,2,2,5,5,3,3,6,5,4,6,6,3,6,6,6,6,5,6,6,6,3,4,6,4,2,1,3,3,3,4,3,4,4,3,4,4,3,3,3,2,3,3,4,2,4,3,2,1,2,1,4,2,2,2,3,2,2,2,2,1,3,3,2,2,3,10,10,10,10,2,NA,NA,22,22,44,50,75,10,5,10,5,2,5,1,1,NA,2,5,1,4,8,9,2,1,1,1,2,1,2,4,1,3,3,1,3,-8,-8,-8,NA,NA,NA,NA,5,15,15,1,-9,NA,1,63,1,2,NA,2,4,1,NA,1,3,2
"224",0.36725027,"224-91",224,91142,20,91,2024,6,13,1,3,1,10,3,2,2,2,3,5,2,2,6,1,2,6,1,2,1,2,2,2,6,6,6,2,3,2,4,6,3,2,3,4,1,1,3,1,3,4,4,2,1,3,3,3,1,4,4,3,3,3,1,3,3,3,2,1,2,1,4,5,5,5,5,4,3,3,3,4,5,5,5,5,1,10,10,10,1,2,NA,NA,7,3,20,53,88,0,0,5,4,2,1,1,3,1,3,NA,1,2,4,10,5,1,1,1,1,1,5,5,2,3,3,2,NA,NA,NA,NA,5,5,5,5,6,10,NA,1,2,NA,2,73,1,2,NA,2,4,1,NA,7,2,1
"225",1.13345981,"225-91",225,91142,20,91,2024,6,13,1,2,2,16,3,2,3,3,4,3,2,1,5,3,4,6,6,6,6,6,6,6,6,6,6,6,6,6,6,6,2,6,6,2,1,6,4,3,4,3,2,4,4,4,4,3,3,2,2,4,2,2,2,2,2,3,1,1,2,2,3,3,2,2,3,2,3,4,3,4,4,2,3,2,3,7,7,9,8,2,NA,NA,17,1,48,67,90,3,0,3,1,1,5,1,1,NA,5,NA,1,3,9,4,2,2,1,2,2,1,3,3,2,3,3,-8,NA,NA,NA,NA,NA,NA,NA,NA,3,5,NA,1,1,NA,1,19,1,2,NA,1,4,2,6,4,5,9
"226",0.79731362,"226-91",226,91142,20,91,2024,6,13,1,2,3,5,1,2,2,3,3,5,3,2,8,2,2,6,2,2,1,3,2,3,1,6,4,2,4,3,5,3,4,6,4,3,1,1,3,2,3,4,3,3,2,2,3,3,2,4,4,2,3,3,2,2,3,4,2,1,2,1,4,3,2,4,3,4,2,2,2,2,2,4,3,3,1,10,10,10,4,2,NA,NA,10,8,25,60,85,5,9,1,2,1,1,3,3,1,2,4,1,6,2,9,2,1,1,1,1,1,2,2,1,3,3,-8,NA,NA,NA,NA,NA,NA,NA,NA,1,18,NA,1,2,NA,2,62,1,2,NA,2,6,1,NA,1,4,11
"227",0.29421373,"227-91",227,91238,20,91,2024,6,13,1,1,3,17,10,1,3,3,3,4,3,2,6,1,1,-8,1,1,1,3,2,-8,3,3,4,6,3,3,4,3,4,4,4,5,11,2,2,2,3,3,3,-8,2,-8,2,3,2,3,3,3,3,3,2,2,4,4,2,2,2,1,4,4,3,3,4,4,2,3,2,3,3,5,3,3,1,10,10,10,-9,2,NA,NA,3,2,47,56,95,5,10,2,10,3,2,-8,3,4,2,1,4,8,10,7,2,2,1,2,1,3,4,5,1,3,-8,2,NA,NA,NA,NA,5,-8,-8,-8,6,14,NA,-8,NA,2,2,84,10,2,NA,2,-9,1,NA,7,5,1
"228",2.30820942,"228-91",228,91271,24,91,2024,6,15,1,3,3,10,2,3,1,4,2,3,1,3,5,3,4,6,6,6,3,6,6,6,6,6,6,6,2,-8,6,6,2,6,6,2,4,1,4,3,4,3,3,3,3,2,2,3,2,3,4,3,2,2,2,2,3,2,1,1,3,2,4,3,4,2,3,2,2,2,2,4,3,2,4,3,2,8,8,9,-7,NA,NA,NA,14,7,45,55,83,5,10,5,2,2,2,1,2,3,5,NA,1,11,5,5,4,4,2,4,-9,3,5,5,2,-9,2,2,NA,NA,NA,NA,4,5,4,5,6,15,3,1,1,NA,1,23,1,1,3,1,7,2,6,4,4,9
"229",1.10945901,"229-91",229,91017,3,91,2024,6,3,1,3,10,1,3,3,1,4,3,4,2,2,5,2,3,3,6,3,3,6,6,6,6,6,6,6,3,6,6,6,3,6,6,4,4,4,2,1,3,3,2,2,2,1,2,2,1,2,2,2,3,3,1,1,3,3,3,1,3,1,4,3,3,2,4,2,3,3,3,3,3,2,3,2,4,9,9,10,9,1,3,5,2,16,42,69,81,2,3,8,7,2,4,1,2,2,3,NA,10,2,1,6,2,1,2,2,2,2,3,3,1,3,2,-8,NA,NA,NA,NA,NA,NA,NA,NA,6,15,15,2,NA,2,2,35,1,2,NA,2,3,1,NA,1,2,9
"230",1.21142596,"230-91",230,91155,20,91,2024,6,13,1,2,9,2,3,2,2,3,2,4,3,2,6,3,3,6,2,2,1,3,4,6,6,6,6,6,4,3,3,-8,2,3,3,3,1,4,3,3,3,3,4,-8,3,3,4,3,3,3,3,3,3,3,3,3,3,3,2,1,2,1,4,3,2,4,3,4,2,2,2,2,2,2,3,3,2,10,5,10,-9,2,NA,NA,9,11,36,63,78,10,10,10,0,3,2,2,1,NA,5,NA,2,11,6,5,2,1,1,1,2,3,3,3,-9,3,3,1,-8,-8,-8,-8,NA,NA,NA,NA,5,15,15,1,2,NA,2,52,1,2,NA,2,8,2,6,7,5,1
"231",0.47183273,"231-91",231,91207,20,91,2024,6,13,1,4,10,5,1,2,3,3,3,5,3,2,-9,-9,3,6,6,3,3,3,6,-9,6,-8,6,6,-8,6,-9,6,-9,-9,2,3,2,1,3,3,3,3,3,3,3,3,3,3,3,3,3,3,3,3,3,3,3,3,3,2,1,1,3,3,3,4,3,5,3,3,2,2,3,3,4,-8,3,10,10,10,-9,2,NA,NA,6,17,40,52,84,0,10,10,5,2,3,1,2,3,2,2,1,2,3,10,1,1,1,1,1,1,3,1,1,2,2,1,5,-8,-8,5,NA,NA,NA,NA,4,15,15,1,-9,NA,1,71,1,1,5,2,1,1,NA,7,1,9
"232",0.77638129,"232-91",232,91207,20,91,2024,6,13,1,3,3,17,14,2,3,2,3,4,3,2,-9,-9,-9,-8,-8,-9,-9,-9,-9,-8,-9,-9,-9,-9,-9,-8,-9,-9,-9,-9,-8,-9,6,4,3,3,3,3,3,3,3,3,3,-8,3,3,3,3,3,3,3,3,3,3,2,1,2,1,4,4,4,4,4,4,4,4,4,4,4,4,4,4,6,10,10,10,5,2,NA,NA,1,32,37,54,82,0,0,3,5,3,1,1,3,2,5,NA,11,1,2,7,2,2,2,2,2,2,5,5,1,3,3,1,4,4,4,4,NA,NA,NA,NA,6,15,15,1,-9,NA,1,25,1,2,NA,2,4,2,4,1,5,9
"233",1.00621561,"233-91",233,91207,20,91,2024,6,13,1,4,3,10,5,1,2,3,3,5,3,2,-9,2,2,6,2,2,2,3,6,-8,6,6,6,2,4,3,4,3,3,6,2,3,5,4,3,2,4,4,4,-8,3,3,4,-8,2,4,4,3,4,4,2,4,4,4,3,1,2,1,4,4,4,4,4,4,4,4,4,4,4,4,4,4,2,10,0,10,0,2,NA,NA,14,7,45,55,83,3,10,3,0,3,2,1,2,2,-8,NA,6,2,10,0,5,1,1,1,3,3,5,5,1,3,2,1,-8,-8,-8,-8,NA,NA,NA,NA,5,15,15,1,-9,NA,2,67,1,2,NA,2,2,1,NA,8,5,1
"234",0.6732042,"234-91",234,91188,20,91,2024,6,13,1,3,1,3,10,3,1,3,3,3,1,3,-8,4,4,6,3,4,4,3,3,3,3,6,3,-8,4,6,3,6,3,3,4,3,1,4,3,2,3,3,4,3,3,2,4,2,2,3,3,2,2,3,2,2,3,3,1,1,3,1,4,4,4,4,2,4,3,2,2,2,-8,4,4,-8,4,10,6,10,-7,NA,NA,NA,24,24,28,71,73,6,0,6,7,3,3,1,3,2,2,2,1,2,10,8,4,1,1,1,2,3,5,5,1,3,-8,-8,NA,NA,NA,NA,NA,NA,NA,NA,6,15,15,1,1,NA,1,74,1,2,NA,2,3,1,NA,7,7,9
"235",1.37176842,"235-91",235,91190,20,91,2024,6,13,1,2,10,5,1,4,2,4,3,3,2,2,1,4,4,6,2,4,4,3,6,6,6,6,6,6,3,-8,4,-8,2,3,6,3,1,1,3,3,4,3,3,3,3,3,3,4,3,3,3,4,3,4,3,2,3,3,1,2,1,1,4,4,4,4,4,4,4,4,4,4,4,4,4,4,3,10,-8,10,10,2,NA,NA,17,1,48,67,90,0,0,0,0,3,2,1,2,3,1,2,2,6,10,5,5,1,1,1,-9,5,5,5,-9,3,-9,-8,NA,NA,NA,NA,NA,NA,NA,NA,5,9,NA,1,1,NA,2,50,1,2,NA,2,7,2,8,1,7,9
"236",0.37039298,"236-91",236,91258,20,91,2024,6,13,1,3,10,11,1,2,2,4,3,4,2,1,5,4,4,6,6,3,4,6,6,6,6,6,6,6,1,6,4,6,1,6,2,1,-9,-9,2,3,3,3,3,1,3,1,2,2,3,2,3,3,2,2,3,2,3,3,1,1,3,1,4,4,4,4,4,4,4,4,4,4,4,4,4,4,6,10,10,10,-7,NA,NA,NA,8,5,26,57,80,3,7,10,0,2,1,1,3,2,5,NA,3,4,5,5,2,5,3,5,5,1,4,3,1,3,1,2,NA,NA,NA,NA,2,2,4,5,-8,15,15,1,1,NA,2,63,1,1,5,2,4,1,NA,7,3,1
"237",0.78982512,"237-91",237,91258,20,91,2024,6,13,1,2,5,3,11,2,1,3,3,3,2,3,-9,3,3,6,6,6,6,6,6,6,6,6,6,6,3,6,6,6,3,6,6,4,9,4,3,3,3,3,3,3,3,3,3,3,2,3,3,3,3,3,2,2,3,3,3,1,2,2,3,3,3,3,3,3,3,3,3,3,3,3,3,3,1,10,5,10,-7,NA,NA,NA,21,21,38,49,93,7,3,1,8,3,1,1,2,2,5,NA,4,6,2,8,2,2,2,2,1,1,3,4,1,3,-8,-9,NA,NA,NA,NA,NA,NA,NA,NA,3,15,15,2,NA,4,1,20,1,2,NA,1,3,2,9,1,4,9
"238",1.82980764,"238-91",238,91256,20,91,2024,6,13,1,3,3,9,1,3,1,2,3,4,2,2,10,2,2,2,2,2,4,2,3,2,4,4,4,2,4,2,2,4,6,2,2,4,1,6,4,1,2,3,3,4,4,1,2,3,2,3,3,2,3,3,2,2,3,4,1,2,2,1,4,4,4,4,4,4,2,1,2,4,2,4,4,4,2,10,10,10,10,2,NA,NA,12,4,33,59,94,5,10,10,0,2,5,1,3,2,1,4,9,2,11,10,2,1,1,1,1,1,5,1,1,2,3,2,NA,NA,NA,NA,2,2,2,2,4,15,15,1,1,NA,1,47,1,2,NA,2,4,1,NA,10,2,2
"239",1.24061066,"239-91",239,91255,20,91,2024,6,13,1,3,6,2,3,2,2,2,4,4,2,2,-9,2,2,6,2,2,2,6,6,2,6,6,6,6,2,2,4,6,2,2,6,4,11,9,4,3,1,4,4,4,4,4,4,4,2,4,4,4,4,4,3,4,4,4,-9,1,1,1,5,5,5,5,5,5,5,5,-8,5,5,5,5,5,3,10,10,10,-7,NA,NA,NA,14,7,45,55,83,10,0,10,0,2,5,3,3,1,4,NA,3,11,2,10,2,2,2,2,2,1,1,2,1,3,3,1,-8,-8,-8,-8,NA,NA,NA,NA,8,15,15,1,2,NA,1,62,1,2,NA,2,1,1,NA,10,3,8
"240",3.98830678,"240-91",240,91258,20,91,2024,6,13,1,3,1,10,3,2,3,2,2,3,1,1,-8,4,5,6,6,6,3,6,6,6,6,6,6,6,2,6,6,6,1,6,6,2,5,1,3,3,4,4,4,3,4,2,4,2,2,4,4,3,2,4,2,3,3,3,-8,1,3,2,2,5,-8,2,1,1,2,1,2,1,1,2,2,1,6,10,10,10,8,1,2,7,19,10,43,61,74,0,10,10,0,4,5,1,3,3,5,NA,1,2,3,6,2,1,3,1,-8,1,-8,5,2,3,1,2,NA,NA,NA,NA,4,2,-8,5,3,15,15,1,1,NA,2,24,1,2,NA,2,5,-8,4,8,NA,-9
"241",0.34614043,"241-91",241,91252,20,91,2024,6,13,1,3,5,3,10,1,3,4,3,4,3,2,1,2,2,2,2,1,1,2,2,2,2,6,6,2,5,2,2,1,4,6,1,5,1,2,4,4,4,3,4,4,4,3,4,3,4,4,4,4,4,4,3,4,4,3,3,1,3,4,4,4,4,4,4,4,4,4,4,4,4,4,5,4,2,10,10,10,10,2,NA,NA,1,32,37,54,82,0,10,0,10,2,5,1,2,4,4,NA,8,2,1,5,4,2,2,2,5,1,5,3,1,3,3,1,4,4,4,4,NA,NA,NA,NA,4,15,15,1,1,NA,1,48,1,2,NA,2,3,1,NA,1,1,9
"242",0.20438837,"242-91",242,91252,20,91,2024,6,13,1,3,5,10,11,2,2,2,4,5,2,2,-8,2,2,6,6,3,1,4,4,3,6,6,6,1,5,6,4,6,4,6,3,3,1,6,4,2,3,3,3,3,3,3,4,3,2,4,4,4,2,4,4,4,4,4,1,1,2,1,4,3,5,5,5,4,3,3,2,4,5,5,5,5,3,10,-7,10,-7,NA,NA,NA,17,1,48,67,90,5,0,5,0,2,5,1,3,4,1,2,4,7,6,5,1,1,1,1,1,1,4,4,1,3,3,-8,NA,NA,NA,NA,NA,NA,NA,NA,4,-9,-9,1,1,NA,1,91,1,2,NA,2,8,1,NA,7,7,1
"243",1.24497705,"243-91",243,91253,20,91,2024,6,13,1,4,13,10,3,1,2,3,3,2,2,1,5,3,3,6,3,3,3,6,6,6,6,6,6,3,2,6,3,6,2,6,3,2,4,1,4,3,4,4,4,4,3,3,3,3,3,3,4,3,2,3,3,2,3,3,1,1,3,2,3,4,3,3,2,4,4,3,4,4,3,3,3,3,3,10,10,10,10,1,3,5,15,9,31,64,79,5,10,1,0,2,5,2,2,4,5,NA,4,6,9,10,2,2,2,2,2,1,4,3,1,3,3,1,4,3,3,4,NA,NA,NA,NA,4,15,15,1,1,NA,2,34,1,2,NA,2,6,2,4,1,2,1
"244",0.27580408,"244-91",244,91186,20,91,2024,6,13,1,3,2,3,9,3,1,3,3,3,2,3,-8,3,-9,6,-8,2,2,3,-9,-9,-9,-9,6,1,5,3,4,6,-9,-8,3,4,6,2,-9,-9,-9,-9,-9,-9,-9,-9,-9,-9,-9,-9,-9,-9,-9,-9,-9,-9,-9,-9,1,1,2,1,3,2,3,2,2,2,2,2,2,4,3,4,3,4,6,9,9,9,-7,NA,NA,NA,14,7,45,55,83,-8,10,10,0,2,4,2,2,4,1,1,4,5,1,10,1,1,1,1,2,1,-9,-9,1,3,1,2,NA,NA,NA,NA,-9,-9,-9,-9,6,15,15,1,-9,NA,1,73,1,2,NA,2,10,1,NA,7,7,1
"245",0.36676756,"245-91",245,91256,20,91,2024,6,13,1,3,3,17,5,2,1,2,2,3,2,3,5,4,4,6,3,3,2,4,4,3,6,6,6,6,4,4,3,4,3,6,3,4,1,2,3,2,3,4,2,3,3,2,4,2,1,2,3,3,2,3,2,2,2,3,1,1,2,1,2,2,2,2,2,2,2,2,2,2,2,2,2,2,5,10,10,10,10,1,3,4,18,15,35,72,89,0,5,0,10,2,3,1,2,2,5,NA,4,2,6,8,2,1,1,1,2,5,-9,5,1,3,-8,-8,NA,NA,NA,NA,NA,NA,NA,NA,4,15,9,1,1,NA,2,48,1,2,NA,2,4,1,NA,2,2,9
"246",1.11117893,"246-91",246,91258,20,91,2024,6,13,1,3,14,2,10,4,2,4,3,4,1,1,1,5,4,6,4,4,4,4,4,1,2,6,6,6,2,4,2,4,1,6,2,1,2,4,1,3,4,3,3,3,3,3,3,3,3,1,3,3,3,3,3,1,3,3,1,2,2,3,2,-9,-9,-9,-9,-9,-9,-9,-9,-9,-9,-9,-9,-9,-9,10,10,10,10,2,NA,NA,6,17,40,52,84,10,0,0,0,4,1,1,2,1,5,NA,1,6,11,9,2,2,2,2,5,-9,-9,-9,-9,3,2,-9,NA,NA,NA,NA,NA,NA,NA,NA,-9,15,15,1,1,NA,2,58,1,2,NA,2,3,2,4,3,7,1
"247",0.51855498,"247-91",247,91136,19,91,2024,6,12,1,3,11,10,1,3,3,3,4,4,3,3,5,3,4,6,6,6,2,6,6,6,6,6,6,6,4,6,6,6,3,6,4,3,1,3,3,4,1,4,4,4,4,4,4,-8,3,4,-8,4,3,3,4,-8,4,3,3,2,3,1,3,4,5,1,2,2,2,2,3,2,2,2,-8,3,1,10,10,7,-7,NA,NA,NA,6,17,40,52,84,0,5,0,0,3,5,2,3,3,5,NA,2,11,1,10,1,1,1,1,5,5,5,3,2,3,2,2,NA,NA,NA,NA,4,4,3,-8,-8,15,15,1,4,NA,2,60,1,1,NA,2,1,1,NA,3,5,2
"248",2.23347252,"248-91",248,91136,19,91,2024,6,12,1,3,10,3,5,2,2,3,3,3,1,1,5,4,3,6,6,6,3,6,6,6,6,6,6,6,3,6,6,6,1,6,6,3,3,6,4,2,4,3,3,4,4,3,3,2,3,3,3,3,3,3,3,3,3,4,1,1,3,1,4,4,4,4,4,4,4,3,4,4,4,4,4,4,3,10,10,10,-7,NA,NA,NA,4,6,27,66,91,5,5,8,4,1,2,1,2,4,3,NA,5,3,6,5,2,1,1,1,3,1,2,2,2,3,-8,2,NA,NA,NA,NA,4,2,2,4,1,17,NA,1,1,NA,2,24,1,2,NA,1,8,2,7,4,8,1
"249",1.0116293,"249-91",249,91136,19,91,2024,6,12,1,3,3,11,2,3,2,4,3,4,2,1,1,4,4,6,3,2,2,3,6,6,6,6,6,6,1,3,3,6,1,6,2,3,3,4,4,3,3,4,3,3,3,3,3,3,3,3,4,3,3,3,3,2,3,4,1,1,3,1,4,3,2,3,3,3,3,2,3,2,4,2,2,3,3,10,10,5,10,1,2,5,1,32,37,54,82,10,10,5,5,5,2,1,2,4,4,NA,9,5,3,0,1,4,4,1,2,3,5,3,1,3,-8,2,NA,NA,NA,NA,3,3,3,3,1,15,15,2,NA,1,2,32,1,2,NA,2,10,1,NA,1,4,1
"250",2.0978843,"250-91",250,91007,2,91,2024,6,2,1,4,5,1,13,3,2,3,2,4,2,2,1,2,3,6,6,6,1,6,6,6,6,6,6,6,3,6,6,6,4,6,6,4,3,2,3,1,3,4,1,1,3,3,3,1,1,4,3,3,3,1,1,1,3,3,1,2,3,1,4,5,5,5,5,1,1,1,1,1,5,1,1,1,3,8,6,8,5,1,3,4,11,13,30,51,92,0,0,0,10,1,5,1,2,1,4,NA,1,2,3,10,5,1,1,1,1,1,5,5,1,3,3,1,1,1,5,5,NA,NA,NA,NA,1,18,NA,1,2,NA,2,27,1,2,NA,2,3,2,8,3,4,1
"251",1.11955732,"251-91",251,91072,10,91,2024,6,7,1,4,3,10,14,2,3,3,3,4,2,2,4,1,2,2,1,2,1,1,3,6,6,3,2,6,5,2,2,6,3,6,4,5,2,7,2,2,3,3,4,3,3,2,2,3,2,3,3,3,3,4,2,2,3,3,1,1,2,1,4,5,4,4,4,5,4,3,2,4,4,5,4,4,6,10,10,10,10,1,2,7,2,16,42,69,81,0,10,5,5,3,5,2,3,1,3,NA,1,6,7,0,1,1,1,1,2,1,5,5,2,3,3,1,3,2,2,1,NA,NA,NA,NA,1,10,NA,1,2,NA,2,45,1,2,NA,2,8,2,7,2,2,1
"252",0.81676243,"252-91",252,91072,10,91,2024,6,7,1,1,6,7,10,2,2,2,2,4,1,2,-8,3,3,6,6,3,3,6,4,6,6,2,6,6,4,4,3,4,3,6,4,4,2,2,2,3,2,4,4,3,3,2,3,4,3,3,3,3,3,3,2,1,3,-8,3,1,1,2,4,4,4,4,4,4,4,2,4,4,4,1,4,4,3,9,9,9,9,2,NA,NA,20,18,46,65,87,1,1,1,1,2,1,3,3,3,5,NA,1,7,4,1,1,2,2,2,4,3,-8,-9,1,3,3,-8,NA,NA,NA,NA,NA,NA,NA,NA,3,15,-8,1,4,NA,1,58,1,2,NA,2,8,2,1,3,2,1
"253",0.82452669,"253-91",253,91072,10,91,2024,6,7,1,2,13,10,11,3,3,3,3,4,3,2,5,1,1,6,1,2,1,2,6,6,6,6,6,6,5,4,3,6,5,6,3,3,2,4,3,3,4,3,4,3,3,3,4,3,3,4,4,3,3,3,3,1,3,3,3,1,2,3,5,5,5,5,5,5,5,5,5,4,5,5,5,5,6,10,10,10,10,2,NA,NA,13,14,29,70,96,0,10,0,0,3,5,2,2,1,1,5,6,1,11,5,5,1,1,1,4,1,2,1,1,3,3,1,5,5,5,5,NA,NA,NA,NA,4,15,15,1,-9,NA,1,69,1,2,NA,2,3,1,NA,1,1,1
"254",0.82748255,"254-91",254,91072,10,91,2024,6,7,1,2,1,5,11,1,2,3,3,5,3,3,1,3,2,6,2,1,2,6,6,-8,6,6,6,6,2,6,1,6,1,6,1,1,1,1,4,4,4,4,4,4,4,3,1,4,4,4,4,2,3,4,4,3,3,4,3,1,3,1,5,5,5,5,5,5,5,5,5,5,5,5,5,5,-8,10,10,10,10,1,3,5,12,4,33,59,94,5,9,8,0,2,2,1,2,1,4,NA,3,2,11,10,5,1,1,1,3,1,5,5,2,3,-8,-8,NA,NA,NA,NA,NA,NA,NA,NA,6,13,NA,1,1,NA,2,35,1,2,NA,1,7,1,NA,2,2,10
"255",1.07368384,"255-91",255,91191,20,91,2024,6,13,1,3,3,10,1,2,2,1,5,4,2,2,5,3,5,3,3,3,3,5,3,1,4,3,3,1,4,3,3,5,1,3,1,3,1,4,3,3,3,4,3,3,3,3,3,3,3,3,4,4,3,3,3,2,3,4,1,1,2,1,5,4,4,5,5,5,4,4,5,4,5,4,4,3,6,10,10,10,10,2,NA,NA,22,22,44,50,75,0,0,0,10,1,1,2,2,1,1,3,3,2,4,5,2,2,2,1,2,1,5,5,1,3,3,1,5,5,5,5,NA,NA,NA,NA,5,11,NA,1,1,NA,2,68,1,2,NA,2,8,1,NA,7,7,1
"256",1.49618647,"256-91",256,91191,20,91,2024,6,13,1,3,14,3,1,2,3,3,3,5,3,2,6,1,2,6,1,1,1,1,2,2,3,-8,6,1,4,3,3,6,4,6,3,4,1,2,3,2,2,3,3,3,3,3,4,2,3,4,3,2,3,4,3,2,3,3,1,2,2,1,4,5,5,5,5,3,2,4,2,1,4,5,4,3,3,10,10,10,-7,NA,NA,NA,17,1,48,67,90,2,2,0,0,1,1,-9,3,3,2,3,1,2,11,9,2,1,3,1,2,1,1,5,1,3,3,1,3,-8,-8,5,NA,NA,NA,NA,4,18,NA,2,NA,2,1,59,1,2,NA,2,10,1,NA,1,7,1
"257",0.65780211,"257-91",257,91148,20,91,2024,6,13,1,3,14,26,16,4,1,3,2,4,1,1,1,5,4,6,4,4,5,5,6,1,6,6,6,6,2,4,1,5,1,6,1,1,4,5,4,4,4,3,3,3,4,2,4,3,3,1,3,3,2,2,4,2,3,4,1,1,3,1,4,3,3,3,3,3,4,4,4,4,3,3,3,3,2,10,10,10,5,1,1,6,4,6,27,66,91,0,10,5,10,5,2,2,1,NA,4,NA,9,2,11,10,5,2,5,2,3,4,5,5,1,3,3,1,-8,2,5,-8,NA,NA,NA,NA,3,16,NA,1,1,NA,2,33,1,2,NA,2,8,1,NA,3,2,9
"258",2.62180947,"258-91",258,91148,20,91,2024,6,13,1,3,1,11,8,1,1,3,3,3,2,1,4,4,4,6,2,4,4,4,6,1,2,6,6,2,3,4,6,2,6,6,2,3,11,-9,2,1,1,4,4,3,4,4,4,3,2,2,4,3,3,4,3,4,4,4,1,1,2,3,4,4,5,3,3,5,2,3,3,5,3,3,4,3,5,10,10,10,-7,NA,NA,NA,23,23,41,68,76,0,0,10,0,2,2,1,2,1,4,NA,5,6,3,10,5,2,2,2,1,3,4,2,1,3,3,1,-8,2,2,-8,NA,NA,NA,NA,3,9,NA,1,1,NA,1,85,1,2,NA,2,2,1,NA,7,3,1
"259",0.88998513,"259-91",259,91148,20,91,2024,6,13,1,4,3,10,9,2,2,1,4,5,2,2,5,2,4,6,6,6,2,6,6,6,6,6,6,6,4,6,6,6,6,6,6,4,1,7,3,4,1,4,3,3,4,3,3,-8,3,4,4,4,3,4,4,3,4,3,1,2,3,1,3,4,5,5,3,5,3,2,5,4,5,4,5,4,6,10,10,10,-7,NA,NA,NA,21,21,38,49,93,10,5,10,-8,3,4,1,3,2,1,5,6,3,2,10,1,2,2,2,1,2,3,4,1,3,3,1,2,2,-8,4,NA,NA,NA,NA,4,1,NA,1,1,NA,2,54,1,2,NA,2,3,1,NA,8,NA,1
"260",0.60462604,"260-91",260,91116,14,91,2024,6,9,1,3,6,10,3,1,3,1,3,4,2,1,-8,4,3,2,2,2,4,4,6,2,6,6,6,6,4,2,2,4,1,6,2,3,9,4,4,2,3,3,4,3,3,2,4,1,2,4,4,4,3,3,2,3,4,4,1,1,3,3,4,4,5,4,4,5,3,3,4,5,4,4,4,4,1,10,10,10,-7,NA,NA,NA,4,6,27,66,91,0,5,0,0,4,5,2,2,1,3,NA,2,9,11,10,4,2,1,1,2,2,5,5,1,3,-8,-8,NA,NA,NA,NA,NA,NA,NA,NA,6,15,15,1,1,NA,2,59,1,2,NA,2,4,1,NA,3,2,2
"261",0.78355241,"261-91",261,91116,14,91,2024,6,9,1,4,1,9,5,1,3,2,5,4,3,2,4,2,3,4,6,2,2,6,6,6,6,6,6,6,4,6,4,6,4,6,6,4,1,9,4,1,1,4,4,4,2,2,-8,-8,1,4,4,3,3,4,1,3,3,3,1,2,2,1,3,4,4,3,4,4,3,1,3,2,1,4,3,4,1,10,10,10,-7,NA,NA,NA,23,23,41,68,76,3,5,3,1,1,5,1,3,3,4,NA,8,3,7,10,2,1,1,1,1,1,-8,5,2,3,2,1,4,3,4,4,NA,NA,NA,NA,-8,1,NA,2,NA,2,1,66,1,1,5,2,1,1,NA,7,2,2
"262",0.93417195,"262-91",262,91186,20,91,2024,6,13,1,3,3,16,8,3,2,3,3,3,2,1,5,4,4,6,4,4,3,3,6,3,6,6,6,3,3,3,4,6,3,4,3,3,1,4,1,1,1,3,4,4,3,3,3,1,1,1,4,3,3,3,3,1,3,1,3,1,2,1,4,3,3,3,3,4,4,3,4,4,4,3,4,4,2,10,10,10,10,1,1,7,13,14,29,70,96,0,10,0,0,4,1,2,2,1,1,2,3,5,1,5,2,2,1,1,2,1,3,5,2,2,2,1,-8,-8,4,4,NA,NA,NA,NA,6,4,NA,1,1,NA,1,47,1,2,NA,2,8,1,NA,1,7,9
"263",0.74399632,"263-91",263,91186,20,91,2024,6,13,1,3,5,3,10,4,3,3,3,5,3,3,5,2,2,6,2,2,2,4,3,1,6,6,6,2,1,2,1,6,1,6,1,2,9,2,4,3,3,4,4,4,3,3,4,4,3,3,4,3,3,4,4,2,3,4,3,2,2,1,3,4,4,4,3,4,3,2,3,4,4,3,4,4,3,10,-8,10,10,2,NA,NA,21,21,38,49,93,7,5,1,10,2,4,1,3,3,5,NA,5,2,1,5,2,2,2,2,2,3,5,3,1,3,3,-8,NA,NA,NA,NA,NA,NA,NA,NA,4,15,15,1,1,NA,1,42,1,2,NA,2,6,1,NA,1,3,1
"264",0.23500947,"264-91",264,91176,20,91,2024,6,13,1,3,7,6,10,3,1,4,3,3,1,1,6,4,4,3,4,4,4,4,4,3,4,3,3,4,4,4,3,4,3,3,4,3,1,3,2,2,4,2,2,2,2,2,4,2,2,2,2,2,2,2,2,2,2,2,1,1,1,1,2,2,3,3,3,2,2,2,3,2,2,3,3,3,3,0,0,10,-7,NA,NA,NA,7,3,20,53,88,5,5,5,5,2,2,2,2,4,5,NA,1,3,9,6,2,2,2,4,1,2,4,3,1,3,-8,2,NA,NA,NA,NA,4,4,3,2,1,15,15,1,1,NA,1,90,1,1,5,2,2,1,NA,7,3,1
"265",0.1813444,"265-91",265,91176,20,91,2024,6,13,1,4,3,7,6,1,1,3,1,4,1,2,-9,3,5,6,3,5,2,6,6,6,6,6,6,6,5,5,1,4,1,6,1,5,1,6,1,3,2,4,4,1,3,2,3,3,3,2,4,-8,4,-8,1,2,3,3,3,1,1,1,2,3,4,2,3,4,4,2,1,2,3,2,3,3,3,10,10,10,10,2,NA,NA,3,2,47,56,95,5,10,0,10,1,5,1,2,2,1,5,6,3,1,10,2,1,1,1,2,1,5,4,1,3,2,2,NA,NA,NA,NA,5,5,1,5,3,15,15,1,-9,NA,2,58,1,2,NA,2,4,1,NA,1,3,1
"266",1.59985142,"266-91",266,91259,20,91,2024,6,13,1,4,1,5,10,1,3,2,3,4,3,2,5,2,4,6,6,6,1,6,6,6,6,6,6,6,3,6,6,6,6,6,6,4,1,4,4,3,2,4,3,4,4,4,4,4,1,3,4,4,3,3,1,2,3,3,3,2,2,1,5,5,5,5,5,5,2,2,2,5,3,2,5,4,1,10,10,10,10,2,NA,NA,4,6,27,66,91,-8,0,0,0,1,5,2,3,1,5,NA,6,2,10,5,1,2,2,2,2,2,5,5,2,3,3,1,5,5,5,5,NA,NA,NA,NA,6,-9,15,1,1,NA,2,49,1,2,NA,2,1,1,NA,8,8,2
"267",0.55837827,"267-91",267,91259,20,91,2024,6,13,1,3,1,2,3,2,2,4,3,4,2,2,4,2,2,6,3,4,2,2,2,4,2,1,6,2,5,4,4,5,1,6,3,4,3,4,1,3,1,4,3,4,3,3,4,1,3,1,4,3,3,4,2,3,2,3,3,1,2,1,4,4,5,5,3,5,3,2,5,3,4,3,5,4,1,10,7,10,0,2,NA,NA,3,2,47,56,95,0,0,0,0,2,1,1,1,NA,1,1,3,5,8,10,5,2,2,2,1,1,5,3,1,3,3,2,NA,NA,NA,NA,4,2,4,4,1,10,NA,1,2,NA,2,76,1,2,NA,2,5,1,NA,8,1,1
"268",1.1879933,"268-91",268,91275,25,91,2024,6,16,1,3,26,1,5,3,3,3,2,4,3,2,-8,2,4,6,2,5,3,6,6,6,6,6,6,6,6,6,6,6,2,6,6,4,1,1,1,2,3,4,3,3,2,2,4,3,2,4,4,4,1,3,3,2,3,1,1,2,1,1,2,3,5,4,1,2,2,1,4,3,2,4,5,1,6,10,-7,10,-7,NA,NA,NA,24,24,28,71,73,10,0,0,5,3,5,2,3,1,5,NA,6,3,1,4,2,1,1,1,1,1,1,1,1,3,-8,2,NA,NA,NA,NA,-8,-8,-8,5,4,15,15,2,NA,2,2,79,1,2,NA,2,1,1,NA,7,5,1
"269",0.99852354,"269-91",269,91136,19,91,2024,6,12,1,3,13,5,10,2,2,2,3,4,2,2,5,2,4,6,3,4,3,4,4,2,6,6,6,2,3,3,3,6,1,2,4,5,9,1,3,1,2,4,3,3,4,3,4,1,2,3,4,3,3,1,1,1,4,3,1,1,1,1,4,2,3,4,4,2,4,2,2,4,4,4,2,2,3,10,10,10,10,1,3,6,14,7,45,55,83,10,10,10,0,4,5,3,3,1,2,5,4,1,6,7,2,1,1,1,2,1,3,3,1,3,3,-8,NA,NA,NA,NA,NA,NA,NA,NA,4,5,NA,1,-9,NA,1,56,1,2,NA,2,2,1,NA,1,3,2
"270",0.43137408,"270-91",270,91069,8,91,2024,6,6,1,4,9,3,8,3,2,4,3,3,1,3,5,3,4,3,3,6,6,6,6,6,3,6,6,6,3,6,6,6,4,3,6,4,2,1,2,1,-8,-8,2,-8,-8,3,4,4,2,-8,-8,-8,-8,2,2,2,4,-8,3,-8,2,2,-9,-8,-8,-8,-8,-8,-8,-8,-8,-8,-8,-8,-8,-8,-8,10,8,9,5,2,NA,NA,5,12,34,58,77,5,5,5,5,3,5,2,2,2,5,NA,1,11,6,5,5,2,3,2,5,3,5,5,1,3,2,2,NA,NA,NA,NA,4,4,3,3,1,15,15,1,2,NA,1,22,1,2,NA,2,3,1,NA,1,5,1
"271",0.7071917,"271-91",271,91069,8,91,2024,6,6,1,3,5,10,13,3,1,4,3,5,3,2,4,2,2,6,2,3,2,3,3,2,6,6,6,6,2,4,6,6,4,6,3,3,8,6,4,3,4,4,3,2,3,2,3,3,2,3,4,2,3,3,2,2,3,3,1,1,3,1,5,3,5,2,5,3,2,3,3,3,3,2,2,3,1,5,0,5,7,1,3,6,11,13,30,51,92,10,0,0,0,2,4,1,2,3,1,2,4,9,3,5,2,2,2,2,1,1,1,1,1,3,3,2,NA,NA,NA,NA,4,2,4,4,-8,15,15,1,1,NA,1,39,1,2,NA,2,8,1,NA,1,3,1
"272",0.390535,"272-91",272,91176,20,91,2024,6,13,1,4,10,2,17,3,2,3,2,4,2,2,5,4,4,6,6,4,4,6,6,6,6,6,6,6,4,6,4,2,2,6,6,3,9,1,4,3,3,3,3,2,2,2,3,3,2,2,3,3,3,3,2,2,3,3,1,1,3,1,4,4,4,4,4,4,4,3,3,4,4,4,4,3,1,9,8,10,-7,NA,NA,NA,17,1,48,67,90,0,0,5,0,2,5,1,2,1,5,NA,11,5,7,3,5,2,2,2,1,2,-9,3,2,3,2,2,NA,NA,NA,NA,-9,-9,-9,-9,6,15,15,1,1,NA,2,19,1,2,NA,1,7,2,4,4,5,9
"273",4.54639309,"273-91",273,91187,20,91,2024,6,13,1,3,3,2,9,3,2,3,3,4,3,1,5,4,1,6,4,3,4,4,6,6,6,6,6,6,4,5,5,6,1,6,3,3,-8,1,1,2,2,4,4,4,4,3,2,2,1,2,4,4,3,4,2,2,4,3,1,2,1,1,4,2,5,1,2,4,1,1,2,3,3,1,3,1,1,10,10,10,10,2,NA,NA,22,22,44,50,75,5,9,10,9,2,2,1,2,1,4,NA,1,2,7,10,4,1,1,1,1,3,5,5,1,3,2,2,NA,NA,NA,NA,-8,2,-8,2,4,15,15,1,1,NA,2,22,1,2,NA,2,4,1,NA,-9,2,1
"274",0.25058689,"274-91",274,91176,20,91,2024,6,13,1,3,3,11,9,2,2,3,4,4,2,2,10,2,2,6,6,2,2,-8,6,6,6,6,6,6,5,4,4,-8,4,6,-8,5,1,1,3,1,-8,-8,-8,3,2,2,-8,-8,1,4,-8,-8,1,1,1,1,1,2,3,-8,2,1,-8,-8,-8,-8,-8,-8,-8,-8,-8,-8,-8,-8,-8,-8,-8,10,10,10,0,2,NA,NA,17,1,48,67,90,10,10,10,10,1,5,1,1,NA,5,NA,6,11,1,7,1,1,1,1,2,5,5,5,2,3,3,-8,NA,NA,NA,NA,NA,NA,NA,NA,4,10,NA,1,2,NA,2,73,1,2,NA,2,1,1,NA,7,1,2
"275",0.34919471,"275-91",275,91176,20,91,2024,6,13,1,3,2,9,3,3,2,3,3,5,2,2,5,2,3,6,2,3,2,6,6,6,2,6,6,6,5,4,2,3,2,6,2,4,2,4,4,3,4,4,4,2,3,1,4,4,2,3,4,4,2,4,1,1,3,4,1,1,2,2,3,5,5,5,5,5,2,2,1,5,4,5,3,3,1,10,10,10,10,2,NA,NA,15,9,31,64,79,9,9,0,10,2,1,2,2,2,1,2,7,6,1,8,2,1,1,1,2,3,5,5,1,3,2,1,-8,1,2,5,NA,NA,NA,NA,2,-8,15,1,2,NA,1,57,1,1,5,2,3,1,NA,1,4,1
"276",0.92060824,"276-91",276,91174,20,91,2024,6,13,1,4,6,10,13,3,1,3,3,4,2,2,5,2,3,6,6,6,-8,6,6,6,6,6,6,6,6,6,6,6,6,6,6,4,9,1,4,1,1,4,1,4,4,4,4,3,1,4,4,3,4,4,1,1,3,4,1,2,1,1,4,5,5,4,4,2,2,5,4,5,4,3,5,4,1,10,10,10,10,2,NA,NA,7,3,20,53,88,5,9,10,5,4,5,1,2,2,5,NA,2,11,8,10,5,1,1,1,2,3,5,5,2,3,3,1,1,1,2,2,NA,NA,NA,NA,5,4,NA,1,2,NA,1,20,1,2,NA,2,3,2,3,1,1,2
"277",0.55948425,"277-91",277,91174,20,91,2024,6,13,1,3,1,3,10,3,2,3,3,4,2,2,-9,1,2,6,6,3,2,3,3,6,6,2,6,2,4,3,4,4,4,6,4,5,4,4,3,3,4,4,4,4,4,3,3,4,3,4,3,3,3,3,3,3,3,4,1,1,2,4,5,5,5,5,5,5,5,5,5,5,5,5,5,5,1,8,10,8,-7,NA,NA,NA,3,2,47,56,95,0,5,4,10,2,2,1,3,4,5,NA,2,11,9,10,7,1,1,1,2,1,5,3,1,3,2,1,-8,5,-8,1,NA,NA,NA,NA,3,15,15,2,NA,2,1,67,1,2,NA,2,4,1,NA,7,2,9
"278",0.55977866,"278-91",278,91072,10,91,2024,6,7,1,2,16,5,10,1,3,3,3,5,3,2,3,3,1,6,2,6,1,1,6,6,6,6,6,6,4,4,4,6,6,6,2,3,9,4,2,3,4,4,4,1,1,1,3,1,1,3,4,3,3,4,3,1,3,3,3,2,2,3,4,5,5,5,3,4,5,5,5,3,4,3,5,3,6,10,10,10,10,1,3,7,15,9,31,64,79,10,10,0,10,1,5,1,3,1,2,3,1,3,11,0,2,1,1,2,1,1,3,-8,2,3,3,2,NA,NA,NA,NA,4,4,4,4,4,15,15,1,-8,NA,2,50,1,2,NA,2,5,1,NA,1,4,1
"279",1.23390871,"279-91",279,91145,20,91,2024,6,13,1,1,7,12,14,2,2,2,3,2,2,2,-8,4,4,2,4,4,4,6,2,6,6,6,6,6,4,6,4,6,2,6,2,4,5,2,3,3,4,4,4,4,3,2,4,4,3,2,3,4,3,3,2,3,4,4,3,1,3,1,5,4,4,4,4,1,4,4,4,4,5,5,4,4,5,10,10,10,10,2,NA,NA,3,2,47,56,95,10,10,10,10,5,5,1,3,1,5,NA,2,3,5,0,7,1,1,1,1,1,5,1,1,3,3,1,5,5,1,5,NA,NA,NA,NA,4,15,15,1,1,NA,1,60,1,2,NA,2,4,2,4,3,2,1
"280",1.40636122,"280-91",280,91145,20,91,2024,6,13,1,3,3,7,10,3,2,3,3,3,2,-8,-8,3,-8,6,6,6,-8,6,6,6,6,6,6,6,6,6,6,6,6,6,6,4,1,1,4,4,4,4,3,4,3,4,4,3,3,3,4,-8,3,-8,3,-8,4,4,3,1,1,3,-8,5,5,5,5,5,5,5,5,5,5,5,5,5,3,10,10,9,10,2,NA,NA,3,2,47,56,95,5,8,7,7,2,1,2,3,1,5,NA,1,4,3,8,2,1,1,2,1,5,5,5,2,-8,-8,-8,NA,NA,NA,NA,NA,NA,NA,NA,4,15,15,2,NA,1,1,49,4,2,NA,2,4,1,NA,2,5,9
"281",1.23390871,"281-91",281,91145,20,91,2024,6,13,1,1,16,2,3,3,2,3,1,5,1,1,-8,4,4,6,4,4,5,4,4,1,6,6,6,3,4,5,3,4,1,6,2,3,4,4,4,3,4,4,4,4,4,3,4,4,3,3,4,3,3,3,4,2,2,4,1,1,2,2,2,2,3,2,3,3,3,2,2,2,2,2,3,2,6,10,0,10,0,2,NA,NA,5,12,34,58,77,0,10,1,7,4,2,2,2,5,1,2,3,1,4,4,1,3,3,3,1,1,5,5,1,3,3,1,-8,1,-8,5,NA,NA,NA,NA,6,15,15,1,-9,NA,1,61,1,2,NA,2,8,1,NA,1,6,1
"282",0.62505196,"282-91",282,91145,20,91,2024,6,13,1,1,5,8,10,3,2,2,2,4,1,1,1,4,4,6,5,3,5,6,6,6,1,6,6,6,2,6,1,1,1,6,1,1,4,-9,4,4,4,3,4,3,4,2,3,2,4,2,3,2,2,3,3,1,2,3,1,2,3,3,5,3,5,3,4,5,5,3,5,4,3,3,5,3,3,10,10,7,6,2,NA,NA,8,5,26,57,80,10,0,10,0,4,2,1,1,NA,1,6,9,8,11,3,1,5,5,5,3,5,4,4,2,3,3,1,-8,3,5,-8,NA,NA,NA,NA,1,15,3,1,1,NA,2,31,7,2,NA,2,8,1,NA,1,2,9
"283",0.83042561,"283-91",283,91145,20,91,2024,6,13,1,2,10,2,5,3,2,3,3,5,1,2,-8,3,3,6,6,1,1,6,6,6,6,6,6,6,4,6,4,6,2,6,-8,3,1,6,4,2,4,4,4,2,4,1,3,4,1,3,4,2,4,4,4,-8,4,3,1,-8,2,1,4,5,4,3,4,4,3,3,4,5,4,3,5,4,3,10,10,10,0,2,NA,NA,12,4,33,59,94,10,0,10,0,1,5,1,2,3,5,NA,3,11,1,0,1,1,1,1,1,1,5,5,1,3,3,-8,NA,NA,NA,NA,NA,NA,NA,NA,6,15,15,1,1,NA,1,65,1,2,NA,2,2,1,NA,7,3,9
"284",0.50541339,"284-91",284,91246,20,91,2024,6,13,1,3,5,10,1,3,3,4,3,4,3,2,6,3,2,6,6,2,4,6,6,6,6,6,6,6,4,4,4,6,4,6,6,4,1,4,4,3,1,4,3,4,3,3,3,4,1,4,3,3,3,3,1,2,3,-8,3,1,1,1,4,3,2,4,3,3,2,1,2,3,2,2,2,2,3,5,6,5,-7,NA,NA,NA,3,2,47,56,95,3,5,2,5,2,4,2,3,1,4,NA,6,9,2,5,6,2,2,2,2,1,5,1,1,3,3,-8,NA,NA,NA,NA,NA,NA,NA,NA,-8,15,15,1,2,NA,1,64,1,2,NA,2,2,1,NA,1,4,2
"285",2.35225377,"285-91",285,91098,12,91,2024,6,8,1,3,9,17,3,4,1,4,2,3,1,3,5,3,3,6,3,3,3,4,4,3,3,3,6,6,4,3,4,3,4,2,4,4,4,1,3,2,3,4,3,3,3,2,3,3,2,3,3,3,2,3,2,2,3,3,1,1,2,2,3,3,4,4,4,3,2,2,2,2,3,5,3,2,3,10,9,10,9,2,NA,NA,6,17,40,52,84,5,2,8,7,2,5,3,2,3,3,NA,6,11,1,6,5,1,2,2,2,2,4,4,1,3,2,-8,NA,NA,NA,NA,NA,NA,NA,NA,6,15,15,1,-9,NA,2,26,1,2,NA,2,8,2,6,7,4,1
"286",0.34639158,"286-91",286,91246,20,91,2024,6,13,1,3,3,9,16,3,2,3,2,3,2,1,4,4,5,6,6,3,4,2,6,2,2,6,6,6,3,3,2,6,1,3,2,2,3,4,4,2,3,4,4,4,4,3,4,3,2,2,4,4,3,4,3,1,4,4,3,1,3,1,4,2,5,5,4,5,3,4,4,5,4,5,2,3,6,10,9,10,10,2,NA,NA,5,12,34,58,77,0,0,0,10,4,5,1,1,NA,4,NA,6,1,11,5,5,3,2,3,3,3,-9,-9,1,3,-8,2,NA,NA,NA,NA,-9,-9,-9,-9,5,15,15,1,1,NA,2,54,1,2,NA,2,6,2,6,3,2,2
"287",1.2916943,"287-91",287,91108,12,91,2024,6,8,1,4,1,3,2,3,1,3,2,4,1,1,1,4,4,2,4,4,4,4,4,2,4,2,2,5,2,4,2,4,2,4,2,2,5,-8,1,3,-8,3,3,3,3,3,3,3,3,1,3,3,2,3,3,-8,2,3,1,1,3,1,4,2,5,-8,2,-8,3,2,5,4,3,2,3,-8,1,10,-7,10,10,2,NA,NA,19,10,43,61,74,0,0,10,0,2,3,2,1,NA,3,NA,1,11,2,10,6,4,2,4,3,5,5,5,1,3,3,2,NA,NA,NA,NA,-8,2,4,4,-8,1,NA,1,1,NA,1,70,1,2,NA,2,2,1,NA,7,2,1
"288",0.68865663,"288-91",288,91108,12,91,2024,6,8,1,3,13,5,1,2,2,3,4,-8,3,2,5,2,-8,6,6,2,2,6,6,6,6,6,6,6,6,6,6,6,6,6,6,-8,1,1,3,1,4,4,-8,-8,-8,4,4,4,4,4,-8,4,2,4,-8,4,4,3,-8,-8,-8,5,5,5,5,5,5,5,5,5,5,5,5,5,5,5,-8,10,-7,10,0,2,NA,NA,7,3,20,53,88,0,0,0,0,2,1,3,3,1,3,NA,2,3,1,10,2,2,2,2,3,1,4,5,2,3,3,2,NA,NA,NA,NA,2,2,4,2,7,15,15,1,4,NA,2,75,1,2,NA,2,1,1,NA,7,2,9
"289",0.65770724,"289-91",289,91108,12,91,2024,6,8,1,4,9,1,5,3,3,3,3,4,2,1,5,4,4,6,2,4,2,3,6,6,6,6,6,6,4,6,6,6,2,6,2,2,3,7,2,2,2,4,3,2,3,2,2,3,2,3,4,2,2,3,2,2,2,3,1,1,2,1,4,4,4,2,3,4,3,2,2,2,2,4,2,3,6,10,10,10,10,1,2,6,7,3,20,53,88,0,5,5,0,2,2,1,2,4,3,NA,1,11,2,10,1,1,1,1,1,1,5,4,1,3,3,2,NA,NA,NA,NA,2,2,5,5,3,15,15,1,1,NA,2,52,1,2,NA,2,4,1,NA,8,3,2
"290",1.7422074,"290-91",290,91108,12,91,2024,6,8,1,3,2,3,9,2,2,2,3,5,3,2,9,1,3,6,1,1,1,3,6,2,2,6,6,2,3,4,4,6,4,6,4,4,1,6,3,2,4,3,3,3,3,2,3,4,2,4,3,3,3,3,1,3,3,2,1,1,2,1,4,5,4,4,4,4,3,2,4,3,5,4,4,5,2,9,9,10,5,1,3,5,1,32,37,54,82,0,10,0,0,2,3,2,1,NA,3,NA,10,1,2,9,4,1,1,1,1,1,4,5,1,3,2,2,NA,NA,NA,NA,2,2,3,3,1,18,NA,1,2,NA,1,41,1,2,NA,2,5,1,NA,2,5,1
"291",0.99673231,"291-91",291,91108,12,91,2024,6,8,1,3,1,3,5,2,2,3,3,4,2,2,5,1,4,6,6,6,4,6,6,6,6,6,6,6,1,6,6,6,6,6,6,1,2,1,3,3,-8,4,3,-8,3,3,4,-8,3,4,3,3,3,3,-8,3,3,3,3,1,2,1,3,4,4,4,4,4,3,4,4,4,4,4,4,5,1,10,-7,10,10,2,NA,NA,21,21,38,49,93,0,0,0,5,4,2,2,3,4,5,NA,1,2,5,10,2,2,2,4,2,5,1,-8,2,3,3,2,NA,NA,NA,NA,4,2,2,4,-8,15,15,1,4,NA,2,60,1,2,NA,2,1,1,NA,8,1,1
"292",1.05290695,"292-91",292,91107,12,91,2024,6,8,1,4,26,1,6,3,2,3,3,4,2,2,5,3,3,6,3,4,2,6,6,6,6,6,6,6,4,6,4,6,3,6,3,4,1,1,4,3,3,4,3,3,4,2,3,3,1,3,3,3,4,3,2,3,3,3,-8,1,1,3,3,5,3,3,3,3,3,3,3,4,3,4,4,3,1,10,10,10,10,2,NA,NA,18,15,35,72,89,5,5,5,10,4,4,2,2,4,5,NA,1,4,6,5,6,2,2,2,5,4,3,4,2,3,3,2,NA,NA,NA,NA,-8,-8,-8,-8,1,15,15,1,2,NA,2,53,1,2,NA,2,3,1,NA,1,5,2
"293",1.55644042,"293-91",293,91107,12,91,2024,6,8,1,4,13,3,10,1,2,1,3,5,3,2,10,1,3,6,2,3,2,6,6,6,6,6,6,6,4,3,3,3,3,6,3,4,3,2,4,3,3,4,4,3,3,3,4,3,3,4,4,4,3,3,3,3,4,4,1,1,1,1,5,5,5,5,5,5,4,4,5,4,4,4,4,5,3,10,10,10,10,1,3,5,3,2,47,56,95,0,0,5,0,3,5,2,3,2,3,NA,1,4,2,8,5,1,1,1,1,3,3,3,1,3,3,1,5,-8,4,3,NA,NA,NA,NA,6,15,15,1,2,NA,2,32,1,2,NA,2,6,1,NA,8,1,2
"294",4.18358388,"294-91",294,91107,12,91,2024,6,8,1,3,14,3,11,3,2,4,2,4,2,2,7,3,6,6,6,6,6,6,6,6,6,6,6,6,6,6,6,6,6,6,6,3,10,1,4,2,2,3,3,4,3,3,2,3,2,3,3,3,3,2,3,2,2,3,3,2,1,1,-8,-8,-8,-8,-8,-8,-8,-8,-9,-8,-8,-8,-8,-8,1,8,7,8,5,1,3,7,22,22,44,50,75,2,2,10,10,2,5,1,2,1,5,NA,1,6,3,7,2,2,2,2,2,1,4,2,2,3,3,-8,NA,NA,NA,NA,NA,NA,NA,NA,6,15,15,2,NA,-8,1,33,2,2,NA,2,8,1,NA,1,5,2
"295",0.87549418,"295-91",295,91107,12,91,2024,6,8,1,2,9,6,14,2,1,3,1,3,2,3,5,3,4,6,6,6,3,6,6,6,6,6,6,6,3,6,6,6,3,6,6,4,9,1,1,1,1,1,1,1,1,1,1,1,1,3,3,3,1,3,1,1,1,1,3,1,3,4,3,4,3,3,3,2,3,3,2,2,4,3,2,2,1,8,10,8,10,2,NA,NA,19,10,43,61,74,2,7,7,2,4,1,1,3,2,4,NA,1,2,8,2,1,4,4,4,2,2,5,5,1,3,3,-8,NA,NA,NA,NA,NA,NA,NA,NA,6,15,15,1,1,NA,1,52,1,2,NA,2,2,1,NA,1,5,1
"296",2.43350151,"296-91",296,91006,2,91,2024,6,2,1,4,2,5,16,3,1,4,3,3,1,1,1,4,3,3,3,3,4,3,6,3,6,6,6,6,3,2,2,3,2,6,6,3,4,7,3,3,3,3,2,3,3,3,2,3,3,2,3,3,3,2,3,2,1,4,1,1,3,1,4,3,3,3,3,2,3,3,3,4,4,2,3,4,1,7,10,4,0,2,NA,NA,20,18,46,65,87,5,5,5,5,2,1,1,1,NA,5,NA,6,2,1,5,2,4,4,3,3,1,4,5,2,3,-8,2,NA,NA,NA,NA,1,2,1,4,4,16,NA,2,NA,5,1,19,1,2,NA,1,7,2,7,4,NA,9
"297",0.7118172,"297-91",297,91013,2,91,2024,6,2,1,3,1,3,6,2,3,3,4,4,3,2,-8,3,3,6,6,2,2,2,6,6,6,6,6,6,4,6,2,6,3,6,6,4,1,1,3,3,3,3,3,3,3,3,3,-9,3,3,3,3,3,3,3,3,3,2,3,2,3,1,1,-9,-9,-9,-9,-9,5,-9,4,-9,-9,-9,-9,3,-8,10,3,10,0,2,NA,NA,19,10,43,61,74,0,-8,-8,0,4,5,1,3,2,4,NA,9,1,11,10,-9,1,1,4,2,-9,5,5,2,3,3,-8,NA,NA,NA,NA,NA,NA,NA,NA,4,-9,-9,1,3,NA,2,71,1,2,NA,2,4,1,NA,7,2,1
"298",1.22680934,"298-91",298,91089,12,91,2024,6,8,1,2,7,9,26,3,1,4,3,4,2,1,3,4,4,6,4,5,3,4,-8,6,3,6,6,6,2,4,2,3,2,6,2,3,5,2,4,2,3,3,2,2,3,1,4,3,2,1,3,3,2,1,2,2,3,2,1,1,2,1,3,3,3,2,3,2,2,2,2,3,4,4,2,2,6,10,7,7,9,2,NA,NA,17,1,48,67,90,0,0,0,0,1,5,1,2,1,5,NA,1,3,6,5,2,2,4,3,3,1,5,5,1,3,3,1,5,5,5,5,NA,NA,NA,NA,3,17,NA,1,1,NA,2,62,1,2,NA,2,4,2,4,7,2,5
"299",0.43854489,"299-91",299,91134,18,91,2024,6,11,1,3,10,5,8,2,1,3,2,4,2,3,5,3,4,-8,-8,2,3,-8,-8,-8,-8,-8,-8,-8,2,3,-8,6,2,6,3,2,6,1,4,4,4,4,3,3,4,3,4,3,3,2,4,3,2,2,3,1,3,3,1,1,3,2,4,4,4,3,-9,4,4,4,4,2,3,4,4,3,6,10,4,6,10,2,NA,NA,15,9,31,64,79,10,6,0,6,2,5,3,1,NA,2,3,1,2,4,6,5,2,4,2,-8,5,5,5,2,3,3,2,NA,NA,NA,NA,-8,2,5,4,6,15,15,1,-9,NA,2,47,1,1,5,2,7,1,NA,1,4,9
"300",1.82762149,"300-91",300,91248,20,91,2024,6,13,1,4,7,14,3,3,2,2,1,4,2,1,6,5,4,6,2,2,3,4,4,4,6,3,6,6,4,2,2,4,1,6,3,4,1,4,3,4,4,4,3,2,4,3,4,2,3,2,4,2,2,3,1,1,4,3,1,1,2,1,4,4,4,4,3,3,4,4,4,2,4,5,3,5,2,10,10,10,-7,NA,NA,NA,13,14,29,70,96,0,10,10,0,2,5,1,3,4,3,NA,10,7,3,10,2,1,1,1,3,1,1,3,1,3,1,1,5,4,4,5,NA,NA,NA,NA,4,15,15,1,1,NA,1,49,1,2,NA,2,4,1,NA,3,3,1
"301",0.62455425,"301-91",301,91248,20,91,2024,6,13,1,3,14,10,11,2,2,2,3,4,2,2,5,4,4,6,2,4,4,2,4,6,4,6,6,6,4,5,5,4,2,6,2,3,2,4,3,3,3,3,3,2,1,1,3,3,1,3,3,3,1,3,-8,2,3,3,1,1,3,1,3,2,3,-8,3,3,2,3,3,3,3,4,3,3,3,10,10,10,10,2,NA,NA,5,12,34,58,77,0,0,0,0,1,5,3,3,4,3,NA,1,6,2,10,4,1,1,1,2,1,5,5,1,3,3,2,NA,NA,NA,NA,4,2,4,4,6,24,NA,-8,NA,1,2,58,1,2,NA,2,4,2,4,1,3,1
"302",1.79334858,"302-91",302,91248,20,91,2024,6,13,1,3,16,8,3,4,2,3,2,4,1,1,5,4,3,6,2,3,3,6,6,6,6,6,6,6,2,1,2,4,1,6,1,3,4,2,4,3,4,4,2,4,4,2,4,2,3,3,3,3,2,3,1,2,2,4,1,1,3,2,4,3,5,3,3,3,4,2,4,5,4,1,3,2,1,10,10,7,-7,NA,NA,NA,20,18,46,65,87,0,0,5,0,1,5,2,2,3,2,2,6,2,11,3,2,2,3,2,5,3,4,4,2,3,3,2,NA,NA,NA,NA,3,2,2,4,4,22,NA,1,1,NA,2,29,1,2,NA,2,8,2,10,3,7,9
"303",1.7757307,"303-91",303,91248,20,91,2024,6,13,1,4,3,9,10,3,2,3,2,-8,2,2,5,3,4,6,6,6,6,6,6,6,3,6,6,6,3,6,6,6,3,6,6,3,4,2,3,1,3,-8,-8,3,2,3,3,3,2,-8,-8,-8,3,-8,2,3,3,3,2,1,3,2,2,2,3,2,2,1,2,2,2,3,2,2,2,2,1,10,10,10,-7,NA,NA,NA,20,18,46,65,87,5,0,5,5,1,4,2,2,2,3,NA,1,4,11,6,3,1,1,1,1,3,4,3,2,3,2,-8,NA,NA,NA,NA,NA,NA,NA,NA,3,15,4,2,NA,2,1,21,1,2,NA,2,3,2,3,2,1,9
"304",0.94266656,"304-91",304,91255,20,91,2024,6,13,1,3,2,3,9,2,3,3,4,4,2,2,-9,1,3,6,6,6,2,2,6,6,6,6,6,6,2,6,6,6,2,6,6,2,-9,8,4,4,4,4,4,4,4,4,-8,3,1,3,4,4,4,4,3,4,3,4,3,1,1,1,4,4,4,4,4,4,4,4,2,4,2,4,4,2,3,10,10,10,-7,NA,NA,NA,8,5,26,57,80,0,0,10,0,5,2,2,2,1,4,NA,9,8,11,10,2,1,1,1,5,5,5,5,1,2,1,-9,NA,NA,NA,NA,NA,NA,NA,NA,7,15,15,1,-9,NA,1,54,1,2,NA,2,4,1,NA,-9,2,9
"305",0.21586223,"305-91",305,91174,20,91,2024,6,13,1,4,3,11,1,1,3,3,4,5,2,2,3,3,5,6,1,4,3,2,2,2,4,6,6,3,1,2,2,5,1,6,1,2,1,5,4,4,4,4,4,4,4,4,-8,4,4,4,4,4,4,4,4,4,4,4,1,1,3,1,5,5,5,5,5,5,5,5,5,5,5,5,5,5,4,10,10,10,0,2,NA,NA,18,15,35,72,89,10,0,0,0,3,1,1,3,3,5,NA,6,2,11,0,2,2,2,1,3,1,3,5,2,3,3,1,-8,-8,1,-8,NA,NA,NA,NA,-8,15,15,1,1,NA,2,64,1,2,NA,2,4,1,NA,1,1,1
"306",0.29828462,"306-91",306,91174,20,91,2024,6,13,1,3,7,11,1,4,2,3,3,4,2,3,-9,3,4,6,6,2,2,6,6,6,6,6,6,6,3,3,6,6,6,6,6,4,1,1,1,2,4,4,-8,3,4,1,-8,4,2,2,4,4,3,-8,3,1,4,4,1,-8,3,4,4,5,5,5,5,5,5,5,5,5,5,-8,5,5,3,10,3,10,0,2,NA,NA,11,13,30,51,92,10,0,0,0,2,5,-8,2,3,4,NA,2,6,10,10,3,3,3,3,2,3,5,5,1,-8,-8,-8,NA,NA,NA,NA,NA,NA,NA,NA,4,15,15,2,NA,5,2,78,1,2,NA,2,2,1,NA,7,2,1
"307",0.29828462,"307-91",307,91174,20,91,2024,6,13,1,3,1,3,7,3,1,3,2,4,2,1,-9,3,4,6,6,3,6,6,6,6,6,6,3,6,2,2,6,6,2,6,-8,3,4,2,3,3,4,4,4,4,3,3,4,-8,3,3,4,4,-8,4,1,1,3,2,3,1,2,4,4,5,5,5,5,5,5,5,5,4,5,5,5,5,5,10,10,10,0,2,NA,NA,19,10,43,61,74,0,0,10,1,2,1,2,3,4,2,5,6,2,3,9,2,1,1,2,1,1,5,5,2,3,2,2,NA,NA,NA,NA,1,1,3,2,5,15,15,1,1,NA,2,78,1,2,NA,2,2,1,NA,7,2,1
"308",1.04670718,"308-91",308,91212,20,91,2024,6,13,1,3,2,14,5,3,2,3,3,5,2,1,5,4,5,6,3,4,2,4,2,6,4,6,6,6,4,3,2,4,1,6,1,4,3,4,3,2,4,4,3,4,3,3,4,3,2,2,4,4,3,2,3,2,2,2,3,1,3,1,5,5,5,4,3,5,2,4,3,5,3,5,4,2,6,0,-7,9,-7,NA,NA,NA,6,17,40,52,84,5,5,5,5,2,4,2,2,3,4,NA,1,4,7,5,5,2,1,1,1,1,5,3,2,-8,-8,-8,NA,NA,NA,NA,NA,NA,NA,NA,4,15,15,1,1,NA,2,78,14,2,NA,2,2,1,NA,7,5,9
"309",0.36464857,"309-91",309,91212,20,91,2024,6,13,1,3,3,1,5,3,2,3,2,4,1,1,3,5,5,3,4,4,5,4,4,1,3,2,3,4,2,3,1,3,1,3,1,2,3,8,3,2,3,4,3,4,4,4,4,3,2,2,4,4,3,3,1,2,4,4,1,2,3,3,3,2,5,3,3,2,2,2,2,4,3,3,3,3,1,8,10,7,6,2,NA,NA,17,1,48,67,90,2,0,0,0,5,2,3,2,3,4,NA,9,2,3,4,5,3,4,2,3,1,5,2,2,2,2,2,NA,NA,NA,NA,4,1,2,5,5,15,15,1,1,NA,1,64,1,2,NA,2,8,1,NA,1,4,1
"310",0.87828248,"310-91",310,91179,20,91,2024,6,13,1,2,1,5,6,3,2,4,3,4,2,2,5,1,4,6,5,2,4,6,3,1,3,6,6,3,1,2,1,6,1,3,1,1,4,2,4,4,4,4,4,4,4,3,3,3,4,4,4,4,3,3,4,3,1,4,1,2,3,1,4,5,5,-8,5,5,4,4,5,5,4,-8,4,5,3,6,-7,10,-7,NA,NA,NA,11,13,30,51,92,0,6,8,6,2,2,1,2,3,4,NA,3,5,4,6,5,4,4,4,5,3,3,3,2,3,1,2,NA,NA,NA,NA,5,5,4,4,2,15,15,1,1,NA,2,88,1,2,NA,2,1,2,4,7,2,1
"311",0.83792923,"311-91",311,91255,20,91,2024,6,13,1,3,4,10,7,2,2,3,3,3,2,-8,-8,3,4,6,2,6,2,6,2,6,3,6,6,6,3,6,2,3,2,6,6,4,4,8,4,3,4,4,3,3,4,3,4,3,3,3,3,4,4,3,3,3,3,4,1,2,2,1,5,5,4,4,4,4,3,4,2,4,4,5,3,4,3,10,8,10,8,1,3,4,5,12,34,58,77,1,9,0,10,4,1,1,2,4,3,NA,3,6,2,10,4,2,2,3,3,4,5,5,2,3,1,2,NA,NA,NA,NA,3,1,3,3,6,15,15,1,2,NA,2,30,1,2,NA,2,3,1,NA,1,2,9
"312",1.50152326,"312-91",312,91255,20,91,2024,6,13,1,4,5,10,3,1,1,1,1,-8,1,-8,-8,4,4,2,2,4,4,4,2,2,2,2,6,2,4,2,4,2,4,2,4,4,9,4,3,2,2,2,3,3,3,3,3,2,2,2,2,4,3,-8,3,1,2,4,3,1,2,1,1,-8,1,-8,-8,-8,-8,-8,-8,-8,-8,-8,-8,-8,7,10,10,10,10,2,NA,NA,13,14,29,70,96,2,1,3,0,3,1,2,3,4,1,2,3,4,11,5,2,2,2,2,3,5,5,5,1,-8,-8,-8,NA,NA,NA,NA,NA,NA,NA,NA,4,15,15,2,NA,-9,1,43,6,2,NA,2,5,1,NA,1,NA,9
"313",1.11067275,"313-91",313,91002,1,91,2024,6,1,1,3,1,9,26,3,1,4,2,3,2,2,-8,6,6,-9,-8,2,-8,6,-8,6,6,6,-8,-9,6,6,5,6,6,-8,6,4,7,-8,-8,2,-8,4,-8,3,4,3,4,3,1,3,4,3,2,3,1,3,3,3,3,-8,3,3,3,3,3,3,3,3,2,2,2,3,4,3,2,3,1,10,10,10,10,2,NA,NA,19,10,43,61,74,10,-8,3,10,-8,4,-8,2,3,3,NA,6,5,1,10,1,1,1,1,3,1,1,2,-8,3,3,1,2,1,2,1,NA,NA,NA,NA,4,17,NA,-8,NA,5,2,20,3,2,NA,2,2,2,2,1,3,1
"314",2.30820942,"314-91",314,91271,24,91,2024,6,15,1,3,3,17,14,3,1,3,1,5,2,3,6,4,4,6,3,2,3,4,6,6,6,6,6,6,3,3,6,6,3,6,3,2,1,4,4,3,4,4,3,4,4,3,4,3,2,3,4,3,3,3,2,1,2,3,1,1,3,2,4,4,4,3,4,3,3,3,3,5,4,2,3,3,6,7,5,8,-7,NA,NA,NA,19,10,43,61,74,5,4,7,5,1,2,2,2,5,4,NA,9,1,2,5,4,4,4,3,-9,2,-9,5,2,3,3,2,NA,NA,NA,NA,-9,-8,-9,-9,4,15,15,2,NA,1,1,24,1,2,NA,1,8,2,8,4,2,9
"315",1.11067275,"315-91",315,91002,1,91,2024,6,1,1,3,5,26,3,3,3,3,2,3,2,1,-8,3,4,6,-9,6,3,6,6,6,6,6,6,6,3,6,6,6,2,6,3,3,4,1,3,2,3,3,2,3,4,2,3,2,2,3,3,3,3,3,2,2,2,3,1,1,3,3,4,4,4,3,3,4,3,2,2,4,4,2,3,3,6,10,7,10,8,2,NA,NA,24,24,28,71,73,2,1,5,5,1,5,1,1,NA,-8,NA,4,3,2,10,1,1,2,2,3,1,3,5,2,2,2,-8,NA,NA,NA,NA,NA,NA,NA,NA,-8,15,15,1,1,NA,2,23,1,1,3,2,4,1,NA,2,5,1
"316",0.75053121,"316-91",316,91017,3,91,2024,6,3,1,2,3,9,14,2,3,2,4,-9,2,3,-9,3,-9,-8,-9,2,-9,6,-9,-9,-9,-8,-9,-8,-8,-8,-9,-9,-9,-9,-8,4,4,2,-9,3,-9,-9,3,-8,3,3,3,-8,3,4,4,3,3,4,3,3,3,-9,3,2,2,1,5,5,5,-8,5,5,5,-8,-8,-8,5,5,-8,5,3,10,10,8,0,2,NA,NA,23,23,41,68,76,0,0,10,0,1,5,2,3,3,5,NA,2,6,11,10,2,2,2,2,5,1,-8,4,-9,3,3,1,5,1,-8,5,NA,NA,NA,NA,6,4,NA,1,4,NA,2,49,1,1,9,2,4,1,NA,8,3,1
"317",0.55533637,"317-91",317,91002,1,91,2024,6,1,1,4,3,8,26,4,1,3,3,3,1,1,5,5,6,6,6,6,6,6,6,6,6,6,6,6,6,6,6,6,6,6,6,3,7,1,1,1,3,3,1,3,3,3,3,1,1,3,3,3,1,3,1,3,1,1,2,1,3,1,2,3,3,3,2,3,1,3,1,2,3,2,1,3,3,10,10,10,10,2,NA,NA,21,21,38,49,93,10,5,5,5,4,3,3,1,NA,5,NA,11,6,5,10,1,2,2,2,3,3,2,3,2,3,3,1,4,2,4,4,NA,NA,NA,NA,3,-9,-9,2,NA,-8,2,20,3,2,NA,2,5,1,NA,1,8,1
"318",0.2578697,"318-91",318,91002,1,91,2024,6,1,1,4,3,1,7,2,3,2,4,4,2,1,5,4,5,6,6,6,4,6,6,6,6,6,6,6,2,3,6,6,6,6,6,4,1,1,1,1,1,4,4,3,1,1,3,1,3,3,4,3,4,3,1,4,1,4,-8,1,1,5,2,2,2,2,2,1,4,4,2,2,2,2,2,2,1,10,10,10,10,2,NA,NA,24,24,28,71,73,10,5,5,5,3,3,2,3,4,1,-8,3,1,2,-8,2,1,1,1,1,1,2,5,2,3,3,2,NA,NA,NA,NA,3,2,2,2,-8,-8,-8,1,1,NA,2,64,1,2,NA,2,0,1,NA,8,1,1
"319",0.50306824,"319-91",319,91002,1,91,2024,6,1,1,3,2,8,5,2,3,3,3,5,3,2,-8,1,2,6,2,2,2,6,6,3,6,6,6,6,2,2,1,6,1,6,1,1,2,1,4,4,4,4,4,3,4,2,4,1,4,4,4,3,3,4,4,3,4,4,1,1,3,4,5,5,5,5,5,5,5,5,5,5,5,5,5,5,6,10,10,10,0,2,NA,NA,8,5,26,57,80,5,0,7,0,3,2,2,3,1,1,2,9,6,1,6,2,4,3,2,2,3,4,3,2,3,3,1,5,-8,5,-8,NA,NA,NA,NA,1,-9,-9,1,1,NA,2,37,1,2,NA,2,8,1,NA,1,2,-9
"320",1.25704918,"320-91",320,91223,20,91,2024,6,13,1,3,3,9,11,4,2,3,2,3,1,1,-8,4,3,6,3,6,3,6,6,6,6,6,6,6,2,6,6,6,2,6,6,4,9,2,3,2,3,3,3,3,2,3,3,3,3,3,3,3,2,3,3,2,3,2,1,1,2,1,3,3,2,-8,2,2,2,2,2,4,3,1,-8,2,1,7,4,5,8,1,2,6,7,3,20,53,88,3,6,5,5,2,5,1,3,4,5,NA,1,3,2,10,2,2,2,2,1,1,4,5,2,3,3,1,5,2,5,5,NA,NA,NA,NA,3,15,15,1,1,NA,2,19,1,1,5,2,4,2,7,1,1,1
"321",1.138736,"321-91",321,91223,20,91,2024,6,13,1,3,4,9,11,1,3,3,3,5,3,2,5,1,5,6,6,6,1,6,6,6,6,6,6,4,4,3,6,6,4,6,6,5,3,4,4,3,3,3,4,3,4,4,4,3,4,4,4,4,3,4,3,4,4,4,1,2,2,1,5,5,4,3,4,5,5,5,4,5,5,4,5,3,3,10,10,6,10,1,3,1,7,3,20,53,88,10,0,10,10,5,5,2,3,2,5,NA,1,2,11,10,5,1,2,2,4,1,4,3,2,3,3,1,-8,1,5,3,NA,NA,NA,NA,3,15,15,2,NA,2,2,31,1,2,NA,2,5,1,NA,2,2,9
"322",0.78960852,"322-91",322,91222,20,91,2024,6,13,1,3,13,5,6,4,2,2,2,3,2,1,5,4,4,6,4,4,4,4,6,6,6,6,6,6,2,5,2,4,2,6,2,4,4,4,1,3,1,3,3,3,3,1,3,3,3,1,3,3,3,3,3,1,3,3,3,1,2,1,2,1,1,1,1,3,1,1,2,3,1,1,1,3,4,1,5,10,0,1,2,7,21,21,38,49,93,10,0,10,0,5,4,1,2,3,5,NA,1,9,6,10,2,2,2,2,4,4,5,2,2,3,2,-8,NA,NA,NA,NA,NA,NA,NA,NA,4,15,1,1,1,NA,1,55,1,2,NA,2,3,1,NA,3,1,1
"323",1.43350642,"323-91",323,91222,20,91,2024,6,13,1,3,3,2,14,2,3,3,3,4,2,2,-8,2,2,3,2,2,2,6,6,6,3,2,6,6,2,2,2,6,2,6,2,3,4,5,4,3,4,4,4,4,4,4,4,4,4,3,4,4,3,4,4,4,3,4,3,2,2,1,4,4,5,4,4,4,4,4,3,4,4,3,4,3,1,10,10,5,6,2,NA,NA,2,16,42,69,81,0,0,10,10,3,5,1,2,3,5,NA,1,2,11,10,4,1,1,1,1,1,2,1,2,3,3,1,5,3,5,5,NA,NA,NA,NA,6,15,15,1,2,NA,1,30,1,2,NA,2,6,1,NA,1,4,9
"324",0.54116838,"324-91",324,91222,20,91,2024,6,13,1,3,3,14,26,1,2,3,3,5,3,2,3,2,5,6,3,2,2,2,-8,2,6,6,6,6,3,4,3,6,1,6,2,3,4,2,3,3,3,4,3,4,3,3,3,3,3,3,3,4,2,3,2,3,3,4,1,2,2,2,4,3,5,3,2,3,4,3,4,4,4,4,4,3,3,10,10,10,0,2,NA,NA,17,1,48,67,90,0,0,0,0,2,1,1,3,2,5,NA,1,2,4,10,5,1,1,1,2,4,4,4,1,3,-8,1,-8,-8,-8,-8,NA,NA,NA,NA,8,15,15,2,NA,1,2,49,1,2,NA,2,4,1,NA,1,3,9
"325",0.79997225,"325-91",325,91222,20,91,2024,6,13,1,2,1,2,13,4,1,4,2,3,1,1,1,4,4,6,4,4,4,5,3,1,6,6,6,6,2,2,2,4,1,6,1,4,4,1,4,3,4,4,3,4,4,3,3,3,3,2,3,3,3,3,2,2,3,3,1,1,3,1,4,2,4,4,4,4,4,3,3,2,3,4,3,3,6,10,10,3,10,1,2,6,19,10,43,61,74,0,10,10,0,2,1,1,1,NA,3,NA,1,4,6,5,7,4,4,4,1,2,5,5,1,2,2,2,NA,NA,NA,NA,5,5,5,5,5,16,NA,1,1,NA,2,43,1,2,NA,2,4,1,NA,3,3,9
"326",0.27058419,"326-91",326,91222,20,91,2024,6,13,1,3,3,6,14,4,1,2,1,2,1,3,-8,4,4,6,4,4,6,6,6,6,6,6,6,6,6,4,6,6,6,6,6,4,2,4,3,1,1,2,1,3,3,2,3,2,2,2,2,2,2,1,1,2,1,2,1,1,1,1,3,5,5,4,5,5,5,5,5,5,5,5,5,5,7,10,10,10,10,2,NA,NA,14,7,45,55,83,10,0,5,0,1,4,1,1,NA,5,NA,1,4,5,5,5,2,2,2,1,5,5,5,1,3,3,-8,NA,NA,NA,NA,NA,NA,NA,NA,8,15,15,2,NA,2,2,47,2,2,NA,2,6,1,NA,3,2,2
"327",0.53140977,"327-91",327,91222,20,91,2024,6,13,1,3,1,3,2,2,2,2,2,4,2,3,-8,4,4,6,6,4,4,4,6,2,6,6,6,6,4,2,2,4,2,6,4,4,1,3,4,1,4,4,2,3,2,4,1,4,1,2,4,2,2,3,1,3,3,3,1,1,2,1,5,-8,5,3,2,5,1,3,2,3,3,5,3,5,2,10,10,10,10,2,NA,NA,14,7,45,55,83,0,0,0,0,4,4,1,2,3,5,NA,2,11,1,10,2,1,1,1,2,1,1,5,2,3,1,2,NA,NA,NA,NA,-8,1,-8,2,4,15,15,1,1,NA,1,78,1,2,NA,2,1,1,NA,7,2,9
"328",0.28011659,"328-91",328,91036,6,91,2024,6,5,1,4,26,11,5,2,2,2,3,4,2,2,10,2,2,6,2,2,2,2,6,4,1,6,6,1,4,2,6,6,4,6,2,4,2,6,3,2,3,3,4,3,3,3,3,4,2,4,3,3,3,3,3,3,3,4,3,1,3,4,5,3,2,2,3,3,2,2,1,3,3,2,3,3,6,10,-7,10,-7,NA,NA,NA,5,12,34,58,77,0,5,0,10,2,5,1,2,4,2,6,3,6,9,0,2,2,2,2,1,3,1,1,1,3,2,2,NA,NA,NA,NA,4,4,4,4,3,13,NA,1,2,NA,1,75,1,2,NA,2,4,1,NA,7,6,1
"329",0.21615119,"329-91",329,91036,6,91,2024,6,5,1,3,1,10,5,1,3,1,5,4,2,2,5,1,4,6,6,2,2,6,6,6,6,6,6,6,4,4,4,4,4,6,6,5,1,1,3,2,3,4,3,2,2,2,2,3,1,3,4,4,3,3,2,3,4,4,2,1,3,1,4,4,4,4,4,4,4,4,4,4,4,4,4,4,3,10,10,10,10,2,NA,NA,15,9,31,64,79,5,3,5,5,3,1,1,2,2,4,NA,7,1,2,6,2,1,1,1,1,1,3,3,2,3,2,2,NA,NA,NA,NA,2,2,4,4,5,15,15,1,3,NA,2,63,1,2,NA,2,6,1,NA,7,3,1
"330",0.43230238,"330-91",330,91036,6,91,2024,6,5,1,3,10,9,3,2,2,3,3,5,2,2,9,2,4,6,2,2,3,3,6,6,6,6,6,6,5,6,4,6,4,6,3,4,11,1,2,3,3,4,4,4,3,2,3,1,3,4,4,3,3,4,3,3,3,4,2,1,2,1,4,5,5,4,4,4,4,4,4,4,4,4,5,4,6,10,10,10,-7,NA,NA,NA,7,3,20,53,88,5,0,0,0,2,5,1,3,3,5,NA,1,4,6,10,5,1,2,2,1,1,5,1,2,3,2,1,1,1,1,2,NA,NA,NA,NA,3,13,NA,1,2,NA,2,55,1,1,-8,2,4,1,NA,1,3,1
"331",2.62943677,"331-91",331,91260,20,91,2024,6,13,1,2,3,17,11,2,2,3,3,3,2,2,5,2,2,6,6,6,6,6,6,6,6,6,6,6,6,6,6,6,3,6,6,4,4,4,4,3,3,4,4,4,4,3,3,4,3,4,4,4,3,4,3,4,4,4,1,1,3,1,4,5,5,5,4,5,3,3,4,5,4,5,4,5,1,10,7,10,-7,NA,NA,NA,21,21,38,49,93,8,2,5,8,3,5,1,2,3,5,NA,1,6,2,8,1,1,1,1,2,2,5,4,1,3,3,2,NA,NA,NA,NA,4,3,5,5,5,15,15,1,1,NA,2,24,1,2,NA,2,6,1,NA,1,7,9
"332",2.38195478,"332-91",332,91260,20,91,2024,6,13,1,2,3,5,7,3,3,3,3,3,2,1,5,4,2,6,4,1,3,5,3,3,3,6,6,6,4,3,4,6,3,6,6,3,2,4,4,3,3,4,3,4,3,3,3,3,3,3,4,3,4,3,2,2,2,3,1,1,3,2,3,3,3,3,3,3,3,3,3,3,3,3,3,3,1,10,10,10,10,1,3,6,2,16,42,69,81,0,3,6,0,4,4,1,2,3,2,5,1,3,2,7,2,1,1,1,2,1,4,3,1,3,2,-8,NA,NA,NA,NA,NA,NA,NA,NA,4,15,15,1,1,NA,2,32,1,2,NA,2,8,1,NA,1,4,9
"333",0.25149266,"333-91",333,91261,20,91,2024,6,13,1,3,1,3,10,3,1,3,3,3,2,1,4,5,5,6,4,3,5,6,6,1,3,6,6,3,1,2,1,4,1,6,3,1,4,8,4,3,4,4,4,3,4,3,3,3,4,2,4,3,3,3,2,2,3,3,1,2,2,2,4,3,4,4,3,4,5,3,5,3,3,5,3,3,3,7,7,5,7,1,2,5,22,22,44,50,75,2,8,2,8,4,3,1,1,NA,4,NA,1,2,6,5,5,5,5,2,3,1,5,3,1,3,2,-8,NA,NA,NA,NA,NA,NA,NA,NA,4,3,NA,1,1,NA,1,47,1,2,NA,2,4,1,NA,1,4,9
"334",0.62254868,"334-91",334,91033,6,91,2024,6,5,1,3,3,6,9,2,2,3,4,3,2,1,1,4,5,6,4,4,4,3,3,1,6,6,6,3,1,3,1,4,1,6,2,1,3,-9,4,4,4,3,4,3,3,3,3,3,3,2,3,4,3,3,4,3,4,3,1,2,3,2,4,2,4,3,3,4,4,4,4,5,4,3,3,4,1,10,10,1,-7,NA,NA,NA,5,12,34,58,77,0,5,2,10,3,2,1,2,1,4,NA,1,2,9,5,-9,5,5,5,3,1,1,1,2,3,2,-8,NA,NA,NA,NA,NA,NA,NA,NA,4,15,9,1,1,NA,1,60,1,2,NA,2,4,1,NA,7,5,9
"335",1.03477453,"335-91",335,91032,6,91,2024,6,5,1,3,3,10,5,3,2,3,3,3,2,2,-9,3,4,6,3,2,3,6,6,3,6,6,6,6,3,6,3,6,1,6,2,3,4,1,3,3,3,4,4,3,3,3,3,3,2,3,3,4,3,4,3,1,3,3,1,1,2,2,3,3,3,3,3,3,3,3,3,3,3,3,3,3,1,10,5,10,-7,NA,NA,NA,4,6,27,66,91,6,10,5,10,1,2,1,2,1,5,NA,1,6,2,5,2,3,2,4,2,1,3,3,1,3,-8,-8,NA,NA,NA,NA,NA,NA,NA,NA,4,-9,-9,1,1,NA,2,33,1,2,NA,2,8,1,NA,1,4,9
"336",0.53041908,"336-91",336,91032,6,91,2024,6,5,1,3,3,9,2,3,2,4,3,4,2,2,-9,3,3,6,6,6,3,6,6,6,6,6,6,6,3,6,6,6,3,6,6,3,3,4,3,3,2,3,3,3,3,4,2,4,2,4,4,3,4,3,4,3,4,4,1,-8,2,1,5,5,5,5,5,5,5,5,5,5,5,5,5,5,1,10,10,10,0,2,NA,NA,15,9,31,64,79,10,10,0,10,1,3,2,3,3,4,NA,1,6,11,5,2,1,1,1,1,1,3,3,1,3,-8,-8,NA,NA,NA,NA,NA,NA,NA,NA,4,15,15,1,1,NA,2,60,1,2,NA,2,4,1,NA,8,5,1
"337",0.46528128,"337-91",337,91016,3,91,2024,6,3,1,2,5,17,10,5,3,5,3,1,2,1,6,5,5,6,2,5,5,6,6,4,6,6,6,4,5,2,4,6,2,6,5,5,3,2,3,3,3,3,3,1,1,1,-8,3,1,1,3,3,1,3,1,1,3,3,3,1,2,2,3,2,2,2,3,1,1,4,1,3,2,2,1,2,5,10,0,10,10,2,NA,NA,15,9,31,64,79,10,0,0,10,4,4,2,3,4,2,-8,11,2,3,10,4,1,2,1,2,2,3,5,-8,3,2,1,1,4,1,1,NA,NA,NA,NA,7,9,NA,1,1,NA,1,66,1,2,NA,2,4,1,NA,7,4,1
"338",3.88723814,"338-91",338,91205,20,91,2024,6,13,1,3,3,6,5,3,2,3,2,3,3,3,-9,4,4,-8,6,2,2,6,6,6,3,6,6,6,4,3,3,6,3,6,4,3,1,2,4,3,4,4,3,4,3,3,4,-8,2,3,3,2,3,3,3,2,3,4,1,1,3,4,4,4,4,-8,3,4,2,2,3,2,3,3,3,2,2,10,10,10,7,2,NA,NA,14,7,45,55,83,5,10,5,0,1,5,2,1,NA,5,NA,2,8,11,1,1,1,1,1,2,1,3,4,1,3,-8,-8,NA,NA,NA,NA,NA,NA,NA,NA,2,15,15,1,1,NA,2,35,1,2,NA,2,6,2,4,1,3,9
"339",1.94095322,"339-91",339,91207,20,91,2024,6,13,1,3,17,3,9,3,2,3,3,3,3,3,-9,-9,-9,6,-9,-9,-9,-9,-9,-9,-9,-9,-9,-9,-9,-9,-9,-9,-9,-9,-9,3,-9,-9,-8,-8,-8,-8,-8,-8,-8,-8,-8,-8,-8,-8,-8,-8,-8,-8,-8,-8,-8,-8,1,2,3,2,4,4,4,4,4,4,4,4,4,4,4,4,4,4,4,10,5,10,-7,NA,NA,NA,10,8,25,60,85,0,7,3,5,4,5,2,3,3,5,NA,2,11,1,6,3,1,1,1,2,1,2,3,1,3,3,1,4,4,4,4,NA,NA,NA,NA,5,15,15,1,1,NA,1,21,1,2,NA,1,7,2,4,1,5,9
"340",0.96785883,"340-91",340,91206,20,91,2024,6,13,1,3,3,1,13,1,3,2,4,4,2,2,-9,-9,-9,-9,-9,-9,-9,-9,-9,-9,-9,-9,-9,-9,-9,-9,-9,-9,-9,-9,-9,-9,-9,-9,4,4,4,4,4,4,4,4,4,4,4,4,4,4,4,4,4,4,4,4,-9,-8,3,1,5,5,5,5,5,5,5,5,5,5,5,5,5,5,-8,10,10,10,-9,2,NA,NA,10,8,25,60,85,5,6,0,0,3,5,2,3,2,-8,NA,6,2,7,-9,2,1,2,1,-9,-9,-9,-9,1,3,3,-9,NA,NA,NA,NA,NA,NA,NA,NA,-8,15,15,1,-9,NA,2,49,1,-9,NA,-9,4,2,4,1,2,-9
"341",2.80744977,"341-91",341,91189,20,91,2024,6,13,1,3,5,10,1,5,1,3,1,1,1,1,-9,4,4,6,-8,3,4,3,-8,6,6,-8,6,6,4,4,4,6,2,6,4,3,-9,-9,3,4,4,3,4,-8,4,-8,4,3,2,1,4,3,2,3,2,2,3,4,1,1,3,2,3,-8,-8,-8,-8,-8,-8,-8,-8,-8,-8,-8,-8,-8,-8,10,10,10,10,1,2,6,20,18,46,65,87,5,0,0,3,2,2,1,1,NA,5,NA,2,7,6,5,2,1,1,1,1,5,5,5,1,-9,-9,-8,NA,NA,NA,NA,NA,NA,NA,NA,-8,15,15,1,1,NA,2,40,1,2,NA,2,4,1,NA,3,5,9
"342",0.89000116,"342-91",342,91094,12,91,2024,6,8,1,4,1,6,3,2,-8,3,3,4,-8,3,6,3,-8,6,6,6,6,6,6,6,6,6,6,6,3,6,6,6,6,6,6,4,1,-8,2,3,1,4,2,1,3,2,3,3,2,3,4,3,2,4,4,-8,4,3,1,1,1,1,-8,4,5,5,1,4,5,5,-8,5,-8,-8,4,4,1,10,10,10,-7,NA,NA,NA,8,5,26,57,80,8,2,8,0,4,5,3,1,NA,2,2,3,8,11,10,2,2,2,1,2,1,2,5,2,3,2,2,NA,NA,NA,NA,2,-8,-8,2,-8,15,15,2,NA,-9,2,76,1,2,NA,2,1,1,NA,7,1,1
"343",1.44326389,"343-91",343,91271,24,91,2024,6,15,1,2,3,1,14,3,1,4,3,2,2,1,4,3,2,6,2,2,2,3,3,2,6,6,6,6,4,3,3,6,2,6,1,2,5,4,4,3,3,3,3,3,4,2,4,3,3,3,3,3,3,3,3,2,4,4,1,2,3,2,4,4,4,5,4,4,4,4,4,4,4,4,4,4,4,10,10,10,10,2,NA,NA,9,11,36,63,78,0,5,5,0,4,5,1,3,1,1,2,2,1,3,4,5,1,1,1,2,2,5,5,1,3,3,1,-8,2,5,5,NA,NA,NA,NA,5,4,NA,1,1,NA,2,59,1,2,NA,2,8,2,8,1,7,2
"344",0.35338958,"344-91",344,91094,12,91,2024,6,8,1,4,13,7,2,3,2,2,3,3,2,1,2,4,4,3,3,4,3,4,3,3,3,3,3,4,3,2,3,3,3,3,2,4,2,2,2,4,4,2,3,3,3,2,3,2,2,2,3,3,2,2,2,2,2,1,1,1,2,1,4,3,4,5,3,2,5,3,3,4,4,4,3,2,1,6,5,4,-7,NA,NA,NA,9,11,36,63,78,10,0,10,0,2,2,1,2,3,4,NA,3,9,11,7,3,2,2,2,2,3,5,3,1,3,3,2,NA,NA,NA,NA,4,1,1,-8,1,15,15,1,1,NA,1,50,1,2,NA,2,4,1,NA,7,4,9
"345",0.21250075,"345-91",345,91094,12,91,2024,6,8,1,3,1,6,10,3,3,2,4,3,3,1,-9,4,5,6,6,4,2,6,6,6,6,6,6,6,4,3,6,6,4,6,3,5,1,4,3,2,3,4,4,4,3,3,3,3,3,3,3,3,2,1,3,3,3,3,1,1,3,1,4,3,5,4,3,5,5,2,3,5,4,3,4,3,2,10,9,10,10,1,3,5,16,19,39,62,86,9,9,0,1,2,1,2,2,2,5,NA,2,6,11,10,2,1,1,1,2,1,3,3,1,3,2,2,NA,NA,NA,NA,-8,4,4,5,4,15,1,1,1,NA,2,54,1,2,NA,2,4,1,NA,2,2,1
"346",1.55232513,"346-91",346,91025,4,91,2024,6,4,1,2,10,5,1,2,2,2,2,4,2,2,6,3,4,6,1,2,2,3,6,6,6,6,6,6,5,4,3,2,4,-8,4,4,1,4,2,2,3,4,3,2,2,2,4,3,2,4,3,2,2,3,2,-8,3,2,1,1,2,2,4,3,3,3,3,2,2,2,2,3,3,4,3,2,3,10,10,10,10,1,1,6,18,15,35,72,89,8,7,0,8,4,2,1,2,1,4,NA,7,2,1,7,2,1,1,1,1,5,5,5,1,3,2,2,NA,NA,NA,NA,1,1,2,2,4,10,NA,1,2,NA,2,46,1,2,NA,2,4,2,7,1,7,1
"347",1.44326389,"347-91",347,91271,24,91,2024,6,15,1,2,3,2,26,4,1,4,2,5,1,1,5,4,5,6,6,4,4,6,6,-8,6,6,6,6,5,-8,2,6,3,6,2,5,8,4,-8,3,3,4,3,3,3,3,3,1,3,3,3,4,3,3,3,3,3,3,3,1,3,1,5,5,3,3,3,4,5,4,4,4,3,3,2,4,3,10,9,10,-7,NA,NA,NA,11,13,30,51,92,10,0,10,0,2,5,1,1,NA,1,5,6,2,11,6,2,1,1,1,2,2,3,2,2,3,3,1,2,-9,2,2,NA,NA,NA,NA,6,10,NA,1,2,NA,2,56,1,2,NA,2,6,1,NA,8,7,1
"348",0.22250029,"348-91",348,91094,12,91,2024,6,8,1,4,7,3,9,4,1,4,3,2,-8,1,-9,4,2,6,4,6,4,4,6,6,6,6,6,6,4,6,4,6,2,6,6,4,1,1,1,1,4,4,3,-8,3,4,4,-8,1,2,-8,-8,-8,-8,1,1,1,1,3,-8,2,1,5,5,5,5,5,5,5,5,5,5,5,5,5,5,1,10,-7,10,-7,NA,NA,NA,22,22,44,50,75,0,0,0,1,4,2,1,1,NA,5,NA,1,6,3,10,2,2,2,2,3,1,5,5,2,3,-8,2,NA,NA,NA,NA,2,2,4,5,4,-8,15,1,1,NA,2,81,1,2,NA,2,2,1,NA,7,1,1
"349",0.62600651,"349-91",349,91094,12,91,2024,6,8,1,3,1,3,5,1,3,4,3,5,3,2,1,6,4,6,6,4,6,6,6,6,6,6,6,6,4,6,6,6,2,6,6,4,9,6,3,2,1,4,2,3,1,2,3,4,1,4,4,4,3,2,1,2,2,3,3,2,1,2,3,4,4,4,2,2,4,4,1,4,4,4,2,4,1,10,-7,3,-7,NA,NA,NA,6,17,40,52,84,1,6,6,7,4,4,2,2,2,1,4,6,8,10,8,2,1,1,1,3,3,1,1,2,3,3,1,2,2,2,2,NA,NA,NA,NA,1,15,15,1,-9,NA,1,65,1,2,NA,2,2,1,NA,7,1,2
"350",0.68671191,"350-91",350,91094,12,91,2024,6,8,1,3,3,7,9,2,2,4,3,5,3,2,-9,1,4,6,6,6,6,6,6,6,6,6,6,6,3,6,6,6,5,6,6,5,4,6,3,1,2,4,3,4,3,3,3,4,3,4,4,3,3,3,1,3,1,3,2,1,2,1,4,5,5,4,2,4,3,2,4,3,2,2,2,3,2,10,10,10,-7,NA,NA,NA,3,2,47,56,95,4,2,0,3,2,5,2,2,1,5,NA,2,11,1,7,5,1,3,1,2,4,4,5,2,3,3,1,-8,1,5,5,NA,NA,NA,NA,4,15,18,1,2,NA,1,21,1,1,5,1,7,2,4,8,2,2
"351",0.62600651,"351-91",351,91094,12,91,2024,6,8,1,4,10,9,2,2,2,3,3,5,3,-9,2,3,4,6,-8,1,2,2,6,6,-8,6,6,6,2,6,6,6,2,6,6,1,3,-8,-8,4,3,3,3,3,3,3,4,-8,4,3,1,3,4,1,4,3,2,1,3,2,3,1,1,5,5,5,5,5,5,5,5,-8,5,5,5,5,2,10,-7,10,-7,NA,NA,NA,12,4,33,59,94,0,0,10,0,4,1,1,3,4,4,NA,1,6,10,10,1,1,1,1,3,2,1,1,1,3,3,1,5,5,5,-8,NA,NA,NA,NA,3,15,15,1,1,NA,1,73,1,2,NA,2,1,1,NA,7,8,1
"352",0.92712962,"352-91",352,91032,6,91,2024,6,5,1,3,3,7,9,2,2,4,3,4,2,2,-9,2,3,6,6,6,3,4,6,6,6,3,3,6,3,6,3,6,3,6,6,4,11,6,3,2,3,3,2,3,3,3,3,3,2,3,2,3,2,3,2,2,3,3,1,1,3,1,3,3,3,2,2,3,2,1,1,2,3,1,2,2,6,5,5,7,6,1,2,6,4,6,27,66,91,6,8,5,5,1,2,2,2,1,4,NA,10,2,1,5,2,1,3,2,3,1,3,3,1,3,3,2,NA,NA,NA,NA,3,-8,-8,-8,4,15,15,-9,NA,-9,1,34,1,2,NA,2,4,1,NA,3,5,9
"353",1.13021516,"353-91",353,91033,6,91,2024,6,5,1,3,3,9,26,2,2,4,3,4,3,1,-9,4,3,6,3,3,3,6,6,6,6,6,6,6,3,3,3,6,3,6,3,2,-8,-8,4,4,4,4,3,3,4,3,3,3,3,3,4,3,2,3,3,2,2,3,1,-8,3,1,4,4,5,4,4,3,4,4,3,4,4,4,4,3,6,0,0,0,0,2,NA,NA,12,4,33,59,94,5,2,10,0,2,5,2,3,2,4,NA,1,11,6,-8,2,1,1,1,-8,1,3,-9,1,3,2,-8,NA,NA,NA,NA,NA,NA,NA,NA,-8,15,15,1,-9,NA,1,34,1,2,NA,2,8,1,NA,3,5,9
"354",0.58205831,"354-91",354,91032,6,91,2024,6,5,1,3,3,9,14,2,2,3,3,3,3,2,5,1,2,6,1,1,2,6,3,3,6,6,6,6,3,4,3,6,1,6,2,4,1,2,4,1,4,4,2,3,4,3,2,2,2,4,4,3,3,2,2,2,3,3,1,1,2,1,4,5,4,4,3,3,2,3,3,3,3,5,3,5,1,1,4,8,5,1,3,4,7,3,20,53,88,4,5,4,6,2,3,1,2,4,4,NA,11,5,1,-8,1,2,2,2,2,1,3,3,1,3,2,-8,NA,NA,NA,NA,NA,NA,NA,NA,4,15,15,2,NA,5,1,50,1,2,NA,2,4,1,NA,1,5,9
"355",0.66520262,"355-91",355,91014,2,91,2024,6,2,1,3,26,3,1,2,3,3,4,-9,3,2,-9,2,2,6,6,6,2,6,6,2,2,2,6,6,4,2,6,6,6,6,6,4,1,1,-8,2,3,4,4,4,3,4,3,-9,2,4,4,-8,-8,4,2,-8,4,3,3,-9,2,1,4,4,4,4,4,4,4,4,4,4,4,4,4,4,2,10,10,10,0,2,NA,NA,5,12,34,58,77,0,0,0,0,4,5,2,3,2,2,2,1,2,6,10,2,1,1,1,1,1,5,2,2,3,3,-8,NA,NA,NA,NA,NA,NA,NA,NA,2,15,15,1,3,NA,2,72,1,2,NA,2,1,1,NA,7,5,-9
"356",0.35872837,"356-91",356,91024,4,91,2024,6,4,1,2,9,1,14,1,3,2,5,4,3,2,7,2,2,6,2,2,3,4,6,2,3,6,6,1,3,3,6,6,3,6,3,3,1,4,3,1,4,4,2,3,3,2,4,4,2,3,3,4,3,3,2,2,3,3,1,1,3,1,4,3,2,3,3,2,-9,2,1,4,4,5,2,2,4,9,9,8,0,2,NA,NA,13,14,29,70,96,0,10,0,0,1,4,1,3,3,5,NA,2,4,10,10,2,1,1,1,2,1,1,1,1,3,3,2,NA,NA,NA,NA,5,5,4,5,6,7,NA,1,2,NA,1,77,1,2,NA,2,4,1,NA,7,3,1
"357",0.63750226,"357-91",357,91094,12,91,2024,6,8,1,3,14,9,2,4,3,3,3,5,2,2,4,2,3,6,2,2,2,6,6,6,6,6,6,6,4,4,6,6,2,6,4,4,1,2,3,3,2,4,4,3,3,3,3,3,2,4,3,4,3,3,3,4,3,4,3,2,1,4,5,2,3,4,4,4,4,2,3,2,5,5,2,3,3,10,10,10,-7,NA,NA,NA,4,6,27,66,91,1,8,3,5,4,5,1,2,1,5,NA,1,3,10,6,5,1,1,1,2,3,4,5,2,3,1,2,NA,NA,NA,NA,4,5,-9,-9,5,15,15,1,4,NA,2,51,1,2,NA,2,6,1,NA,1,3,2
"358",0.89275966,"358-91",358,91182,20,91,2024,6,13,1,1,3,9,1,3,2,4,3,4,2,1,6,4,2,6,3,4,3,2,4,3,2,6,6,6,5,4,3,2,1,2,4,5,3,4,3,3,3,3,3,3,4,3,4,3,3,3,3,3,4,3,2,2,3,4,1,1,2,1,4,4,2,4,5,2,3,2,4,4,4,5,4,3,2,10,10,10,10,2,NA,NA,16,19,39,62,86,6,6,5,5,4,2,1,2,4,1,2,2,11,9,8,1,4,4,2,3,2,4,5,1,3,3,1,2,2,3,2,NA,NA,NA,NA,4,10,NA,1,1,NA,2,66,1,1,5,2,10,1,NA,1,7,1
"359",1.06165735,"359-91",359,91053,6,91,2024,6,5,1,3,2,26,3,3,2,3,4,3,-8,3,5,3,3,6,6,6,6,6,6,6,6,6,6,6,4,6,6,6,6,6,6,-8,-8,-8,-8,1,1,4,-8,3,4,4,4,4,1,4,4,-8,3,-8,2,-8,3,3,-8,-8,1,3,5,-8,-8,-8,-8,-8,1,3,-8,-8,-8,-8,-8,-8,-8,2,-7,0,-7,NA,NA,NA,5,12,34,58,77,-8,-8,-8,-8,2,-8,-8,2,-8,-8,NA,4,2,1,-8,-9,-8,-8,2,-8,3,-8,5,1,2,2,2,NA,NA,NA,NA,-8,-8,-8,-8,-8,14,NA,2,NA,-8,2,82,1,2,NA,2,2,2,2,8,2,2
"360",1.01394469,"360-91",360,91053,6,91,2024,6,5,1,3,16,14,3,3,2,3,4,4,2,2,5,2,3,6,2,4,2,3,6,6,6,6,6,6,4,3,6,6,3,6,3,4,1,2,3,2,3,4,3,3,4,2,4,3,1,3,3,3,3,-8,3,3,3,3,1,1,2,1,4,4,4,4,4,4,3,4,3,3,4,4,4,4,1,10,10,10,10,2,NA,NA,10,8,25,60,85,0,10,0,0,1,4,1,3,4,4,NA,3,11,2,7,1,1,1,1,2,2,2,3,2,3,3,1,-8,-8,-8,-8,NA,NA,NA,NA,6,9,NA,1,2,NA,2,50,1,2,NA,2,6,1,NA,1,5,2
"361",1.03326051,"361-91",361,91182,20,91,2024,6,13,1,1,10,13,5,3,1,3,2,3,2,2,5,2,2,2,2,2,2,2,2,2,2,2,2,2,2,2,2,2,2,2,2,3,1,2,4,4,4,4,4,4,4,4,4,4,4,4,4,4,4,4,4,4,4,4,3,2,3,1,4,4,4,4,4,4,4,4,4,4,4,4,4,4,4,5,10,10,10,1,1,6,1,32,37,54,82,0,6,3,5,1,5,1,2,3,4,NA,1,3,6,7,1,2,2,2,2,1,3,5,2,3,3,-8,NA,NA,NA,NA,NA,NA,NA,NA,4,15,15,1,4,NA,1,26,1,2,NA,2,6,2,8,1,4,9
"362",1.59248603,"362-91",362,91053,6,91,2024,6,5,1,3,16,8,3,2,3,3,3,4,3,3,5,3,3,6,6,3,3,6,6,6,6,6,6,6,2,6,6,6,6,6,6,3,9,7,4,4,4,4,4,4,4,4,4,4,4,4,4,4,4,4,4,4,4,3,3,-8,2,3,5,4,4,4,4,4,4,4,4,4,4,4,4,4,3,10,-7,10,-7,NA,NA,NA,10,8,25,60,85,0,6,0,0,4,1,2,2,1,4,NA,6,10,1,5,5,2,2,4,4,3,1,3,2,3,3,2,NA,NA,NA,NA,4,4,4,4,3,15,14,1,4,NA,2,77,1,2,NA,2,2,1,NA,8,1,1
"363",0.69890077,"363-91",363,91117,14,91,2024,6,9,1,2,7,3,11,3,2,4,3,5,1,1,5,4,4,5,5,4,4,5,4,2,6,3,6,1,4,4,4,4,2,4,2,4,1,4,4,4,4,4,4,3,3,4,4,4,2,2,4,4,4,4,1,1,3,4,1,1,3,1,5,2,2,4,2,2,2,2,4,2,2,4,4,4,2,10,10,10,-7,NA,NA,NA,2,16,42,69,81,10,5,10,0,4,4,1,2,4,5,NA,11,3,1,5,7,5,2,4,2,5,5,1,1,3,3,1,-8,-8,2,4,NA,NA,NA,NA,6,15,15,1,1,NA,1,68,1,1,5,2,8,1,NA,7,5,1
"364",0.22252486,"364-91",364,91070,8,91,2024,6,6,1,4,1,10,5,1,3,3,2,4,3,3,-8,6,3,6,6,6,6,6,6,6,6,6,6,6,3,6,6,6,6,6,6,4,1,2,4,3,4,4,3,4,4,4,3,4,3,4,3,4,3,4,3,4,3,4,3,-8,2,1,4,5,5,5,4,4,3,3,3,4,5,3,4,5,6,10,10,10,10,1,2,5,7,3,20,53,88,5,5,5,5,4,5,2,2,1,1,2,6,11,2,10,1,1,1,1,2,2,5,5,2,3,-8,2,NA,NA,NA,NA,2,2,2,4,5,15,15,1,3,NA,2,59,1,2,NA,2,2,1,NA,1,5,9
"365",0.43864889,"365-91",365,91204,20,91,2024,6,13,1,4,3,8,13,4,1,4,2,3,1,1,10,4,2,2,2,4,2,5,3,4,2,4,6,2,2,1,3,2,1,2,1,1,1,6,2,1,3,4,4,4,4,3,4,4,1,2,3,1,1,3,1,2,1,1,1,1,3,2,4,5,5,5,5,5,5,5,4,4,5,5,5,5,3,0,0,10,0,2,NA,NA,16,19,39,62,86,10,10,5,0,1,4,1,2,3,5,NA,2,6,7,10,1,2,4,2,2,1,4,1,2,3,3,-8,NA,NA,NA,NA,NA,NA,NA,NA,1,20,NA,2,NA,1,1,67,1,2,NA,2,2,1,NA,10,NA,1
"366",1.98099636,"366-91",366,91204,20,91,2024,6,13,1,3,8,3,13,3,2,2,3,4,2,2,5,2,5,6,3,2,3,3,6,6,6,6,6,6,4,5,6,6,3,6,4,4,1,4,4,3,3,4,4,4,4,3,3,4,2,3,3,4,3,3,3,2,3,4,1,1,1,1,3,3,4,1,2,3,2,2,2,3,2,3,1,2,1,10,10,10,10,1,3,6,10,8,25,60,85,0,9,0,1,3,2,1,2,1,3,NA,2,3,6,1,2,2,2,2,1,1,3,3,1,3,3,1,5,5,5,5,NA,NA,NA,NA,4,15,15,1,2,NA,2,43,1,2,NA,2,5,1,NA,1,1,2
"367",1.32066424,"367-91",367,91204,20,91,2024,6,13,1,4,3,11,10,3,2,4,3,3,2,2,5,3,4,6,6,4,3,6,6,6,6,3,6,3,4,4,4,6,2,6,3,3,9,2,2,2,3,3,2,2,3,2,3,3,2,3,2,2,2,3,2,3,3,3,1,2,3,1,4,3,3,3,3,3,3,3,3,4,4,3,3,3,3,10,10,10,10,1,2,6,5,12,34,58,77,4,5,6,5,3,1,3,2,2,3,NA,6,9,1,2,2,2,2,2,2,1,5,4,1,3,3,1,3,1,4,4,NA,NA,NA,NA,3,4,NA,1,1,NA,2,38,1,2,NA,2,6,1,NA,1,2,1
"368",1.53334982,"368-91",368,91117,14,91,2024,6,9,1,3,16,17,5,2,2,3,3,4,2,1,4,4,4,6,6,4,4,5,6,6,6,6,6,6,2,6,3,6,1,3,6,3,1,1,3,3,4,4,4,3,3,3,4,3,3,3,3,3,3,4,2,3,3,4,2,1,3,1,4,4,4,3,3,4,4,3,3,4,4,4,4,4,2,5,7,7,-7,NA,NA,NA,1,32,37,54,82,0,5,2,4,2,4,1,2,4,3,NA,5,6,3,6,2,3,3,4,1,2,2,3,2,3,2,2,NA,NA,NA,NA,-8,-8,-8,-8,3,15,15,1,1,NA,1,21,1,1,5,1,7,2,4,1,NA,9
"369",0.62578791,"369-91",369,91180,20,91,2024,6,13,1,3,14,7,3,1,3,3,2,4,2,2,5,3,4,1,6,6,3,6,6,6,6,6,6,6,6,6,6,6,6,6,6,4,9,6,3,3,3,3,4,1,3,3,3,3,3,3,-8,3,3,3,3,3,3,-8,-8,-8,3,1,4,4,4,4,4,4,-8,3,-8,4,3,4,4,-8,1,10,10,10,10,2,NA,NA,15,9,31,64,79,5,5,5,5,2,5,1,2,1,4,NA,1,6,4,8,2,2,2,3,1,1,3,3,-8,3,3,1,2,2,2,2,NA,NA,NA,NA,3,15,15,-9,NA,5,2,27,1,2,NA,2,3,2,4,3,1,9
"370",0.70140627,"370-91",370,91117,14,91,2024,6,9,1,3,1,10,16,3,-8,2,2,2,2,3,5,3,5,3,3,2,2,2,3,6,6,6,6,3,4,4,3,6,3,3,3,4,10,1,3,3,2,4,3,2,4,3,4,2,2,3,4,4,2,4,2,1,3,4,1,1,2,2,4,5,4,2,3,3,4,2,4,5,4,2,3,4,4,10,10,8,8,1,3,5,3,2,47,56,95,5,10,0,10,2,5,3,2,3,5,NA,2,4,6,5,3,1,2,2,2,3,4,5,1,3,1,-8,NA,NA,NA,NA,NA,NA,NA,NA,1,15,15,1,3,NA,2,35,1,1,5,2,4,1,NA,1,5,1
"371",1.39780153,"371-91",371,91117,14,91,2024,6,9,1,3,7,3,1,1,-8,3,3,4,-8,-9,-8,-9,6,6,6,-8,6,6,6,6,6,-8,6,6,6,6,6,6,6,6,6,6,1,4,4,1,4,4,4,1,1,1,2,-8,1,3,3,3,1,4,1,1,1,1,-8,2,1,-8,4,2,5,4,4,4,4,1,4,4,4,4,2,4,7,10,10,-9,7,2,NA,NA,8,5,26,57,80,10,0,10,0,1,5,1,2,2,5,NA,2,6,4,-8,3,1,1,1,2,1,5,5,1,3,-8,2,NA,NA,NA,NA,-8,-8,-8,-8,-8,15,15,1,-9,NA,1,73,1,2,NA,2,1,1,NA,7,4,9
"372",0.56869344,"372-91",372,91071,8,91,2024,6,6,1,4,1,3,10,2,3,2,3,4,3,2,1,2,4,-8,2,2,2,6,2,2,6,6,6,6,4,4,2,2,4,2,2,5,10,1,3,-9,3,3,1,3,3,3,4,3,1,3,3,3,2,3,2,1,3,3,3,2,1,1,3,3,3,2,1,2,3,1,3,3,3,3,2,3,6,10,10,10,-7,NA,NA,NA,17,1,48,67,90,0,0,0,0,4,5,1,3,3,5,NA,1,2,3,10,1,2,2,2,2,3,5,5,1,3,-8,2,NA,NA,NA,NA,4,4,4,4,2,15,15,1,1,NA,2,68,1,2,NA,2,1,2,0,7,2,1
"373",0.23296692,"373-91",373,91117,14,91,2024,6,9,1,3,3,7,5,3,2,3,3,3,3,2,-9,-8,2,-9,6,-9,-9,-9,-9,-9,-9,-9,-9,-9,-9,-9,6,-9,3,-9,-9,-9,-9,4,3,3,-9,4,-9,2,-9,3,4,-9,2,3,3,4,3,-9,3,-9,3,3,3,-9,-9,1,4,2,2,2,-8,-8,2,-8,-8,2,2,2,-8,3,-9,10,10,10,-7,NA,NA,NA,24,24,28,71,73,-9,-9,-9,-9,5,5,1,2,4,4,NA,2,8,6,-9,2,1,1,1,2,3,-9,5,1,3,-9,-9,NA,NA,NA,NA,NA,NA,NA,NA,-9,15,15,1,-9,NA,1,66,1,2,NA,2,2,1,NA,7,4,1
"374",0.76131508,"374-91",374,91081,10,91,2024,6,7,1,3,7,10,1,4,1,4,3,3,1,1,4,5,5,6,3,4,4,4,3,2,4,6,3,3,2,4,2,4,1,3,1,3,1,4,2,3,4,4,4,4,4,2,3,2,2,2,4,3,2,4,2,2,3,3,1,1,3,2,4,2,4,3,3,4,2,3,2,2,2,4,3,2,2,7,-7,6,-7,NA,NA,NA,18,15,35,72,89,10,4,2,5,1,5,2,2,4,4,NA,3,4,1,2,1,2,2,2,1,5,5,4,2,3,3,-8,NA,NA,NA,NA,NA,NA,NA,NA,4,9,NA,1,1,NA,2,67,1,2,NA,2,5,1,NA,7,2,1
"375",1.5913474,"375-91",375,91081,10,91,2024,6,7,1,3,16,5,10,4,1,2,3,2,1,1,1,4,2,6,-8,4,4,4,6,2,6,6,6,6,4,4,2,4,2,6,2,4,1,2,4,3,4,4,3,4,4,4,3,3,2,3,3,3,3,3,3,3,3,4,3,1,2,3,4,3,5,5,4,5,4,2,2,4,4,3,2,5,1,7,10,5,-7,NA,NA,NA,16,19,39,62,86,0,0,0,8,2,2,1,1,NA,3,NA,3,4,2,10,2,2,3,4,3,5,5,5,2,3,1,-8,NA,NA,NA,NA,NA,NA,NA,NA,4,15,15,2,NA,5,1,57,1,2,NA,2,4,2,1,6,2,1
"376",0.75347064,"376-91",376,91192,20,91,2024,6,13,1,2,3,13,10,2,2,2,3,3,2,1,1,4,4,6,6,4,4,6,6,5,6,6,6,6,2,6,3,4,2,6,2,3,5,8,4,3,4,4,3,3,4,2,4,-8,3,3,4,3,4,3,3,3,4,3,1,2,3,2,4,4,4,3,4,4,3,3,3,3,3,4,3,2,1,6,10,10,-7,NA,NA,NA,22,22,44,50,75,0,0,0,10,1,1,1,2,3,3,NA,2,11,8,10,5,1,1,1,2,3,5,5,1,3,-8,2,NA,NA,NA,NA,5,-8,4,4,1,9,NA,1,4,NA,2,59,1,2,NA,2,1,2,8,8,1,1
"377",1.60669905,"377-91",377,91192,20,91,2024,6,13,1,2,2,5,9,3,3,3,3,4,2,2,5,3,4,6,6,3,3,6,6,6,6,6,6,6,6,6,4,6,3,6,6,3,5,4,3,3,3,4,3,3,4,3,3,3,3,4,3,4,3,3,3,3,4,3,1,1,3,1,4,4,3,4,3,3,3,2,3,4,3,3,4,3,6,8,8,7,-7,NA,NA,NA,3,2,47,56,95,10,10,0,10,1,1,1,2,3,3,NA,10,4,9,5,1,2,2,2,1,1,1,5,1,3,2,2,NA,NA,NA,NA,2,2,4,5,1,15,15,2,NA,1,1,18,1,1,5,1,4,2,4,4,7,1
"378",1.06089827,"378-91",378,91081,10,91,2024,6,7,1,2,26,10,1,2,2,3,4,4,2,2,5,1,3,3,1,2,1,1,3,3,2,4,3,1,5,3,4,3,2,3,3,3,2,6,3,1,3,4,1,3,3,2,4,3,2,4,4,3,3,1,3,3,4,4,1,1,3,1,4,4,3,4,4,2,2,2,1,3,3,4,1,2,1,10,10,10,-7,NA,NA,NA,21,21,38,49,93,2,2,2,8,1,1,2,3,1,1,2,3,4,5,5,2,1,1,1,2,1,4,5,1,3,2,2,NA,NA,NA,NA,1,4,4,4,6,15,15,1,1,NA,1,58,1,2,NA,2,6,2,2,1,7,1
"379",0.41602539,"379-91",379,91239,20,91,2024,6,13,1,4,14,3,11,1,2,3,3,4,3,2,5,3,3,6,6,2,1,6,6,6,6,6,6,6,3,2,3,6,6,6,6,3,1,6,4,3,4,4,3,2,3,2,3,4,2,4,4,3,3,3,3,3,3,4,3,2,3,1,4,2,2,2,-9,2,2,2,2,2,2,2,1,2,3,10,10,10,10,1,3,5,19,10,43,61,74,0,0,0,0,3,5,2,3,2,2,2,10,8,11,8,1,3,2,2,1,1,4,5,2,3,3,-8,NA,NA,NA,NA,NA,NA,NA,NA,4,15,15,1,-9,NA,2,57,1,2,NA,2,3,2,3,1,1,9
"380",2.23983309,"380-91",380,91239,20,91,2024,6,13,1,4,11,7,6,3,3,3,4,4,-8,2,6,1,3,6,6,6,1,6,6,6,6,6,6,6,3,6,3,3,3,6,6,4,-8,1,3,3,3,3,3,2,4,2,2,2,3,3,3,3,3,3,2,3,3,3,3,2,1,1,4,5,5,4,3,4,4,3,4,5,5,3,4,4,6,10,10,10,-7,NA,NA,NA,19,10,43,61,74,0,10,0,0,3,5,3,3,1,1,1,1,2,11,5,2,1,3,1,4,1,1,2,2,3,3,1,1,1,5,3,NA,NA,NA,NA,6,-8,-8,1,2,NA,2,27,1,2,NA,2,6,2,-8,1,3,2
"381",0.83205078,"381-91",381,91239,20,91,2024,6,13,1,4,1,3,10,3,3,3,3,3,2,2,7,1,5,6,6,4,6,6,6,6,6,6,6,6,3,6,6,6,2,6,6,5,9,4,3,3,1,3,3,1,2,1,3,3,3,3,3,3,1,3,3,3,3,2,3,2,2,1,3,4,3,3,2,2,4,2,3,2,4,2,2,3,2,10,10,10,10,1,3,7,20,18,46,65,87,10,10,10,5,3,5,2,3,4,1,3,2,6,8,10,5,1,1,1,1,3,3,4,1,3,3,-8,NA,NA,NA,NA,NA,NA,NA,NA,1,15,1,1,1,NA,2,55,1,2,NA,2,2,1,NA,1,2,2
"382",1.24406728,"382-91",382,91182,20,91,2024,6,13,1,2,1,5,3,2,3,2,3,4,2,2,-8,2,2,6,6,2,3,4,4,6,6,6,6,2,5,4,4,4,2,6,3,4,-8,1,3,4,3,4,4,3,1,1,3,4,1,3,4,3,3,4,3,3,3,3,1,-9,2,3,4,3,4,4,3,3,3,3,3,3,3,3,4,3,5,5,10,7,5,1,3,7,20,18,46,65,87,5,5,8,5,4,4,2,2,4,1,5,1,2,6,5,2,1,1,1,3,1,3,5,2,3,3,2,NA,NA,NA,NA,4,2,4,4,4,15,15,1,4,NA,1,58,1,2,NA,2,4,1,NA,2,1,1
"383",0.42631877,"383-91",383,91182,20,91,2024,6,13,1,2,3,9,10,4,2,3,3,3,1,1,3,5,5,3,3,4,5,4,3,3,3,6,3,3,4,4,4,3,1,3,3,3,3,4,2,2,3,3,3,2,2,2,3,2,2,2,3,3,2,2,2,2,3,2,1,2,2,1,3,2,2,3,2,4,3,3,3,4,4,2,3,2,3,10,10,7,-7,NA,NA,NA,15,9,31,64,79,10,5,0,5,4,2,2,1,NA,3,NA,4,7,2,10,2,2,2,2,2,1,3,4,1,3,3,2,NA,NA,NA,NA,1,1,1,4,4,15,15,1,1,NA,2,53,1,2,NA,2,4,1,NA,8,1,1
"384",0.37657594,"384-91",384,91180,20,91,2024,6,13,1,3,1,2,13,1,3,2,3,5,3,2,10,6,4,6,6,6,6,4,5,6,6,1,6,6,5,4,6,6,6,6,4,5,1,1,3,3,4,3,3,4,4,-8,2,-8,1,4,-8,3,3,3,2,1,3,3,3,1,2,1,5,4,4,4,4,4,4,4,4,4,4,2,3,-8,3,6,10,3,-7,NA,NA,NA,8,5,26,57,80,4,2,0,0,4,3,1,2,2,4,NA,1,3,6,10,2,1,2,1,1,1,5,3,2,3,2,-9,NA,NA,NA,NA,NA,NA,NA,NA,-8,15,15,1,4,NA,1,67,1,2,NA,2,2,1,NA,2,5,1
"385",2.03245281,"385-91",385,91077,10,91,2024,6,7,1,3,1,2,10,1,3,3,4,5,3,2,5,2,3,6,2,2,2,4,2,6,6,1,2,6,4,6,3,6,2,6,4,2,1,5,3,1,4,4,3,2,3,3,3,3,2,4,4,4,4,4,2,2,4,4,3,2,3,1,5,5,5,5,5,5,4,3,5,5,5,5,5,5,1,10,10,10,10,2,NA,NA,21,21,38,49,93,0,0,10,5,4,5,1,3,1,1,2,4,1,2,10,2,1,2,1,1,5,5,5,1,3,2,2,NA,NA,NA,NA,-8,2,-8,4,3,15,15,1,1,NA,1,64,1,2,NA,2,8,1,NA,1,7,9
"386",2.25073918,"386-91",386,91077,10,91,2024,6,7,1,3,17,14,1,2,1,3,3,1,1,1,5,5,5,6,6,3,3,6,6,6,6,6,6,6,2,6,5,6,2,6,6,1,2,1,4,1,4,3,2,2,4,3,3,2,1,1,3,4,3,3,1,4,3,4,1,1,2,1,3,3,2,2,3,3,5,2,4,2,3,2,2,4,3,10,10,7,-7,NA,NA,NA,18,15,35,72,89,10,0,5,10,2,2,1,1,NA,1,5,1,9,3,1,1,4,4,4,1,1,-9,5,2,3,2,2,NA,NA,NA,NA,4,4,4,4,5,15,15,1,1,NA,1,22,1,2,NA,1,7,2,4,4,4,5
"387",1.80059134,"387-91",387,91077,10,91,2024,6,7,1,3,3,14,17,3,3,3,3,4,2,2,4,2,4,6,6,4,3,6,6,6,6,6,6,6,2,3,6,6,1,6,6,4,3,4,4,3,4,4,4,4,4,1,4,2,1,3,4,4,4,4,3,3,3,4,1,1,2,4,4,4,4,5,4,5,2,2,3,4,3,4,4,3,2,10,10,10,10,1,2,5,18,15,35,72,89,10,0,4,0,1,5,3,2,3,5,NA,1,4,8,5,2,1,1,1,1,1,4,5,2,3,-8,-8,NA,NA,NA,NA,NA,NA,NA,NA,6,1,NA,1,1,NA,1,28,1,2,NA,2,8,2,4,2,NA,1
"388",0.9123897,"388-91",388,91169,20,91,2024,6,13,1,4,1,3,10,2,3,2,4,5,1,-9,-9,2,5,6,6,6,6,6,6,6,6,6,6,1,5,6,4,6,6,6,-8,-9,-8,-8,4,1,1,4,3,-9,1,3,-9,3,1,4,4,-9,4,-9,3,3,3,3,-9,-9,-8,1,5,3,2,2,2,5,3,3,2,5,2,5,5,1,6,10,10,10,10,2,NA,NA,19,10,43,61,74,8,7,7,8,4,2,1,3,3,5,NA,2,3,5,10,2,1,1,1,2,3,5,2,1,3,2,-9,NA,NA,NA,NA,NA,NA,NA,NA,1,15,15,1,-9,NA,1,68,1,2,NA,2,1,1,NA,7,1,2
"389",1.54517089,"389-91",389,91169,20,91,2024,6,13,1,3,5,1,10,4,1,3,2,4,1,1,3,4,4,4,4,3,3,4,5,5,4,4,4,4,5,4,5,4,1,5,4,4,4,4,4,4,3,4,3,4,4,3,4,4,2,4,4,4,2,3,3,3,3,4,1,1,3,2,3,3,4,4,4,4,3,3,4,4,3,2,3,2,6,10,10,7,-7,NA,NA,NA,7,3,20,53,88,3,3,3,3,5,5,1,2,3,1,2,3,2,5,4,2,2,1,4,1,3,3,3,1,3,-8,-8,NA,NA,NA,NA,NA,NA,NA,NA,4,15,15,1,1,NA,1,50,1,2,NA,2,8,2,8,2,3,9
"390",0.97286675,"390-91",390,91169,20,91,2024,6,13,1,4,2,3,7,2,3,3,3,5,3,2,10,1,1,6,1,2,1,3,6,6,6,6,6,6,3,2,5,2,3,6,2,5,1,2,4,1,2,4,4,4,3,3,2,2,1,4,3,4,2,4,1,1,4,4,3,2,2,2,5,5,5,3,2,3,4,2,5,4,5,5,3,5,6,10,10,10,10,2,NA,NA,22,22,44,50,75,0,0,0,5,1,5,1,3,1,1,5,1,6,10,10,2,3,2,2,5,4,3,1,2,3,3,2,NA,NA,NA,NA,-8,-8,-8,5,4,13,NA,1,2,NA,2,71,1,2,NA,2,4,2,1,1,2,2
"391",0.33378399,"391-91",391,91013,2,91,2024,6,2,1,2,1,13,4,3,2,3,3,2,2,1,5,4,4,6,3,4,4,3,6,2,2,6,6,2,2,4,6,3,1,2,3,3,1,4,4,1,4,4,3,1,3,1,3,2,1,3,3,4,3,3,3,1,3,4,1,1,1,2,4,3,1,3,2,3,3,3,3,2,3,4,2,3,6,10,8,10,0,2,NA,NA,8,5,26,57,80,7,2,5,1,1,2,2,2,2,3,NA,1,7,11,10,2,3,4,3,1,3,5,5,1,3,2,1,5,5,5,5,NA,NA,NA,NA,3,15,15,1,4,NA,1,72,1,1,2,2,7,1,NA,2,2,3
"392",1.19062655,"392-91",392,91087,12,91,2024,6,8,1,3,1,5,9,2,1,3,2,4,2,3,5,4,4,3,1,4,1,3,3,3,4,6,6,6,4,4,3,3,2,3,4,4,11,2,4,2,3,4,4,3,4,3,4,4,2,3,4,3,3,4,3,3,4,4,1,1,2,3,3,3,3,3,3,4,2,3,2,3,3,5,3,3,2,10,10,10,10,1,3,5,9,11,36,63,78,10,10,10,0,1,5,2,3,2,2,1,1,2,6,7,5,1,1,1,1,1,3,5,1,3,3,2,NA,NA,NA,NA,3,3,3,3,6,9,NA,1,1,NA,2,44,1,2,NA,2,4,2,4,2,3,1
"393",0.3559086,"393-91",393,91013,2,91,2024,6,2,1,2,1,3,5,3,3,3,4,5,3,2,-9,-9,-9,-9,-9,-9,-9,-9,-9,-9,-9,-9,-9,-9,-9,-9,-9,-9,-9,-9,-9,-9,-9,1,-9,-9,-9,-9,-9,-9,-9,-9,-9,-9,-9,-9,-9,-9,-9,-9,-9,-9,-9,-9,-9,-9,2,-9,-9,-9,-9,-9,-9,-9,-9,-9,-9,-9,-9,-9,-9,-9,-9,10,10,10,10,2,NA,NA,8,5,26,57,80,10,10,10,0,5,-9,1,3,4,1,5,4,10,11,-9,-9,-9,-9,-9,-9,-9,-9,-9,-9,3,3,-9,NA,NA,NA,NA,NA,NA,NA,NA,-9,15,15,1,-9,NA,2,67,1,2,NA,2,4,1,NA,1,4,9
"394",0.7484775,"394-91",394,91167,20,91,2024,6,13,1,4,1,14,3,3,3,4,3,5,2,2,10,1,3,3,4,4,2,3,6,3,6,6,6,6,4,4,5,6,4,6,4,4,9,4,4,3,3,4,3,3,3,2,3,3,3,4,4,3,3,3,3,3,3,3,3,1,3,5,4,3,2,3,3,2,3,3,3,2,3,3,2,2,6,10,10,10,10,1,3,5,24,24,28,71,73,0,0,10,10,3,1,2,3,3,3,NA,1,2,6,10,5,1,1,1,1,1,1,5,2,3,3,1,4,4,4,2,NA,NA,NA,NA,5,11,NA,1,1,NA,2,50,1,1,5,2,4,2,8,1,3,2
"395",1.69956735,"395-91",395,91013,2,91,2024,6,2,1,2,9,2,3,4,2,4,3,2,2,-9,-9,3,2,6,6,6,2,6,6,6,6,6,6,6,3,6,6,6,4,2,6,3,9,3,3,-9,4,4,4,4,4,3,3,4,2,3,4,4,4,4,2,2,2,3,-8,-9,3,1,5,-8,-8,-8,-8,-8,-8,-8,-8,-8,-8,-8,-8,-8,-8,10,10,8,9,1,1,6,20,18,46,65,87,2,5,3,5,4,1,2,1,NA,3,NA,1,3,11,9,5,1,1,1,2,5,-9,1,1,3,3,1,5,5,5,5,NA,NA,NA,NA,3,15,15,1,1,NA,2,51,1,2,NA,2,6,1,NA,1,2,11
"396",0.90040024,"396-91",396,91013,2,91,2024,6,2,1,3,2,3,26,2,2,3,2,5,2,2,4,1,2,6,1,1,2,2,5,6,6,6,6,6,4,4,6,2,4,6,1,4,1,4,4,1,4,4,2,4,3,3,1,4,1,4,4,3,1,-9,1,1,1,2,3,1,3,1,4,4,5,5,4,5,3,2,3,3,2,5,4,4,5,10,10,10,5,2,NA,NA,13,14,29,70,96,0,5,5,0,3,1,1,3,1,1,3,1,2,7,10,1,1,1,1,1,1,1,1,1,3,2,2,NA,NA,NA,NA,1,1,1,5,4,15,15,1,4,NA,1,35,1,1,2,2,2,1,NA,1,2,9
"397",0.3559086,"397-91",397,91013,2,91,2024,6,2,1,3,1,5,13,3,3,3,3,5,2,1,10,3,2,6,6,1,4,3,3,6,3,3,6,6,1,4,5,3,4,6,3,5,4,4,3,4,4,3,3,4,3,3,4,3,4,2,3,3,3,3,2,3,4,3,1,2,3,1,4,4,5,4,2,3,5,3,4,3,3,5,4,3,-9,10,5,10,-7,NA,NA,NA,16,19,39,62,86,0,5,0,0,5,3,3,2,2,4,NA,1,3,9,-9,1,1,2,1,5,1,5,5,2,3,1,2,NA,NA,NA,NA,2,4,2,4,1,15,15,1,1,NA,2,73,1,1,9,2,2,1,NA,7,1,1
"398",1.4059423,"398-91",398,91175,20,91,2024,6,13,1,4,3,6,10,3,1,3,3,3,2,2,-9,2,3,6,2,2,2,3,4,2,6,6,6,6,4,4,3,2,2,3,2,4,1,6,4,3,4,3,2,2,-9,2,2,3,1,3,3,3,2,3,1,2,3,2,2,1,3,1,4,5,5,4,4,4,4,3,4,4,4,5,4,4,1,10,10,10,10,1,2,4,17,1,48,67,90,0,0,0,10,1,1,1,3,1,4,NA,4,2,6,10,1,1,1,1,2,1,5,5,1,3,3,-8,NA,NA,NA,NA,NA,NA,NA,NA,3,15,15,1,4,NA,2,45,1,2,NA,2,8,1,NA,1,4,9
"399",0.76474733,"399-91",399,91175,20,91,2024,6,13,1,3,5,9,26,1,2,4,1,3,2,3,5,6,4,6,6,6,3,6,6,6,6,6,6,6,-8,6,2,6,2,6,6,4,1,2,3,3,3,3,3,3,4,3,3,2,3,3,-8,-8,3,3,2,2,3,3,2,2,3,1,4,3,4,3,3,3,4,3,3,3,3,3,3,2,6,10,8,10,10,2,NA,NA,10,8,25,60,85,0,4,0,0,5,5,1,2,3,2,2,1,4,6,10,2,1,1,1,2,1,5,5,1,3,-8,1,5,-8,5,5,NA,NA,NA,NA,6,15,15,1,4,NA,2,24,1,2,NA,2,5,1,NA,1,1,9
"400",0.65728756,"400-91",400,91005,1,91,2024,6,1,1,1,3,10,14,4,1,4,2,2,1,1,3,5,4,6,4,4,5,5,6,6,6,6,6,6,2,6,2,6,1,6,6,1,1,1,3,3,3,4,3,2,4,3,3,3,3,2,3,2,3,2,3,2,2,3,1,1,3,1,4,3,4,3,3,3,3,3,2,2,3,4,3,3,3,7,-7,8,7,2,NA,NA,5,12,34,58,77,0,9,0,10,1,5,3,2,2,3,NA,1,6,11,3,4,2,2,2,3,3,2,4,1,3,3,2,NA,NA,NA,NA,2,2,2,3,4,9,NA,1,1,NA,1,31,1,2,NA,2,8,1,NA,1,4,9
"401",0.84143598,"401-91",401,91014,2,91,2024,6,2,1,4,26,3,10,3,1,3,3,3,2,1,5,3,6,6,6,6,6,6,6,6,6,6,-9,6,6,6,6,6,6,6,6,3,2,4,3,3,3,3,3,3,3,3,3,3,3,3,3,3,3,3,3,3,3,3,2,2,2,1,4,4,4,4,4,4,4,4,4,4,4,4,4,4,3,5,4,5,5,1,3,7,20,18,46,65,87,5,6,4,4,2,4,2,-9,NA,-9,NA,5,8,9,6,4,2,2,3,4,3,3,3,2,2,-8,2,NA,NA,NA,NA,-8,-8,-8,-8,4,15,15,2,NA,1,1,33,3,2,NA,2,4,1,NA,1,1,1
"402",0.42611135,"402-91",402,91138,19,91,2024,6,12,1,3,3,11,13,3,2,3,3,5,2,1,10,5,5,2,4,3,1,4,5,3,2,6,6,3,2,2,2,2,1,6,2,5,1,2,4,2,3,4,3,2,2,1,3,1,1,1,3,4,2,4,1,2,3,2,1,2,2,2,3,1,4,5,2,3,1,1,2,4,2,4,3,3,5,10,10,10,-7,NA,NA,NA,5,12,34,58,77,10,5,0,10,2,5,2,3,4,2,3,5,2,11,10,6,1,2,1,2,5,4,3,1,3,2,2,NA,NA,NA,NA,1,4,2,3,4,9,NA,1,1,NA,2,64,1,1,5,2,2,1,NA,2,4,1
"403",0.85399309,"403-91",403,91220,20,91,2024,6,13,1,3,1,10,3,3,2,3,3,3,2,-8,-8,3,3,6,6,6,6,6,6,6,6,6,6,6,6,6,6,6,6,6,6,3,10,1,4,4,4,4,4,3,3,3,3,2,4,3,4,3,4,3,4,2,3,4,3,-8,2,1,5,4,5,4,4,5,5,5,5,5,4,5,5,5,6,10,10,10,9,2,NA,NA,12,4,33,59,94,0,0,5,0,1,5,1,3,4,5,NA,4,8,2,10,2,1,1,1,2,1,5,5,2,3,3,-8,NA,NA,NA,NA,NA,NA,NA,NA,4,15,15,1,4,NA,2,50,1,2,NA,2,6,2,6,8,4,3
"404",0.29805967,"404-91",404,91220,20,91,2024,6,13,1,3,1,7,5,1,3,4,4,-8,3,2,-8,-8,4,6,6,4,4,6,6,6,6,6,6,6,4,6,-8,6,-8,-8,-8,4,1,1,4,4,4,4,4,4,4,4,-8,-8,3,3,2,-8,4,4,1,4,4,4,3,-8,3,1,5,5,5,5,5,5,5,5,5,5,5,5,5,-8,6,10,10,10,0,2,NA,NA,20,18,46,65,87,0,0,10,10,1,5,1,-8,NA,5,NA,2,11,6,10,7,1,1,1,1,1,1,1,2,3,-8,-8,NA,NA,NA,NA,NA,NA,NA,NA,4,15,15,1,-8,NA,2,83,1,2,NA,2,2,1,NA,7,5,3
"405",2.52479928,"405-91",405,91220,20,91,2024,6,13,1,3,1,3,12,3,1,3,2,2,1,1,-8,3,5,6,4,3,4,6,6,6,6,6,6,6,3,3,6,2,1,6,6,3,3,4,3,2,4,4,2,3,3,3,3,4,3,2,4,3,3,3,2,2,3,4,1,1,2,2,3,3,3,3,3,3,3,3,3,3,3,3,3,3,3,10,10,10,10,1,2,5,10,8,25,60,85,0,10,0,0,2,5,1,2,1,3,NA,1,2,7,4,1,1,1,1,1,3,5,5,1,3,2,-8,NA,NA,NA,NA,NA,NA,NA,NA,6,15,15,1,-9,NA,2,42,1,2,NA,2,4,2,4,2,3,1
"406",0.56932873,"406-91",406,91220,20,91,2024,6,13,1,3,3,1,10,2,3,2,3,4,2,2,-8,4,4,6,4,2,4,6,6,6,6,6,6,6,4,6,6,4,-8,6,6,4,1,7,2,2,2,3,2,3,3,2,3,4,1,3,3,2,2,2,1,1,2,2,2,1,3,1,5,4,3,3,3,3,3,2,2,3,2,2,2,2,6,7,10,5,10,1,2,7,1,32,37,54,82,0,7,3,10,2,4,1,2,4,5,NA,2,6,7,10,2,1,1,1,2,4,5,5,1,3,3,-8,NA,NA,NA,NA,NA,NA,NA,NA,4,15,15,1,1,NA,2,45,1,2,NA,2,8,1,NA,1,2,1
"407",0.59611933,"407-91",407,91220,20,91,2024,6,13,1,2,1,3,10,1,2,3,3,4,2,2,-8,2,2,6,6,2,2,6,6,6,6,6,6,6,4,4,4,6,4,6,2,5,1,1,2,1,4,4,4,-8,4,3,4,-8,1,4,4,-8,2,1,1,1,1,3,3,2,1,1,5,5,2,4,2,2,4,4,2,4,4,5,2,-8,6,10,0,10,0,2,NA,NA,23,23,41,68,76,10,10,0,0,2,1,2,2,1,4,NA,1,6,8,5,1,2,2,2,1,4,4,4,2,3,-8,-8,NA,NA,NA,NA,NA,NA,NA,NA,8,15,15,1,3,NA,2,67,1,2,NA,2,3,1,NA,7,6,1
"408",1.5261009,"408-91",408,91219,20,91,2024,6,13,1,3,2,3,4,2,2,2,3,3,2,2,-8,4,4,6,3,6,3,3,6,6,6,6,6,6,5,6,6,6,3,6,6,5,1,1,3,2,4,4,4,3,3,1,4,3,1,3,4,3,3,1,1,1,3,4,2,1,3,1,5,4,4,2,5,5,5,2,1,4,4,2,1,2,2,10,10,10,10,1,3,5,2,16,42,69,81,0,5,5,5,1,5,1,3,1,5,NA,3,6,2,10,1,1,1,1,2,5,5,5,1,3,3,1,5,5,5,5,NA,NA,NA,NA,4,15,15,2,NA,2,2,44,1,2,NA,2,4,2,0,2,1,9
"409",0.58670247,"409-91",409,91219,20,91,2024,6,13,1,3,1,2,3,1,3,3,4,1,3,2,-8,1,2,2,1,1,1,2,2,2,2,6,6,2,4,1,3,6,4,2,1,4,1,4,1,3,1,4,4,3,4,3,4,3,3,4,4,3,4,4,3,4,4,4,1,1,3,1,5,4,4,4,4,4,3,4,4,4,4,4,4,4,6,10,10,10,0,2,NA,NA,6,17,40,52,84,5,0,5,10,2,5,1,3,1,1,2,3,4,6,10,5,1,1,1,2,1,5,1,2,3,3,1,5,1,5,2,NA,NA,NA,NA,5,18,NA,2,NA,2,2,58,1,1,5,2,3,2,1,8,1,1
"410",0.76032475,"410-91",410,91219,20,91,2024,6,13,1,3,1,2,5,2,3,3,4,4,3,2,-8,2,2,6,6,4,2,6,6,2,6,6,6,6,4,2,4,2,4,6,2,3,1,1,4,4,1,4,4,4,2,4,4,3,3,4,4,4,3,4,3,4,3,4,3,2,1,1,5,5,5,5,5,5,5,5,5,5,5,5,5,5,2,10,10,10,10,2,NA,NA,9,11,36,63,78,10,10,10,0,1,5,2,2,1,5,NA,11,6,7,10,6,1,1,1,1,2,5,4,1,3,3,1,1,1,1,1,NA,NA,NA,NA,4,15,15,1,4,NA,1,66,1,2,NA,2,1,1,NA,2,1,2
"411",0.39113498,"411-91",411,91219,20,91,2024,6,13,1,3,1,5,14,1,3,2,5,4,2,2,-8,2,4,6,2,2,2,2,6,2,6,6,6,6,4,4,2,6,2,6,2,2,3,1,4,3,3,4,3,3,3,1,3,4,4,3,4,4,3,3,4,3,3,3,3,2,3,1,4,4,4,4,4,4,4,4,4,4,4,4,4,1,6,10,10,10,10,2,NA,NA,11,13,30,51,92,10,0,10,10,2,1,1,2,4,5,NA,1,3,8,10,2,1,1,1,1,2,1,1,2,3,3,1,1,1,5,-8,NA,NA,NA,NA,6,15,15,1,1,NA,2,60,1,2,NA,2,4,1,NA,2,2,9
"412",0.50688317,"412-91",412,91219,20,91,2024,6,13,1,4,2,3,9,3,2,3,3,3,3,2,5,1,4,6,2,2,2,-8,-8,2,-8,6,6,2,4,2,4,2,2,6,2,4,1,2,3,1,4,4,3,4,4,4,4,4,1,4,4,2,3,3,2,1,4,3,2,2,1,1,4,5,2,4,2,1,1,1,1,1,4,4,5,4,2,10,10,10,10,2,NA,NA,1,32,37,54,82,0,0,0,0,2,3,1,2,2,4,NA,1,11,6,10,2,1,1,1,2,1,1,4,1,3,2,-8,NA,NA,NA,NA,NA,NA,NA,NA,3,10,NA,1,2,NA,1,80,1,2,NA,2,2,1,NA,7,2,1
"413",0.95733438,"413-91",413,91089,12,91,2024,6,8,1,4,1,5,3,3,2,2,3,3,2,2,5,2,4,6,2,3,2,6,6,6,3,3,2,6,4,3,3,3,2,3,3,3,1,2,3,3,3,3,3,3,3,3,3,3,2,3,3,3,3,3,2,2,3,3,1,1,2,1,3,3,3,3,3,3,2,2,2,3,3,4,3,3,3,10,10,10,10,1,3,5,11,13,30,51,92,10,0,0,5,1,5,2,2,3,4,NA,3,1,6,5,5,1,1,1,1,3,3,3,1,3,3,1,2,2,2,2,NA,NA,NA,NA,1,15,15,1,1,NA,2,40,1,2,NA,2,4,1,NA,1,1,9
"414",1.05680017,"414-91",414,91089,12,91,2024,6,8,1,4,2,4,5,3,2,3,3,3,2,-8,-8,3,3,6,3,3,3,6,6,6,6,6,6,6,3,3,6,6,3,6,6,3,1,4,3,2,2,3,2,2,2,2,3,2,-9,2,3,2,2,2,2,2,3,2,3,1,2,2,3,3,3,3,3,3,2,2,2,-9,3,3,3,3,4,10,5,10,5,2,NA,NA,14,7,45,55,83,2,10,5,0,1,4,2,2,2,4,NA,3,6,9,5,5,1,1,1,-8,5,5,5,-8,-8,-8,-8,NA,NA,NA,NA,NA,NA,NA,NA,3,15,15,2,NA,5,2,19,4,2,NA,1,5,2,4,1,2,9
"415",0.36680115,"415-91",415,91005,1,91,2024,6,1,1,2,13,3,14,3,1,3,2,3,1,1,3,5,4,6,2,4,5,3,6,6,6,6,6,6,4,3,3,6,1,6,2,2,2,4,3,2,2,4,3,3,3,2,3,3,3,2,4,3,3,3,2,2,3,3,1,1,3,2,4,4,4,4,4,4,4,4,3,4,4,4,4,4,1,8,10,10,7,2,NA,NA,9,11,36,63,78,10,7,10,0,4,3,1,2,1,4,NA,6,2,11,4,2,2,2,4,3,1,3,3,1,3,2,2,NA,NA,NA,NA,2,2,2,-8,2,15,15,1,3,NA,2,35,1,2,NA,2,4,1,NA,8,1,2
"416",0.41264962,"416-91",416,91005,1,91,2024,6,1,1,3,5,13,10,4,1,4,2,3,1,1,1,5,4,6,3,4,5,5,4,1,6,6,6,6,1,2,1,6,1,6,2,4,1,6,4,1,3,4,3,3,4,3,2,3,3,3,4,3,4,3,3,1,3,4,1,1,2,1,4,5,5,4,3,3,4,3,3,3,4,4,4,2,6,0,10,10,10,2,NA,NA,23,23,41,68,76,10,10,0,0,5,3,1,2,3,3,NA,1,11,2,10,1,1,1,1,5,1,5,1,1,3,1,2,NA,NA,NA,NA,5,4,4,5,6,15,15,1,-9,NA,1,52,1,2,NA,2,2,1,NA,1,4,9
"417",0.36680115,"417-91",417,91005,1,91,2024,6,1,1,3,3,6,10,3,1,3,3,3,2,1,3,5,4,6,2,6,3,6,6,6,6,6,6,6,2,6,3,3,1,3,6,4,1,4,4,3,2,4,4,3,3,3,1,3,3,3,3,4,3,3,4,3,3,2,1,1,2,3,3,3,3,3,3,3,3,3,5,3,3,5,3,3,3,10,10,10,10,1,3,4,3,2,47,56,95,3,10,0,10,3,5,2,3,1,3,NA,1,8,10,5,1,1,1,1,3,3,3,4,1,3,-8,2,NA,NA,NA,NA,3,1,3,3,3,15,9,1,1,NA,2,44,1,2,NA,2,4,1,NA,2,1,1
"418",1.23794886,"418-91",418,91005,1,91,2024,6,1,1,3,2,3,7,4,1,4,2,2,1,1,4,4,3,6,3,4,4,5,6,2,6,6,6,6,1,3,2,6,2,6,3,3,2,2,3,3,3,3,3,2,3,2,3,3,3,2,4,3,4,3,3,2,3,3,1,1,3,1,4,3,4,4,4,3,3,3,3,2,3,4,3,3,2,7,7,8,7,2,NA,NA,1,32,37,54,82,0,5,5,0,2,4,1,2,2,4,NA,1,9,11,8,4,5,4,4,3,3,2,4,1,3,2,2,NA,NA,NA,NA,2,2,3,3,4,15,17,1,1,NA,1,52,1,1,3,2,4,1,NA,1,3,9
"419",0.61856014,"419-91",419,91146,20,91,2024,6,13,1,3,1,6,10,2,2,3,2,4,2,2,5,2,2,6,2,2,2,-8,6,6,6,6,6,6,4,-8,4,6,3,6,3,3,1,4,3,2,3,3,3,3,3,3,4,4,3,3,3,2,3,2,3,2,3,2,1,1,3,1,4,3,2,1,3,3,2,2,2,3,3,2,1,3,4,7,9,9,-7,NA,NA,NA,3,2,47,56,95,3,10,0,10,1,1,1,2,1,2,4,1,2,6,10,2,1,1,1,2,3,4,5,1,3,3,1,4,1,5,5,NA,NA,NA,NA,4,18,NA,2,NA,2,1,64,1,2,NA,2,6,1,NA,1,3,1
"420",2.24594823,"420-91",420,91146,20,91,2024,6,13,1,3,11,17,3,3,2,2,2,5,2,3,1,2,4,6,2,2,4,2,6,6,6,6,6,6,4,4,2,4,2,6,6,4,8,4,3,2,4,3,3,2,2,2,3,1,3,3,3,3,3,3,3,2,3,3,3,2,1,2,4,2,2,2,2,2,2,2,2,2,2,4,2,3,1,9,8,8,8,1,3,6,8,5,26,57,80,3,3,10,5,2,1,1,1,NA,3,NA,1,4,6,5,5,2,2,1,1,1,5,4,1,3,3,1,4,4,2,3,NA,NA,NA,NA,3,15,3,1,1,NA,1,37,1,2,NA,2,4,1,NA,1,4,1
"421",5.61487058,"421-91",421,91146,20,91,2024,6,13,1,3,3,14,5,2,2,3,3,5,3,1,5,1,2,1,1,1,2,1,1,1,1,1,1,1,2,1,1,1,1,1,1,3,5,4,4,3,4,4,4,4,4,4,4,3,3,4,4,4,4,4,2,4,4,4,3,1,3,1,5,5,4,4,5,5,4,4,3,4,4,4,5,5,3,10,10,10,10,2,NA,NA,6,17,40,52,84,8,0,10,0,5,2,3,2,3,1,3,3,2,4,5,1,1,1,1,2,1,5,1,1,3,3,1,2,1,2,2,NA,NA,NA,NA,6,15,15,1,1,NA,1,40,1,2,NA,2,4,1,NA,1,5,9
"422",0.41629351,"422-91",422,91146,20,91,2024,6,13,1,3,9,2,7,1,2,2,3,5,3,2,4,2,3,6,1,1,1,6,6,6,6,6,6,6,4,6,6,6,3,6,1,3,-8,4,1,1,2,4,4,4,4,4,4,4,2,4,4,3,2,2,2,2,3,3,1,2,2,1,2,5,3,2,2,3,5,2,5,4,3,2,3,3,3,7,10,10,-7,NA,NA,NA,14,7,45,55,83,10,10,10,0,2,4,2,3,3,4,NA,1,3,4,10,1,1,1,2,1,1,5,1,1,3,3,1,4,2,4,4,NA,NA,NA,NA,4,15,15,1,-9,NA,1,65,1,2,NA,2,4,1,NA,7,5,1
"423",1.10642315,"423-91",423,91167,20,91,2024,6,13,1,4,14,3,9,3,2,3,3,3,2,1,5,4,4,6,4,3,3,3,3,6,6,6,6,3,4,3,2,6,1,6,3,4,1,6,4,4,3,4,3,3,3,3,4,3,3,3,3,3,3,3,3,3,3,4,1,1,2,2,4,4,4,4,4,4,4,3,4,4,3,4,4,4,3,10,10,10,10,1,2,5,1,32,37,54,82,0,0,0,0,1,4,3,2,4,2,2,1,2,6,7,5,3,2,1,2,3,5,5,2,3,3,1,3,3,5,3,NA,NA,NA,NA,6,9,NA,1,1,NA,2,42,1,2,NA,2,6,1,NA,1,3,2
"424",0.73498059,"424-91",424,91167,20,91,2024,6,13,1,3,3,9,1,1,3,2,3,4,2,2,8,3,3,3,2,2,2,2,2,4,6,6,6,2,5,3,5,5,4,6,5,4,1,4,1,2,3,4,3,2,1,2,3,3,1,3,3,2,1,3,2,2,2,4,3,2,3,2,4,2,2,4,1,2,2,1,1,2,2,4,2,2,2,3,10,10,-7,NA,NA,NA,19,10,43,61,74,1,10,9,1,2,5,1,2,3,5,NA,2,1,3,10,1,1,1,1,2,1,3,3,1,3,3,2,NA,NA,NA,NA,5,3,3,3,1,15,15,1,2,NA,1,72,1,2,NA,2,2,1,NA,7,5,1
"425",0.83881099,"425-91",425,91179,20,91,2024,6,13,1,1,3,1,9,3,3,2,3,4,2,3,-9,4,2,4,3,4,1,4,3,4,3,3,3,6,4,5,3,3,2,6,3,4,5,4,2,2,2,3,3,2,3,1,3,1,2,2,3,2,2,3,2,2,3,3,1,1,3,1,5,4,4,4,4,4,3,3,4,3,4,3,4,5,6,10,10,10,10,2,NA,NA,21,21,38,49,93,10,3,10,9,4,3,2,3,3,1,2,3,6,9,5,6,3,1,2,2,1,5,5,1,3,3,1,5,5,5,5,NA,NA,NA,NA,6,15,15,1,4,NA,2,54,1,2,NA,2,10,1,NA,1,7,1
"426",1.67762198,"426-91",426,91179,20,91,2024,6,13,1,2,3,10,7,1,2,3,3,4,3,2,6,2,1,4,3,1,3,2,3,3,3,3,4,1,4,2,2,4,2,3,3,3,1,2,3,2,3,3,3,3,3,2,4,4,2,3,3,2,2,3,3,2,3,2,1,1,2,1,3,3,3,2,2,2,2,2,2,2,2,3,2,2,2,6,6,7,6,2,NA,NA,16,19,39,62,86,2,5,3,3,2,4,2,3,2,2,2,11,4,1,5,2,4,2,3,2,2,5,5,1,3,3,1,5,-8,3,4,NA,NA,NA,NA,6,10,NA,1,2,NA,2,54,1,2,NA,2,8,2,8,1,7,1
"427",1.2711887,"427-91",427,91179,20,91,2024,6,13,1,1,3,11,2,4,2,4,3,4,1,2,6,3,4,6,2,4,4,6,6,6,6,6,6,6,5,5,4,5,2,6,4,5,5,4,3,3,3,3,3,2,2,1,4,2,2,2,2,3,2,1,2,1,2,2,1,1,2,1,4,3,2,2,4,4,2,2,2,4,4,4,2,2,6,8,10,10,10,2,NA,NA,8,5,26,57,80,0,10,0,0,1,2,2,2,3,2,2,2,3,11,3,1,2,4,1,1,2,4,4,1,3,2,2,NA,NA,NA,NA,1,1,2,2,6,10,NA,1,1,NA,2,60,1,2,NA,2,8,1,NA,1,7,1
"428",0.65712191,"428-91",428,91153,20,91,2024,6,13,1,3,3,9,14,1,2,2,2,5,2,2,7,1,1,3,3,3,1,2,3,6,3,6,6,6,5,5,3,3,4,6,3,5,6,6,3,1,2,4,2,2,3,3,3,4,1,4,3,2,3,2,1,1,2,3,2,1,3,1,4,5,2,2,3,2,3,2,3,3,3,4,2,2,5,10,10,10,10,1,2,7,22,22,44,50,75,4,5,7,5,1,5,1,2,2,3,NA,8,1,11,8,1,1,1,1,1,1,3,3,1,3,3,-8,NA,NA,NA,NA,NA,NA,NA,NA,5,15,15,1,2,NA,1,43,1,1,5,2,6,1,NA,3,3,9
"429",1.21337884,"429-91",429,91095,12,91,2024,6,8,1,4,3,10,11,1,3,3,3,5,3,2,-8,1,4,6,6,3,2,6,6,6,6,6,6,6,2,6,3,6,3,6,6,5,2,2,3,1,3,4,4,3,3,3,4,3,1,4,4,4,4,3,1,1,4,3,3,1,2,1,5,5,5,5,5,4,4,4,4,4,5,4,4,-8,3,10,10,10,10,1,2,7,1,32,37,54,82,0,0,8,10,1,5,1,2,2,-8,NA,1,7,11,10,4,1,1,1,2,1,1,1,1,3,2,2,NA,NA,NA,NA,2,2,4,4,4,-8,-8,1,2,NA,2,33,1,2,NA,2,4,1,NA,8,1,1
"430",2.33666444,"430-91",430,91011,2,91,2024,6,2,1,4,11,3,9,1,3,2,2,4,2,2,7,2,4,6,4,6,2,6,6,6,6,6,6,6,2,6,6,4,2,6,6,4,4,6,1,2,4,3,3,1,3,1,2,4,3,3,3,3,2,3,3,2,1,3,2,2,2,1,2,4,4,4,3,4,3,2,2,4,2,4,3,4,3,10,10,10,10,2,NA,NA,4,6,27,66,91,0,0,0,10,4,5,3,3,3,5,NA,6,2,8,10,1,2,2,2,4,1,2,4,1,2,2,2,NA,NA,NA,NA,4,4,4,4,3,3,NA,1,1,NA,1,59,1,2,NA,2,2,1,NA,1,4,1
"431",0.56235063,"431-91",431,91138,19,91,2024,6,12,1,4,3,6,2,2,3,2,3,5,3,2,10,1,1,2,1,2,1,2,3,6,6,6,6,6,5,4,5,6,5,6,3,4,9,7,2,1,2,4,4,4,4,2,4,4,1,4,4,2,3,4,2,3,4,3,2,1,1,2,5,5,5,3,4,5,2,2,2,2,4,4,4,3,3,10,10,10,10,2,NA,NA,4,6,27,66,91,9,10,10,10,1,1,2,3,3,4,NA,7,10,2,10,2,1,1,1,1,1,1,4,2,3,2,-8,NA,NA,NA,NA,NA,NA,NA,NA,6,18,NA,1,2,NA,2,45,1,2,NA,2,4,2,8,10,6,1
"432",2.17430839,"432-91",432,91095,12,91,2024,6,8,1,4,3,1,2,3,1,3,1,3,1,2,5,3,4,6,6,6,6,6,6,6,6,6,6,6,6,6,6,6,3,6,6,4,4,4,1,1,1,3,1,1,1,1,2,1,1,1,2,1,1,1,1,1,1,2,1,1,3,2,3,2,3,1,1,1,1,1,1,2,2,2,1,1,1,10,10,10,10,2,NA,NA,6,17,40,52,84,6,6,5,1,2,-8,-8,1,NA,5,NA,6,3,1,0,2,1,2,1,1,1,1,3,2,3,3,1,-8,1,1,-8,NA,NA,NA,NA,-8,15,15,2,NA,5,1,41,6,2,NA,2,4,1,NA,1,1,1
"433",2.27159713,"433-91",433,91138,19,91,2024,6,12,1,3,3,6,12,3,2,4,3,4,2,2,3,2,4,6,6,6,6,6,6,6,6,6,6,6,6,6,6,6,6,6,6,5,2,1,3,2,2,3,2,2,3,2,3,3,2,3,3,2,2,2,2,2,2,2,1,1,2,2,2,3,3,2,2,1,2,1,1,1,1,2,2,1,2,7,6,3,-7,NA,NA,NA,20,18,46,65,87,5,4,3,5,3,4,1,2,3,3,NA,6,1,5,7,1,2,2,1,3,2,2,3,1,3,3,2,NA,NA,NA,NA,5,4,4,4,4,15,15,1,2,NA,1,24,1,1,5,2,4,2,2,1,5,1
"434",0.29440644,"434-91",434,91138,19,91,2024,6,12,1,4,9,11,14,3,3,2,3,3,2,1,-8,5,5,6,6,4,2,6,6,6,6,6,6,6,1,6,6,6,1,6,6,3,5,4,1,2,3,3,4,3,3,1,4,2,1,2,3,4,2,2,1,3,4,3,1,1,2,2,2,2,3,1,2,2,2,2,3,2,4,4,3,2,6,3,-7,10,-7,NA,NA,NA,13,14,29,70,96,0,10,4,0,1,5,1,1,NA,5,NA,11,2,6,3,7,2,1,1,2,1,5,5,2,3,1,2,NA,NA,NA,NA,2,5,4,5,5,1,NA,1,1,NA,2,65,1,2,NA,2,2,1,NA,7,2,1
"435",0.6330465,"435-91",435,91091,12,91,2024,6,8,1,4,3,11,9,2,3,3,3,3,2,1,-9,3,3,6,6,6,-8,6,6,6,6,6,6,6,6,6,6,6,6,6,6,4,1,4,4,2,4,4,3,4,3,2,3,3,2,3,4,4,3,3,2,2,2,2,2,1,2,1,2,2,2,2,2,1,1,1,1,2,2,2,-8,2,1,10,10,10,10,1,2,6,18,15,35,72,89,10,1,2,10,1,5,2,1,NA,4,NA,6,3,2,10,1,1,2,1,1,2,5,4,1,3,3,1,5,2,5,5,NA,NA,NA,NA,3,15,15,1,4,NA,2,42,1,2,NA,2,4,1,NA,8,2,9
"436",1.99360259,"436-91",436,91106,12,91,2024,6,8,1,4,1,3,9,2,3,3,3,4,2,2,5,2,3,6,2,3,2,2,6,6,2,6,6,6,4,3,4,6,3,6,3,4,1,1,2,2,1,3,2,1,1,1,-8,3,1,4,3,3,2,2,2,2,2,4,1,1,1,1,3,3,3,3,3,2,2,2,2,3,3,5,2,3,1,10,10,10,5,2,NA,NA,20,18,46,65,87,7,2,3,1,1,5,2,2,3,5,NA,1,6,10,10,2,1,1,1,1,1,1,5,1,3,3,1,2,-8,3,2,NA,NA,NA,NA,4,10,NA,1,2,NA,2,70,1,2,NA,2,3,1,NA,7,1,2
"437",0.96181852,"437-91",437,91106,12,91,2024,6,8,1,4,1,3,7,2,2,3,3,4,2,3,3,3,4,3,3,4,3,3,4,3,2,3,3,2,3,4,2,4,2,3,4,3,1,2,-9,3,-8,3,3,2,3,2,4,2,2,2,3,3,2,3,2,2,3,3,1,1,3,1,3,3,3,3,3,3,2,2,3,3,3,5,3,3,6,10,10,10,5,2,NA,NA,21,21,38,49,93,4,10,1,10,1,5,3,3,3,4,NA,1,11,4,5,5,1,1,1,2,3,3,3,2,3,3,2,NA,NA,NA,NA,2,2,2,2,4,9,NA,1,1,NA,2,60,1,2,NA,2,4,1,NA,1,3,9
"438",3.70413352,"438-91",438,91106,12,91,2024,6,8,1,4,3,14,9,2,2,2,3,4,2,2,7,1,2,6,1,2,1,2,3,4,6,4,6,6,5,4,4,6,4,6,4,5,1,4,2,1,4,4,4,3,3,3,3,4,1,4,4,2,3,4,2,3,4,4,1,1,2,1,3,3,3,4,3,3,2,2,2,2,3,4,4,3,4,10,10,10,10,2,NA,NA,4,6,27,66,91,7,10,10,10,1,1,1,3,2,3,NA,6,1,2,8,5,1,1,1,1,1,4,5,1,3,2,2,NA,NA,NA,NA,4,4,2,2,1,10,NA,1,2,NA,1,62,1,2,NA,2,2,1,NA,7,1,1
"439",0.93818769,"439-91",439,91106,12,91,2024,6,8,1,4,3,2,7,2,2,3,3,4,2,2,5,2,3,6,1,3,1,3,6,6,6,6,6,6,4,6,3,6,3,6,6,4,2,2,3,2,3,4,4,3,4,3,4,4,2,4,4,4,3,4,2,2,4,4,1,1,2,1,2,2,2,2,2,2,2,2,2,2,2,2,2,2,2,10,10,10,10,1,3,5,5,12,34,58,77,2,10,2,10,1,4,2,3,1,3,NA,1,5,6,5,2,1,1,1,1,1,4,4,-8,3,2,2,NA,NA,NA,NA,4,4,4,4,4,15,15,1,1,NA,2,32,1,2,NA,2,4,1,NA,1,3,2
"440",0.64899151,"440-91",440,91091,12,91,2024,6,8,1,3,4,26,7,3,2,3,3,3,3,3,5,4,5,6,6,3,3,6,6,6,6,6,6,6,4,4,6,6,2,6,6,3,9,4,3,3,3,3,4,3,4,1,3,3,4,3,3,3,3,3,3,2,3,3,3,2,2,1,4,4,3,3,2,4,4,3,3,3,3,3,3,4,1,8,9,9,-7,NA,NA,NA,19,10,43,61,74,0,10,10,0,3,3,3,2,4,4,NA,6,2,11,10,2,2,2,4,2,4,4,5,2,2,2,1,5,5,5,2,NA,NA,NA,NA,6,15,15,1,1,NA,2,58,1,1,5,2,4,1,NA,2,1,1
"441",0.44839753,"441-91",441,91091,12,91,2024,6,8,1,4,11,10,8,2,-8,3,4,-8,3,-9,4,3,-8,6,6,-8,2,4,-8,6,-8,6,6,6,4,-8,6,6,-8,6,3,3,9,1,2,2,2,2,2,2,2,2,3,2,2,2,-8,2,2,3,-8,2,2,2,1,1,2,1,4,-8,-8,-8,-8,-8,-8,-8,-8,-8,-8,-8,-8,-8,1,10,10,10,10,2,NA,NA,5,12,34,58,77,5,10,5,10,1,1,2,3,3,4,NA,1,2,4,10,3,1,1,1,1,5,5,5,1,3,3,1,2,2,2,2,NA,NA,NA,NA,6,15,15,1,-9,NA,2,73,1,2,NA,2,3,1,NA,7,2,1
"442",0.47670562,"442-91",442,91012,2,91,2024,6,2,1,3,3,4,6,2,3,2,3,-9,2,2,-9,2,3,6,6,6,2,6,6,6,6,6,6,6,4,6,6,6,6,6,6,5,2,1,3,3,1,3,3,3,3,2,1,3,3,3,3,3,3,3,3,1,3,3,3,-9,2,1,5,4,4,4,4,4,4,4,4,4,4,4,4,4,1,10,10,10,-7,NA,NA,NA,16,19,39,62,86,10,0,6,4,4,2,1,2,2,4,NA,6,8,11,10,3,1,1,1,1,1,5,3,1,3,3,1,4,2,3,4,NA,NA,NA,NA,2,17,NA,1,2,NA,2,58,1,2,NA,2,2,1,NA,3,8,2
"443",0.83324283,"443-91",443,91012,2,91,2024,6,2,1,3,1,2,3,3,2,3,2,4,3,2,7,1,2,3,1,1,1,1,2,3,3,6,6,6,4,2,3,6,3,6,3,4,7,4,4,2,4,4,3,4,4,3,4,4,2,4,4,3,3,3,2,3,3,4,2,2,2,1,4,5,5,4,5,2,2,3,2,3,5,5,3,3,3,10,10,10,7,2,NA,NA,19,10,43,61,74,0,7,2,3,2,1,2,2,2,3,NA,1,2,8,8,2,1,1,1,2,1,5,2,2,3,3,2,NA,NA,NA,NA,4,5,4,5,2,20,NA,2,NA,4,1,38,1,1,9,2,6,1,NA,3,7,9
"444",0.71505843,"444-91",444,91012,2,91,2024,6,2,1,3,1,3,8,2,2,3,3,4,2,3,-9,3,3,6,6,6,6,6,6,6,6,6,6,6,6,6,6,6,6,6,6,4,9,4,4,3,4,4,4,4,4,4,4,3,4,3,4,4,4,4,3,3,3,3,3,-9,2,1,4,4,4,4,4,4,4,4,4,4,4,4,4,4,1,10,10,10,0,2,NA,NA,1,32,37,54,82,0,0,0,0,3,4,2,2,3,4,NA,4,6,8,4,5,3,2,2,2,4,5,4,1,3,3,2,NA,NA,NA,NA,4,5,5,5,6,15,15,1,4,NA,2,62,1,2,NA,2,4,2,4,1,2,3
"445",1.97583337,"445-91",445,91119,14,91,2024,6,9,1,3,3,1,5,3,2,4,3,4,2,2,-9,2,2,6,2,2,2,2,6,6,6,6,6,6,4,6,4,6,4,4,6,4,9,4,3,2,3,4,3,3,4,3,4,4,3,4,4,3,4,4,3,3,4,4,3,2,2,1,5,5,5,5,5,5,4,4,4,5,4,5,5,5,3,10,10,10,10,2,NA,NA,9,11,36,63,78,5,5,5,5,4,5,1,2,1,4,NA,6,5,3,10,2,1,1,1,2,1,3,5,2,3,3,2,NA,NA,NA,NA,1,1,4,1,5,15,15,1,3,NA,1,53,1,2,NA,2,4,1,NA,1,4,2
"446",2.58504145,"446-91",446,91119,14,91,2024,6,9,1,3,2,6,11,1,2,1,1,5,2,2,5,2,4,6,6,6,4,6,6,6,6,6,6,6,3,2,2,6,1,6,4,3,2,4,3,4,2,4,3,3,2,2,3,1,3,4,4,4,2,3,1,3,4,3,-8,-8,2,2,4,4,4,4,4,4,4,4,4,4,4,4,4,4,5,10,9,10,10,1,3,5,19,10,43,61,74,0,8,10,0,1,1,1,3,2,2,2,1,4,2,10,1,2,1,2,1,5,5,5,2,3,3,-8,NA,NA,NA,NA,NA,NA,NA,NA,4,15,15,1,1,NA,2,24,1,1,5,2,3,2,3,1,2,9
"447",1.97186267,"447-91",447,91005,1,91,2024,6,1,1,3,1,9,14,3,2,3,3,3,2,2,5,2,2,6,6,6,2,6,6,6,6,6,6,6,3,6,3,6,3,6,6,2,1,2,3,3,3,4,4,3,3,3,4,3,3,3,4,2,4,4,2,2,3,3,1,1,2,1,5,4,4,4,4,3,3,2,3,3,3,4,3,2,3,10,10,10,10,2,NA,NA,16,19,39,62,86,5,7,0,2,2,5,1,3,2,4,NA,1,11,6,10,1,1,1,1,1,2,1,3,1,3,3,1,1,1,1,1,NA,NA,NA,NA,4,15,15,1,4,NA,1,36,1,2,NA,2,7,2,4,3,1,9
"448",0.36361288,"448-91",448,91038,6,91,2024,6,5,1,4,10,1,3,2,3,2,4,-8,2,2,5,2,3,6,6,6,2,6,6,6,6,6,6,6,4,6,6,6,4,6,6,5,1,1,2,2,4,4,2,2,3,3,-8,4,2,3,3,3,2,3,2,2,3,3,3,1,3,1,5,3,3,3,2,3,2,2,2,4,3,2,3,-8,-9,10,-7,10,-7,NA,NA,NA,7,3,20,53,88,5,4,5,4,2,2,1,3,1,4,NA,2,6,10,10,4,1,2,1,1,1,-8,5,1,3,3,1,4,4,5,4,NA,NA,NA,NA,1,15,15,1,4,NA,1,83,1,2,NA,2,2,1,NA,7,5,1
"449",2.21914121,"449-91",449,91053,6,91,2024,6,5,1,3,5,14,3,2,2,3,3,4,2,3,5,3,4,6,3,2,3,4,3,3,6,6,6,6,2,4,3,6,2,6,-8,3,2,4,4,3,3,4,3,3,3,3,2,4,3,3,3,3,4,4,2,3,3,3,1,1,3,2,4,3,3,3,5,3,3,3,3,3,3,3,3,3,3,7,8,0,6,1,2,5,12,4,33,59,94,0,3,7,6,3,1,1,2,1,4,NA,2,1,3,5,3,2,2,2,2,1,5,5,1,3,3,2,NA,NA,NA,NA,5,4,4,4,5,14,NA,1,1,NA,1,59,1,2,NA,2,2,1,NA,1,5,9
"450",1.38596194,"450-91",450,91118,14,91,2024,6,9,1,3,13,8,7,2,3,3,2,3,2,3,-8,3,4,6,6,6,3,6,6,3,3,6,6,6,3,6,6,6,4,6,3,4,1,6,3,1,4,3,1,1,3,3,1,3,1,3,3,1,3,3,3,1,3,1,3,2,2,3,4,3,3,3,3,3,3,3,3,3,3,3,3,3,6,10,7,5,10,1,3,7,17,1,48,67,90,5,1,5,1,2,1,2,2,3,3,NA,3,11,6,7,1,2,2,2,3,1,1,5,1,3,3,-8,NA,NA,NA,NA,NA,NA,NA,NA,4,15,-8,1,1,NA,2,32,1,1,5,2,3,1,NA,-9,1,9
"451",2.0789429,"451-91",451,91118,14,91,2024,6,9,1,3,3,6,7,5,1,3,3,4,3,1,5,4,4,6,3,3,4,4,5,6,6,6,6,6,4,4,5,6,5,6,4,4,1,7,1,2,1,4,2,2,3,3,4,2,1,3,4,4,2,3,1,2,4,4,1,1,2,1,4,3,4,4,2,2,2,2,2,4,4,2,3,2,2,10,10,10,2,1,2,7,4,6,27,66,91,8,5,8,3,3,5,1,2,3,3,NA,2,7,11,8,2,2,2,2,1,1,4,5,2,3,2,1,4,2,4,4,NA,NA,NA,NA,5,13,NA,1,2,NA,2,38,1,2,NA,2,0,2,7,1,4,1
"452",3.36574392,"452-91",452,91014,2,91,2024,6,2,1,2,1,3,9,3,1,4,3,4,2,1,4,4,4,3,4,3,4,4,3,2,3,2,2,3,2,3,1,4,1,3,1,2,3,4,4,4,4,4,3,4,4,3,3,2,3,3,4,4,3,3,3,1,3,4,1,1,2,1,3,3,4,4,3,4,3,3,4,4,3,2,4,3,3,10,10,10,0,2,NA,NA,21,21,38,49,93,0,0,0,0,4,5,1,3,3,1,2,2,11,1,6,4,1,1,1,3,1,1,5,1,3,2,2,NA,NA,NA,NA,1,2,2,2,6,11,NA,1,1,NA,1,39,1,1,2,2,8,2,4,1,7,1
"453",0.45544935,"453-91",453,91292,15,91,2024,6,9,2,3,14,5,3,3,1,4,2,3,1,3,6,3,3,6,3,3,3,4,4,6,-8,6,6,2,3,4,1,6,2,6,2,2,-8,-8,4,2,1,4,4,4,4,2,4,2,2,1,4,2,4,4,1,3,4,2,3,-8,3,3,5,4,4,4,4,4,4,4,4,4,4,4,4,4,6,10,7,9,0,2,NA,NA,14,7,45,55,83,8,10,5,0,4,2,2,2,3,4,NA,1,6,9,9,2,2,5,2,1,5,2,5,1,2,2,-8,NA,NA,NA,NA,NA,NA,NA,NA,-8,15,-8,1,3,NA,2,70,1,1,5,2,3,1,NA,7,2,2
"454",0.78911043,"454-91",454,91292,15,91,2024,6,9,2,3,1,6,7,1,3,3,2,4,3,2,-9,1,4,6,6,1,1,6,6,6,6,6,6,6,4,6,6,6,2,1,6,1,1,1,4,4,3,4,1,4,3,3,4,4,1,4,4,4,3,3,3,2,4,1,1,1,1,1,2,2,2,2,2,2,2,2,2,2,2,2,2,2,-8,10,10,0,-7,NA,NA,NA,8,5,26,57,80,10,0,10,0,2,5,1,3,2,1,1,1,5,6,10,3,2,2,2,1,2,5,4,1,3,3,1,2,5,5,5,NA,NA,NA,NA,1,15,15,1,3,NA,2,50,1,1,5,2,4,1,NA,1,5,2
"455",1.05651852,"455-91",455,91014,2,91,2024,6,2,1,2,3,7,14,3,2,4,3,3,2,2,7,2,2,6,2,2,2,6,3,3,6,6,6,6,4,3,4,3,4,6,2,4,1,6,4,2,1,4,3,2,4,2,3,3,1,3,3,3,2,3,2,3,4,4,3,2,1,1,4,5,4,3,3,3,3,3,4,4,5,4,4,3,1,10,10,10,10,2,NA,NA,10,8,25,60,85,0,0,0,0,1,5,3,3,2,4,NA,1,4,7,7,1,1,1,1,1,2,4,3,1,3,3,1,5,1,5,1,NA,NA,NA,NA,4,18,NA,1,2,NA,1,45,1,2,NA,2,4,1,NA,1,4,2
"456",0.38264179,"456-91",456,91216,20,91,2024,6,13,1,3,8,2,26,4,1,3,3,3,1,1,1,4,4,-8,4,4,4,-8,-8,6,6,-8,6,6,4,4,4,-8,3,6,4,3,8,1,1,1,1,1,1,3,3,3,-8,1,2,1,1,3,2,3,1,1,1,1,1,1,1,1,4,2,2,2,2,2,-8,2,2,2,2,1,2,1,4,0,-9,10,0,2,NA,NA,13,14,29,70,96,9,5,-8,-8,2,5,1,1,NA,5,NA,11,2,4,10,2,2,2,2,1,1,5,2,1,3,3,-8,NA,NA,NA,NA,NA,NA,NA,NA,6,9,NA,1,3,NA,2,86,1,2,NA,2,2,1,NA,7,5,1
"457",2.90409469,"457-91",457,91216,20,91,2024,6,13,1,3,14,9,10,3,2,3,3,3,2,1,5,4,4,6,6,4,6,6,6,6,6,6,6,6,6,6,6,6,6,6,6,3,8,6,4,1,2,3,3,3,3,3,2,3,2,1,3,3,1,3,1,1,3,3,1,1,1,1,1,1,1,1,1,1,1,1,1,1,1,1,1,1,1,10,8,10,10,1,3,7,20,18,46,65,87,8,0,0,0,1,5,1,2,2,5,NA,6,3,4,10,2,2,1,2,1,3,3,4,1,2,2,-8,NA,NA,NA,NA,NA,NA,NA,NA,6,1,NA,2,NA,1,1,37,2,2,NA,2,2,1,NA,1,1,2
"458",1.21547366,"458-91",458,91216,20,91,2024,6,13,1,3,3,13,10,3,1,2,3,3,3,2,10,1,1,6,6,6,6,6,6,6,6,6,6,6,4,6,6,6,6,6,6,5,9,4,4,3,3,3,3,3,3,3,1,3,3,3,4,3,4,4,1,3,3,3,2,1,2,1,2,2,3,2,4,2,2,2,2,3,2,3,3,2,1,5,6,7,6,2,NA,NA,9,11,36,63,78,1,0,2,0,1,2,2,2,1,1,3,1,6,8,4,1,1,1,1,1,2,4,3,2,3,3,-8,NA,NA,NA,NA,NA,NA,NA,NA,3,7,NA,2,NA,5,1,54,3,1,3,2,3,1,NA,1,5,9
"459",0.54021271,"459-91",459,91216,20,91,2024,6,13,1,2,3,14,10,3,-8,3,3,4,3,2,5,3,3,6,3,3,3,3,6,6,3,3,6,6,3,6,6,3,3,6,3,3,3,6,2,3,3,4,3,3,3,3,4,-8,3,3,3,3,4,4,2,2,3,3,1,1,3,1,4,3,4,4,4,3,3,3,3,4,4,4,4,4,1,10,10,10,10,1,2,7,4,6,27,66,91,0,10,0,5,1,1,1,3,4,5,NA,2,1,11,5,1,3,2,2,-8,1,-8,5,1,3,3,-8,NA,NA,NA,NA,NA,NA,NA,NA,-8,15,15,1,-9,NA,2,42,1,2,NA,2,8,-9,-9,1,NA,1
"460",0.52607362,"460-91",460,91292,15,91,2024,6,9,2,3,3,10,6,4,3,4,3,4,3,2,10,2,3,6,4,1,1,5,-8,6,6,6,-8,6,5,4,4,6,5,3,6,5,1,4,3,2,3,4,4,3,3,2,3,2,2,4,2,3,2,4,2,3,3,3,1,1,1,1,4,5,4,4,4,5,4,4,4,2,4,5,4,5,3,10,10,10,0,2,NA,NA,6,17,40,52,84,10,9,8,9,5,2,1,3,1,3,NA,4,2,10,5,1,1,1,2,2,3,5,5,1,3,3,-8,NA,NA,NA,NA,NA,NA,NA,NA,4,15,18,1,-9,NA,2,48,1,2,NA,2,3,2,3,1,4,1
"461",1.55505885,"461-91",461,91014,2,91,2024,6,2,1,2,3,13,16,3,2,3,2,3,3,3,5,3,3,6,3,6,6,6,6,6,6,6,3,6,6,3,6,3,6,3,6,5,9,6,3,1,1,3,3,3,3,3,3,1,3,3,3,3,1,3,3,3,3,3,1,2,2,1,3,3,3,3,2,3,3,3,2,3,3,2,2,3,2,10,10,10,10,2,NA,NA,20,18,46,65,87,3,0,5,5,4,2,1,2,1,3,NA,6,3,11,5,2,3,1,2,3,3,3,2,2,2,2,-8,NA,NA,NA,NA,NA,NA,NA,NA,1,4,NA,1,2,NA,2,21,1,2,NA,2,3,1,NA,1,2,1
"462",0.25694758,"462-91",462,91292,15,91,2024,6,9,2,3,1,6,13,2,3,2,2,5,3,2,-9,1,2,6,6,4,2,4,6,6,6,6,6,6,3,6,6,6,4,6,6,4,6,6,2,4,3,4,3,3,3,1,1,3,2,3,3,3,2,4,3,1,2,3,1,-9,2,1,5,4,4,3,2,5,3,2,4,4,4,2,5,3,1,10,10,10,10,1,2,7,1,32,37,54,82,0,0,5,10,1,4,2,1,NA,4,NA,7,2,4,7,2,1,1,3,2,1,-9,4,1,3,2,2,NA,NA,NA,NA,1,1,5,5,6,15,15,1,2,NA,2,34,1,2,NA,2,8,2,4,1,5,9
"463",2.0734118,"463-91",463,91014,2,91,2024,6,2,1,2,9,13,14,3,1,4,3,4,2,1,6,4,5,6,6,3,3,6,6,6,6,6,6,6,6,6,6,6,2,6,6,2,5,2,4,3,4,4,3,4,4,4,4,3,3,3,3,3,3,3,3,3,4,4,1,1,3,1,4,2,3,2,2,2,3,2,2,3,2,2,3,3,1,5,10,7,8,2,NA,NA,17,1,48,67,90,5,0,0,5,2,5,1,2,2,4,NA,1,11,2,5,5,2,2,2,3,1,1,5,1,3,2,2,NA,NA,NA,NA,5,5,5,5,1,-8,15,2,NA,1,2,18,1,2,NA,1,3,2,7,1,5,7
"464",0.86765859,"464-91",464,91221,20,91,2024,6,13,1,2,3,11,12,2,1,2,2,4,2,2,-8,2,4,6,6,4,4,6,6,6,6,6,6,6,4,2,4,6,4,6,6,5,2,1,1,1,1,3,3,3,1,3,1,1,1,3,3,3,2,3,1,1,3,3,1,2,2,1,3,5,5,4,2,4,3,3,2,4,2,3,2,4,7,9,7,10,8,2,NA,NA,21,21,38,49,93,5,0,0,0,2,5,2,2,1,4,NA,1,6,11,10,5,2,2,2,1,2,2,1,2,3,3,1,4,4,4,4,NA,NA,NA,NA,3,15,15,1,4,NA,2,55,1,2,NA,2,3,1,NA,3,1,1
"465",1.12845489,"465-91",465,91221,20,91,2024,6,13,1,3,1,5,8,4,2,3,2,2,1,1,-8,3,2,2,2,2,3,6,6,6,6,6,6,6,3,2,2,6,1,6,-8,1,5,5,4,4,4,4,3,4,4,3,3,3,4,4,4,3,4,4,3,4,4,4,3,1,3,3,3,5,5,3,3,4,4,3,3,4,4,5,2,4,6,10,10,10,10,1,3,2,23,23,41,68,76,0,0,0,0,3,2,1,2,3,2,2,2,9,3,9,5,1,1,1,3,1,1,1,2,3,3,-8,NA,NA,NA,NA,NA,NA,NA,NA,6,9,NA,1,1,NA,2,31,1,2,NA,2,8,1,NA,1,7,9
"466",1.44609765,"466-91",466,91221,20,91,2024,6,13,1,3,7,4,3,1,3,3,4,4,2,2,-8,2,4,6,6,2,2,6,6,6,6,6,2,6,4,2,2,6,6,6,6,3,-8,2,4,3,4,3,4,4,4,3,3,4,2,4,4,4,4,4,3,-8,3,4,2,2,2,1,4,5,3,-8,4,-8,2,3,-8,-8,5,5,3,5,3,10,10,10,0,1,2,5,2,16,42,69,81,0,10,0,0,3,5,1,3,3,5,NA,1,3,6,10,1,1,1,1,5,3,-8,4,1,1,3,1,1,1,1,5,NA,NA,NA,NA,1,15,15,1,1,NA,2,58,1,2,NA,2,3,1,NA,2,1,2
"467",1.04656877,"467-91",467,91218,20,91,2024,6,13,1,3,1,3,16,1,1,3,3,5,2,-8,-8,-8,-8,-8,-8,-8,-8,-8,-8,-8,-8,-8,-8,-8,-8,-8,-8,-8,-8,-8,-8,3,1,1,3,3,-8,4,4,4,3,1,4,-8,3,3,4,-8,3,-8,2,-8,1,3,3,-8,3,1,-8,4,-8,-8,-8,4,2,2,-8,-8,-8,-8,-8,-8,-8,10,10,10,10,2,NA,NA,17,1,48,67,90,0,0,0,0,2,1,1,3,3,4,NA,1,2,6,10,2,1,2,1,1,5,5,5,2,3,3,-8,NA,NA,NA,NA,NA,NA,NA,NA,4,15,15,1,-9,NA,2,71,1,2,NA,2,2,1,NA,7,4,1
"468",2.64767633,"468-91",468,91218,20,91,2024,6,13,1,4,14,13,3,3,2,3,3,4,3,2,-8,1,3,2,6,6,1,6,6,6,6,6,6,6,3,6,6,6,3,6,5,5,2,1,3,2,1,4,4,3,3,3,3,3,3,4,4,4,3,3,4,2,4,4,3,1,3,1,3,4,5,4,4,4,5,4,1,4,4,3,4,2,6,10,10,10,10,1,3,7,21,21,38,49,93,10,0,10,10,3,5,2,3,1,1,3,1,6,2,4,5,1,1,1,3,1,5,5,2,3,3,1,3,1,5,5,NA,NA,NA,NA,6,15,15,2,NA,2,1,37,1,2,NA,2,3,1,NA,1,2,2
"469",0.69771252,"469-91",469,91218,20,91,2024,6,13,1,3,1,3,9,2,2,4,3,4,2,1,-8,3,3,6,4,4,2,4,6,6,6,6,6,6,4,3,2,3,2,6,2,3,1,4,4,4,4,4,4,4,3,4,4,4,4,4,4,-8,3,3,3,4,3,4,1,1,3,1,5,3,4,4,4,5,4,4,4,3,3,5,3,4,6,10,7,10,10,2,NA,NA,17,1,48,67,90,5,0,10,0,2,4,1,2,4,5,NA,2,6,11,7,1,1,1,1,1,5,4,4,1,3,3,1,1,1,1,1,NA,NA,NA,NA,3,15,15,1,-9,NA,2,71,1,2,NA,2,6,1,NA,7,2,1
"470",0.98502876,"470-91",470,91218,20,91,2024,6,13,1,3,10,3,5,1,2,2,3,5,2,2,-8,4,3,6,3,1,2,6,6,6,6,6,6,6,4,5,6,6,1,6,6,3,10,2,3,2,3,4,3,3,4,3,4,4,2,4,4,3,3,4,2,3,3,4,2,1,2,1,4,5,5,4,4,3,3,3,4,5,4,4,4,4,1,10,10,10,10,1,2,5,11,13,30,51,92,10,0,0,5,2,4,1,2,2,4,NA,1,2,4,10,2,1,1,1,2,2,4,4,1,3,3,-8,NA,NA,NA,NA,NA,NA,NA,NA,3,15,15,1,3,NA,2,41,1,2,NA,2,4,2,4,8,2,1
"471",0.65434009,"471-91",471,91218,20,91,2024,6,13,1,3,1,2,3,3,1,3,3,4,2,2,3,2,4,6,2,3,4,6,4,6,6,6,6,6,4,2,2,6,4,6,3,4,1,1,3,1,3,3,3,1,1,1,3,1,1,3,3,1,1,4,1,1,3,4,1,-8,1,1,5,3,3,-8,3,3,4,3,5,3,5,2,3,5,-8,0,0,10,0,2,NA,NA,18,15,35,72,89,0,0,0,5,1,5,1,2,4,5,NA,6,5,3,10,6,1,1,1,3,1,-8,-8,1,3,2,-8,NA,NA,NA,NA,NA,NA,NA,NA,3,15,15,2,NA,2,1,87,1,2,NA,2,4,1,NA,7,4,9
"472",0.18802002,"472-91",472,91005,1,91,2024,6,1,1,1,10,5,14,3,1,4,2,4,1,1,1,4,4,6,4,4,4,4,6,1,3,6,6,6,1,6,1,3,1,6,2,2,4,1,3,4,3,3,3,3,3,3,2,3,3,2,3,3,3,3,3,2,3,3,1,1,2,2,4,3,4,3,4,3,4,3,4,4,3,3,3,3,3,5,10,7,5,2,NA,NA,13,14,29,70,96,0,6,2,5,2,2,1,1,NA,3,NA,2,5,6,5,2,4,2,4,3,3,5,4,1,2,2,2,NA,NA,NA,NA,-8,2,4,4,4,16,NA,1,1,NA,2,55,1,1,5,2,6,1,NA,1,2,1
"473",3.03485974,"473-91",473,91151,20,91,2024,6,13,1,3,14,7,9,1,3,3,4,5,2,2,5,1,1,6,6,2,1,6,6,6,6,6,6,6,5,6,5,6,5,6,6,4,3,4,4,3,4,4,4,4,4,4,3,4,4,4,4,4,4,4,4,4,4,4,3,2,1,1,5,5,5,5,5,5,5,5,2,5,5,5,5,5,4,10,10,10,10,1,2,4,3,2,47,56,95,10,10,5,10,1,5,3,3,3,3,NA,1,3,2,10,4,2,2,2,2,1,1,2,2,3,1,2,NA,NA,NA,NA,-8,3,2,2,5,15,15,1,1,NA,2,30,1,2,NA,2,4,2,1,1,1,2
"474",1.09845554,"474-91",474,91013,2,91,2024,6,2,1,1,1,3,10,3,2,3,3,3,3,2,5,2,3,6,6,2,2,2,3,2,6,2,6,6,3,2,3,2,4,2,2,4,2,1,2,2,2,3,2,2,3,2,2,2,3,3,3,3,3,3,2,2,3,2,2,1,2,1,2,3,4,2,3,2,2,2,2,2,2,1,3,2,3,5,6,6,7,2,NA,NA,7,3,20,53,88,6,5,5,3,4,4,2,2,1,3,NA,4,6,11,6,2,2,2,3,3,3,4,4,2,3,-8,-8,NA,NA,NA,NA,NA,NA,NA,NA,4,15,15,1,2,NA,1,23,1,2,NA,1,7,1,NA,1,4,1
"475",0.39977618,"475-91",475,91022,4,91,2024,6,4,1,4,10,1,3,2,2,3,3,5,2,2,6,3,4,6,2,3,2,4,3,3,3,6,6,6,4,4,4,4,2,6,4,5,1,4,3,2,3,3,2,4,2,4,3,3,1,3,3,2,3,3,2,2,2,3,1,1,2,1,2,2,1,3,3,2,3,1,1,3,2,2,3,1,3,9,10,6,5,2,NA,NA,8,5,26,57,80,2,3,5,0,2,4,1,1,NA,4,NA,6,2,4,10,5,1,2,2,1,2,5,5,1,3,3,2,NA,NA,NA,NA,5,4,5,5,4,1,NA,1,1,NA,2,69,1,2,NA,2,4,1,NA,7,2,1
"476",0.55954479,"476-91",476,91180,20,91,2024,6,13,1,3,1,10,5,2,1,3,2,2,2,2,8,1,2,6,6,6,6,6,6,6,6,6,6,6,5,6,6,6,6,6,6,4,1,1,4,1,4,4,2,4,2,4,4,2,1,4,4,4,1,4,1,3,1,1,3,2,1,1,2,2,1,1,1,5,5,5,5,-8,3,2,5,-8,1,10,10,10,10,1,3,7,19,10,43,61,74,0,10,10,0,4,5,1,2,2,5,NA,2,3,7,5,4,2,2,2,1,5,5,2,1,3,3,-9,NA,NA,NA,NA,NA,NA,NA,NA,-9,15,15,1,1,NA,1,60,1,2,NA,2,1,1,NA,7,2,1
"477",0.92214349,"477-91",477,91185,20,91,2024,6,13,1,3,11,5,14,2,3,2,3,5,3,2,10,1,4,6,6,6,6,6,6,6,6,6,6,6,6,6,6,6,5,6,6,5,9,2,4,1,3,2,1,4,4,3,2,1,1,4,1,1,1,1,1,2,1,2,1,1,1,2,3,3,1,2,1,1,1,1,1,2,2,1,1,1,3,10,10,10,10,1,3,7,1,32,37,54,82,0,0,0,5,2,2,1,2,3,5,NA,1,6,11,10,1,1,1,1,5,5,5,5,1,3,3,2,NA,NA,NA,NA,2,2,-8,2,3,1,NA,2,NA,2,2,30,2,2,NA,2,8,2,8,2,4,8
"478",0.83175368,"478-91",478,91185,20,91,2024,6,13,1,3,1,3,6,1,3,3,3,5,3,-8,-9,3,3,3,3,6,6,3,3,3,3,3,3,3,3,6,3,3,3,3,3,3,2,2,4,2,4,4,3,4,3,3,4,3,1,3,4,4,3,3,3,3,3,3,-8,-8,1,1,1,3,3,3,3,-8,3,3,3,1,3,4,3,1,-8,10,10,10,10,1,3,4,21,21,38,49,93,5,5,5,5,2,3,2,3,4,4,NA,3,6,9,7,2,2,3,2,2,5,5,5,2,3,3,-9,NA,NA,NA,NA,NA,NA,NA,NA,3,15,15,1,3,NA,2,51,4,1,6,2,3,1,NA,1,3,3
"479",0.20418878,"479-91",479,91185,20,91,2024,6,13,1,3,1,3,2,1,2,3,4,5,3,2,5,1,1,6,1,1,1,2,3,1,1,1,6,1,5,3,3,1,1,6,4,4,1,3,2,2,4,4,4,3,3,3,4,3,3,4,4,4,4,4,3,1,2,3,3,-8,2,1,5,4,5,4,4,4,3,3,-8,2,4,5,4,4,1,10,10,10,10,2,NA,NA,20,18,46,65,87,5,0,0,0,2,5,1,2,1,4,NA,4,2,6,10,2,2,2,1,1,1,4,5,1,3,3,2,NA,NA,NA,NA,4,2,-8,-8,-8,10,NA,1,2,NA,1,65,1,2,NA,2,2,1,NA,7,5,1
"480",1.10162039,"480-91",480,91185,20,91,2024,6,13,1,4,2,3,11,2,3,2,3,4,2,2,5,6,6,6,6,6,6,6,6,6,6,6,6,6,6,6,6,6,6,6,6,3,1,1,3,3,3,3,3,3,3,3,3,3,3,3,3,3,3,3,3,3,3,3,-8,-8,2,1,4,4,4,4,4,4,4,4,4,4,4,4,4,4,1,10,10,10,10,2,NA,NA,10,8,25,60,85,5,5,5,5,4,5,1,2,1,5,NA,6,4,2,7,2,2,2,2,2,2,5,3,1,3,3,1,-8,1,2,2,NA,NA,NA,NA,3,15,15,2,NA,3,1,42,1,2,NA,2,2,1,NA,3,5,9
"481",0.34580241,"481-91",481,91185,20,91,2024,6,13,1,3,3,5,10,2,2,3,3,4,3,2,5,1,2,6,2,2,1,2,6,6,6,6,6,6,3,6,6,2,4,6,4,4,6,2,3,3,3,4,4,3,3,3,3,3,1,4,4,3,4,3,2,2,3,3,3,1,2,1,3,4,4,2,3,4,2,2,2,2,3,4,3,3,1,10,7,10,10,2,NA,NA,3,2,47,56,95,6,6,8,6,1,2,1,3,2,3,NA,1,3,4,10,1,1,1,1,1,1,4,1,1,3,3,-8,NA,NA,NA,NA,NA,NA,NA,NA,6,15,15,2,NA,5,1,50,1,2,NA,2,2,1,NA,1,5,1
"482",1.34393681,"482-91",482,91185,20,91,2024,6,13,1,3,5,2,3,1,3,4,1,5,3,2,4,2,4,6,6,6,6,6,6,6,6,6,6,2,6,6,6,6,3,6,6,5,1,2,3,2,3,3,3,2,2,1,2,3,3,4,3,3,3,2,2,3,1,3,3,1,1,1,4,4,3,4,2,4,4,2,2,3,3,2,3,3,3,8,10,4,3,2,NA,NA,20,18,46,65,87,0,0,6,5,4,1,2,3,3,5,NA,1,7,10,10,1,1,1,1,2,1,3,2,2,3,3,2,NA,NA,NA,NA,2,1,-8,-8,3,15,15,1,1,NA,1,21,1,2,NA,2,6,2,6,2,7,9
"483",0.30738116,"483-91",483,91185,20,91,2024,6,13,1,3,16,2,9,2,2,3,2,3,2,1,1,3,3,6,3,2,4,3,6,6,2,6,2,6,1,2,2,3,1,6,2,1,10,5,4,4,4,4,3,4,4,3,3,2,3,3,4,4,3,3,3,3,4,4,1,1,3,3,4,5,5,5,5,5,5,5,5,5,5,5,5,5,6,10,10,10,8,1,3,5,9,11,36,63,78,6,0,10,4,3,5,1,1,NA,2,2,1,3,5,4,2,4,4,2,3,1,1,2,2,3,3,1,4,-8,4,4,NA,NA,NA,NA,6,15,15,2,NA,1,2,34,1,2,NA,2,9,1,NA,1,4,10
"484",0.59351943,"484-91",484,91255,20,91,2024,6,13,1,3,10,1,3,4,2,3,3,3,2,2,5,2,5,6,6,6,6,6,6,6,6,6,6,6,4,4,6,6,4,6,6,4,10,4,4,3,4,3,4,3,3,2,4,4,2,4,4,2,3,3,3,1,4,3,1,1,2,3,4,-9,-9,-9,-9,-9,-9,-9,-9,-9,-9,-9,-9,-9,5,10,-7,10,-7,NA,NA,NA,9,11,36,63,78,10,0,10,0,2,5,2,3,3,5,NA,1,6,2,10,3,-9,-9,-9,2,-9,-9,-9,1,3,2,2,NA,NA,NA,NA,-9,-9,-9,-9,5,1,NA,1,2,NA,2,75,1,2,NA,2,3,1,NA,7,5,2
"485",0.29675972,"485-91",485,91255,20,91,2024,6,13,1,3,26,3,5,2,-8,2,-8,5,3,2,-9,-9,4,6,6,6,6,6,6,6,6,6,6,6,6,6,6,6,6,6,6,-9,-9,-9,-9,-9,-9,-9,-9,-9,-9,-9,-9,-9,-9,-9,-9,-9,-9,-9,-9,-9,-9,-9,-9,-9,1,5,5,5,5,5,5,5,5,5,5,5,5,5,5,5,-9,10,-7,10,-7,NA,NA,NA,5,12,34,58,77,0,0,10,0,4,5,2,3,2,5,NA,-9,NA,NA,-9,-9,-9,-9,-9,-8,-9,-9,-9,-9,3,3,2,NA,NA,NA,NA,-9,-9,-9,-9,-9,15,15,1,1,NA,2,80,1,2,NA,-9,0,1,NA,7,2,2
"486",0.39603703,"486-91",486,91119,14,91,2024,6,9,1,3,5,10,12,2,2,3,3,4,2,2,5,2,4,6,2,4,3,6,6,3,6,2,6,6,4,3,6,6,4,4,4,2,7,4,3,3,3,3,3,3,3,3,3,3,3,3,3,3,3,3,3,3,4,3,1,2,3,1,4,2,2,2,2,2,2,2,2,2,2,2,2,2,6,9,10,9,10,1,3,5,16,19,39,62,86,0,0,0,0,4,4,1,3,3,5,NA,3,7,4,5,1,2,2,2,1,1,1,1,1,3,3,1,4,2,4,4,NA,NA,NA,NA,3,15,15,1,2,NA,2,54,1,2,NA,2,6,1,NA,1,4,1
"487",0.3552178,"487-91",487,91118,14,91,2024,6,9,1,4,6,10,5,2,2,2,3,4,2,2,1,6,4,6,6,6,6,6,6,6,6,6,6,6,4,6,6,6,6,4,6,4,1,1,4,2,2,4,2,3,3,2,2,3,2,3,4,3,2,3,2,2,2,2,3,1,1,1,2,4,4,4,4,4,4,4,4,4,4,4,4,4,7,10,10,10,-7,NA,NA,NA,17,1,48,67,90,0,0,0,0,2,5,2,3,3,5,NA,2,9,11,9,2,-9,-9,-9,5,5,5,5,2,2,2,2,NA,NA,NA,NA,-9,-9,-9,-9,3,15,15,1,2,NA,2,58,1,2,NA,2,1,1,NA,2,1,1
"488",0.26303681,"488-91",488,91292,15,91,2024,6,9,2,2,7,8,5,1,3,2,4,5,3,2,5,2,4,6,2,2,2,3,6,6,6,6,6,6,3,2,6,6,3,1,3,4,1,6,1,1,3,4,3,2,3,1,3,2,1,3,4,4,3,3,1,2,3,2,1,2,1,1,4,4,3,3,3,2,3,2,4,4,3,2,3,2,3,10,10,10,10,1,2,6,23,23,41,68,76,10,5,10,0,4,2,1,2,3,5,NA,7,2,6,5,2,1,1,1,2,3,5,5,1,3,3,2,NA,NA,NA,NA,-9,-9,-9,-9,4,15,15,1,4,NA,2,50,1,1,5,2,3,1,NA,8,1,1
"489",1.80080049,"489-91",489,91013,2,91,2024,6,2,1,2,1,2,3,2,3,3,3,5,3,2,6,1,2,2,2,1,1,6,6,2,2,6,6,2,4,3,4,3,4,6,2,4,3,4,4,2,4,3,3,3,4,2,4,4,3,4,4,2,4,4,3,2,3,3,1,2,2,1,4,4,4,5,4,5,4,3,3,4,3,2,4,3,3,8,10,10,10,1,2,6,15,9,31,64,79,5,6,0,5,1,5,1,2,3,2,2,11,6,1,10,5,1,1,1,1,2,3,2,1,3,3,1,4,2,2,5,NA,NA,NA,NA,3,18,NA,1,2,NA,1,32,1,2,NA,1,5,1,NA,1,5,9
"490",2.58504145,"490-91",490,91119,14,91,2024,6,9,1,3,5,16,9,3,2,4,2,3,2,1,5,3,4,6,3,3,3,6,6,2,3,6,3,6,2,6,2,6,1,6,2,4,1,6,2,2,3,3,2,2,3,3,3,1,3,2,3,2,2,2,1,2,2,3,1,1,3,2,4,2,2,2,2,1,4,1,2,4,2,2,1,2,2,8,10,10,9,2,NA,NA,14,7,45,55,83,6,6,7,4,2,5,2,2,1,2,2,4,6,1,6,2,2,2,2,1,3,2,4,1,3,2,2,NA,NA,NA,NA,3,2,4,4,4,15,15,1,1,NA,2,26,1,2,NA,2,8,2,4,1,4,1
"491",2.48356783,"491-91",491,91118,14,91,2024,6,9,1,3,14,17,3,2,2,2,3,4,2,2,6,2,3,6,2,2,2,4,3,6,6,6,6,6,4,3,3,3,4,6,3,4,3,6,4,2,2,3,4,2,3,2,3,3,2,3,3,2,3,3,2,2,2,3,1,2,1,1,4,3,4,2,3,3,2,2,3,2,2,4,3,3,1,8,10,10,10,1,2,6,12,4,33,59,94,5,1,8,1,2,3,1,2,3,3,NA,7,2,5,6,1,2,2,2,2,2,2,5,1,3,-9,2,NA,NA,NA,NA,2,2,4,4,4,15,15,2,NA,-9,1,38,1,2,NA,2,7,1,NA,10,4,2
"492",2.62550143,"492-91",492,91292,15,91,2024,6,9,2,3,14,2,10,3,1,3,2,4,2,2,4,3,4,6,2,3,2,2,4,3,4,6,6,6,4,3,4,6,4,6,4,5,1,6,3,2,1,4,4,3,3,2,3,3,2,3,4,3,3,3,2,2,4,3,1,1,1,3,4,3,4,4,3,3,2,2,2,4,2,4,4,2,1,10,10,3,10,1,3,5,4,6,27,66,91,5,10,0,0,4,1,1,3,3,4,NA,9,1,11,6,4,1,1,1,2,1,5,5,1,3,-9,2,NA,NA,NA,NA,2,2,2,4,6,15,15,2,NA,-9,1,55,1,1,5,2,3,1,NA,1,3,2
"493",0.51389515,"493-91",493,91292,15,91,2024,6,9,2,3,6,11,3,2,3,2,2,4,3,2,-8,2,4,6,6,6,6,-9,6,6,6,6,6,6,6,6,6,6,4,6,6,4,2,1,3,3,1,3,3,1,1,1,3,1,1,3,3,3,1,3,3,1,3,1,1,2,1,1,4,4,4,4,4,4,3,4,4,4,4,1,4,-9,1,10,10,10,10,1,3,7,8,5,26,57,80,10,0,10,0,4,1,2,3,1,5,NA,1,7,11,10,1,2,2,2,1,1,1,5,2,3,3,2,NA,NA,NA,NA,2,2,2,2,4,15,15,1,2,NA,2,42,1,1,5,2,1,2,1,8,1,2
"494",1.19661999,"494-91",494,91038,6,91,2024,6,5,1,4,7,10,4,1,2,2,3,4,2,2,5,2,2,6,6,6,2,6,6,6,6,6,6,6,2,6,6,6,3,6,6,3,2,4,3,3,3,3,3,3,4,2,3,3,3,3,4,3,2,3,2,2,3,3,3,1,2,1,4,4,4,3,4,3,4,3,4,4,3,3,4,3,4,7,10,10,10,2,NA,NA,14,7,45,55,83,10,10,8,4,2,3,1,3,2,3,NA,6,9,1,3,1,2,3,2,5,3,3,5,2,3,2,2,NA,NA,NA,NA,4,2,4,4,3,15,15,1,1,NA,1,29,1,2,NA,2,2,1,NA,1,4,9
"495",1.20849223,"495-91",495,91038,6,91,2024,6,5,1,3,13,1,3,3,-8,3,-8,3,2,1,4,3,3,6,3,3,3,3,6,6,6,6,6,6,2,2,1,3,1,6,6,2,1,2,4,4,4,4,3,4,4,2,4,3,2,4,4,4,4,3,2,3,4,3,1,1,3,1,4,4,4,4,5,4,4,4,4,4,3,4,3,3,6,10,6,10,6,2,NA,NA,17,1,48,67,90,3,3,3,3,3,5,1,2,2,2,2,2,6,9,3,1,4,3,2,3,3,5,5,1,3,3,1,-8,2,-8,2,NA,NA,NA,NA,4,17,NA,1,1,NA,2,27,1,2,NA,2,8,1,NA,1,4,1
"496",0.28058087,"496-91",496,91038,6,91,2024,6,5,1,3,7,26,17,1,3,2,4,5,3,2,5,1,2,6,6,6,6,6,6,6,6,6,6,6,4,6,6,6,6,6,6,4,1,1,4,1,4,4,4,4,4,4,4,4,2,4,4,4,4,4,4,4,4,4,1,1,3,1,5,3,4,2,3,4,2,1,1,2,4,4,4,2,1,10,10,10,-7,NA,NA,NA,18,15,35,72,89,8,8,4,5,1,5,1,3,1,4,NA,3,6,9,5,2,1,1,1,1,3,4,5,1,3,3,2,NA,NA,NA,NA,5,2,5,4,4,15,15,1,2,NA,2,61,1,2,NA,2,2,1,NA,2,2,9
"497",0.82529924,"497-91",497,91005,1,91,2024,6,1,1,4,5,14,2,2,1,3,2,3,2,2,6,3,4,6,6,6,6,6,6,6,6,6,6,6,6,6,6,6,6,6,6,3,1,6,4,3,4,4,3,3,3,2,4,4,4,4,4,3,4,3,3,3,3,4,3,1,1,1,5,5,5,5,5,4,5,4,3,3,4,5,4,5,1,10,10,10,10,2,NA,NA,15,9,31,64,79,10,10,0,10,1,1,1,2,2,4,NA,2,1,3,10,4,2,2,2,2,1,3,2,1,2,1,2,NA,NA,NA,NA,2,2,3,3,4,15,9,1,4,NA,1,52,1,2,NA,2,2,1,NA,2,2,9
"498",0.59531327,"498-91",498,91087,12,91,2024,6,8,1,3,3,10,14,3,3,3,3,3,2,2,8,2,3,6,2,3,2,3,4,3,2,2,6,6,4,3,4,3,3,6,3,4,1,1,-8,3,-8,3,2,2,3,1,4,3,2,-8,3,3,3,2,2,3,3,2,1,1,1,1,4,4,4,4,3,3,2,3,3,3,3,5,3,3,1,10,10,10,10,1,3,5,23,23,41,68,76,5,0,10,0,1,1,3,2,3,3,NA,1,4,6,5,5,1,1,1,2,1,1,3,1,3,3,2,NA,NA,NA,NA,-8,2,-8,-8,4,17,NA,1,4,NA,2,44,1,2,NA,2,4,1,NA,1,3,9
"499",0.59531327,"499-91",499,91087,12,91,2024,6,8,1,2,26,14,3,2,2,2,2,5,3,2,8,1,1,6,1,1,1,2,3,5,2,4,6,6,4,4,4,2,5,3,3,5,1,4,1,1,3,3,4,3,3,2,4,4,1,4,4,2,3,3,1,2,4,3,2,2,1,1,4,5,5,5,4,4,1,2,1,2,4,5,4,4,2,10,10,10,10,1,2,6,17,1,48,67,90,2,0,10,0,1,1,2,3,3,1,3,6,5,1,10,2,1,1,1,1,1,1,3,1,3,3,2,NA,NA,NA,NA,2,2,2,2,3,18,NA,1,2,NA,2,41,1,2,NA,2,8,1,NA,1,7,1
"500",0.66972472,"500-91",500,91087,12,91,2024,6,8,1,3,1,2,9,2,1,3,2,3,2,3,5,4,3,5,3,4,3,6,3,6,3,3,6,3,3,-8,3,6,2,4,3,3,1,1,3,2,2,3,2,2,3,3,3,3,2,3,3,3,2,3,3,2,3,2,1,1,2,1,3,3,3,3,3,3,2,3,3,3,3,3,3,2,3,10,10,10,10,1,3,5,15,9,31,64,79,10,5,5,9,1,4,2,2,3,4,NA,1,3,6,5,5,2,1,1,1,3,3,3,1,3,3,-8,NA,NA,NA,NA,NA,NA,NA,NA,4,15,15,2,NA,4,1,54,1,2,NA,2,6,1,NA,1,4,9
"501",0.30515394,"501-91",501,91087,12,91,2024,6,8,1,3,9,1,14,2,2,3,3,4,2,2,6,2,3,6,2,2,2,6,6,4,3,6,6,6,4,4,4,6,3,6,4,5,1,6,2,2,2,4,4,2,3,2,4,4,1,4,4,3,2,4,2,2,3,4,1,1,1,1,2,3,3,3,2,2,2,2,2,2,2,3,3,2,2,10,10,10,10,2,NA,NA,20,18,46,65,87,9,1,2,7,1,5,1,3,1,3,NA,1,3,6,8,5,1,1,1,1,1,3,5,-8,3,3,2,NA,NA,NA,NA,4,4,4,3,5,23,NA,1,4,NA,2,55,1,2,NA,2,4,1,NA,1,3,2
"502",0.47866719,"502-91",502,91089,12,91,2024,6,8,1,4,3,6,9,1,2,1,3,5,3,2,5,2,4,6,6,3,2,6,6,6,6,6,6,6,5,6,4,6,3,6,3,4,9,1,3,2,2,4,3,3,3,2,4,3,2,3,3,3,3,3,2,3,3,3,1,1,1,1,3,3,3,4,3,3,2,3,3,3,3,4,3,4,1,10,10,10,10,2,NA,NA,10,8,25,60,85,5,5,2,5,3,2,2,3,3,5,NA,1,2,6,5,2,1,1,1,1,1,4,5,-8,3,3,-8,NA,NA,NA,NA,NA,NA,NA,NA,-8,15,-8,2,NA,5,2,40,1,2,NA,2,4,1,NA,10,1,2
"503",2.15807533,"503-91",503,91071,8,91,2024,6,6,1,3,3,10,14,2,3,4,2,5,3,2,10,1,4,2,6,3,1,6,6,6,6,6,6,6,4,3,6,6,5,6,6,5,2,4,3,1,3,4,4,4,3,3,3,2,1,4,4,3,3,3,1,2,3,3,3,1,2,1,5,5,4,2,4,3,2,2,2,2,3,1,3,3,3,10,5,10,10,2,NA,NA,18,15,35,72,89,0,10,0,0,3,2,1,2,3,4,NA,4,2,1,9,2,1,1,1,2,1,3,3,1,3,3,2,NA,NA,NA,NA,5,2,4,4,5,18,NA,1,2,NA,1,36,1,2,NA,2,4,1,NA,1,2,5
"504",0.56869344,"504-91",504,91071,8,91,2024,6,6,1,3,3,1,9,3,2,3,2,4,2,3,9,3,3,6,6,2,4,6,6,6,6,6,6,6,4,6,4,6,4,6,3,4,1,1,2,2,2,4,2,4,3,3,4,2,2,1,4,3,3,3,3,2,2,4,2,1,3,2,5,3,5,3,4,3,3,4,3,4,4,3,3,3,4,10,8,10,-7,NA,NA,NA,4,6,27,66,91,0,9,0,5,2,5,1,1,NA,3,NA,6,2,3,2,1,1,1,1,1,3,5,5,2,3,2,2,NA,NA,NA,NA,4,2,4,4,3,15,15,1,2,NA,2,73,1,2,NA,2,2,1,NA,7,5,2
"505",0.34470535,"505-91",505,91033,6,91,2024,6,5,1,3,3,5,10,3,3,3,2,4,3,2,5,1,2,2,6,2,2,6,6,6,6,2,6,6,1,6,6,6,2,6,6,4,9,1,4,3,4,4,3,4,4,4,4,4,4,4,4,3,4,3,3,2,4,4,3,1,3,2,4,4,4,4,4,4,4,4,4,4,4,4,4,4,1,10,10,10,10,2,NA,NA,24,24,28,71,73,5,5,2,5,2,2,1,3,1,3,NA,2,1,11,5,1,4,4,4,2,3,5,5,1,3,2,-8,NA,NA,NA,NA,NA,NA,NA,NA,1,15,15,1,2,NA,1,22,1,2,NA,2,4,1,NA,2,3,9
"506",0.70889343,"506-91",506,91031,6,91,2024,6,5,1,3,3,14,9,2,2,3,2,5,2,2,5,1,1,6,1,1,1,6,6,6,6,6,6,6,1,6,1,6,1,6,6,3,5,2,3,4,4,4,4,4,4,4,3,4,3,4,4,3,4,4,3,3,4,4,1,1,3,2,4,4,4,4,4,4,3,3,4,4,4,4,4,4,3,7,6,10,-7,NA,NA,NA,24,24,28,71,73,5,0,5,6,1,5,1,3,1,5,NA,11,6,2,5,1,2,3,1,1,1,4,3,1,3,-8,-8,NA,NA,NA,NA,NA,NA,NA,NA,6,15,15,1,1,NA,2,43,1,2,NA,2,4,1,NA,1,3,9
"507",1.27029817,"507-91",507,91031,6,91,2024,6,5,1,3,3,1,14,2,2,4,3,5,2,2,5,2,1,6,1,1,2,6,6,6,6,6,6,6,2,6,2,6,2,6,2,3,-8,1,4,4,4,4,4,4,4,4,3,2,2,4,4,2,4,4,2,3,4,4,1,1,3,2,5,5,5,5,5,5,3,3,5,5,3,5,5,5,1,5,5,10,5,1,1,7,5,12,34,58,77,2,7,2,7,1,3,1,3,1,4,NA,1,2,9,5,3,3,2,1,2,1,3,3,1,3,-8,-8,NA,NA,NA,NA,NA,NA,NA,NA,1,15,15,1,1,NA,1,37,1,2,NA,2,4,1,NA,1,5,9
"508",1.23295905,"508-91",508,91173,20,91,2024,6,13,1,4,2,10,1,1,2,3,3,5,3,2,-9,1,1,6,1,2,1,2,1,2,1,1,2,2,2,1,2,2,1,2,2,1,-9,1,2,2,2,2,3,1,3,1,2,2,1,2,3,2,3,3,2,1,2,2,3,2,3,1,5,5,5,5,5,5,5,5,5,5,5,5,5,5,2,10,10,10,0,2,NA,NA,23,23,41,68,76,10,10,6,0,4,5,1,3,2,5,NA,9,2,1,9,2,1,1,1,2,2,3,4,2,3,2,-8,NA,NA,NA,NA,NA,NA,NA,NA,4,15,15,1,-9,NA,1,65,1,2,NA,2,3,1,NA,1,2,1
"509",0.41335638,"509-91",509,91168,20,91,2024,6,13,1,3,3,7,5,1,3,3,4,4,2,2,4,2,4,6,6,6,6,6,6,6,6,6,6,6,6,6,4,6,6,2,6,4,1,4,3,4,3,4,4,4,4,4,4,4,3,4,3,4,4,4,3,4,4,4,1,2,2,1,4,4,4,4,4,4,4,4,4,4,4,4,4,4,3,10,10,1,10,1,2,7,9,11,36,63,78,10,0,10,5,4,1,2,3,4,4,NA,2,11,4,10,1,4,2,2,5,2,1,5,1,2,3,-8,NA,NA,NA,NA,NA,NA,NA,NA,1,15,15,1,-9,NA,2,51,1,2,NA,2,2,1,NA,2,3,1
"510",1.24006913,"510-91",510,91168,20,91,2024,6,13,1,3,3,1,2,3,1,4,1,2,2,2,1,4,4,3,4,4,3,3,4,3,4,6,2,3,2,3,2,4,2,3,4,2,10,5,4,4,4,4,4,4,4,3,4,1,4,1,4,4,3,4,4,4,4,4,3,2,3,1,5,4,4,4,4,4,4,4,4,4,4,4,4,4,1,10,10,10,0,2,NA,NA,20,18,46,65,87,0,0,0,10,5,5,1,3,2,4,NA,2,3,6,10,5,5,2,5,3,5,4,5,1,3,-8,-8,NA,NA,NA,NA,NA,NA,NA,NA,6,3,NA,1,1,NA,2,51,1,2,NA,2,4,1,NA,8,1,9
"511",0.49235971,"511-91",511,91020,4,91,2024,6,4,1,3,5,10,1,2,3,3,3,4,2,2,5,2,4,6,2,2,3,2,6,3,6,6,6,6,4,3,3,4,2,6,4,2,1,6,3,2,-8,3,4,1,1,1,4,1,2,3,4,3,3,3,3,1,2,3,3,1,3,1,4,4,4,4,4,4,3,4,3,3,3,5,4,4,1,10,10,10,-7,NA,NA,NA,4,6,27,66,91,0,5,5,5,4,3,1,3,2,4,NA,6,1,2,5,4,2,2,2,2,1,5,5,2,3,3,2,NA,NA,NA,NA,3,5,3,3,6,19,NA,1,1,NA,1,54,1,2,NA,2,4,1,NA,1,5,9
"512",0.96625324,"512-91",512,91020,4,91,2024,6,4,1,3,3,7,8,3,1,3,3,3,3,2,5,3,3,6,6,6,6,6,6,3,6,6,6,6,6,3,6,6,6,4,6,5,10,4,3,1,2,3,2,3,3,3,3,3,1,3,3,4,3,3,1,2,1,3,3,1,3,1,5,1,5,4,3,4,4,4,4,5,1,4,3,4,6,5,10,10,-7,NA,NA,NA,3,2,47,56,95,0,5,5,5,3,5,2,2,1,5,NA,6,1,11,7,1,1,2,2,2,4,4,5,1,3,2,2,NA,NA,NA,NA,5,5,4,5,2,19,NA,1,1,NA,2,20,1,2,NA,2,4,2,-8,6,5,10
"513",0.47838038,"513-91",513,91020,4,91,2024,6,4,1,3,3,12,13,4,1,3,2,3,2,1,5,4,5,6,6,3,3,3,3,4,4,6,4,6,3,6,6,3,3,3,6,4,4,2,3,2,4,3,2,2,3,3,3,3,2,3,2,3,2,2,2,3,3,3,3,2,3,2,3,5,3,3,4,3,4,4,3,4,4,4,3,3,1,10,8,9,-7,NA,NA,NA,10,8,25,60,85,5,5,6,5,3,1,2,3,2,3,NA,2,11,5,6,1,2,3,2,2,3,4,3,2,3,1,1,4,2,4,3,NA,NA,NA,NA,6,4,NA,1,1,NA,1,28,1,2,NA,2,5,2,2,3,5,1
"514",1.52277273,"514-91",514,91088,12,91,2024,6,8,1,1,3,10,6,3,2,2,3,4,2,2,10,2,3,6,2,3,2,3,3,3,3,2,3,3,4,4,4,3,4,2,4,4,1,4,2,2,3,3,2,2,2,2,3,3,2,3,3,2,2,2,2,2,2,2,1,1,3,1,3,3,2,3,2,2,2,2,2,2,3,4,2,3,3,10,10,10,10,1,1,6,18,15,35,72,89,10,0,9,5,1,4,2,2,3,1,2,1,3,6,6,4,1,1,1,1,3,3,3,1,3,-8,-8,NA,NA,NA,NA,NA,NA,NA,NA,4,10,NA,1,2,NA,2,38,1,2,NA,2,6,2,9,2,7,1
"515",1.41624977,"515-91",515,91269,22,91,2024,6,14,1,3,10,26,3,3,3,3,3,4,3,2,-8,2,2,6,2,6,1,6,2,6,6,6,6,6,4,2,6,6,6,6,6,4,1,1,4,2,1,4,4,4,3,4,4,4,1,-8,4,4,4,4,2,1,4,4,1,2,1,1,5,4,4,4,4,4,3,4,4,4,4,4,4,4,6,10,10,10,0,2,NA,NA,24,24,28,71,73,2,0,3,9,4,5,1,3,3,-8,NA,10,1,6,1,2,2,2,2,1,1,5,5,2,3,3,1,-8,-8,-8,-8,NA,NA,NA,NA,4,15,15,2,NA,5,2,68,1,2,NA,2,3,1,NA,7,2,2
"516",0.5551076,"516-91",516,91023,4,91,2024,6,4,1,4,14,6,10,3,1,3,2,3,3,2,5,3,3,2,6,6,1,3,3,3,6,6,6,6,5,6,6,6,3,2,3,3,1,2,3,3,3,4,3,1,1,1,2,3,1,3,3,3,3,3,3,3,3,3,3,2,3,1,4,4,4,3,4,3,2,3,3,4,5,5,4,2,3,10,10,2,10,2,NA,NA,20,18,46,65,87,5,4,6,6,2,1,2,3,1,1,3,2,3,5,8,4,2,1,1,2,1,3,4,2,3,3,1,2,2,2,5,NA,NA,NA,NA,4,7,NA,2,NA,5,2,20,1,2,NA,2,4,2,4,2,8,1
"517",1.00907633,"517-91",517,91270,22,91,2024,6,14,1,3,3,6,1,1,3,2,1,4,2,2,7,1,2,6,6,1,6,6,6,6,6,6,6,6,4,6,6,6,4,6,6,4,-9,4,1,1,1,4,3,4,3,1,3,1,1,4,3,3,3,4,1,3,3,3,3,1,2,1,4,5,5,2,4,2,1,1,1,4,5,2,5,3,6,10,10,10,10,1,1,7,12,4,33,59,94,0,0,7,2,4,1,1,3,4,5,NA,2,10,11,8,4,1,1,2,2,3,1,3,1,3,1,1,5,-8,-8,-8,NA,NA,NA,NA,4,15,15,1,2,NA,1,41,1,1,5,2,4,1,NA,1,NA,1
"518",1.90051505,"518-91",518,91270,22,91,2024,6,14,1,3,1,26,9,1,2,2,3,4,2,2,5,1,4,6,3,2,1,6,6,6,6,6,6,6,3,6,6,6,3,6,6,4,2,1,3,1,3,3,3,2,1,1,2,2,1,4,3,3,3,3,1,1,3,4,3,1,2,1,4,5,4,4,3,4,3,3,4,4,4,3,4,3,6,10,10,0,0,1,2,7,2,16,42,69,81,0,0,8,5,4,5,1,2,4,5,NA,2,7,11,10,6,1,2,1,1,1,1,5,1,3,3,-8,NA,NA,NA,NA,NA,NA,NA,NA,4,15,15,2,NA,2,1,53,1,2,NA,2,2,2,1,7,1,9
"519",1.68098683,"519-91",519,91088,12,91,2024,6,8,1,1,1,5,10,3,3,4,3,3,2,2,5,2,3,3,2,3,2,3,3,3,2,3,3,3,4,4,4,3,4,3,3,4,1,1,3,4,4,3,3,3,4,3,3,3,3,4,3,3,3,3,4,1,4,2,1,1,2,1,3,3,3,3,3,3,3,3,3,3,3,4,3,3,4,2,4,4,3,2,NA,NA,8,5,26,57,80,5,3,5,1,1,4,2,2,2,1,1,1,2,6,5,5,1,1,1,1,3,3,3,1,3,2,2,NA,NA,NA,NA,3,3,3,3,4,10,NA,1,2,NA,2,29,1,2,NA,2,8,2,8,1,7,1
"520",0.99503118,"520-91",520,91019,4,91,2024,6,4,1,3,14,3,9,1,3,3,3,5,3,2,5,1,2,2,1,2,1,6,6,2,1,6,6,6,3,6,4,2,5,6,6,3,1,7,3,4,3,3,4,4,4,3,4,3,3,4,4,3,3,4,3,3,3,3,3,2,2,1,5,4,4,4,4,5,5,4,4,4,3,3,4,3,2,10,10,10,10,2,NA,NA,9,11,36,63,78,5,10,5,10,2,2,2,3,2,3,NA,1,7,11,5,2,1,1,1,2,1,3,3,2,3,3,-9,NA,NA,NA,NA,NA,NA,NA,NA,3,18,NA,1,2,NA,1,27,1,2,NA,2,4,-9,-9,1,5,1
"521",0.29226381,"521-91",521,91268,22,91,2024,6,14,1,3,1,3,9,1,2,2,3,5,3,2,10,2,2,6,6,2,2,2,6,6,6,6,6,6,4,2,6,6,4,6,2,5,1,1,1,1,3,4,4,2,3,2,4,4,1,4,4,4,4,4,3,4,4,3,3,-8,1,1,5,5,5,5,5,5,3,4,1,5,5,5,5,5,3,10,10,10,0,2,NA,NA,6,17,40,52,84,1,0,2,1,2,5,1,3,3,1,5,2,11,3,10,2,2,2,2,2,2,4,3,2,3,3,1,4,2,-8,2,NA,NA,NA,NA,4,10,NA,1,1,NA,2,71,1,2,NA,2,3,1,NA,7,1,1
"522",0.67470635,"522-91",522,91287,11,91,2024,6,7,2,3,10,5,3,2,3,3,3,5,2,2,-8,2,4,6,2,1,2,3,6,6,3,6,6,6,3,3,2,3,4,3,3,4,4,4,3,3,4,4,3,2,3,2,3,3,1,4,3,3,2,3,1,3,3,3,1,1,3,2,4,4,3,2,3,2,2,2,3,3,3,1,2,3,1,10,8,10,10,1,3,2,24,24,28,71,73,1,0,0,1,2,5,1,2,4,4,NA,1,11,6,8,2,2,1,1,1,1,4,4,1,3,2,2,NA,NA,NA,NA,4,5,4,-8,4,15,15,2,NA,2,2,47,1,1,9,2,4,1,NA,8,1,1
"523",0.67470635,"523-91",523,91287,11,91,2024,6,7,2,2,7,5,1,3,1,2,3,5,1,1,5,4,4,6,3,4,4,4,3,2,6,6,6,6,2,3,1,4,1,3,1,4,3,1,4,3,4,4,2,3,4,3,2,2,2,1,4,3,4,3,1,1,2,3,3,1,2,1,4,4,4,4,4,2,3,2,2,4,4,4,3,1,3,10,9,6,6,2,NA,NA,16,19,39,62,86,0,1,0,0,4,5,1,2,1,5,NA,1,9,5,5,5,1,2,1,1,1,3,4,1,3,2,2,NA,NA,NA,NA,2,1,2,2,5,15,15,1,1,NA,2,49,1,2,NA,2,2,1,NA,8,1,1
"524",0.21969569,"524-91",524,91287,11,91,2024,6,7,2,3,1,6,10,1,2,3,3,5,2,2,6,2,4,6,6,1,2,6,4,6,6,6,6,6,3,4,4,6,3,6,3,5,9,2,3,4,4,4,4,1,3,1,3,3,2,4,4,1,4,3,2,2,4,3,2,2,3,3,4,5,5,4,5,4,3,2,4,5,2,3,5,4,1,10,10,10,10,2,NA,NA,23,23,41,68,76,10,1,1,0,2,5,1,3,3,2,5,2,3,6,10,2,2,2,2,3,4,3,1,1,3,2,2,NA,NA,NA,NA,2,4,2,2,3,20,NA,1,2,NA,2,40,1,2,NA,2,2,1,NA,8,1,1
"525",0.25118921,"525-91",525,91099,12,91,2024,6,8,1,3,1,2,4,3,2,3,3,3,2,1,2,4,3,6,2,3,3,6,6,6,6,6,6,6,1,6,6,6,1,6,2,2,1,1,3,3,2,2,3,4,3,4,4,3,3,2,3,3,3,3,3,1,4,2,1,1,2,1,4,3,3,3,3,2,4,2,3,4,4,3,4,3,3,10,10,10,10,1,3,5,20,18,46,65,87,3,4,6,5,1,2,2,2,1,1,2,1,2,3,5,5,1,1,1,1,1,1,2,2,3,2,2,NA,NA,NA,NA,-8,-8,-8,-8,2,15,15,1,4,NA,2,58,1,2,NA,2,4,1,NA,1,2,9
"526",1.71311238,"526-91",526,91088,12,91,2024,6,8,1,1,1,5,10,1,-8,4,2,3,2,3,10,3,3,6,2,3,2,6,6,6,3,6,6,6,4,6,4,3,4,6,4,4,3,4,2,2,3,2,2,4,4,3,3,3,3,-9,4,2,3,2,3,1,3,4,1,1,2,1,3,3,3,3,4,3,3,3,3,3,3,4,2,1,-9,10,10,10,10,1,1,6,8,5,26,57,80,5,1,8,2,3,5,2,2,4,1,1,1,2,3,0,1,1,1,1,1,1,1,2,1,2,2,2,NA,NA,NA,NA,-8,-8,-8,-8,1,18,NA,1,2,NA,1,45,1,2,NA,2,8,1,NA,1,7,1
"527",0.53930283,"527-91",527,91088,12,91,2024,6,8,1,1,1,2,5,3,3,3,3,4,2,2,10,4,3,6,2,6,2,6,6,6,6,6,6,6,4,6,4,6,4,6,6,4,1,1,2,2,1,2,2,2,2,3,2,2,2,2,2,2,2,2,2,2,2,2,1,1,2,1,4,2,3,2,2,2,2,2,2,2,3,3,2,3,2,10,10,10,10,2,NA,NA,21,21,38,49,93,10,10,6,10,5,4,2,2,1,1,-8,4,1,2,5,1,2,1,2,3,1,1,3,1,2,2,2,NA,NA,NA,NA,-8,-8,-8,-8,-8,15,15,1,2,NA,2,70,1,2,NA,2,4,1,NA,1,7,1
"528",1.01240276,"528-91",528,91287,11,91,2024,6,7,2,4,6,13,11,1,2,2,3,3,2,2,5,1,4,6,6,6,1,1,6,6,1,1,6,6,6,6,6,6,6,6,6,4,4,1,1,1,2,3,2,3,3,4,4,2,2,3,3,4,3,3,2,3,2,3,3,1,1,2,5,5,4,3,3,3,2,5,5,4,5,5,5,4,-8,10,6,10,5,2,NA,NA,1,32,37,54,82,0,5,0,5,3,5,1,2,1,3,NA,2,9,6,10,1,2,1,1,2,3,3,4,2,3,-8,2,NA,NA,NA,NA,3,4,2,5,4,15,18,1,2,NA,1,20,1,2,NA,2,3,2,1,3,1,1
"529",0.65908707,"529-91",529,91287,11,91,2024,6,7,2,4,10,11,7,1,3,1,3,5,2,2,5,1,5,6,6,6,3,6,6,6,6,6,6,6,6,6,6,6,6,6,3,5,2,4,3,2,3,4,3,3,1,2,3,4,2,3,4,3,2,3,2,2,2,2,3,2,3,2,5,5,5,5,4,5,4,4,5,5,5,4,5,5,1,10,10,10,10,1,3,5,24,24,28,71,73,0,0,5,5,3,5,2,3,2,3,NA,6,11,3,7,1,3,3,3,4,3,3,3,2,3,3,2,NA,NA,NA,NA,4,5,4,4,1,20,NA,1,2,NA,2,42,1,2,NA,2,1,1,NA,8,5,1
"530",0.43555222,"530-91",530,91287,11,91,2024,6,7,2,4,1,10,11,1,2,3,5,4,3,2,10,4,4,6,6,6,2,6,6,6,6,6,6,6,4,4,6,6,2,6,2,4,-8,1,4,2,4,3,2,4,2,4,4,4,2,2,3,2,1,4,2,2,3,2,1,1,1,1,5,5,5,3,5,3,2,3,5,4,5,4,3,4,7,10,-7,10,-7,NA,NA,NA,3,2,47,56,95,5,10,10,0,4,5,1,3,3,5,NA,2,11,-8,0,2,2,1,2,1,4,-8,4,1,3,-8,2,NA,NA,NA,NA,-8,-8,-8,-8,1,15,15,1,1,NA,1,75,1,2,NA,2,0,1,NA,7,5,9
"531",1.49740952,"531-91",531,91040,6,91,2024,6,5,1,4,3,10,1,3,3,3,3,5,3,2,6,1,3,6,6,1,1,6,6,6,6,6,6,6,4,6,2,4,4,6,6,4,5,4,-8,4,1,4,4,-8,4,-8,3,4,4,4,4,3,3,4,2,4,4,4,3,1,1,3,4,5,5,4,4,4,5,3,-8,5,5,3,4,5,5,10,10,10,10,2,NA,NA,17,1,48,67,90,2,0,4,5,1,1,1,3,3,3,NA,3,1,4,5,2,1,1,1,1,1,5,4,1,3,3,1,1,1,1,1,NA,NA,NA,NA,3,15,15,1,4,NA,1,46,1,2,NA,2,4,2,1,10,NA,8
"532",0.91765389,"532-91",532,91138,19,91,2024,6,12,1,4,8,3,9,3,1,3,2,2,1,2,5,2,4,3,3,3,4,3,3,3,2,3,3,3,3,3,3,3,2,6,3,4,4,6,3,3,2,3,1,3,4,4,4,3,2,3,4,2,2,2,1,2,3,4,2,1,2,3,3,5,5,4,4,5,4,5,5,5,5,4,4,5,4,10,10,10,-7,NA,NA,NA,20,18,46,65,87,6,3,5,2,3,2,2,2,2,2,2,1,11,3,5,1,1,4,1,3,3,4,2,1,3,1,2,NA,NA,NA,NA,5,4,5,3,3,9,NA,1,1,NA,2,20,1,2,NA,1,5,2,4,4,5,2
"533",0.41788641,"533-91",533,91044,6,91,2024,6,5,1,2,3,2,9,3,2,3,3,3,2,2,7,3,4,6,3,3,3,4,3,3,6,6,3,6,4,4,4,3,4,3,3,4,1,6,3,1,1,4,3,-8,3,1,3,3,1,3,3,3,1,3,3,1,1,3,3,1,3,2,3,4,3,3,3,2,3,2,2,2,3,3,3,3,2,6,-7,10,-7,NA,NA,NA,14,7,45,55,83,8,10,8,7,4,2,1,2,3,1,3,6,11,5,8,4,2,1,2,2,3,3,5,2,3,-8,-8,NA,NA,NA,NA,NA,NA,NA,NA,3,10,NA,1,2,NA,2,70,1,2,NA,2,8,1,NA,7,5,1
"534",1.17909607,"534-91",534,91147,20,91,2024,6,13,1,4,8,9,26,3,2,3,2,3,2,2,-8,2,4,6,6,6,6,6,6,6,6,6,6,6,6,6,6,6,6,6,6,4,10,1,3,2,2,3,-8,3,1,3,3,3,3,3,3,-8,1,1,1,1,3,1,-8,1,1,1,3,2,-8,2,-8,-8,-8,-8,1,2,-8,-8,-8,-8,-8,10,0,0,-7,NA,NA,NA,10,8,25,60,85,0,0,10,0,1,5,1,1,NA,5,NA,1,2,8,10,5,1,1,1,2,5,-8,1,1,3,3,2,NA,NA,NA,NA,1,5,1,1,3,-8,-8,2,NA,2,1,28,7,2,NA,2,4,1,NA,1,5,5
"535",1.07871715,"535-91",535,91147,20,91,2024,6,13,1,3,13,11,3,3,3,3,2,1,3,2,6,1,2,6,1,3,1,6,6,6,6,6,6,6,5,6,6,6,3,6,6,5,2,1,4,3,2,4,-9,3,3,3,1,3,2,4,4,4,3,3,2,2,4,3,2,2,1,1,3,5,2,4,4,2,2,3,3,1,2,2,3,3,3,10,10,5,10,1,1,5,18,15,35,72,89,10,3,3,8,3,4,1,3,4,1,1,1,6,4,7,2,1,1,1,3,1,3,5,1,3,3,-8,NA,NA,NA,NA,NA,NA,NA,NA,6,10,NA,1,-8,NA,2,33,1,2,NA,1,8,1,NA,4,7,9
"536",1.34007108,"536-91",536,91151,20,91,2024,6,13,1,4,6,11,14,3,1,3,2,4,2,2,5,2,2,6,6,6,6,6,6,6,6,6,6,6,6,6,6,6,6,6,6,3,1,4,4,1,4,4,2,3,3,2,3,4,1,4,3,3,3,1,1,2,1,3,2,2,1,1,2,4,3,3,3,3,2,1,2,3,3,3,3,2,3,10,6,8,5,2,NA,NA,15,9,31,64,79,5,3,6,4,3,3,2,2,4,5,NA,1,2,11,5,3,2,1,2,2,1,3,3,2,3,3,-8,NA,NA,NA,NA,NA,NA,NA,NA,6,15,15,2,NA,2,2,26,2,2,NA,2,6,1,NA,2,5,1
"537",1.36548314,"537-91",537,91019,4,91,2024,6,4,1,3,5,3,12,3,2,3,3,3,1,1,-9,5,5,6,6,6,4,6,6,6,6,6,6,6,2,6,6,6,1,6,6,2,2,1,3,4,4,4,4,3,3,3,3,4,3,3,4,4,3,3,4,4,3,3,3,2,2,1,2,5,5,4,4,4,5,4,4,4,4,2,3,5,-8,10,10,10,10,1,3,5,4,6,27,66,91,0,10,5,0,5,5,1,3,1,5,NA,4,6,11,10,5,1,1,1,2,3,2,2,2,3,3,1,4,1,4,1,NA,NA,NA,NA,3,15,-9,1,1,NA,2,42,1,2,NA,2,4,1,NA,1,3,1
"538",0.59604532,"538-91",538,91075,10,91,2024,6,7,1,3,3,2,9,2,3,2,3,4,3,2,-8,1,4,6,2,2,1,2,2,6,6,2,6,6,2,2,6,6,2,6,2,3,9,6,4,2,4,4,4,-8,4,4,4,1,1,4,4,3,4,4,1,3,3,3,2,1,2,1,5,5,5,5,3,3,2,2,2,3,4,4,3,2,6,10,10,10,10,2,NA,NA,6,17,40,52,84,0,10,10,10,2,1,1,3,3,5,NA,2,7,1,10,2,1,1,1,2,1,1,1,1,3,3,1,2,2,4,2,NA,NA,NA,NA,4,13,NA,1,1,NA,2,55,1,2,NA,2,3,1,NA,1,3,9
"539",0.78661707,"539-91",539,91075,10,91,2024,6,7,1,3,10,11,13,4,2,3,2,2,1,1,3,5,4,6,2,2,3,6,6,6,6,6,6,4,1,3,6,6,1,6,3,3,1,1,4,3,4,3,3,1,2,2,3,2,3,2,4,4,3,2,4,2,2,3,3,1,3,1,3,3,4,4,4,4,4,4,4,4,4,5,3,4,3,10,10,10,8,2,NA,NA,7,3,20,53,88,8,10,8,10,1,1,1,1,NA,1,2,1,6,2,0,2,1,3,1,3,1,5,5,1,2,1,2,NA,NA,NA,NA,3,2,2,2,6,3,NA,1,1,NA,2,45,1,2,NA,2,6,1,NA,1,2,1
"540",1.29523968,"540-91",540,91287,11,91,2024,6,7,2,4,16,10,5,2,2,3,3,5,3,2,5,2,3,6,2,6,2,6,6,6,3,2,6,6,3,2,6,3,2,2,2,4,2,2,3,1,4,3,4,3,3,3,4,4,1,4,4,4,3,4,1,1,3,3,3,1,2,1,2,4,4,3,3,4,3,3,1,4,4,4,4,3,4,10,8,8,10,2,NA,NA,17,1,48,67,90,0,1,1,0,2,4,1,3,2,1,5,6,3,11,10,1,1,1,1,5,2,5,5,2,3,-9,2,NA,NA,NA,NA,4,4,4,4,4,15,15,1,4,NA,1,40,1,2,NA,2,3,1,NA,3,2,1
"541",0.43939138,"541-91",541,91287,11,91,2024,6,7,2,3,11,2,10,1,3,3,2,3,2,2,-8,2,5,6,6,-8,6,6,6,6,6,6,6,6,-8,6,6,6,6,6,4,1,9,4,1,1,1,4,1,3,3,2,4,3,1,4,4,3,3,3,1,1,2,2,1,2,3,1,5,5,4,1,1,1,1,1,1,5,4,1,4,4,1,10,10,10,10,1,2,6,9,11,36,63,78,9,5,10,0,2,5,1,3,2,2,3,4,9,6,10,2,2,1,2,4,2,2,2,1,3,3,2,NA,NA,NA,NA,5,5,4,5,7,10,NA,1,2,NA,2,38,1,2,NA,2,4,2,4,10,2,9
"542",1.02490983,"542-91",542,91269,22,91,2024,6,14,1,3,1,3,11,2,-8,2,-8,4,-8,2,7,6,4,6,6,6,6,6,6,6,6,6,6,6,6,6,6,6,6,6,6,4,11,1,2,1,3,4,2,4,4,4,4,4,2,4,4,4,1,4,1,2,4,4,2,1,1,2,-8,-8,-8,-8,-8,-8,-8,-8,-8,-8,-8,-8,-8,-8,-8,10,10,10,-7,NA,NA,NA,8,5,26,57,80,0,0,0,0,4,5,3,2,2,1,-8,11,3,6,10,2,2,2,2,5,5,-8,1,1,3,-8,2,NA,NA,NA,NA,4,2,4,2,7,15,15,1,2,NA,2,62,1,2,NA,2,0,1,NA,8,1,1
"543",0.28865076,"543-91",543,91270,22,91,2024,6,14,1,3,11,13,2,2,3,3,3,4,3,2,10,3,2,6,3,2,3,3,6,6,6,6,6,6,2,6,6,6,2,6,6,4,1,4,4,4,4,4,4,4,3,4,4,4,3,4,4,4,4,4,4,3,4,3,3,2,1,2,4,-8,-8,-8,4,4,5,5,2,-8,-8,-8,4,-8,7,0,0,10,10,2,NA,NA,1,32,37,54,82,0,5,0,5,4,5,1,3,4,5,NA,3,9,10,10,2,2,4,1,3,1,5,5,2,3,-8,2,NA,NA,NA,NA,4,4,4,4,7,15,15,1,2,NA,2,57,1,2,NA,2,2,1,NA,2,2,2
"544",1.12880601,"544-91",544,91022,4,91,2024,6,4,1,3,3,14,2,3,2,4,3,3,2,1,7,4,4,6,6,4,4,4,4,6,6,6,6,6,4,6,6,4,3,6,4,4,1,8,2,2,3,3,3,3,3,2,2,3,2,3,3,3,2,2,2,2,2,3,1,1,2,3,4,4,4,3,4,3,3,3,3,4,4,3,3,3,4,10,10,10,10,1,2,7,23,23,41,68,76,7,5,5,5,3,5,1,2,1,3,NA,6,2,1,-9,2,2,2,2,3,1,3,4,2,3,2,2,NA,NA,NA,NA,2,2,2,2,6,-9,16,1,1,NA,2,37,1,1,9,2,6,1,NA,1,5,1
"545",3.08461474,"545-91",545,91022,4,91,2024,6,4,1,4,10,5,8,3,2,3,2,3,1,1,4,4,3,6,6,6,4,6,6,6,6,6,6,6,2,6,6,6,2,6,6,1,7,1,2,3,3,4,3,3,4,1,2,3,3,3,3,4,1,3,2,3,2,4,1,1,2,2,4,4,5,2,2,3,4,2,3,5,2,3,4,5,1,9,5,10,-7,NA,NA,NA,22,22,44,50,75,5,5,4,7,2,4,1,3,4,5,NA,5,3,2,4,5,4,4,2,3,2,1,4,2,3,2,1,4,2,3,4,NA,NA,NA,NA,6,4,NA,1,1,NA,1,23,1,2,NA,1,7,2,6,2,5,9
"546",0.35885534,"546-91",546,91216,20,91,2024,6,13,1,4,13,6,10,3,2,3,3,3,2,2,10,2,3,6,6,2,3,6,6,6,6,6,6,6,6,6,6,6,4,6,6,5,9,3,3,4,3,3,2,3,3,4,3,4,3,3,4,2,3,2,2,1,3,3,1,1,2,1,2,3,2,2,2,2,2,2,3,2,4,3,2,-8,1,8,7,7,6,2,NA,NA,15,9,31,64,79,10,5,0,10,3,5,1,3,3,2,1,2,3,10,6,4,1,1,1,2,2,4,3,1,3,3,1,2,1,-8,2,NA,NA,NA,NA,6,15,15,2,NA,2,1,67,4,1,5,2,6,1,NA,1,1,9
"547",0.54021271,"547-91",547,91216,20,91,2024,6,13,1,3,5,7,6,3,1,3,2,3,1,1,-8,3,3,6,6,6,6,6,6,6,6,6,6,6,6,6,6,6,6,6,6,4,9,1,2,-8,3,4,4,4,4,4,2,4,2,3,3,2,1,-8,2,-8,2,-8,-8,1,2,1,3,5,4,4,2,3,2,2,4,4,3,2,3,3,6,10,7,10,10,1,3,6,16,19,39,62,86,5,10,0,2,3,5,-8,2,2,5,NA,5,1,3,8,2,2,2,2,-8,2,-8,4,1,2,1,2,NA,NA,NA,NA,2,2,5,5,1,15,15,2,NA,1,2,30,4,2,NA,2,8,1,NA,3,1,9
"548",0.79622656,"548-91",548,91257,20,91,2024,6,13,1,3,3,10,26,3,2,3,2,2,1,1,-9,4,4,6,6,3,6,6,6,6,6,6,6,6,2,6,1,6,2,6,3,1,-8,-8,-9,4,-9,4,4,-9,4,4,4,-9,4,4,-9,-9,-9,-9,-9,-9,-9,4,-9,-9,3,2,-9,-9,-9,-9,-9,-9,-9,-9,-9,-9,-9,-9,-9,-9,3,-9,-9,-9,-9,1,3,7,1,32,37,54,82,0,0,1,1,2,3,2,2,1,5,NA,2,1,6,-8,-8,-9,-9,-9,5,5,5,5,1,-8,-8,-8,NA,NA,NA,NA,NA,NA,NA,NA,4,-9,15,1,1,NA,2,34,1,-9,NA,1,5,2,6,-9,5,9
"549",0.89575124,"549-91",549,91257,20,91,2024,6,13,1,3,3,1,9,1,2,4,3,5,3,2,-9,1,3,6,2,1,1,2,6,6,6,6,6,6,5,4,2,6,4,6,1,4,9,1,3,2,3,4,3,3,3,3,4,4,2,4,4,3,3,4,2,4,4,3,1,1,1,1,2,4,4,4,4,4,2,2,3,2,2,-8,4,4,1,10,10,10,10,2,NA,NA,3,2,47,56,95,5,5,4,5,2,5,1,3,5,1,2,1,10,2,4,4,2,2,2,1,1,5,5,1,3,3,-8,NA,NA,NA,NA,NA,NA,NA,NA,1,15,15,1,2,NA,1,51,1,2,NA,1,6,1,NA,1,7,1
"550",0.61221128,"550-91",550,91257,20,91,2024,6,13,1,4,13,3,10,1,3,2,3,4,2,2,-9,-9,6,6,-9,-9,-9,-9,-9,6,-9,-9,6,-9,-9,-9,-9,6,-9,-9,-9,-9,2,-8,4,4,4,4,4,4,4,4,4,4,4,4,4,4,4,4,4,4,4,4,-9,-9,2,1,4,5,5,5,5,5,5,5,5,5,5,5,5,5,-8,10,10,10,10,2,NA,NA,5,12,34,58,77,-9,-9,-9,-9,-9,-9,-9,-9,NA,-9,NA,-9,NA,NA,-9,-9,-9,-9,-9,-9,-9,-9,-9,-9,-9,-9,-9,NA,NA,NA,NA,NA,NA,NA,NA,-9,-9,-9,-9,NA,-9,2,60,-9,-9,NA,-9,-9,-9,-9,-9,NA,-9
"551",0.44787562,"551-91",551,91257,20,91,2024,6,13,1,3,3,9,26,2,2,2,2,5,2,1,5,3,1,2,2,2,1,1,2,2,1,2,6,6,1,2,3,3,1,2,2,1,1,9,3,2,4,4,4,3,4,3,3,3,2,2,4,2,3,4,2,3,3,4,2,1,2,1,3,3,5,4,3,4,1,2,2,4,2,2,3,2,3,9,10,10,10,1,3,6,15,9,31,64,79,5,10,0,10,2,5,3,2,3,2,2,2,7,4,10,2,1,1,1,2,1,5,4,1,3,3,2,NA,NA,NA,NA,-8,1,1,4,6,15,15,1,1,NA,1,48,1,2,NA,2,7,1,NA,10,2,1
"552",0.79622656,"552-91",552,91257,20,91,2024,6,13,1,3,8,10,5,4,1,4,3,3,1,1,5,4,4,6,4,4,5,5,5,2,3,6,6,5,3,4,1,5,1,6,3,3,1,2,4,3,4,3,2,2,2,2,3,2,2,2,3,3,3,3,2,2,3,4,1,1,3,2,4,2,3,2,3,2,3,2,4,2,3,4,2,1,4,5,9,10,6,1,2,6,15,9,31,64,79,10,10,0,10,4,5,1,2,3,2,2,1,6,4,7,4,1,2,1,1,3,1,4,1,2,2,2,NA,NA,NA,NA,2,1,3,4,4,15,15,1,1,NA,2,35,1,2,NA,2,8,2,8,1,7,1
"553",0.30682805,"553-91",553,91126,16,91,2024,6,10,1,4,3,1,14,2,2,2,3,-8,2,2,5,2,3,6,6,2,2,6,6,6,6,6,6,6,3,6,3,6,3,6,6,4,1,1,4,2,4,4,4,3,3,4,4,4,2,3,4,4,4,3,1,2,4,3,1,1,2,2,3,3,3,3,3,4,3,3,2,2,3,4,3,3,2,10,10,10,-7,NA,NA,NA,1,32,37,54,82,0,5,4,5,3,5,2,3,1,5,NA,6,11,1,10,2,1,1,1,2,2,4,5,1,3,-8,-8,NA,NA,NA,NA,NA,NA,NA,NA,4,15,15,1,1,NA,2,64,1,1,5,2,3,1,NA,2,5,1
"554",0.74629547,"554-91",554,91242,20,91,2024,6,13,1,3,3,14,17,2,1,4,2,4,3,2,5,2,2,6,6,6,6,6,6,6,6,6,6,6,6,6,6,6,3,6,6,4,-8,6,3,2,3,3,3,3,3,3,3,3,3,3,3,3,2,3,2,2,3,3,2,1,2,1,3,3,3,3,3,3,3,3,3,3,3,3,3,3,4,10,5,10,-7,NA,NA,NA,2,16,42,69,81,0,4,4,0,1,1,2,-8,NA,1,5,8,1,6,5,2,4,2,2,-8,3,5,3,1,3,3,1,-9,-9,-9,-9,NA,NA,NA,NA,3,15,15,2,NA,2,2,29,5,2,NA,2,4,1,NA,1,5,-9
"555",0.45733989,"555-91",555,91242,20,91,2024,6,13,1,3,14,9,13,4,1,4,2,2,1,1,1,4,4,6,4,4,5,5,4,2,6,4,6,6,4,4,4,5,1,6,1,2,9,4,3,3,3,3,3,4,4,2,3,3,2,1,3,3,3,3,3,3,3,3,1,1,3,1,3,4,4,2,4,4,4,4,4,4,4,4,4,4,4,10,10,4,10,1,2,5,12,4,33,59,94,6,6,6,6,4,2,1,1,NA,2,5,1,2,11,1,1,2,2,2,3,3,5,5,2,2,-8,2,NA,NA,NA,NA,4,2,4,4,5,16,NA,1,1,NA,2,50,1,2,NA,2,5,2,8,3,5,1
"556",0.66520262,"556-91",556,91014,2,91,2024,6,2,1,2,1,2,9,2,1,2,4,4,-9,1,1,4,4,6,4,4,4,2,4,6,2,6,6,6,1,2,2,6,1,2,1,2,-9,1,4,4,1,4,4,4,4,4,4,4,4,4,4,4,4,4,4,4,4,4,1,-9,1,1,5,5,5,5,5,5,5,4,5,5,5,5,5,5,3,10,10,10,10,2,NA,NA,6,17,40,52,84,0,0,0,0,1,2,3,1,NA,4,NA,2,4,9,10,2,4,1,1,3,4,4,4,1,1,1,2,NA,NA,NA,NA,4,2,5,-8,6,3,NA,1,-9,NA,2,73,1,2,NA,2,4,1,NA,7,2,2
"557",1.05543666,"557-91",557,91092,12,91,2024,6,8,1,3,10,1,13,2,3,3,3,4,3,2,-9,2,2,6,6,6,1,6,6,6,6,6,6,6,5,6,4,6,6,6,6,5,7,1,3,2,4,3,4,4,4,3,3,4,2,4,-8,3,3,3,-8,4,3,3,2,-9,3,1,5,4,4,4,4,4,4,4,4,4,4,4,4,4,2,10,10,10,10,2,NA,NA,18,15,35,72,89,10,1,1,1,2,5,2,3,3,4,NA,2,-8,NA,10,3,2,2,2,1,3,5,5,2,3,2,1,-8,1,5,-8,NA,NA,NA,NA,3,-8,15,1,-9,NA,2,67,1,2,NA,2,3,2,4,7,1,1
"558",2.21560465,"558-91",558,91251,20,91,2024,6,13,1,3,2,9,17,2,3,3,3,5,3,2,-8,1,1,6,2,3,1,3,6,6,6,6,6,2,3,4,3,3,3,2,1,1,2,4,4,2,4,4,3,3,3,2,4,4,3,4,4,2,3,4,3,2,3,3,1,1,1,1,4,5,4,4,4,5,2,2,3,3,5,5,2,3,1,5,3,10,5,1,2,5,20,18,46,65,87,4,0,5,5,1,1,2,2,3,4,NA,4,6,5,10,2,1,1,1,1,1,1,3,1,3,3,1,5,1,5,-8,NA,NA,NA,NA,4,15,15,1,2,NA,1,41,4,2,NA,2,7,1,NA,1,4,8
"559",1.36488721,"559-91",559,91251,20,91,2024,6,13,1,3,3,14,17,3,2,3,2,4,3,2,-8,2,6,6,6,2,6,6,6,6,6,6,6,6,6,6,6,6,6,6,6,3,-8,-8,4,3,4,4,-8,4,3,4,4,4,1,3,4,4,4,-8,1,1,1,-8,2,1,2,1,4,4,3,-8,3,3,3,3,4,-8,4,3,3,3,3,8,8,8,5,1,3,6,3,2,47,56,95,5,0,0,0,3,2,1,2,1,5,NA,1,2,6,10,5,1,1,1,2,1,1,1,2,2,2,-8,NA,NA,NA,NA,NA,NA,NA,NA,2,15,15,2,NA,5,2,24,2,2,NA,2,4,2,2,8,1,1
"560",2.04733082,"560-91",560,91251,20,91,2024,6,13,1,3,13,1,9,2,2,2,3,3,3,2,-8,2,4,6,6,6,4,6,6,6,6,6,6,6,6,6,6,6,6,6,6,5,1,2,3,3,2,3,3,2,3,2,4,3,3,3,3,2,2,3,3,2,3,4,2,2,2,1,4,4,4,3,1,3,5,2,2,2,2,3,3,4,1,9,5,3,9,1,3,5,2,16,42,69,81,0,4,3,0,4,5,3,2,2,5,NA,1,2,6,5,5,2,2,2,2,2,5,2,2,2,-8,2,NA,NA,NA,NA,5,5,5,5,2,15,15,1,2,NA,2,25,1,2,NA,2,2,2,2,2,NA,9
"561",0.67573927,"561-91",561,91251,20,91,2024,6,13,1,3,3,11,14,3,2,4,2,4,3,2,-8,4,4,6,6,3,3,6,6,6,6,6,6,6,3,6,6,6,2,6,6,4,-8,1,3,4,3,4,3,2,3,2,3,3,4,4,4,3,4,3,3,3,4,3,3,1,3,1,5,5,4,5,5,-8,5,5,5,5,5,5,5,5,5,10,10,10,10,1,3,6,24,24,28,71,73,0,0,10,10,2,3,1,3,2,5,NA,1,6,8,9,1,1,1,1,1,4,5,5,2,3,3,1,2,1,1,2,NA,NA,NA,NA,5,15,15,1,1,NA,1,29,1,2,NA,1,3,1,NA,1,1,2
"562",0.3465413,"562-91",562,91242,20,91,2024,6,13,1,2,10,1,3,2,2,3,3,4,2,1,5,3,5,6,6,4,3,6,6,6,4,6,6,6,1,6,2,2,1,6,6,2,2,2,3,4,4,3,3,3,3,3,3,-8,3,3,3,3,2,2,3,3,4,3,1,1,2,1,1,2,4,3,2,5,4,4,3,2,2,4,3,3,2,10,9,10,-7,NA,NA,NA,13,14,29,70,96,0,5,0,0,4,5,3,3,2,2,1,3,2,7,5,2,1,1,1,1,1,1,1,1,3,2,-8,NA,NA,NA,NA,NA,NA,NA,NA,4,1,NA,1,1,NA,2,55,1,2,NA,2,4,2,4,10,7,1
"563",1.39331719,"563-91",563,91049,6,91,2024,6,5,1,4,6,10,5,2,2,3,3,5,2,2,5,2,4,6,6,6,3,6,6,6,6,6,6,6,4,6,6,6,3,6,6,4,4,1,4,3,3,4,3,3,3,3,4,4,3,3,3,4,3,3,3,3,3,3,3,1,2,1,4,3,3,2,3,2,2,1,1,1,1,2,3,2,1,10,7,8,8,1,3,6,20,18,46,65,87,3,0,3,7,2,2,2,3,2,5,NA,2,7,9,5,5,2,2,2,1,3,3,3,2,3,3,2,NA,NA,NA,NA,4,3,4,4,4,15,15,1,2,NA,2,36,1,2,NA,2,4,2,1,8,1,2
"564",1.75623365,"564-91",564,91099,12,91,2024,6,8,1,3,3,9,10,2,2,3,3,5,2,2,5,2,3,6,3,3,3,3,3,6,3,6,6,6,4,4,4,4,4,6,3,4,1,2,3,3,3,4,3,2,3,2,2,3,3,4,3,3,3,3,3,2,2,2,2,1,2,1,4,4,4,4,3,4,4,4,4,3,3,5,3,3,1,10,10,10,10,1,2,7,18,15,35,72,89,10,1,5,7,2,5,2,2,4,4,NA,2,11,10,6,5,1,2,1,3,2,5,5,1,3,3,1,4,2,4,4,NA,NA,NA,NA,6,18,NA,1,2,NA,1,43,1,2,NA,2,8,1,NA,1,4,1
"565",1.75623365,"565-91",565,91099,12,91,2024,6,8,1,3,5,17,14,2,2,4,3,4,2,2,6,3,3,6,1,2,1,6,6,6,6,6,1,5,5,1,3,6,2,6,1,4,4,4,4,4,4,4,2,4,4,4,4,3,4,3,4,4,2,2,3,2,2,3,1,2,1,3,4,5,5,4,5,3,4,4,4,3,4,2,5,4,6,8,6,6,0,2,NA,NA,20,18,46,65,87,1,1,1,1,4,3,3,1,NA,4,NA,3,11,2,7,1,1,1,1,5,1,5,5,1,3,3,1,5,5,5,5,NA,NA,NA,NA,5,15,15,1,4,NA,1,33,1,2,NA,1,10,1,NA,1,4,1
"566",0.92556007,"566-91",566,91049,6,91,2024,6,5,1,4,6,3,1,3,2,2,4,3,3,2,4,2,4,6,6,6,6,6,6,3,6,6,6,6,4,4,3,6,4,6,2,4,3,1,4,2,2,3,3,3,2,3,2,3,1,3,3,3,3,3,2,3,1,3,3,2,1,5,5,4,4,4,4,4,4,4,4,4,4,4,4,4,7,10,-7,10,-7,NA,NA,NA,16,19,39,62,86,4,4,5,4,4,3,2,3,3,3,NA,11,5,2,8,2,2,2,2,2,5,2,4,1,3,3,1,5,2,5,2,NA,NA,NA,NA,3,15,15,1,2,NA,1,66,1,2,NA,2,2,1,NA,7,5,2
"567",0.54819119,"567-91",567,91268,22,91,2024,6,14,1,3,1,10,26,3,2,3,3,4,2,2,7,2,2,6,3,4,3,4,6,3,3,3,6,6,4,3,3,6,4,6,6,4,2,1,1,2,3,3,3,3,3,1,3,3,1,3,3,3,2,2,2,3,2,3,1,1,1,1,2,1,3,2,4,3,3,3,3,3,3,2,3,3,3,10,-7,10,-7,NA,NA,NA,5,12,34,58,77,0,0,0,2,2,3,1,2,2,2,2,2,4,8,10,2,1,1,1,5,4,2,5,2,3,3,-8,NA,NA,NA,NA,NA,NA,NA,NA,3,1,NA,1,2,NA,1,70,1,2,NA,2,2,1,NA,7,2,1
"568",0.51547593,"568-91",568,91291,15,91,2024,6,9,2,3,11,1,3,1,3,1,3,1,3,2,-9,2,6,-9,6,6,6,6,6,6,6,6,6,6,6,6,6,6,6,6,6,5,9,4,4,4,1,2,4,4,4,4,4,4,4,4,4,-8,4,4,4,2,3,4,3,-9,1,1,5,5,5,5,5,5,3,3,5,5,5,5,5,5,6,10,10,10,10,1,2,5,14,7,45,55,83,0,0,0,0,5,5,1,3,2,4,NA,7,-9,NA,10,1,2,1,1,1,1,5,5,1,3,-8,-8,NA,NA,NA,NA,NA,NA,NA,NA,-9,15,15,1,3,NA,1,49,1,2,NA,2,2,1,NA,1,2,2
"569",0.68712902,"569-91",569,91141,20,91,2024,6,13,1,3,5,10,9,3,2,4,2,4,2,1,-8,5,3,6,4,3,3,4,4,1,3,3,2,3,3,4,2,4,2,6,1,3,4,1,4,3,4,4,3,4,4,3,4,4,3,1,4,3,3,4,3,3,3,3,3,1,3,3,4,3,3,2,3,3,3,3,3,3,4,2,3,4,4,10,10,10,0,2,NA,NA,24,24,28,71,73,0,0,10,0,4,4,1,3,3,4,NA,11,4,5,10,1,1,1,1,1,1,5,5,1,3,3,1,1,-8,5,5,NA,NA,NA,NA,4,9,NA,1,1,NA,2,55,1,2,NA,2,4,2,4,2,4,1
"570",1.53808102,"570-91",570,91049,6,91,2024,6,5,1,3,3,2,9,3,-8,3,3,3,1,2,5,3,3,6,6,6,6,6,6,6,6,6,6,6,6,6,6,6,3,6,6,3,9,1,2,2,2,2,2,2,2,2,2,2,2,2,2,2,2,2,2,2,2,2,3,2,1,3,4,3,4,4,3,3,4,3,2,3,4,2,3,3,3,5,5,5,5,2,NA,NA,23,23,41,68,76,5,5,5,5,3,5,2,2,3,3,NA,4,11,6,5,5,2,2,2,5,2,4,5,2,3,2,-8,NA,NA,NA,NA,NA,NA,NA,NA,3,14,NA,1,4,NA,2,23,1,2,NA,1,7,2,2,4,5,2
"571",0.18651493,"571-91",571,91180,20,91,2024,6,13,1,3,1,16,26,3,2,3,3,4,2,1,5,3,3,6,2,4,3,6,3,2,3,6,6,2,2,3,2,4,2,2,2,2,1,6,4,4,4,4,3,4,4,3,4,2,3,3,4,4,4,3,3,2,3,4,3,1,3,1,4,3,3,3,3,2,2,2,3,4,4,5,4,4,6,7,10,10,-7,NA,NA,NA,24,24,28,71,73,2,1,8,8,4,1,1,3,1,2,5,1,11,4,6,2,2,2,2,2,3,5,4,2,3,2,2,NA,NA,NA,NA,4,4,3,4,3,15,15,1,1,NA,1,59,1,2,NA,2,4,1,NA,1,4,9
"572",0.65794007,"572-91",572,91049,6,91,2024,6,5,1,3,3,1,7,2,-8,3,3,3,2,2,5,2,3,6,6,6,6,2,6,6,6,6,6,6,2,6,6,6,6,6,6,4,4,4,3,2,2,4,3,2,3,1,3,2,1,4,-8,-8,3,-8,-8,3,3,3,3,2,1,1,4,-8,-8,-8,4,4,2,-8,4,-8,-8,-8,-8,-8,2,3,-7,7,-7,NA,NA,NA,22,22,44,50,75,3,1,4,5,4,1,1,2,3,4,NA,2,6,7,7,2,2,2,1,1,2,1,3,1,3,3,2,NA,NA,NA,NA,4,4,4,4,1,14,NA,1,1,NA,2,67,1,2,NA,2,3,2,3,8,2,2
"573",1.05291299,"573-91",573,91181,20,91,2024,6,13,1,1,2,11,1,3,1,5,3,3,1,1,3,5,5,6,4,4,5,5,2,2,6,6,6,6,3,3,1,5,1,6,1,2,1,4,4,3,4,3,2,3,2,2,3,2,3,1,2,2,3,2,3,1,2,3,1,1,3,3,4,2,4,5,5,3,4,3,4,3,2,3,3,2,3,5,9,6,9,2,NA,NA,13,14,29,70,96,4,5,4,6,4,2,2,1,NA,2,2,3,9,11,4,4,3,4,4,3,2,5,5,1,3,2,-8,NA,NA,NA,NA,NA,NA,NA,NA,6,16,NA,1,1,NA,2,24,1,2,NA,1,7,2,10,4,7,9
"574",0.65872548,"574-91",574,91012,2,91,2024,6,2,1,3,1,6,11,3,3,3,3,3,2,2,-9,3,3,6,6,3,6,6,6,6,6,6,6,6,3,6,3,6,6,6,6,3,1,1,3,3,4,3,3,3,3,3,3,3,3,3,3,3,3,3,3,3,3,3,3,2,3,1,5,4,3,3,4,4,2,2,2,4,4,2,4,4,1,10,10,10,10,2,NA,NA,7,3,20,53,88,0,0,0,5,3,1,1,3,1,1,2,1,3,11,10,2,1,1,1,4,4,4,4,2,3,-8,-8,NA,NA,NA,NA,NA,NA,NA,NA,4,15,15,1,1,NA,2,65,1,2,NA,2,3,2,3,1,2,1
"575",0.98691011,"575-91",575,91049,6,91,2024,6,5,1,3,1,5,3,2,2,3,3,4,3,2,5,3,4,6,2,2,2,6,6,6,6,6,6,6,4,4,6,6,4,6,4,5,1,4,3,1,1,4,3,4,1,1,3,3,1,3,3,1,2,3,1,3,3,3,2,1,2,1,5,4,4,4,2,2,2,2,3,2,4,3,3,2,3,7,-7,2,-7,NA,NA,NA,2,16,42,69,81,1,1,6,1,2,1,1,3,2,4,NA,4,6,1,8,1,3,2,1,1,1,5,5,2,3,3,1,-8,2,5,-8,NA,NA,NA,NA,2,14,NA,1,2,NA,2,65,1,2,NA,2,2,2,3,8,2,2
"576",0.32381067,"576-91",576,91089,12,91,2024,6,8,1,3,11,1,10,3,2,2,3,4,2,3,5,3,3,6,4,4,4,6,6,6,3,6,3,6,3,3,6,6,3,6,3,3,1,2,3,2,3,4,3,3,3,3,3,3,3,3,4,4,3,4,3,3,3,3,3,2,2,3,5,5,-8,5,5,4,4,5,3,3,5,2,5,5,4,8,10,8,10,1,3,5,7,3,20,53,88,7,4,7,4,5,3,1,2,3,5,NA,1,5,6,3,2,1,1,1,2,3,4,3,2,3,3,2,NA,NA,NA,NA,3,3,4,3,3,15,15,1,4,NA,2,46,1,2,NA,2,8,1,NA,1,4,-9
"577",0.25006158,"577-91",577,91217,20,91,2024,6,13,1,2,14,5,10,1,3,2,4,5,3,2,-8,1,2,6,1,6,6,6,6,6,6,6,6,6,5,6,6,6,6,-8,1,5,2,1,3,2,2,4,4,-8,2,2,4,3,3,4,3,2,4,4,2,2,4,4,3,2,3,1,5,5,-8,-8,5,5,5,2,2,5,5,3,5,5,6,10,10,10,10,1,3,3,24,24,28,71,73,3,3,7,7,5,5,2,3,1,5,NA,3,8,2,10,2,1,1,1,1,1,4,4,2,2,1,2,NA,NA,NA,NA,5,5,5,5,6,15,15,1,1,NA,2,51,1,2,NA,2,2,1,NA,8,1,9
"578",0.18947979,"578-91",578,91217,20,91,2024,6,13,1,2,12,14,2,4,1,4,2,3,1,1,1,4,4,6,4,3,4,4,3,6,6,6,6,6,3,3,3,3,1,6,2,3,1,3,2,2,2,1,4,4,4,2,2,3,3,1,3,4,3,4,3,2,2,2,1,1,3,3,2,3,2,2,2,4,2,3,2,4,2,4,2,2,3,10,10,10,4,2,NA,NA,18,15,35,72,89,6,0,8,1,1,2,1,2,1,3,NA,1,3,6,3,5,1,1,1,3,2,5,3,2,3,3,2,NA,NA,NA,NA,4,5,4,4,6,15,16,1,1,NA,2,61,1,2,NA,2,4,1,NA,1,2,1
"579",0.40404626,"579-91",579,91217,20,91,2024,6,13,1,3,16,4,26,3,1,3,2,3,1,-8,7,3,6,6,6,6,6,6,6,6,6,6,6,6,6,6,6,6,3,6,6,4,9,2,2,2,2,4,2,3,3,3,4,2,3,3,2,2,2,2,2,2,3,2,3,2,2,1,4,3,2,1,2,2,2,2,2,2,2,3,2,1,2,9,8,8,8,2,NA,NA,12,4,33,59,94,2,2,8,2,1,4,3,2,2,1,5,1,4,6,10,5,1,2,2,4,3,4,5,2,3,-8,-8,NA,NA,NA,NA,NA,NA,NA,NA,4,19,NA,2,NA,2,1,18,3,2,NA,1,3,2,4,1,7,2
"580",2.02023129,"580-91",580,91217,20,91,2024,6,13,1,3,7,13,6,2,2,2,2,3,2,2,7,3,3,6,6,4,4,6,4,6,6,6,6,6,4,4,6,6,4,6,6,4,10,2,4,1,4,3,4,3,4,3,3,4,3,4,3,1,3,3,3,1,3,3,3,1,2,1,2,2,2,2,1,1,2,3,1,1,2,1,2,1,2,10,10,10,10,1,2,6,21,21,38,49,93,3,0,4,10,2,1,1,2,2,5,NA,3,9,1,0,5,2,2,2,2,3,3,4,1,2,1,2,NA,NA,NA,NA,5,-8,5,5,8,19,NA,2,NA,3,1,28,1,2,NA,2,4,2,4,2,8,9
"581",0.40404626,"581-91",581,91217,20,91,2024,6,13,1,3,1,3,9,3,1,3,2,3,3,2,8,2,5,6,4,6,6,6,6,6,6,6,6,6,4,6,6,6,4,6,6,4,2,2,3,2,3,3,1,2,3,3,3,3,2,3,2,3,2,2,2,2,1,2,1,2,2,1,4,4,2,2,4,4,4,4,4,4,2,2,4,2,2,10,10,0,10,2,NA,NA,18,15,35,72,89,0,0,0,0,1,1,1,2,4,1,3,3,6,11,10,1,2,2,3,4,3,3,3,2,3,1,2,NA,NA,NA,NA,4,4,4,4,1,18,NA,1,2,NA,1,28,1,2,NA,2,4,2,4,1,1,9
"582",0.76667491,"582-91",582,91117,14,91,2024,6,9,1,3,14,5,3,2,3,-8,-8,-8,3,-8,5,2,3,6,6,6,6,6,6,6,6,6,6,6,6,6,6,6,6,6,6,3,-8,1,4,3,2,4,-8,2,3,2,3,4,3,3,-8,4,2,-8,3,-8,3,-8,-8,-8,1,1,5,5,4,3,4,2,4,-8,4,4,3,2,-8,-8,-8,10,10,10,-7,NA,NA,NA,18,15,35,72,89,9,0,0,5,-8,3,-8,-8,NA,-8,NA,1,2,11,-8,2,2,3,2,3,1,-8,-8,-8,3,-8,-8,NA,NA,NA,NA,NA,NA,NA,NA,6,15,15,2,NA,5,1,18,1,1,5,1,4,2,4,4,NA,2
"583",0.41639272,"583-91",583,91291,15,91,2024,6,9,2,3,10,12,5,3,2,3,3,4,2,-8,-8,3,4,6,6,6,6,6,6,6,6,6,6,6,6,6,6,6,6,6,6,3,4,6,3,3,3,4,3,3,3,3,4,4,3,3,3,4,3,3,3,3,4,3,3,2,2,1,4,4,4,5,3,3,3,3,3,4,4,3,3,3,4,10,10,10,10,1,2,7,23,23,41,68,76,5,5,0,0,4,4,1,3,3,3,NA,1,5,3,2,2,3,2,2,3,4,1,2,2,3,2,2,NA,NA,NA,NA,2,2,2,3,5,15,15,1,1,NA,2,42,1,1,5,2,4,2,1,8,1,2
"584",1.1025786,"584-91",584,91073,10,91,2024,6,7,1,3,3,9,14,3,-8,3,1,3,2,2,3,1,5,6,6,6,4,6,6,6,6,6,6,6,6,6,6,6,6,6,6,4,9,2,3,2,3,3,2,3,3,3,1,3,1,3,1,1,1,1,1,1,1,3,3,1,2,1,4,4,2,2,2,2,1,1,2,2,4,2,2,2,5,8,5,8,10,1,3,5,18,15,35,72,89,5,3,4,5,2,5,2,2,2,3,NA,2,1,8,8,2,2,2,2,1,5,4,3,2,3,3,-8,NA,NA,NA,NA,NA,NA,NA,NA,5,5,NA,2,NA,2,1,34,2,2,NA,2,4,1,NA,1,5,1
"585",0.65373795,"585-91",585,91073,10,91,2024,6,7,1,3,2,6,1,1,3,2,3,3,3,2,10,1,2,6,6,2,1,1,6,6,6,6,6,6,5,6,4,6,4,6,4,5,7,4,3,1,3,4,4,4,3,1,1,4,1,4,4,4,1,4,3,3,4,3,3,1,2,1,5,4,5,1,2,5,1,2,1,4,4,4,3,4,3,8,10,10,-9,2,NA,NA,24,24,28,71,73,4,4,5,10,3,5,1,3,3,2,3,2,7,1,-8,1,1,1,1,1,1,5,5,-8,3,2,2,NA,NA,NA,NA,2,-8,4,-8,4,18,NA,1,2,NA,2,77,1,2,NA,2,3,1,NA,7,5,1
"586",1.37186129,"586-91",586,91076,10,91,2024,6,7,1,3,8,9,12,3,2,3,3,3,2,2,5,4,3,6,6,6,3,6,3,6,6,6,6,6,3,6,6,6,2,6,6,2,4,1,4,1,1,3,2,4,4,2,2,3,2,1,3,4,3,2,1,2,3,1,1,1,3,3,5,4,2,2,3,4,3,2,1,5,2,2,5,3,3,10,10,5,10,1,1,5,14,7,45,55,83,3,5,5,2,2,2,1,2,2,1,1,1,5,6,5,1,1,1,3,2,2,2,3,1,3,2,2,NA,NA,NA,NA,3,3,4,5,1,20,NA,1,1,NA,2,32,1,2,NA,2,8,2,4,1,7,9
"587",0.58340635,"587-91",587,91077,10,91,2024,6,7,1,3,10,6,26,2,3,3,2,4,2,2,10,4,5,3,4,6,5,6,6,4,6,6,6,6,4,4,4,6,4,6,4,5,8,1,4,4,1,4,4,-8,3,1,-8,-8,2,3,-8,-8,2,4,3,2,3,1,3,2,1,1,4,4,3,2,4,5,3,5,5,3,4,2,3,3,1,9,6,5,-7,NA,NA,NA,16,19,39,62,86,4,4,0,4,4,5,2,3,2,5,NA,6,9,7,10,2,2,2,-8,3,5,5,1,-8,3,-8,2,NA,NA,NA,NA,-9,-9,-9,-9,6,-8,-8,1,1,NA,2,74,1,2,NA,2,1,1,NA,7,2,2
"588",0.34470535,"588-91",588,91033,6,91,2024,6,5,1,4,3,26,5,3,2,3,3,4,3,2,5,3,1,6,2,2,2,6,6,6,6,6,6,6,3,3,3,6,3,6,6,3,2,1,4,3,3,3,3,-8,2,-8,2,3,3,3,3,4,3,3,3,2,3,3,1,-8,3,1,5,4,4,3,3,4,4,4,4,4,4,3,4,3,1,2,2,7,-7,NA,NA,NA,24,24,28,71,73,7,4,0,5,2,1,2,2,1,4,NA,1,11,6,7,1,2,2,2,-8,1,2,4,1,3,3,-8,NA,NA,NA,NA,NA,NA,NA,NA,-8,15,15,2,NA,5,1,19,1,2,NA,1,7,1,NA,2,5,9
"589",0.69970964,"589-91",589,91031,6,91,2024,6,5,1,3,3,1,17,2,3,1,3,4,2,2,-9,2,3,6,6,6,3,6,6,6,6,6,6,6,3,6,6,6,6,6,6,2,4,-8,4,4,4,4,4,4,4,4,-8,4,4,4,4,4,4,4,3,3,4,4,1,-8,3,1,4,4,4,4,4,4,4,4,4,4,4,4,4,3,1,10,10,8,-7,NA,NA,NA,20,18,46,65,87,10,0,0,3,1,3,2,3,1,4,NA,1,3,9,-8,2,2,2,2,3,1,-8,3,-8,3,3,-8,NA,NA,NA,NA,NA,NA,NA,NA,-8,15,15,1,-9,NA,1,60,1,2,NA,2,4,1,NA,7,5,9
"590",1.27029817,"590-91",590,91031,6,91,2024,6,5,1,3,11,3,14,3,2,3,2,3,2,1,-9,4,3,6,6,6,2,6,6,6,6,6,6,6,2,6,6,6,2,6,6,-8,1,4,4,3,4,4,3,4,4,4,4,4,3,3,3,2,3,3,2,1,2,3,1,-8,3,1,4,4,4,4,3,4,4,3,3,5,5,4,4,3,1,5,0,5,0,2,NA,NA,8,5,26,57,80,0,0,10,0,1,-8,1,3,2,4,NA,3,1,2,5,3,1,2,1,2,3,-8,4,2,3,2,-8,NA,NA,NA,NA,NA,NA,NA,NA,4,15,15,1,1,NA,1,30,1,2,NA,2,8,1,NA,1,5,9
"591",1.60690588,"591-91",591,91099,12,91,2024,6,8,1,2,16,14,5,3,2,4,2,4,2,2,4,3,4,6,3,3,2,2,6,6,6,6,6,6,4,2,6,6,3,6,3,4,7,4,2,2,2,3,4,2,4,2,3,2,2,4,3,2,4,4,2,2,3,3,2,1,2,2,5,5,4,4,5,5,4,3,4,3,4,5,5,4,1,8,8,10,-7,NA,NA,NA,5,12,34,58,77,8,5,5,5,1,5,2,2,2,3,NA,3,2,6,5,2,1,1,1,2,1,3,2,2,3,3,-8,NA,NA,NA,NA,NA,NA,NA,NA,-8,1,NA,1,1,NA,1,21,1,2,NA,1,7,2,4,4,5,1
"592",1.75623365,"592-91",592,91099,12,91,2024,6,8,1,2,17,5,26,3,3,3,2,4,3,2,6,2,1,3,2,2,3,3,1,2,2,3,2,3,3,2,3,3,1,2,1,3,7,2,4,3,3,4,4,4,4,3,4,2,3,3,4,4,3,3,3,3,3,4,1,2,3,3,4,3,3,4,4,3,3,3,3,4,4,5,4,3,3,7,9,10,-7,NA,NA,NA,15,9,31,64,79,6,3,3,6,2,4,2,1,NA,4,NA,3,4,10,7,5,4,2,3,3,1,2,5,2,3,3,-8,NA,NA,NA,NA,NA,NA,NA,NA,5,15,15,1,-9,NA,1,32,1,2,NA,2,10,1,NA,2,4,9
"593",0.36359397,"593-91",593,91068,8,91,2024,6,6,1,3,1,5,14,2,1,3,2,3,2,3,4,3,4,6,2,4,6,6,4,2,6,6,6,6,3,6,4,6,-8,6,6,4,6,4,3,2,3,3,2,1,3,1,3,1,2,2,3,3,2,3,2,3,3,2,1,2,1,1,4,3,3,3,4,3,2,2,3,3,3,4,4,2,4,7,3,4,3,1,3,6,18,15,35,72,89,9,5,1,9,2,3,1,2,3,4,NA,1,2,6,4,2,1,2,1,2,4,5,5,1,3,2,1,-8,2,4,-8,NA,NA,NA,NA,1,9,NA,1,1,NA,2,50,1,2,NA,2,4,1,NA,2,5,9
"594",0.38070342,"594-91",594,91068,8,91,2024,6,6,1,3,1,3,5,2,2,3,4,4,2,2,-9,2,3,6,6,6,2,6,6,6,6,6,6,6,4,6,6,3,6,6,6,3,1,1,3,4,4,4,3,4,3,3,2,4,4,4,4,3,4,4,4,3,3,3,3,-9,2,1,2,4,4,4,4,4,4,4,4,4,4,3,4,4,1,10,10,10,-7,NA,NA,NA,12,4,33,59,94,1,10,1,0,4,5,1,3,1,5,NA,2,8,9,10,1,2,2,2,2,2,5,5,2,3,-8,2,NA,NA,NA,NA,2,2,2,2,4,15,15,1,4,NA,2,69,1,2,NA,2,1,1,NA,7,2,9
"595",0.17851873,"595-91",595,91068,8,91,2024,6,6,1,3,1,3,7,2,2,2,3,4,3,2,6,3,4,6,6,6,3,6,6,6,6,6,6,6,2,6,6,6,6,6,4,4,1,1,3,2,3,3,1,4,3,3,4,3,2,3,2,3,4,3,3,3,1,3,3,2,1,1,3,4,3,2,2,4,3,3,3,4,3,2,3,2,4,10,10,10,-7,NA,NA,NA,1,32,37,54,82,1,1,1,1,2,5,1,2,3,5,NA,2,6,10,10,3,2,2,2,2,2,5,5,1,2,2,1,1,1,4,1,NA,NA,NA,NA,2,1,NA,1,1,NA,1,73,1,2,NA,2,2,1,NA,7,5,5
"596",0.94949457,"596-91",596,91141,20,91,2024,6,13,1,3,5,3,7,1,1,2,4,4,-8,2,-8,2,2,6,-8,2,4,6,6,6,6,6,6,6,-8,6,6,6,4,6,6,4,2,4,1,3,3,4,-8,-8,1,-8,4,-8,1,2,-8,4,3,4,3,4,4,4,3,-8,3,1,4,5,5,5,5,5,5,5,5,5,5,-8,5,5,6,10,10,0,0,2,NA,NA,20,18,46,65,87,10,0,0,10,4,5,3,3,3,5,NA,11,6,1,10,1,1,1,1,1,5,3,1,1,3,3,1,-8,5,-8,-8,NA,NA,NA,NA,4,15,15,1,-9,NA,2,70,1,2,NA,2,3,1,NA,7,2,1
"597",1.34049403,"597-91",597,91141,20,91,2024,6,13,1,3,3,7,14,1,3,1,4,4,2,2,-8,2,6,6,6,1,6,6,6,6,6,6,6,6,4,6,6,6,2,6,6,5,1,2,4,-8,4,4,-8,4,3,3,3,4,2,4,4,3,3,4,2,-8,2,3,1,2,3,3,5,5,5,-8,-8,-8,2,2,-8,-8,-8,1,-8,-8,1,10,10,10,10,1,3,7,15,9,31,64,79,10,10,0,10,5,2,1,3,1,1,3,1,2,11,7,5,1,1,1,2,1,-8,5,2,3,3,-8,NA,NA,NA,NA,NA,NA,NA,NA,1,15,15,2,NA,5,2,35,4,2,NA,2,2,1,NA,2,2,9
"598",0.43630964,"598-91",598,91034,6,91,2024,6,5,1,3,7,3,10,1,2,3,3,5,2,2,5,2,3,6,6,2,3,6,6,6,6,6,6,6,3,5,4,6,3,6,6,4,3,6,2,2,4,4,4,3,3,3,3,3,3,3,4,2,3,4,2,2,3,3,1,1,3,2,3,4,4,3,3,4,3,3,3,3,3,3,4,4,4,5,5,10,-7,NA,NA,NA,15,9,31,64,79,10,10,0,10,1,5,1,2,1,4,NA,1,11,4,5,2,1,1,1,2,1,2,3,1,3,3,1,4,-8,4,-8,NA,NA,NA,NA,4,15,15,1,1,NA,2,38,1,2,NA,1,7,1,NA,2,2,10
"599",0.61809098,"599-91",599,91034,6,91,2024,6,5,1,3,7,1,6,2,2,4,3,4,3,2,5,4,4,2,2,3,2,6,2,2,4,2,6,2,4,4,2,2,4,2,2,4,1,1,1,3,2,3,3,3,3,3,3,3,3,4,4,4,4,4,3,1,3,3,1,2,3,1,4,4,4,4,4,4,4,4,4,4,4,4,4,3,5,10,10,6,0,2,NA,NA,19,10,43,61,74,0,5,7,0,1,5,3,2,3,4,NA,1,9,4,-9,2,2,2,2,1,1,3,1,1,3,2,-8,NA,NA,NA,NA,NA,NA,NA,NA,-8,15,15,1,1,NA,2,69,1,2,NA,2,4,1,NA,1,5,1
"600",0.59031293,"600-91",600,91034,6,91,2024,6,5,1,3,1,4,6,3,2,4,3,4,2,2,5,3,3,6,6,6,2,6,2,6,6,6,3,6,3,6,6,6,2,6,6,3,1,1,3,3,3,3,4,3,3,3,3,3,4,4,3,4,3,3,3,1,3,3,1,1,3,1,4,4,4,4,4,4,4,4,4,4,4,4,4,3,1,5,1,10,8,1,3,5,24,24,28,71,73,5,0,5,10,2,5,1,2,2,4,NA,1,3,9,10,1,1,1,1,1,1,3,1,1,3,3,-8,NA,NA,NA,NA,NA,NA,NA,NA,4,15,15,1,1,NA,2,54,1,2,NA,2,4,1,NA,1,3,10
"601",0.44729929,"601-91",601,91034,6,91,2024,6,5,1,3,3,4,10,2,2,2,3,4,2,2,-9,3,3,6,6,2,2,6,6,6,6,6,6,6,3,6,3,6,2,6,6,3,4,1,3,3,1,4,4,4,4,4,4,3,4,4,4,4,4,4,4,2,4,4,1,1,2,1,5,4,4,4,4,5,5,4,4,3,4,3,4,4,1,10,10,10,10,2,NA,NA,22,22,44,50,75,6,4,6,5,2,2,1,2,1,5,NA,9,1,5,-8,2,2,3,2,2,3,4,3,1,3,-8,-8,NA,NA,NA,NA,NA,NA,NA,NA,1,15,15,1,1,NA,2,56,1,1,5,2,4,1,NA,3,1,2
"602",0.70112729,"602-91",602,91109,12,91,2024,6,8,1,3,26,1,3,3,1,-8,-8,3,3,3,10,3,3,6,6,-8,3,6,6,3,6,6,6,6,3,3,6,2,3,6,4,3,1,1,1,3,1,3,4,2,3,3,2,3,2,3,3,4,3,3,2,3,3,3,1,2,2,1,5,5,5,5,5,5,5,5,5,5,5,5,5,5,1,0,0,10,10,2,NA,NA,3,2,47,56,95,0,0,0,0,4,5,3,3,3,2,5,9,11,3,0,2,2,2,2,5,1,5,5,2,3,3,2,NA,NA,NA,NA,4,4,4,4,3,15,15,1,4,NA,1,76,1,2,NA,2,1,1,NA,3,5,2
"603",0.35056364,"603-91",603,91109,12,91,2024,6,8,1,3,3,1,2,2,3,2,3,4,2,2,7,2,2,6,6,-8,2,6,6,6,6,6,6,6,4,6,6,6,6,6,2,3,1,4,1,4,4,4,3,4,3,4,4,3,1,3,4,4,3,3,3,1,4,4,3,2,2,3,4,5,4,5,5,3,4,5,4,5,3,3,5,5,3,10,10,10,10,2,NA,NA,3,2,47,56,95,0,5,5,5,2,5,2,3,1,5,NA,2,6,11,10,2,2,2,1,1,5,5,4,1,3,3,2,NA,NA,NA,NA,4,2,4,4,4,15,15,1,-9,NA,1,66,1,2,NA,2,2,1,NA,3,3,1
"604",0.81153438,"604-91",604,91109,12,91,2024,6,8,1,3,3,1,14,2,3,2,3,5,2,2,5,2,4,6,2,2,2,2,2,2,2,6,6,2,4,4,2,2,4,6,2,4,1,4,3,3,4,3,3,4,3,4,3,3,3,4,4,3,3,4,3,3,4,3,1,2,1,3,4,5,4,4,4,4,3,4,4,3,5,4,3,3,3,10,8,10,8,2,NA,NA,6,17,40,52,84,6,4,5,5,4,5,1,3,4,5,NA,6,2,11,4,4,1,2,1,2,1,5,1,1,3,3,2,NA,NA,NA,NA,4,2,4,2,-8,15,15,2,NA,4,2,60,1,2,NA,2,4,1,NA,1,2,1
"605",2.37477797,"605-91",605,91109,12,91,2024,6,8,1,3,10,5,1,2,3,2,4,4,2,2,5,3,3,6,6,3,3,2,6,6,6,6,6,6,3,3,6,6,2,6,3,3,1,4,3,3,3,4,3,3,4,3,4,3,3,3,3,3,3,3,3,3,3,3,3,1,2,1,4,3,4,4,4,2,3,3,3,4,4,4,3,5,6,10,10,10,10,2,NA,NA,19,10,43,61,74,0,5,10,0,2,1,1,2,4,5,NA,2,3,1,4,2,2,2,2,-8,4,5,5,1,-8,-8,-8,NA,NA,NA,NA,NA,NA,NA,NA,8,15,15,1,-9,NA,1,50,1,2,NA,2,4,2,2,3,5,1
"606",0.37380049,"606-91",606,91109,12,91,2024,6,8,1,3,3,1,7,3,-8,3,2,3,-8,-8,-8,-8,4,6,6,6,6,6,6,6,6,6,6,6,4,6,6,6,6,6,6,5,11,1,1,-8,-8,-8,-8,-8,2,-8,3,-8,1,-8,-8,-8,3,-8,2,-8,3,3,-8,-8,1,-8,4,-8,-8,-8,-8,-8,-8,-8,-8,-8,-8,-8,-8,-8,-8,10,-7,10,-7,NA,NA,NA,19,10,43,61,74,0,10,10,0,2,5,-8,3,1,5,NA,2,3,6,-8,-8,2,2,2,2,1,1,-8,-8,-8,-8,2,NA,NA,NA,NA,-8,-8,-8,-8,-8,15,15,1,4,NA,2,70,1,2,NA,2,3,1,NA,7,7,1
"607",0.54688486,"607-91",607,91108,12,91,2024,6,8,1,4,14,2,3,2,2,4,3,4,3,2,5,2,4,-8,-8,2,6,6,6,-8,-8,6,6,6,3,6,6,6,2,6,6,2,5,2,2,4,3,3,4,4,3,4,3,4,3,4,4,4,3,3,3,3,3,3,1,1,2,4,5,5,5,5,5,2,2,2,5,5,5,5,5,2,1,10,5,10,5,2,NA,NA,8,5,26,57,80,5,5,5,5,4,3,2,3,1,3,NA,4,5,1,7,3,2,2,2,2,3,3,3,2,2,2,2,NA,NA,NA,NA,3,3,3,3,1,15,15,1,2,NA,1,50,1,2,NA,2,2,1,NA,1,5,1
"608",0.71505843,"608-91",608,91012,2,91,2024,6,2,1,3,10,1,3,1,3,2,3,3,2,2,10,2,4,6,6,6,6,6,6,6,6,6,6,6,6,6,6,6,6,6,6,4,1,1,1,3,2,3,3,3,1,3,3,2,3,2,3,3,3,3,3,2,2,3,3,2,1,1,2,5,5,2,5,4,3,4,5,2,2,5,4,3,6,10,10,10,10,2,NA,NA,4,6,27,66,91,0,10,0,10,1,1,2,3,4,4,NA,3,2,5,10,1,1,1,1,5,2,1,1,2,3,3,1,-9,5,1,1,NA,NA,NA,NA,3,24,NA,1,1,NA,2,62,1,2,NA,2,2,1,NA,2,1,1
"609",0.62912125,"609-91",609,91012,2,91,2024,6,2,1,3,3,10,7,1,2,3,4,4,3,2,5,2,2,2,2,2,2,2,2,2,6,2,2,2,5,2,2,2,2,2,2,3,2,4,4,4,4,4,4,4,4,4,4,4,4,4,4,4,4,4,4,4,4,4,3,1,2,1,5,5,5,5,5,5,5,5,5,5,5,5,5,5,2,10,10,10,0,2,NA,NA,7,3,20,53,88,10,10,10,0,2,5,1,2,1,4,NA,2,6,11,10,1,1,1,1,1,5,5,5,2,3,3,1,-8,-8,-8,-8,NA,NA,NA,NA,6,15,15,1,4,NA,2,52,1,2,NA,2,2,2,4,1,2,1
"610",1.53991709,"610-91",610,91012,2,91,2024,6,2,1,3,4,14,17,3,1,4,2,3,2,2,1,3,4,6,6,6,6,6,6,6,6,6,6,6,6,6,6,6,6,6,6,5,6,1,3,2,4,2,3,3,3,1,1,3,2,3,3,3,3,2,2,2,2,2,2,1,2,1,4,3,3,2,4,1,1,1,2,2,3,1,1,1,3,10,5,10,0,2,NA,NA,21,21,38,49,93,0,5,10,10,1,4,1,2,3,5,NA,5,6,1,10,2,1,1,1,5,1,3,1,2,3,2,2,NA,NA,NA,NA,4,4,4,4,4,11,NA,2,NA,2,2,25,2,2,NA,2,6,2,6,2,5,8
"611",0.30888832,"611-91",611,91012,2,91,2024,6,2,1,3,1,6,10,2,2,2,4,-9,3,-9,5,2,-9,-9,-9,-9,-9,-9,-9,-9,-9,-9,-9,-9,-9,-9,6,-9,-9,-9,-9,3,1,-8,4,4,4,4,4,4,4,4,4,4,4,4,4,4,4,4,4,4,4,3,1,2,1,1,4,2,2,2,5,4,2,4,2,5,2,1,3,3,3,10,10,10,0,2,NA,NA,5,12,34,58,77,5,0,1,5,1,3,2,3,1,5,NA,2,11,8,10,1,1,1,3,4,5,2,4,1,2,1,2,NA,NA,NA,NA,4,4,4,4,3,15,15,2,NA,4,1,74,1,2,NA,2,2,1,NA,7,4,1
"612",0.95788159,"612-91",612,91235,20,91,2024,6,13,1,1,13,10,1,2,2,3,3,4,2,2,10,2,2,6,2,2,1,3,1,3,3,3,6,2,4,4,3,3,4,2,4,4,1,4,3,1,3,4,3,3,2,3,3,2,2,4,3,2,3,3,2,2,3,2,2,1,2,1,4,4,3,3,4,3,2,3,2,2,3,4,4,3,1,4,10,10,-7,NA,NA,NA,5,12,34,58,77,3,10,10,10,1,1,2,3,3,1,5,1,11,2,10,2,1,1,1,2,1,1,5,1,3,3,1,3,4,3,4,NA,NA,NA,NA,5,15,13,1,2,NA,2,63,1,2,NA,2,5,2,8,7,7,1
"613",0.25566082,"613-91",613,91180,20,91,2024,6,13,1,3,2,3,26,1,2,2,3,3,2,2,5,2,2,6,6,6,2,6,6,6,6,6,6,6,4,6,2,6,3,6,2,4,1,4,3,2,4,4,3,3,3,3,4,3,3,3,3,3,3,3,2,2,3,3,1,1,2,1,3,4,4,4,4,4,3,2,3,3,3,4,4,4,1,10,10,10,10,1,3,6,16,19,39,62,86,5,5,0,4,3,5,1,2,1,4,NA,2,6,7,5,1,2,2,2,2,5,5,5,1,3,3,2,NA,NA,NA,NA,-8,2,-8,-8,4,15,15,1,2,NA,2,45,9,2,NA,2,4,1,NA,1,1,9
"614",1.00613649,"614-91",614,91002,1,91,2024,6,1,1,2,6,3,13,1,3,1,2,5,3,2,5,1,1,6,6,6,1,6,6,6,6,6,6,6,4,6,6,6,4,6,6,3,3,3,4,3,4,4,4,4,3,3,3,4,4,4,4,3,4,4,4,3,4,3,1,2,2,3,5,4,4,4,4,4,4,4,4,4,4,4,4,4,3,10,10,10,10,1,3,5,14,7,45,55,83,10,10,10,0,1,1,1,3,1,1,2,11,3,1,5,2,1,1,1,3,2,3,5,1,3,3,1,3,3,5,5,NA,NA,NA,NA,4,9,NA,1,1,NA,2,38,1,2,NA,1,6,1,NA,1,2,1
"615",0.95761908,"615-91",615,91232,20,91,2024,6,13,1,3,9,5,4,4,2,3,2,3,2,1,4,4,3,3,6,3,2,6,6,6,6,6,6,6,4,3,2,2,3,6,2,3,4,4,4,2,4,3,2,2,3,2,3,2,3,2,2,3,3,2,2,2,2,4,1,2,3,2,3,3,2,3,4,2,3,3,2,3,3,3,2,3,2,7,5,8,-7,NA,NA,NA,1,32,37,54,82,0,5,3,7,1,3,1,2,1,3,NA,1,11,6,3,4,3,2,1,3,3,3,5,1,3,3,1,-8,-8,-8,-8,NA,NA,NA,NA,3,16,NA,1,1,NA,1,19,1,2,NA,1,7,2,2,4,5,8
"616",0.98560283,"616-91",616,91232,20,91,2024,6,13,1,3,1,10,5,3,2,2,2,5,3,1,1,4,3,6,4,3,5,3,3,1,6,6,6,3,2,3,1,3,1,2,1,1,7,1,3,3,3,4,4,4,4,3,3,3,3,2,4,3,2,2,3,2,3,4,1,1,2,2,4,2,5,2,3,4,3,2,3,3,3,3,2,2,3,10,6,3,0,1,-8,5,24,24,28,71,73,0,0,0,5,4,2,1,2,4,4,NA,1,9,4,0,5,3,2,2,3,3,1,5,2,3,1,2,NA,NA,NA,NA,1,1,-8,-8,4,15,9,1,1,NA,1,52,1,1,5,2,4,2,2,2,1,9
"617",1.75218992,"617-91",617,91232,20,91,2024,6,13,1,3,5,14,3,2,2,2,2,4,2,2,5,2,4,6,4,2,3,6,6,6,6,6,6,6,3,2,3,6,2,6,3,3,1,6,3,3,3,4,4,1,3,1,3,3,3,4,3,3,3,3,1,3,3,3,3,1,2,1,4,4,4,4,4,4,4,4,4,4,4,4,4,4,1,10,10,10,9,1,2,7,9,11,36,63,78,10,10,10,0,2,2,1,3,4,3,NA,2,5,11,10,5,1,2,1,1,2,5,3,1,3,3,1,4,2,4,2,NA,NA,NA,NA,4,5,NA,1,1,NA,2,34,1,2,NA,2,8,1,NA,1,4,9
"618",0.49280142,"618-91",618,91232,20,91,2024,6,13,1,4,13,5,3,3,2,2,4,5,2,2,4,4,1,6,6,4,4,6,6,6,6,6,6,6,4,6,6,6,6,6,6,4,2,5,3,3,3,4,4,3,3,3,3,4,3,3,4,4,4,3,4,3,3,3,3,2,3,3,5,4,4,4,4,4,4,4,2,4,3,4,4,2,2,10,10,10,-7,NA,NA,NA,17,1,48,67,90,10,0,0,0,4,2,1,1,NA,3,NA,6,1,2,10,2,1,1,1,2,1,1,1,2,3,3,1,5,5,5,5,NA,NA,NA,NA,5,15,15,2,NA,5,1,53,1,1,5,2,2,1,NA,1,5,1
"619",0.22866994,"619-91",619,91242,20,91,2024,6,13,1,3,10,3,1,3,2,1,3,5,2,2,4,3,3,3,4,3,2,3,3,3,6,3,6,3,4,2,5,6,2,4,4,3,1,2,3,2,4,4,3,2,3,1,3,4,1,4,4,3,2,4,3,3,3,3,1,1,3,2,4,4,4,3,2,3,1,2,2,4,3,5,4,4,1,10,10,10,-7,NA,NA,NA,22,22,44,50,75,5,0,5,10,2,4,2,2,3,1,2,4,6,1,5,2,5,1,1,1,1,5,5,2,3,3,1,3,1,1,5,NA,NA,NA,NA,6,4,NA,1,1,NA,2,52,1,2,NA,2,6,1,NA,1,4,1
"620",2.17623499,"620-91",620,91004,1,91,2024,6,1,1,3,5,2,16,2,2,4,3,5,3,1,3,3,5,-8,2,4,5,2,4,3,4,6,6,6,2,4,3,3,1,6,6,2,1,8,2,2,4,3,3,4,3,3,1,3,2,2,4,4,3,3,3,3,4,3,1,1,2,4,3,3,4,3,3,4,2,3,3,4,3,4,3,4,1,10,-9,8,-9,2,NA,NA,2,16,42,69,81,2,2,7,7,2,1,1,3,3,4,NA,1,3,6,7,2,3,2,2,2,3,3,3,1,3,3,2,NA,NA,NA,NA,5,3,-8,-8,5,15,7,1,1,NA,1,76,1,2,NA,2,8,2,8,1,4,1
"621",1.60857597,"621-91",621,91177,20,91,2024,6,13,1,1,3,2,14,3,2,4,3,3,2,2,6,3,4,6,3,3,3,4,6,6,6,6,6,3,4,4,4,6,3,6,3,3,3,1,2,2,-8,4,3,3,3,3,3,3,2,3,3,2,2,3,2,2,3,3,1,1,1,1,4,2,2,-8,2,2,1,1,1,3,3,3,3,-8,1,10,10,10,-7,NA,NA,NA,14,7,45,55,83,10,10,10,0,1,5,1,3,4,2,2,1,6,10,7,2,2,1,2,2,1,5,5,1,3,-8,2,NA,NA,NA,NA,5,5,5,5,5,4,NA,1,2,NA,2,78,1,2,NA,2,10,2,8,7,7,1
"622",1.20034067,"622-91",622,91213,20,91,2024,6,13,1,3,5,6,3,2,2,4,3,4,2,2,6,2,2,6,6,2,2,6,6,6,6,6,6,6,5,4,4,6,3,6,3,4,6,1,4,2,3,4,3,2,2,3,2,3,2,4,4,2,3,3,2,2,3,3,2,1,2,1,2,1,2,1,2,1,2,1,1,1,1,1,1,1,1,8,10,10,8,2,NA,NA,24,24,28,71,73,4,0,10,7,4,3,1,3,3,3,NA,1,11,6,2,1,2,1,2,2,1,4,4,1,3,3,1,5,4,4,4,NA,NA,NA,NA,3,10,NA,1,2,NA,1,44,1,2,NA,2,5,1,NA,1,2,3
"623",0.96099514,"623-91",623,91098,12,91,2024,6,8,1,3,7,11,16,3,2,2,3,4,2,2,6,2,3,6,2,3,3,3,6,6,3,6,6,6,3,3,4,6,3,6,3,3,9,4,3,2,3,4,3,2,3,2,3,3,2,3,3,2,3,3,2,2,3,3,1,1,3,1,3,3,2,4,3,3,2,2,2,2,2,4,3,2,3,10,10,10,9,2,NA,NA,16,19,39,62,86,1,9,1,1,1,5,3,3,3,2,2,2,1,6,10,2,1,1,1,2,2,3,5,1,3,3,-8,NA,NA,NA,NA,NA,NA,NA,NA,4,15,15,1,-9,NA,2,51,1,2,NA,2,4,2,4,7,6,1
"624",0.202438,"624-91",624,91273,24,91,2024,6,15,1,3,3,11,13,1,2,1,3,5,2,2,-8,2,4,6,6,6,2,6,6,6,6,6,6,6,6,6,6,6,6,6,6,5,9,4,3,3,3,3,4,3,3,3,4,3,3,4,4,3,3,3,1,1,3,3,3,1,2,2,3,-8,3,4,-8,5,-8,-8,4,4,-8,4,5,-8,3,10,10,10,0,1,2,6,21,21,38,49,93,5,6,10,10,2,5,1,2,3,5,NA,11,1,2,10,2,1,1,1,5,1,-8,2,2,3,3,-8,NA,NA,NA,NA,NA,NA,NA,NA,-8,1,NA,1,3,NA,2,58,1,2,NA,2,2,1,NA,3,NA,8
"625",0.59230418,"625-91",625,91018,3,91,2024,6,3,1,3,3,1,9,3,1,4,3,3,2,1,7,4,4,6,4,4,3,3,3,6,6,6,6,3,4,3,4,6,2,6,3,3,6,8,3,3,3,3,4,3,3,4,4,3,3,3,3,3,3,4,3,2,3,3,1,1,2,2,3,4,4,3,3,3,2,3,4,4,5,4,2,3,3,8,8,8,0,2,NA,NA,5,12,34,58,77,4,4,5,10,4,2,2,2,3,5,NA,2,5,6,9,2,2,3,1,2,2,1,1,1,3,3,1,4,2,-8,-8,NA,NA,NA,NA,3,15,15,1,-9,NA,2,65,1,2,NA,2,4,1,NA,1,4,9
"626",0.80975202,"626-91",626,91273,24,91,2024,6,15,1,4,3,13,11,3,2,3,2,4,3,2,5,-9,3,6,-9,-9,-9,6,-9,-9,6,-9,6,-9,-9,-9,-9,-9,-9,-9,-9,4,2,4,3,-9,-9,-9,4,-9,-9,-9,-9,-9,-9,-9,-9,-9,-9,-9,-9,-9,-9,-9,3,-8,2,2,-8,-8,-8,-8,-8,-8,-8,-8,-8,-8,-8,-8,-8,-8,-8,10,10,10,-7,NA,NA,NA,5,12,34,58,77,0,0,1,10,3,5,1,2,3,-8,NA,-8,NA,NA,10,2,2,2,2,5,2,5,5,2,3,3,-8,NA,NA,NA,NA,NA,NA,NA,NA,-8,15,15,1,-8,NA,2,64,1,2,NA,2,2,1,NA,10,1,1
"627",0.87192243,"627-91",627,91273,24,91,2024,6,15,1,4,5,3,14,4,1,3,2,3,1,1,4,4,4,6,6,6,6,6,6,6,6,6,6,6,6,6,6,6,6,6,6,3,9,4,1,1,1,2,3,3,3,1,3,3,1,1,1,2,2,2,1,2,2,1,3,2,2,1,2,3,4,1,2,1,1,1,1,1,1,1,1,1,1,7,8,10,8,1,2,7,10,8,25,60,85,0,0,0,0,3,5,1,1,NA,3,NA,-9,NA,NA,8,1,2,2,2,3,3,3,3,1,2,1,-8,NA,NA,NA,NA,NA,NA,NA,NA,-8,15,15,2,NA,5,2,28,3,2,NA,2,4,1,NA,2,1,1
"628",0.56568503,"628-91",628,91018,3,91,2024,6,3,1,2,10,5,3,2,1,3,3,5,2,2,-9,2,4,6,6,6,2,6,6,6,6,6,6,6,6,6,6,6,6,6,6,4,1,1,4,4,4,4,4,4,3,3,4,4,4,4,4,4,4,4,4,4,4,4,3,1,2,1,4,5,5,5,5,5,5,5,5,5,5,5,5,5,3,10,10,10,10,1,3,7,18,15,35,72,89,0,5,0,10,3,1,2,3,2,5,NA,6,11,3,10,3,2,2,3,5,5,3,1,2,3,3,2,NA,NA,NA,NA,5,3,5,5,4,15,15,1,-9,NA,2,47,1,1,9,2,4,1,NA,2,1,1
"629",0.30646509,"629-91",629,91003,1,91,2024,6,1,1,3,3,2,7,3,3,1,5,5,2,2,-9,1,4,6,6,6,6,-8,-8,-8,6,-8,6,-8,2,6,6,6,6,6,6,5,1,8,3,1,2,4,4,3,3,3,3,1,2,4,4,4,4,3,1,1,4,3,-9,-9,-9,5,3,4,4,3,3,3,4,3,5,5,3,4,4,4,6,10,10,5,0,2,NA,NA,12,4,33,59,94,3,3,9,0,-9,5,3,3,2,-9,NA,11,2,9,10,5,2,5,4,3,4,-9,1,2,3,2,2,NA,NA,NA,NA,2,1,2,-9,4,15,15,1,3,NA,1,73,1,2,NA,2,4,1,NA,7,1,1
"630",0.66215789,"630-91",630,91229,20,91,2024,6,13,1,3,1,13,14,3,2,3,3,4,2,2,-9,2,2,6,2,2,2,2,2,2,2,2,6,2,2,2,2,2,2,2,2,3,1,6,4,3,-8,4,3,3,4,4,4,3,3,4,4,4,4,3,3,4,3,3,1,1,2,1,4,4,4,4,4,3,3,3,4,4,4,4,4,4,1,10,10,10,10,1,2,7,2,16,42,69,81,0,0,4,0,5,5,1,2,4,2,1,6,11,3,4,1,1,1,1,2,1,1,5,1,3,-8,-8,NA,NA,NA,NA,NA,NA,NA,NA,1,15,15,1,-8,NA,1,54,1,2,NA,2,3,1,NA,1,1,9
"631",0.39098978,"631-91",631,91229,20,91,2024,6,13,1,4,6,1,2,1,1,1,2,4,-8,1,-8,4,5,-8,6,4,3,5,-8,6,6,6,6,6,3,4,6,6,-8,6,-8,6,1,-8,-8,-8,-8,-8,-8,-8,-8,-8,-8,-8,2,-8,-8,-8,4,-8,-8,-8,-8,1,1,1,2,1,5,4,4,4,4,4,4,4,4,4,4,4,4,4,-8,0,7,10,-9,2,NA,NA,5,12,34,58,77,5,5,5,5,3,5,1,2,1,5,NA,1,-9,NA,0,2,1,1,1,1,1,1,3,1,-9,-9,2,NA,NA,NA,NA,-8,-8,-8,1,5,15,15,-8,NA,1,1,78,1,2,NA,2,7,1,NA,7,1,1
"632",0.60341236,"632-91",632,91229,20,91,2024,6,13,1,2,2,3,7,1,3,2,3,5,3,2,-9,2,2,2,3,3,3,2,6,6,6,6,6,6,4,2,4,4,2,6,2,3,1,4,4,4,4,4,4,4,4,4,4,4,4,4,4,4,4,4,4,4,4,4,2,1,2,3,4,5,5,5,5,5,5,5,5,5,5,5,5,5,6,10,10,10,10,2,NA,NA,4,6,27,66,91,3,9,9,10,2,5,1,2,1,4,NA,4,6,8,10,5,2,2,2,2,1,5,5,2,3,3,-8,NA,NA,NA,NA,NA,NA,NA,NA,5,15,15,1,-9,NA,2,64,1,2,NA,2,8,2,6,8,5,5
"633",0.78197957,"633-91",633,91229,20,91,2024,6,13,1,3,14,17,5,2,3,2,4,5,3,2,-9,1,3,2,2,2,1,-9,2,4,6,6,6,3,4,2,-8,3,4,2,6,4,1,2,2,1,4,3,3,4,4,2,4,4,1,4,4,2,4,4,1,4,4,2,1,1,1,1,5,5,5,5,5,4,2,2,2,5,5,5,5,5,-8,8,0,10,1,2,NA,NA,1,32,37,54,82,1,10,5,10,2,2,2,3,1,2,3,10,7,6,10,1,1,2,1,1,1,5,5,1,3,3,1,-8,-8,-8,-8,NA,NA,NA,NA,4,15,15,1,-9,NA,1,78,1,2,NA,2,2,1,NA,7,2,1
"634",0.88845627,"634-91",634,91018,3,91,2024,6,3,1,3,10,1,3,2,1,3,2,-9,3,2,-9,3,4,6,6,6,6,6,6,6,6,6,6,6,6,6,6,6,6,6,6,4,1,1,1,3,2,4,4,3,3,1,3,-8,3,4,-8,4,-8,3,3,3,4,3,3,2,2,1,4,4,4,4,4,4,4,4,4,4,4,4,4,4,1,10,10,10,0,2,NA,NA,17,1,48,67,90,0,0,10,0,1,5,1,3,3,3,NA,1,5,8,10,2,1,1,2,5,1,1,1,2,3,3,1,5,2,5,5,NA,NA,NA,NA,3,19,NA,1,2,NA,2,66,1,2,NA,2,3,1,NA,1,3,1
"635",2.53980322,"635-91",635,91022,4,91,2024,6,4,1,4,13,5,10,1,3,3,3,4,3,2,-8,1,2,2,1,1,1,2,2,2,6,6,6,6,2,6,6,1,2,6,2,2,1,6,4,1,4,4,4,4,4,4,4,4,4,4,4,3,3,4,3,3,4,4,3,2,2,1,5,5,2,5,3,3,2,5,1,2,3,5,2,2,5,10,10,10,6,1,3,5,3,2,47,56,95,-8,0,0,0,5,1,1,3,2,5,NA,1,8,2,5,2,4,3,1,4,1,1,3,2,3,3,2,NA,NA,NA,NA,4,1,5,5,5,15,15,2,NA,5,1,47,1,2,NA,2,2,2,-8,1,3,1
"636",0.78797292,"636-91",636,91198,20,91,2024,6,13,1,3,9,14,10,2,2,3,4,4,2,2,-9,6,3,6,6,3,6,4,6,6,6,6,6,6,5,4,4,4,3,6,6,5,1,4,2,1,3,3,3,4,2,3,3,4,1,3,3,4,4,4,1,3,3,3,1,2,3,4,4,3,5,2,4,2,3,2,2,3,4,4,3,1,6,10,10,10,10,2,NA,NA,21,21,38,49,93,10,0,5,10,2,2,2,3,1,5,NA,5,10,8,10,2,1,1,2,1,1,3,3,2,3,2,2,NA,NA,NA,NA,2,-8,4,4,5,15,10,1,2,NA,1,77,1,2,NA,2,3,1,NA,7,1,1
"637",0.5601354,"637-91",637,91198,20,91,2024,6,13,1,3,10,3,14,1,2,3,4,5,2,2,10,2,2,6,2,2,2,6,6,6,6,6,6,6,4,4,6,6,3,6,4,4,1,1,3,3,1,4,4,2,1,1,1,4,1,4,3,1,4,4,3,3,3,1,1,2,1,1,5,4,4,4,4,4,2,2,4,4,4,4,4,4,6,10,10,10,10,2,NA,NA,11,13,30,51,92,10,0,0,0,2,1,1,3,3,4,NA,3,10,4,10,2,2,2,2,2,1,5,5,1,3,3,2,NA,NA,NA,NA,2,2,4,5,6,17,NA,1,2,NA,2,66,1,2,NA,2,1,1,NA,8,1,2
"638",0.78055287,"638-91",638,91198,20,91,2024,6,13,1,3,2,3,5,2,2,2,4,3,2,1,1,4,4,6,6,4,2,6,6,6,6,6,6,6,2,6,1,6,1,6,6,1,-8,8,4,4,4,4,4,4,3,3,4,4,4,3,4,4,4,4,4,1,4,3,3,2,2,2,5,4,5,5,5,5,5,5,5,5,5,4,5,5,2,10,10,10,10,2,NA,NA,16,19,39,62,86,5,10,0,5,2,1,2,3,1,1,5,1,4,6,0,2,1,2,1,1,1,3,3,2,3,3,2,NA,NA,NA,NA,2,2,2,4,3,15,15,1,1,NA,1,60,1,2,NA,2,2,2,1,7,4,9
"639",0.43219231,"639-91",639,91198,20,91,2024,6,13,1,2,3,9,2,3,-8,3,2,4,2,2,9,1,1,6,1,1,1,4,6,6,6,6,6,6,5,4,4,6,5,6,6,5,8,2,3,3,3,3,3,3,3,3,3,3,3,3,3,3,3,3,3,3,3,3,2,2,2,1,4,4,4,4,4,4,4,4,4,4,4,4,4,4,3,5,9,10,10,2,NA,NA,21,21,38,49,93,5,5,0,5,1,2,1,3,4,1,2,-8,NA,NA,10,5,1,1,1,2,1,5,5,2,3,1,1,5,5,5,5,NA,NA,NA,NA,4,18,NA,1,2,NA,1,23,1,2,NA,1,7,2,4,1,4,2
"640",0.60803711,"640-91",640,91198,20,91,2024,6,13,1,3,7,4,6,2,2,2,4,-8,2,1,1,4,4,6,2,-8,2,6,6,6,6,6,6,6,4,6,-8,6,2,6,2,4,1,1,3,3,4,4,3,3,3,3,3,2,2,3,4,4,3,4,3,3,4,4,3,2,2,-8,4,5,5,4,4,-8,4,-8,-8,4,5,4,5,4,4,10,10,10,10,2,NA,NA,24,24,28,71,73,0,0,10,10,2,2,1,3,3,-8,NA,2,5,1,10,5,1,1,1,2,2,1,5,2,3,3,1,2,2,-8,2,NA,NA,NA,NA,4,15,15,1,1,NA,2,55,1,2,NA,2,3,2,4,1,7,1
"641",0.33564657,"641-91",641,91286,11,91,2024,6,7,2,3,3,2,9,3,2,4,3,2,1,1,3,4,3,6,4,4,4,4,4,2,6,6,6,3,3,4,3,6,2,6,2,3,4,5,2,2,3,3,3,-8,3,3,3,2,2,2,2,3,3,3,2,2,2,3,1,1,3,2,4,3,3,2,2,3,3,2,3,2,3,3,4,3,3,8,-7,10,-7,NA,NA,NA,15,9,31,64,79,1,5,0,5,4,5,1,1,NA,3,NA,11,6,1,6,2,2,2,1,1,1,1,5,2,3,2,2,NA,NA,NA,NA,5,4,4,4,6,3,NA,1,1,NA,1,75,1,2,NA,2,7,1,NA,7,3,2
"642",1.3425863,"642-91",642,91286,11,91,2024,6,7,2,3,14,2,1,4,2,3,2,3,3,1,10,4,4,6,6,6,3,6,6,6,6,6,6,6,6,6,6,6,6,6,4,4,8,1,2,2,2,4,2,4,2,2,1,2,2,2,2,2,2,2,2,2,2,2,1,2,2,1,4,4,4,5,4,2,4,5,2,5,4,4,4,4,3,10,-7,10,-7,NA,NA,NA,4,6,27,66,91,0,10,7,7,4,5,2,1,NA,5,NA,2,6,11,10,1,2,2,2,1,1,5,5,2,3,-8,2,NA,NA,NA,NA,2,2,2,4,8,-8,-8,1,1,NA,1,81,1,2,NA,2,4,1,NA,7,1,1
"643",0.67129315,"643-91",643,91286,11,91,2024,6,7,2,2,7,10,1,2,2,3,4,3,2,2,5,3,2,6,2,2,2,4,2,4,3,3,2,2,4,4,4,4,4,4,4,5,1,2,3,1,3,3,2,3,3,2,4,3,1,3,3,2,3,4,2,2,2,3,1,1,2,1,3,5,3,4,3,2,1,2,1,4,2,5,4,3,1,10,-7,6,-7,NA,NA,NA,23,23,41,68,76,5,10,4,4,1,5,2,2,1,4,NA,2,9,6,10,4,1,2,1,2,1,4,2,2,3,3,2,NA,NA,NA,NA,5,5,4,4,5,10,NA,1,2,NA,1,77,1,2,NA,2,4,1,NA,7,3,1
"644",0.33860512,"644-91",644,91286,11,91,2024,6,7,2,3,5,10,17,3,3,3,3,5,3,2,5,1,4,6,6,3,1,6,6,6,6,3,6,6,3,3,6,6,3,6,3,5,3,2,3,2,4,3,4,3,3,3,3,2,4,3,3,3,2,3,2,2,4,4,2,1,2,1,5,5,5,3,5,5,4,3,3,4,5,3,4,3,2,10,10,10,5,1,3,6,23,23,41,68,76,5,0,0,0,3,4,2,2,3,2,2,1,4,6,10,5,2,2,2,2,2,3,2,1,3,2,2,NA,NA,NA,NA,4,4,5,-8,3,10,NA,2,NA,2,2,31,1,2,NA,2,3,2,8,3,2,1
"645",1.48142505,"645-91",645,91286,11,91,2024,6,7,2,3,10,17,14,2,3,3,3,3,2,2,5,2,3,6,6,3,3,6,6,6,6,6,6,6,6,6,6,6,4,6,6,4,10,1,3,1,1,4,3,2,4,3,4,3,1,4,3,3,3,3,1,2,4,3,3,1,1,1,4,5,4,4,4,4,3,3,4,4,4,2,4,4,6,10,8,9,9,2,NA,NA,20,18,46,65,87,5,3,5,10,1,5,1,3,1,5,NA,4,6,2,10,1,1,1,2,1,2,3,5,1,3,-8,2,NA,NA,NA,NA,3,2,3,3,4,18,NA,2,NA,2,2,22,1,2,NA,2,3,2,2,8,2,2
"646",1.24837161,"646-91",646,91003,1,91,2024,6,1,1,3,3,14,1,2,2,3,3,4,2,3,5,4,4,6,3,4,3,3,6,6,6,6,6,6,4,4,2,6,1,6,3,4,1,4,3,2,3,4,3,3,3,2,3,2,3,3,3,3,3,3,3,2,2,2,1,2,3,1,3,3,3,3,3,3,3,3,3,3,3,2,3,3,1,10,10,10,10,1,3,5,9,11,36,63,78,10,5,9,0,2,2,2,1,NA,3,NA,2,7,1,10,2,1,2,1,1,1,1,5,2,3,2,2,NA,NA,NA,NA,1,3,3,3,6,15,15,1,1,NA,2,49,1,1,3,2,4,1,NA,10,2,1
"647",0.65355779,"647-91",647,91003,1,91,2024,6,1,1,4,26,16,2,2,1,3,4,2,1,1,-8,5,4,6,6,4,6,3,6,6,6,6,6,-8,3,6,6,6,2,6,1,5,1,1,1,1,3,3,3,2,3,-8,-8,3,1,2,2,-8,2,-8,3,2,1,1,3,-8,2,4,4,1,-8,1,2,3,1,3,2,2,2,-8,1,2,-8,8,5,6,0,2,NA,NA,9,11,36,63,78,8,8,8,2,2,4,1,1,NA,5,NA,1,6,5,10,2,2,2,2,2,3,-9,3,2,2,2,-8,NA,NA,NA,NA,NA,NA,NA,NA,4,15,15,2,NA,3,2,77,1,1,11,2,1,1,NA,7,1,1
"648",0.92269123,"648-91",648,91003,1,91,2024,6,1,1,3,3,1,11,2,3,2,3,4,3,3,-9,3,4,6,6,3,3,6,6,6,6,6,6,6,3,6,6,3,3,2,6,3,4,2,3,4,3,4,3,3,4,3,3,4,4,4,4,4,3,4,3,1,3,4,-9,-9,2,1,4,4,4,4,4,4,4,4,4,4,4,4,4,4,1,10,10,10,10,1,3,6,17,1,48,67,90,6,6,1,1,4,5,1,2,1,5,NA,1,2,11,-9,4,2,2,2,-8,1,-9,5,2,3,1,2,NA,NA,NA,NA,-8,-8,-8,-8,4,15,15,1,4,NA,2,32,1,2,NA,1,7,1,NA,4,1,1
"649",0.49907077,"649-91",649,91286,11,91,2024,6,7,2,3,3,5,1,2,2,2,2,5,3,2,7,2,2,3,2,1,2,2,2,3,3,2,6,1,4,3,4,2,3,2,4,4,1,4,4,3,2,4,4,3,3,2,3,4,2,4,4,3,3,3,2,2,2,4,1,1,1,1,4,2,4,4,3,4,2,3,3,2,3,3,3,3,1,10,10,10,10,1,2,5,2,16,42,69,81,0,5,7,0,2,5,1,3,3,1,2,6,2,1,6,2,1,1,1,2,1,5,5,1,3,-8,-8,NA,NA,NA,NA,NA,NA,NA,NA,4,2,NA,1,2,NA,1,38,1,2,NA,2,8,2,8,2,2,8
"650",0.21976942,"650-91",650,91286,11,91,2024,6,7,2,3,3,2,10,2,2,3,3,3,3,2,5,3,4,6,6,3,3,6,6,6,6,6,6,6,4,6,6,6,4,6,4,4,5,1,3,1,4,3,3,3,3,2,4,3,2,4,3,3,3,4,1,1,3,4,1,1,1,1,4,2,4,4,2,4,2,2,2,1,2,2,5,2,3,10,10,10,10,2,NA,NA,5,12,34,58,77,0,5,0,10,2,5,1,2,1,3,NA,6,10,2,0,5,1,1,1,4,1,5,4,1,3,-8,-8,NA,NA,NA,NA,NA,NA,NA,NA,7,15,15,1,2,NA,2,58,1,2,NA,2,3,2,1,2,2,1
"651",1.72994088,"651-91",651,91286,11,91,2024,6,7,2,4,13,10,1,2,2,2,2,3,3,2,6,2,4,6,6,6,6,6,6,6,6,6,6,6,-8,6,6,6,6,6,4,4,1,1,3,2,1,4,2,3,1,3,-8,-8,2,3,4,4,2,2,1,3,3,3,3,2,1,2,2,4,4,3,4,4,4,4,4,2,4,4,2,4,6,10,10,8,-7,NA,NA,NA,3,2,47,56,95,1,1,0,10,2,5,2,2,3,4,NA,3,6,1,10,2,2,2,2,5,1,5,5,1,2,-8,-8,NA,NA,NA,NA,NA,NA,NA,NA,4,15,15,1,-9,NA,1,64,1,2,NA,2,0,1,NA,3,NA,9
"652",0.20436638,"652-91",652,91073,10,91,2024,6,7,1,3,14,9,1,2,3,2,4,4,3,2,3,2,1,2,2,2,2,2,3,2,2,2,2,2,1,1,2,2,1,2,1,2,1,8,1,3,3,4,3,4,4,4,3,3,3,3,4,3,3,3,3,3,3,3,1,1,1,2,4,4,4,4,4,4,4,4,4,4,4,4,4,3,3,10,10,10,9,2,NA,NA,15,9,31,64,79,10,0,0,0,4,5,1,3,4,4,NA,2,1,11,5,2,2,2,2,2,2,3,2,1,3,3,1,-8,2,-8,4,NA,NA,NA,NA,4,5,NA,1,1,NA,1,67,1,1,5,2,7,1,NA,1,2,1
"653",1.00882934,"653-91",653,91073,10,91,2024,6,7,1,4,6,11,3,3,3,3,2,3,2,2,-8,2,6,6,6,6,6,6,6,6,6,6,6,6,6,6,6,6,6,6,6,5,9,6,-8,1,1,3,1,1,2,3,1,3,1,4,-8,1,1,-8,1,4,-8,-8,1,1,2,1,3,5,5,1,1,4,1,1,1,2,3,2,4,1,7,8,-8,6,-7,NA,NA,NA,20,18,46,65,87,5,5,3,4,3,1,2,3,1,-8,NA,9,11,3,5,2,1,1,1,1,3,3,-8,1,-8,-8,-9,NA,NA,NA,NA,NA,NA,NA,NA,-8,-9,15,2,NA,2,1,26,2,-8,NA,2,3,2,3,1,1,2
"654",0.31377338,"654-91",654,91295,21,91,2024,6,13,2,3,1,2,3,1,3,2,4,5,3,2,-8,1,2,6,2,1,2,2,6,2,2,6,2,6,6,-8,2,6,2,2,6,5,1,1,1,4,4,4,3,4,4,4,4,4,3,4,4,4,3,4,3,3,4,3,3,2,1,1,4,5,4,4,5,4,5,5,4,4,4,5,5,5,-8,10,10,10,0,2,NA,NA,1,32,37,54,82,0,0,0,0,2,4,2,3,3,5,NA,2,6,8,10,1,1,2,5,1,1,5,5,2,3,3,-8,NA,NA,NA,NA,NA,NA,NA,NA,6,15,15,1,-9,NA,2,70,1,2,NA,2,2,1,NA,7,1,1
"655",0.94132013,"655-91",655,91295,21,91,2024,6,13,2,3,1,10,3,2,3,2,3,4,2,2,-8,2,4,6,2,1,2,4,6,6,6,6,6,6,4,4,2,6,3,6,2,4,1,1,3,1,3,4,2,4,4,2,4,4,3,4,4,4,2,4,3,4,4,4,1,-8,1,1,5,5,5,-8,3,3,3,3,3,3,4,3,3,5,5,10,10,10,10,2,NA,NA,23,23,41,68,76,10,10,0,10,2,5,1,2,1,5,NA,2,11,1,10,1,1,1,1,2,2,-8,2,1,3,3,2,NA,NA,NA,NA,1,1,1,5,4,15,15,1,2,NA,2,68,1,2,NA,2,1,1,NA,7,5,1
"656",0.62754676,"656-91",656,91295,21,91,2024,6,13,2,3,1,3,10,2,3,2,4,-8,3,2,-8,1,2,6,6,1,2,6,6,6,6,6,6,6,3,3,6,6,2,6,6,3,3,4,4,1,4,4,4,4,4,4,4,4,4,4,4,4,4,4,3,3,4,4,1,1,3,1,4,5,5,-8,5,3,5,5,5,5,5,5,5,3,-8,10,10,10,0,2,NA,NA,11,13,30,51,92,10,0,0,0,5,1,1,3,3,4,NA,6,9,4,0,2,1,5,1,5,3,5,3,1,3,-8,-8,NA,NA,NA,NA,NA,NA,NA,NA,3,15,15,1,3,NA,2,70,1,2,NA,2,4,1,NA,7,4,1
"657",0.36242866,"657-91",657,91295,21,91,2024,6,13,2,3,12,3,10,2,3,2,3,5,2,3,10,3,2,6,4,2,2,2,6,6,6,6,6,6,5,4,5,6,4,6,3,5,6,4,3,3,3,4,4,2,2,3,3,3,3,3,3,3,2,4,4,2,3,3,1,2,2,2,3,4,4,4,3,4,3,3,3,4,4,4,4,4,4,10,10,10,10,1,3,5,23,23,41,68,76,5,0,10,0,1,4,1,2,3,5,NA,1,6,7,10,5,2,2,2,2,1,5,2,1,3,3,2,NA,NA,NA,NA,5,-8,-8,-8,6,15,15,1,2,NA,2,45,1,2,NA,2,4,2,-9,8,8,9
"658",0.35094514,"658-91",658,91295,21,91,2024,6,13,2,4,1,7,9,2,3,2,4,4,3,2,-8,1,2,2,2,2,2,2,2,2,2,2,2,2,2,2,2,2,2,2,2,2,9,4,4,4,1,4,4,-8,4,4,4,4,2,4,4,4,4,3,4,4,3,4,3,2,2,1,5,4,3,3,2,3,3,3,3,-8,3,3,3,4,-8,10,10,10,0,2,NA,NA,14,7,45,55,83,10,10,5,0,3,5,1,3,3,5,NA,1,6,8,10,2,1,1,1,1,4,4,5,1,2,-8,-8,NA,NA,NA,NA,NA,NA,NA,NA,6,15,15,1,-9,NA,1,86,1,2,NA,2,1,1,NA,7,2,2
"659",0.43828417,"659-91",659,91295,21,91,2024,6,13,2,3,3,14,12,2,2,3,3,5,3,2,8,2,2,6,1,2,1,2,2,1,6,2,6,1,3,3,1,2,1,2,1,3,10,2,3,2,3,4,3,4,3,3,3,3,2,3,4,3,3,4,3,3,3,4,3,2,3,1,4,4,5,3,3,4,3,2,3,4,4,5,3,4,3,10,10,8,9,2,NA,NA,21,21,38,49,93,10,9,10,0,1,2,1,3,1,5,NA,1,2,8,8,2,1,1,1,2,2,3,4,2,3,-8,-8,NA,NA,NA,NA,NA,NA,NA,NA,3,15,15,1,1,NA,1,52,1,2,NA,1,4,1,NA,1,5,9
"660",0.81574105,"660-91",660,91295,21,91,2024,6,13,2,3,4,3,2,3,1,3,3,3,3,2,-8,3,4,6,3,6,2,3,6,4,4,6,6,6,3,3,3,3,3,6,3,4,1,4,4,2,1,4,3,3,3,3,3,3,3,3,2,3,4,2,2,3,1,3,3,1,2,1,4,3,1,3,2,1,2,1,1,2,2,1,1,1,3,10,10,10,10,2,NA,NA,18,15,35,72,89,10,0,0,10,3,4,2,2,3,5,NA,6,10,11,5,2,1,1,1,3,4,5,5,1,3,1,-8,NA,NA,NA,NA,NA,NA,NA,NA,6,15,15,1,4,NA,1,26,1,2,NA,1,9,2,1,3,1,2
"661",0.77447374,"661-91",661,91295,21,91,2024,6,13,2,2,3,5,7,3,1,3,3,3,1,1,5,4,4,6,6,6,4,6,6,6,6,6,6,6,4,6,6,6,3,6,6,4,1,1,3,3,1,3,2,3,3,2,3,3,2,2,2,3,2,3,2,2,2,2,1,1,3,1,4,4,4,4,4,4,4,4,4,4,4,4,4,4,5,9,8,7,9,2,NA,NA,5,12,34,58,77,0,8,0,10,4,5,1,2,2,5,NA,2,6,11,5,1,2,3,2,2,3,4,3,2,3,-8,-8,NA,NA,NA,NA,NA,NA,NA,NA,3,9,NA,2,NA,1,2,19,1,1,5,1,4,2,4,4,5,2
"662",0.52335359,"662-91",662,91212,20,91,2024,6,13,1,3,7,10,1,2,2,3,3,3,2,1,5,4,4,6,-8,4,4,6,6,6,6,6,6,6,6,4,6,6,2,6,2,2,1,4,3,3,4,3,4,3,3,3,-8,-8,2,3,3,3,3,4,3,3,3,3,3,2,2,1,2,5,5,5,1,5,5,5,5,5,5,5,5,5,1,10,-7,6,-7,NA,NA,NA,14,7,45,55,83,-8,0,10,0,1,1,2,3,4,5,NA,1,6,9,7,2,2,2,2,2,5,5,2,2,3,3,1,4,-8,4,-8,NA,NA,NA,NA,-8,15,15,1,-9,NA,2,69,1,2,NA,2,2,2,4,7,1,1
"663",0.97286675,"663-91",663,91169,20,91,2024,6,13,1,4,9,1,10,1,1,1,3,3,3,1,3,5,4,6,4,4,4,3,3,3,6,6,5,6,1,3,1,4,1,3,3,3,1,4,2,3,4,3,3,3,3,3,4,3,3,2,3,3,3,3,3,3,3,3,3,1,2,1,4,2,2,2,4,3,3,3,2,4,4,4,3,3,1,10,10,10,1,2,NA,NA,12,4,33,59,94,5,5,10,2,3,5,2,2,1,5,NA,6,2,11,3,2,1,1,1,2,1,2,2,2,3,-8,-8,NA,NA,NA,NA,NA,NA,NA,NA,6,1,NA,1,1,NA,2,68,1,2,NA,2,1,1,NA,7,2,1
"664",2.02159294,"664-91",664,91169,20,91,2024,6,13,1,4,7,10,2,3,2,2,3,3,2,2,5,2,3,6,2,3,2,6,3,6,6,6,6,6,3,6,6,6,3,6,6,4,1,4,3,3,3,4,4,4,3,3,3,3,3,3,4,3,4,3,3,3,3,4,1,1,2,2,3,5,4,4,4,4,3,4,3,3,5,5,5,3,6,10,8,10,8,2,NA,NA,5,12,34,58,77,5,6,3,10,4,5,1,2,2,4,NA,2,1,6,7,2,4,2,1,5,1,3,3,1,3,3,-8,NA,NA,NA,NA,NA,NA,NA,NA,4,9,NA,1,1,NA,2,25,1,2,NA,2,4,2,4,3,5,1
"665",0.7596434,"665-91",665,91293,17,91,2024,6,10,2,3,3,13,1,3,2,3,3,4,2,1,6,3,4,6,6,6,3,6,6,6,6,6,6,6,3,6,4,6,3,6,6,4,1,4,2,2,3,3,2,3,3,3,3,3,2,3,3,2,3,3,2,2,2,3,3,1,2,1,4,4,2,4,3,3,2,2,2,3,3,3,3,4,4,7,8,5,8,1,3,6,2,16,42,69,81,8,3,5,1,2,5,2,2,1,3,NA,2,4,9,10,4,1,1,1,1,1,3,2,2,2,2,1,-8,-8,-8,-8,NA,NA,NA,NA,3,17,NA,1,4,NA,2,29,1,1,5,2,6,1,NA,1,3,1
"666",0.65291847,"666-91",666,91294,17,91,2024,6,10,2,4,9,3,14,2,2,3,3,4,2,2,5,2,4,4,6,2,3,2,6,6,2,6,6,3,2,3,3,6,4,3,3,4,1,4,4,2,3,4,4,3,4,2,2,2,2,4,3,3,3,3,2,3,3,4,2,1,2,1,3,4,4,3,4,5,3,3,4,4,3,4,4,2,2,10,10,10,-7,NA,NA,NA,21,21,38,49,93,6,2,3,6,3,5,3,2,3,3,NA,2,7,1,5,5,1,1,1,2,1,2,3,2,3,-8,-8,NA,NA,NA,NA,NA,NA,NA,NA,6,15,15,1,-9,NA,2,27,1,1,5,2,6,1,NA,1,8,2
"667",2.72786956,"667-91",667,91041,6,91,2024,6,5,1,1,14,3,9,1,2,3,3,5,3,2,8,1,1,1,1,1,1,2,1,4,6,1,5,1,5,4,3,6,5,6,3,4,8,4,2,2,4,3,3,2,3,2,3,3,1,4,4,2,3,4,2,3,4,2,2,2,2,2,3,5,4,4,3,2,2,2,1,2,5,4,4,2,3,4,6,8,2,2,NA,NA,3,2,47,56,95,9,4,6,4,1,1,2,2,3,4,NA,1,2,7,6,4,2,2,1,1,2,3,4,1,3,2,2,NA,NA,NA,NA,2,2,2,2,6,10,NA,1,2,NA,2,55,1,2,NA,2,8,2,8,8,7,1
"668",1.07397125,"668-91",668,91140,20,91,2024,6,13,1,3,13,5,10,2,3,3,2,4,2,1,5,3,3,6,3,2,2,3,6,6,6,6,6,6,3,4,4,3,3,6,6,3,1,1,4,3,4,4,3,3,3,4,3,4,3,3,4,4,3,3,2,2,3,3,1,1,3,1,4,4,5,3,3,4,2,2,3,5,4,4,4,3,3,10,10,10,10,2,NA,NA,12,4,33,59,94,10,0,10,0,2,2,1,2,3,5,NA,2,6,11,10,5,1,1,1,2,1,5,5,1,3,3,1,-8,-8,-8,-8,NA,NA,NA,NA,6,15,15,1,1,NA,2,28,1,2,NA,2,6,1,NA,8,1,5
"669",0.87168217,"669-91",669,91140,20,91,2024,6,13,1,3,26,7,10,3,2,3,1,5,3,2,6,2,3,6,2,2,2,6,6,6,2,2,6,2,4,6,4,6,4,4,2,4,1,4,3,3,3,3,3,1,3,3,3,3,1,4,3,3,1,3,1,1,3,3,1,2,2,1,4,4,4,4,2,3,2,2,4,2,4,4,2,2,3,10,10,0,-7,NA,NA,NA,4,6,27,66,91,5,5,10,10,1,4,2,2,2,5,NA,1,11,3,10,1,1,2,2,1,3,2,1,2,3,2,2,NA,NA,NA,NA,5,1,4,2,6,19,NA,2,NA,2,1,40,5,2,NA,2,3,1,NA,1,5,1
"670",1.74336435,"670-91",670,91140,20,91,2024,6,13,1,2,16,10,1,1,2,2,2,4,2,2,1,2,3,6,3,3,3,2,2,1,2,6,6,3,1,2,1,3,1,1,1,1,4,9,4,4,4,4,4,3,4,3,3,2,4,4,4,4,3,3,4,2,3,3,1,2,3,3,4,3,5,3,3,3,4,4,5,4,3,3,3,2,2,6,9,4,4,1,1,6,13,14,29,70,96,5,5,5,5,4,4,2,2,5,4,NA,9,3,-9,0,1,5,5,5,3,3,3,3,2,3,2,1,3,4,3,4,NA,NA,NA,NA,6,15,15,2,NA,5,1,43,1,2,NA,2,10,1,NA,3,2,10
"671",1.22207299,"671-91",671,91168,20,91,2024,6,13,1,2,6,13,10,1,3,3,2,4,2,2,6,1,3,6,2,3,2,3,3,2,2,3,4,6,2,3,4,3,2,3,2,5,1,6,3,3,3,3,3,4,3,2,4,3,3,3,3,3,2,3,3,3,3,4,1,1,2,2,4,4,4,4,3,4,4,3,4,2,4,4,4,3,6,7,10,10,9,1,2,5,8,5,26,57,80,7,1,8,0,2,1,2,3,3,2,2,1,11,3,5,1,1,1,1,4,1,3,3,2,3,2,1,4,4,4,4,NA,NA,NA,NA,4,9,NA,1,1,NA,2,40,5,2,NA,2,8,1,NA,2,5,2
"672",2.0622398,"672-91",672,91168,20,91,2024,6,13,1,3,3,9,14,2,2,3,3,4,2,2,7,2,2,2,1,3,1,1,3,3,2,4,1,4,3,3,5,2,3,2,3,4,-8,4,3,2,2,2,2,3,3,2,2,2,3,4,2,3,2,2,2,3,3,2,1,2,2,1,2,2,3,3,2,3,3,3,2,3,3,2,2,2,1,7,7,7,5,1,3,6,17,1,48,67,90,1,0,4,2,3,5,1,3,2,2,2,2,1,3,10,4,1,1,1,2,1,3,5,1,3,2,1,3,5,2,5,NA,NA,NA,NA,4,18,NA,1,2,NA,1,54,1,1,5,2,4,1,NA,2,2,1
"673",0.6440749,"673-91",673,91097,12,91,2024,6,8,1,3,7,1,10,4,1,3,3,4,1,1,1,4,4,6,4,4,4,4,4,1,6,6,6,4,2,2,2,6,2,6,2,2,1,1,3,3,4,4,4,3,4,3,2,4,3,3,4,4,3,3,4,3,4,4,3,1,2,4,4,5,5,5,5,5,5,5,5,5,5,5,5,5,1,10,10,10,-7,NA,NA,NA,21,21,38,49,93,0,0,10,10,4,1,1,3,1,5,NA,1,3,4,0,1,2,5,1,1,1,1,1,1,3,1,-8,NA,NA,NA,NA,NA,NA,NA,NA,1,15,16,1,1,NA,2,61,1,1,5,2,4,1,NA,10,2,9
"674",0.79773178,"674-91",674,91270,22,91,2024,6,14,1,3,3,7,10,2,3,2,3,5,2,2,1,2,2,3,3,6,2,2,6,2,6,6,4,6,2,6,6,6,2,6,6,4,1,9,1,3,3,3,4,3,3,3,3,4,3,3,3,3,3,3,4,3,4,3,3,1,1,1,1,4,4,4,4,4,4,4,4,4,4,4,4,4,-9,10,-7,10,-7,NA,NA,NA,2,16,42,69,81,0,0,0,0,4,1,2,2,2,5,NA,6,11,3,0,-9,-9,-9,-9,-9,5,5,1,2,3,3,2,NA,NA,NA,NA,-9,-9,-9,-9,-9,15,15,1,1,NA,2,72,1,1,5,2,1,1,NA,1,2,1
"675",0.4230102,"675-91",675,91268,22,91,2024,6,14,1,3,6,3,13,1,3,2,1,5,2,2,-8,2,4,6,6,6,6,6,6,6,6,6,6,6,6,6,6,6,6,6,6,1,2,-8,4,4,4,4,4,4,4,4,4,4,4,4,4,4,4,4,4,3,4,4,3,1,2,1,5,5,5,5,5,5,5,5,5,5,5,5,5,5,4,10,10,10,-7,NA,NA,NA,4,6,27,66,91,0,10,10,10,2,5,1,3,3,5,NA,11,5,7,10,2,1,1,1,-8,1,2,1,2,3,3,1,4,2,4,4,NA,NA,NA,NA,3,15,15,1,4,NA,2,57,1,2,NA,2,1,1,NA,2,1,2
"676",1.38705023,"676-91",676,91097,12,91,2024,6,8,1,3,10,11,1,3,1,4,3,3,3,2,5,2,4,3,6,3,2,6,6,6,6,6,6,6,3,6,6,6,2,6,6,4,4,1,1,1,4,3,3,3,3,2,3,3,3,3,3,3,4,4,2,3,3,4,2,-8,3,2,4,5,4,4,4,5,3,4,3,4,4,4,4,4,6,10,9,10,-7,NA,NA,NA,20,18,46,65,87,5,5,5,5,3,5,2,3,4,3,NA,6,2,4,8,2,2,3,3,4,3,3,2,2,3,2,1,5,5,5,4,NA,NA,NA,NA,3,15,18,1,1,NA,2,23,1,2,NA,2,6,2,4,3,5,1
"677",0.28983406,"677-91",677,91034,6,91,2024,6,5,1,4,1,3,10,1,2,3,3,4,2,2,6,2,2,6,6,2,2,3,6,6,6,6,6,6,3,6,3,6,3,6,6,4,4,4,1,1,2,4,3,2,3,1,4,2,1,3,4,2,3,3,2,2,3,3,1,1,3,1,4,4,4,3,3,4,2,2,2,3,2,3,4,4,1,0,0,5,-7,NA,NA,NA,12,4,33,59,94,8,1,10,1,2,5,1,2,3,5,NA,11,1,6,5,1,1,2,2,1,1,3,5,1,3,-8,-8,NA,NA,NA,NA,NA,NA,NA,NA,4,15,15,1,1,NA,1,89,1,2,NA,2,1,1,NA,7,5,1
"678",1.16166602,"678-91",678,91134,18,91,2024,6,11,1,3,5,26,16,2,1,3,2,3,2,3,5,3,4,6,2,3,2,4,6,6,2,6,6,6,2,6,3,6,2,6,4,2,2,1,4,3,3,4,3,4,4,4,3,4,3,3,3,3,3,4,4,3,2,4,3,1,2,2,5,4,2,3,3,3,2,2,4,3,2,4,3,2,2,5,5,5,10,1,2,6,14,7,45,55,83,10,10,10,10,2,1,1,2,3,3,NA,1,2,8,5,1,5,2,5,1,1,3,5,1,3,3,2,NA,NA,NA,NA,2,2,5,2,1,15,15,2,NA,5,1,39,1,2,NA,1,8,1,NA,2,NA,9
"679",0.33229972,"679-91",679,91134,18,91,2024,6,11,1,3,9,3,8,3,1,3,3,3,1,1,-9,3,3,6,2,3,4,4,6,6,6,6,6,6,2,6,6,6,1,6,2,3,3,1,3,3,3,4,3,3,3,3,4,3,2,3,3,3,4,3,2,3,4,4,1,1,-9,3,4,4,4,-9,-8,4,-8,-8,5,-8,4,1,4,4,1,10,10,10,0,2,NA,NA,20,18,46,65,87,7,9,7,8,3,1,-8,2,1,5,NA,1,2,11,8,1,1,1,1,-9,1,5,5,1,3,-8,2,NA,NA,NA,NA,-8,-8,-8,-8,-8,-9,-9,1,-9,NA,2,61,1,1,5,2,5,1,NA,2,4,1
"680",1.94481287,"680-91",680,91134,18,91,2024,6,11,1,2,14,17,9,4,1,3,2,2,1,1,6,5,5,6,4,5,4,3,5,3,3,2,6,6,4,5,2,3,1,6,4,4,5,4,2,3,1,3,3,3,1,2,1,2,2,1,1,2,2,3,2,1,2,4,1,1,2,1,3,2,2,1,2,4,4,1,2,1,2,-9,2,4,2,5,10,10,3,1,2,7,11,13,30,51,92,5,0,0,10,2,4,1,1,NA,1,1,1,9,5,7,1,2,2,2,1,1,5,5,1,3,2,2,NA,NA,NA,NA,5,5,5,5,4,9,NA,1,1,NA,2,43,1,2,NA,2,6,1,NA,8,3,1
"681",0.55645023,"681-91",681,91097,12,91,2024,6,8,1,3,3,5,1,3,3,3,4,4,3,2,1,3,2,6,6,6,2,6,6,6,6,6,6,6,2,4,6,6,4,6,6,4,10,7,1,1,-8,3,3,2,2,3,4,4,1,2,4,3,4,4,2,2,2,2,2,2,3,5,4,3,3,3,3,3,3,3,3,3,3,3,5,3,7,10,-7,7,-7,NA,NA,NA,9,11,36,63,78,5,5,5,5,3,5,1,3,4,2,2,2,1,3,5,2,1,1,1,1,2,2,1,2,2,2,2,NA,NA,NA,NA,3,3,3,3,1,15,15,1,2,NA,1,79,1,2,NA,2,4,1,NA,7,4,2
"682",0.43854489,"682-91",682,91134,18,91,2024,6,11,1,3,3,8,14,2,2,4,3,4,2,2,1,4,5,3,3,4,-8,3,3,6,6,6,6,3,4,3,6,6,2,6,3,3,6,4,2,2,3,3,3,2,3,2,4,3,2,3,2,3,2,2,3,1,3,4,1,2,3,2,4,4,3,4,3,4,3,4,4,2,2,2,2,2,1,10,10,7,10,1,-9,6,24,24,28,71,73,3,3,0,0,1,5,1,2,4,3,NA,9,3,5,-8,2,1,1,1,2,1,5,5,1,3,3,2,NA,NA,NA,NA,-8,2,5,-8,1,9,NA,1,1,NA,2,50,1,2,NA,2,8,1,NA,1,4,1
"683",0.43854489,"683-91",683,91134,18,91,2024,6,11,1,3,5,1,26,2,3,3,4,5,3,2,-9,2,2,6,6,2,3,6,6,6,3,3,6,3,3,6,6,3,4,3,3,4,1,1,3,3,2,4,3,2,4,3,4,3,2,4,4,3,3,3,3,3,4,2,3,1,2,1,5,4,4,4,3,4,3,2,2,4,3,3,4,2,1,9,10,10,0,2,NA,NA,10,8,25,60,85,0,0,0,0,2,5,1,3,2,3,NA,1,11,4,5,2,1,1,1,1,1,1,1,2,3,-8,2,NA,NA,NA,NA,5,-8,3,5,1,15,15,2,NA,-8,2,50,1,2,NA,2,4,1,NA,1,2,2
"684",1.00800357,"684-91",684,91092,12,91,2024,6,8,1,3,5,13,11,2,3,4,3,4,3,2,-9,2,4,6,6,6,2,6,6,6,6,6,6,6,2,6,6,6,6,6,6,4,4,2,3,3,3,3,3,3,3,3,3,3,3,3,3,3,3,3,3,2,3,3,3,2,2,1,4,4,4,4,4,4,4,4,4,4,4,4,4,4,2,10,10,10,10,1,2,7,9,11,36,63,78,0,0,0,0,1,4,1,1,NA,5,NA,3,5,10,10,5,1,1,1,2,5,5,5,1,3,-8,1,5,5,5,-8,NA,NA,NA,NA,6,15,15,2,NA,-9,2,53,1,2,NA,2,2,2,1,1,1,1
"685",0.85526936,"685-91",685,91056,6,91,2024,6,5,1,3,3,9,14,1,2,3,3,5,3,2,-9,2,2,6,6,2,3,3,3,6,6,6,6,6,3,4,3,6,3,6,3,3,3,2,4,2,4,4,4,4,4,4,4,4,2,4,4,4,4,4,4,3,4,4,2,1,3,2,5,4,4,4,4,4,3,3,4,4,3,3,4,4,6,5,5,10,-7,NA,NA,NA,22,22,44,50,75,8,2,8,10,1,2,1,2,1,5,NA,1,2,6,10,2,1,1,1,1,1,3,5,1,3,3,-8,NA,NA,NA,NA,NA,NA,NA,NA,4,15,15,1,2,NA,1,53,1,2,NA,2,6,1,NA,1,8,8
"686",0.70362444,"686-91",686,91092,12,91,2024,6,8,1,3,8,10,26,3,2,3,3,4,2,2,-9,4,5,6,6,3,1,3,6,6,-8,6,6,6,4,4,5,6,4,6,6,3,2,4,3,2,1,4,2,2,3,3,3,3,2,3,3,3,3,3,2,2,3,3,1,1,1,1,-9,-8,-8,-8,-8,-8,-8,-8,-8,-8,-8,-8,-8,-8,3,10,10,10,-7,NA,NA,NA,8,5,26,57,80,8,0,10,0,1,5,1,2,3,5,NA,3,5,6,0,2,1,1,1,2,3,5,5,1,3,-8,2,NA,NA,NA,NA,5,5,5,5,5,15,15,1,-9,NA,2,66,1,2,NA,2,4,2,6,2,2,2
"687",1.01868032,"687-91",687,91065,8,91,2024,6,6,1,3,1,10,2,1,2,2,3,4,2,2,4,3,2,6,2,2,2,2,6,6,6,6,6,6,3,6,2,6,3,6,2,4,1,1,4,2,4,4,3,3,4,4,4,3,2,4,4,4,3,4,3,3,4,4,3,1,2,1,5,5,5,4,4,3,3,3,3,4,4,2,4,3,6,10,-7,10,10,2,NA,NA,22,22,44,50,75,6,5,5,8,2,1,1,2,3,1,3,1,2,3,10,5,1,2,1,2,1,3,2,2,3,3,-8,NA,NA,NA,NA,NA,NA,NA,NA,3,15,1,1,1,NA,1,66,1,2,NA,2,3,1,NA,7,4,1
"688",0.32978534,"688-91",688,91157,20,91,2024,6,13,1,3,1,6,10,2,-8,3,2,4,3,-8,1,3,4,6,6,6,6,6,6,6,6,6,6,6,4,6,6,6,6,6,6,4,1,1,-8,-8,3,4,4,-8,3,-8,-8,4,3,3,4,-8,-8,-8,-8,-8,4,4,3,-8,3,1,4,-8,-8,-8,-8,-8,3,-8,-8,-8,-8,-8,-8,-8,-8,10,10,10,-7,NA,NA,NA,15,9,31,64,79,10,10,0,0,2,2,-8,2,1,5,NA,11,6,1,10,1,1,1,1,3,1,-8,-8,1,3,3,1,-8,-8,-8,-8,NA,NA,NA,NA,-8,15,15,2,NA,-9,2,81,1,2,NA,2,1,1,NA,7,8,2
"689",0.32978534,"689-91",689,91157,20,91,2024,6,13,1,3,1,10,9,2,2,2,3,4,3,2,-9,-9,-9,-9,-9,-9,-9,-9,-9,-9,-9,-9,-9,-9,-9,-9,-9,-9,-9,-9,-9,4,-8,4,2,3,4,4,3,-8,3,3,3,4,3,4,3,3,3,3,2,-8,4,3,-8,-8,-9,1,4,-8,-8,-8,-8,-8,-8,-8,-8,-8,-8,-8,-8,-8,1,10,0,10,-7,NA,NA,NA,12,4,33,59,94,-8,-8,-8,-8,-8,3,1,3,-8,-8,NA,-8,NA,NA,-8,2,-9,-9,-9,3,5,5,5,2,-8,-8,-8,NA,NA,NA,NA,NA,NA,NA,NA,-8,15,15,1,-9,NA,2,77,1,2,NA,2,1,1,NA,7,8,1
"690",1.57136023,"690-91",690,91157,20,91,2024,6,13,1,3,3,9,7,2,2,3,3,4,3,3,-9,4,2,6,-8,3,2,6,2,6,6,2,-8,6,4,3,4,-8,2,-8,3,4,1,4,3,3,3,4,3,4,3,3,3,3,3,3,4,3,3,4,3,2,3,3,3,1,3,1,5,4,5,4,4,4,2,2,2,2,2,4,4,2,6,10,10,10,10,1,3,7,19,10,43,61,74,0,10,10,0,3,2,1,2,4,2,2,2,7,1,8,2,1,1,1,1,1,3,3,1,3,3,1,4,4,4,4,NA,NA,NA,NA,4,15,15,1,-9,NA,1,53,1,2,NA,2,4,1,NA,1,5,9
"691",2.08577987,"691-91",691,91208,20,91,2024,6,13,1,3,10,5,1,3,1,3,2,3,2,2,-9,2,4,6,6,3,3,6,6,6,6,6,6,6,3,4,6,6,3,6,6,3,11,1,3,4,3,4,4,2,3,3,2,4,4,4,4,4,4,4,4,2,3,4,3,1,3,1,3,3,4,3,3,4,3,3,3,2,3,1,3,3,3,10,5,10,10,2,NA,NA,7,3,20,53,88,5,2,8,4,3,2,1,2,2,4,NA,6,3,11,10,4,2,3,2,3,2,4,4,2,3,-8,-8,NA,NA,NA,NA,NA,NA,NA,NA,4,15,15,2,NA,3,1,42,1,2,NA,2,5,2,2,7,1,1
"692",0.88787923,"692-91",692,91156,20,91,2024,6,13,1,3,3,6,10,2,3,3,3,3,2,2,-9,2,2,6,3,4,1,3,2,3,-8,3,-8,2,4,4,4,-8,4,4,3,5,1,2,3,3,4,3,3,4,3,3,4,3,3,4,3,3,3,3,2,2,3,3,1,1,2,1,4,4,4,4,2,4,3,2,2,2,3,2,4,4,4,10,-7,10,-7,NA,NA,NA,18,15,35,72,89,0,5,5,10,2,2,1,3,3,4,NA,2,1,11,7,1,1,1,1,2,3,5,5,1,3,-8,-8,NA,NA,NA,NA,NA,NA,NA,NA,5,15,15,1,2,NA,1,75,1,2,NA,2,4,1,NA,7,2,9
"693",1.42009743,"693-91",693,91156,20,91,2024,6,13,1,3,2,9,14,2,2,3,3,4,3,-9,-9,6,6,6,6,6,6,6,6,6,6,6,6,6,6,6,6,6,6,6,6,4,1,6,1,3,4,3,3,3,3,3,4,3,3,3,3,3,3,3,3,3,3,3,-9,-9,2,1,5,4,4,2,2,4,2,2,2,2,2,2,4,2,2,10,10,10,-7,NA,NA,NA,5,12,34,58,77,-8,-8,-8,-8,3,2,1,3,1,5,NA,2,1,6,-8,2,1,1,1,2,5,5,5,1,3,-8,-8,NA,NA,NA,NA,NA,NA,NA,NA,3,15,15,1,2,NA,2,66,1,2,NA,2,4,1,NA,7,8,1
"694",0.39370529,"694-91",694,91208,20,91,2024,6,13,1,3,3,10,13,3,2,3,3,3,2,-9,-9,-9,-9,-9,-9,-9,-9,-9,-9,-9,-9,-9,-9,-9,-9,-9,-9,-9,-9,-9,-9,-9,-9,-9,-9,-9,-9,-9,-9,-9,-9,-9,-9,-9,-9,-9,-9,-9,-9,-9,-9,-9,-9,-9,-9,-9,-9,1,4,4,4,4,4,4,4,4,4,4,4,4,4,4,-9,10,5,10,5,1,3,6,15,9,31,64,79,10,10,0,10,1,3,-9,-8,NA,5,NA,2,6,7,-8,2,-9,-9,-9,3,5,5,5,1,3,-8,-8,NA,NA,NA,NA,NA,NA,NA,NA,-8,15,15,1,-9,NA,2,47,1,2,NA,2,4,1,NA,-9,3,3
"695",1.53291385,"695-91",695,91209,20,91,2024,6,13,1,3,10,13,11,2,2,3,3,4,2,2,-9,-9,-9,-9,-9,-9,-9,-9,-9,-9,-9,-9,-9,-9,-9,-9,-9,-9,-9,-9,-9,4,2,6,4,2,1,-8,4,4,4,4,3,3,2,4,4,2,2,4,2,2,3,4,-8,-8,1,1,4,4,4,-8,2,4,2,2,2,2,4,3,4,-8,4,10,7,10,5,1,3,6,8,5,26,57,80,6,5,9,1,3,1,1,2,1,5,NA,2,3,6,-8,2,-9,-9,-9,2,5,5,5,-9,3,-8,-8,NA,NA,NA,NA,NA,NA,NA,NA,6,15,15,2,NA,4,2,38,1,2,NA,2,4,1,NA,1,4,2
"696",1.02194257,"696-91",696,91209,20,91,2024,6,13,1,2,3,14,5,3,2,3,3,5,2,3,-9,3,3,6,6,4,4,6,3,4,3,6,6,6,2,4,3,6,5,6,4,2,3,2,4,2,2,4,4,3,3,3,3,3,3,3,4,2,3,-8,2,2,3,3,3,1,3,1,3,3,5,5,3,3,2,2,2,2,3,3,4,-8,1,7,7,10,10,1,3,6,13,14,29,70,96,0,10,5,0,1,2,1,3,3,4,NA,1,2,11,7,5,1,1,1,2,2,5,5,1,3,-8,-8,NA,NA,NA,NA,NA,NA,NA,NA,4,15,15,1,1,NA,2,42,1,2,NA,2,8,2,4,1,4,2
"697",0.32978534,"697-91",697,91157,20,91,2024,6,13,1,4,1,2,5,1,2,2,4,4,3,2,-9,-8,-8,-9,-8,-8,-8,-9,-8,-8,-8,-8,-8,-8,-8,-8,-9,-8,-8,-8,-8,4,1,6,2,3,4,4,4,4,4,4,-8,4,2,4,4,4,2,4,1,4,4,4,3,-8,2,1,5,4,-8,-8,2,4,2,1,2,4,4,4,-8,-8,2,10,5,10,-7,NA,NA,NA,14,7,45,55,83,10,10,10,10,4,3,1,2,3,5,NA,2,4,7,-8,2,1,1,1,2,1,-8,5,1,3,-8,-8,NA,NA,NA,NA,NA,NA,NA,NA,4,15,15,1,1,NA,2,70,1,2,NA,2,2,1,NA,7,1,1
"698",0.95463454,"698-91",698,91157,20,91,2024,6,13,1,3,3,5,1,1,3,2,3,5,3,2,10,1,2,6,1,-8,1,2,6,6,2,6,6,6,4,-8,3,2,4,6,3,4,1,1,4,4,4,4,3,4,3,3,4,4,2,4,4,3,3,4,2,4,2,3,3,2,1,1,5,5,5,5,5,5,5,5,5,5,5,5,5,5,2,10,10,10,10,2,NA,NA,14,7,45,55,83,7,5,5,5,3,2,1,1,NA,5,NA,1,3,5,5,2,1,1,1,3,5,3,5,2,3,-8,-8,NA,NA,NA,NA,NA,NA,NA,NA,5,15,15,1,2,NA,2,61,1,2,NA,2,3,2,3,2,5,2
"699",0.67886138,"699-91",699,91209,20,91,2024,6,13,1,2,2,1,3,3,3,3,3,5,2,2,-8,2,3,2,2,2,2,2,2,2,2,6,6,2,1,3,6,2,2,6,2,2,1,5,4,3,4,3,4,3,4,3,4,4,3,3,3,4,3,3,3,4,4,4,3,1,3,1,5,5,5,5,5,5,5,5,5,5,5,5,5,5,-8,0,0,10,-7,NA,NA,NA,6,17,40,52,84,0,0,0,0,1,2,2,2,4,4,NA,1,9,6,5,1,4,2,4,1,1,5,5,2,3,-8,-8,NA,NA,NA,NA,NA,NA,NA,NA,-8,15,15,1,-9,NA,1,65,1,2,NA,2,6,1,NA,7,5,9
"700",0.94673162,"700-91",700,91156,20,91,2024,6,13,1,3,3,6,9,2,2,3,4,5,3,2,-9,1,3,6,1,2,1,3,-8,6,6,6,6,6,3,3,3,2,2,-8,1,5,1,6,2,2,3,4,3,3,4,3,4,-8,2,3,4,3,3,3,2,2,2,3,3,1,1,1,4,4,5,-8,4,5,2,2,2,5,4,5,4,5,6,10,9,10,-7,NA,NA,NA,12,4,33,59,94,10,0,10,0,2,2,1,2,2,1,2,2,6,7,5,2,1,1,1,-8,3,3,5,2,3,-8,-8,NA,NA,NA,NA,NA,NA,NA,NA,4,15,15,1,-9,NA,2,65,1,2,NA,2,3,1,NA,7,2,1
"701",1.3192776,"701-91",701,91156,20,91,2024,6,13,1,3,3,5,10,2,3,1,2,5,3,2,-9,-9,-9,-9,-9,-9,-9,-9,-9,-9,-9,-9,-9,-9,-9,-9,-9,-9,-9,-9,-9,-9,-9,-9,4,4,4,4,4,4,4,4,4,4,4,4,4,4,4,4,4,4,4,4,3,-9,3,1,3,-8,-8,-8,-8,-8,-8,-8,-8,-8,-8,-8,-8,-8,-8,-9,10,10,-7,NA,NA,NA,18,15,35,72,89,10,0,5,8,4,2,1,3,2,1,2,1,2,7,5,-8,3,3,3,-9,1,3,5,1,3,-8,-8,NA,NA,NA,NA,NA,NA,NA,NA,5,15,15,-8,NA,4,1,57,1,2,NA,2,6,1,NA,3,7,9
"702",0.65246878,"702-91",702,91155,20,91,2024,6,13,1,3,8,14,3,3,2,4,2,-8,-8,1,-9,6,6,6,6,6,6,6,6,6,6,6,6,6,6,6,6,6,6,6,6,4,-8,-8,4,4,4,-8,4,4,4,4,4,4,4,4,4,4,4,4,4,4,4,4,1,1,2,1,3,3,3,3,3,3,3,3,3,3,3,3,3,3,-8,8,0,8,-7,NA,NA,NA,4,6,27,66,91,5,5,5,5,3,5,1,-8,NA,5,NA,2,7,9,8,3,3,3,3,2,4,5,5,2,3,-8,-8,NA,NA,NA,NA,NA,NA,NA,NA,6,15,15,2,NA,-8,1,25,4,2,NA,1,7,1,NA,2,8,1
"703",1.92736615,"703-91",703,91208,20,91,2024,6,13,1,3,14,16,11,3,-8,3,3,-8,2,3,-8,6,6,6,6,6,6,6,6,6,6,6,6,6,6,6,6,6,6,6,6,6,-8,-8,4,3,4,-8,-8,3,2,2,3,4,3,3,-8,-8,-8,-8,3,-8,1,-8,1,-8,1,1,-8,-8,-8,-8,-8,-8,-8,-8,-8,-8,-8,-8,-8,-8,-8,10,-8,10,10,1,1,7,11,13,30,51,92,-8,-8,-8,-8,3,5,1,1,NA,5,NA,2,11,4,10,2,-8,-8,-8,2,4,5,5,-8,3,3,1,-8,-8,-8,-8,NA,NA,NA,NA,4,15,15,2,NA,-8,2,29,6,2,NA,2,4,2,4,1,3,3
"704",1.16397526,"704-91",704,91208,20,91,2024,6,13,1,3,5,6,13,2,3,2,4,5,3,2,-9,1,3,6,2,2,1,2,6,6,6,6,6,6,4,-8,3,-8,3,2,2,3,1,1,3,-8,4,4,4,-8,3,4,3,-8,2,4,4,4,-8,4,2,2,4,3,1,2,2,1,4,2,4,-8,4,4,2,2,2,2,2,4,4,2,6,8,8,8,5,2,NA,NA,23,23,41,68,76,6,8,5,4,2,2,1,2,3,4,NA,2,7,1,0,2,1,1,1,2,3,5,5,1,3,3,1,-8,-8,-8,-8,NA,NA,NA,NA,5,15,15,1,2,NA,2,35,1,2,NA,2,4,1,NA,1,4,9
"705",1.69218159,"705-91",705,91209,20,91,2024,6,13,1,3,5,9,7,3,2,3,3,3,2,1,-9,3,6,6,6,6,4,6,6,6,6,6,6,6,3,6,6,6,3,6,6,4,4,4,4,4,4,4,4,4,4,4,4,4,4,4,4,4,4,4,4,4,4,4,1,2,3,1,3,3,3,3,3,3,3,3,3,3,3,3,3,3,3,7,6,7,6,2,NA,NA,13,14,29,70,96,0,8,2,5,5,2,1,3,4,4,NA,2,3,9,0,5,2,3,2,-8,2,2,-8,2,3,-8,-8,NA,NA,NA,NA,NA,NA,NA,NA,6,15,15,2,NA,2,2,18,1,2,NA,1,7,2,4,1,5,9
"706",0.79834903,"706-91",706,91135,18,91,2024,6,11,1,3,10,5,8,3,1,3,2,3,2,2,-9,2,4,6,6,2,2,6,6,6,6,6,-8,6,4,6,6,6,6,6,6,4,4,2,3,2,1,3,3,-9,3,3,3,3,3,3,3,3,3,3,2,3,4,3,-8,-9,3,2,3,3,3,3,3,3,3,3,3,3,3,-8,3,3,-8,10,10,0,10,2,NA,NA,20,18,46,65,87,5,5,5,5,2,5,-8,2,-8,3,NA,6,11,3,9,-8,2,5,1,5,3,3,3,2,3,-8,2,NA,NA,NA,NA,-8,2,3,2,4,15,15,2,NA,2,1,22,1,2,NA,2,4,1,NA,1,NA,1
"707",0.33956011,"707-91",707,91065,8,91,2024,6,6,1,3,3,5,6,2,2,2,2,4,3,2,5,3,-9,6,2,2,3,4,6,4,3,6,6,2,4,4,6,4,3,-9,6,5,1,4,3,2,3,4,3,2,2,1,3,4,3,3,2,2,3,3,3,2,2,2,3,1,2,2,3,2,2,3,3,3,3,3,2,2,4,4,3,2,1,10,-7,10,-7,NA,NA,NA,7,3,20,53,88,5,8,10,2,2,3,2,2,3,4,NA,3,6,5,10,2,1,2,1,2,4,4,4,1,2,2,-8,NA,NA,NA,NA,NA,NA,NA,NA,3,15,15,1,-9,NA,1,76,1,2,NA,2,4,1,NA,7,4,1
"708",1.03468652,"708-91",708,91135,18,91,2024,6,11,1,3,10,3,5,2,2,3,3,3,2,-9,-9,3,4,6,6,2,2,2,2,6,6,6,6,6,4,2,6,6,-8,6,4,4,1,1,-9,4,4,-9,-8,-9,2,2,-9,-9,2,4,-9,4,4,-9,-9,1,3,4,3,-8,2,2,3,-9,-9,3,4,2,2,4,-9,-9,4,2,4,-9,-8,10,10,10,10,2,NA,NA,19,10,43,61,74,0,5,10,0,4,5,2,2,3,-8,NA,2,1,4,-8,1,1,-8,1,-9,1,-8,-8,-8,-8,-8,-8,NA,NA,NA,NA,NA,NA,NA,NA,-8,-8,-8,2,NA,-9,2,80,1,2,NA,2,2,1,NA,7,1,1
"709",0.36359397,"709-91",709,91068,8,91,2024,6,6,1,4,1,3,11,2,2,3,4,4,2,2,8,2,4,6,2,2,2,6,6,4,3,6,6,6,3,4,3,6,3,6,4,4,5,6,3,1,2,4,3,3,1,3,3,3,3,4,3,3,4,3,3,2,4,3,3,2,2,1,5,5,2,2,5,5,5,2,1,2,5,3,3,4,1,10,9,0,-7,NA,NA,NA,2,16,42,69,81,0,0,9,1,5,5,2,3,1,5,NA,2,3,6,10,2,1,2,2,3,2,1,1,1,3,3,1,4,1,4,1,NA,NA,NA,NA,6,13,NA,1,2,NA,2,50,1,2,NA,2,2,1,NA,1,3,5
"710",0.36359397,"710-91",710,91068,8,91,2024,6,6,1,4,1,5,3,2,3,3,3,4,2,2,5,1,2,6,6,2,2,6,6,2,2,6,6,6,4,3,6,6,2,6,6,4,2,1,3,4,4,3,3,1,2,1,3,3,1,3,3,3,1,2,1,3,3,3,2,1,2,1,4,3,3,2,1,2,2,1,3,4,2,2,3,4,3,10,10,7,10,1,3,6,20,18,46,65,87,0,0,0,5,4,5,3,2,3,4,NA,6,3,11,10,5,1,1,1,1,1,4,1,1,3,3,1,4,4,4,4,NA,NA,NA,NA,4,15,15,1,1,NA,2,45,1,2,NA,2,1,2,1,1,5,1
"711",0.5355562,"711-91",711,91068,8,91,2024,6,6,1,4,1,11,7,2,3,3,2,4,2,2,1,2,4,6,6,6,6,6,6,6,6,6,6,6,6,6,6,6,6,6,6,2,-9,1,3,4,2,4,4,3,2,1,-8,4,4,3,4,4,3,4,4,-8,2,4,-9,-9,1,1,1,-9,-9,-9,-9,-9,-9,-9,-9,-9,-9,-9,-9,-9,-9,10,10,10,-7,NA,NA,NA,18,15,35,72,89,10,10,1,9,2,2,2,2,2,5,NA,1,11,6,0,1,2,2,2,1,1,1,1,1,3,3,1,4,4,4,4,NA,NA,NA,NA,1,15,15,1,4,NA,1,80,1,2,NA,2,1,1,NA,7,5,9
"712",0.88997878,"712-91",712,91068,8,91,2024,6,6,1,3,5,13,10,4,2,3,1,2,2,1,5,4,4,6,2,3,3,6,6,2,6,6,6,6,4,6,6,6,1,6,3,4,1,4,3,3,2,3,2,3,3,3,3,3,3,3,3,1,3,2,1,2,3,3,1,1,1,1,4,4,4,4,4,4,4,4,4,4,4,4,3,4,1,10,10,10,-7,NA,NA,NA,15,9,31,64,79,9,9,9,9,4,2,2,2,4,4,NA,3,1,6,4,1,3,3,4,3,2,1,5,1,3,3,2,NA,NA,NA,NA,4,2,3,4,6,24,NA,1,1,NA,2,26,1,2,NA,2,8,2,1,10,2,2
"713",0.16978005,"713-91",713,91065,8,91,2024,6,6,1,3,26,9,1,1,2,3,4,5,-8,-8,5,6,2,6,6,6,6,6,2,6,-8,6,6,6,-9,-9,6,6,-8,6,6,2,1,1,3,1,4,4,4,3,3,2,1,3,1,4,3,4,4,3,3,-8,3,4,-9,2,3,-8,4,-8,-8,-8,-9,-9,1,-9,-8,-9,2,-9,-8,-9,1,10,-7,10,-7,NA,NA,NA,11,13,30,51,92,0,-8,0,-8,4,5,1,-8,NA,-9,NA,11,6,3,-8,2,2,4,2,-8,1,5,-8,1,3,3,-8,NA,NA,NA,NA,NA,NA,NA,NA,-8,-8,15,-8,NA,-8,1,66,1,-8,NA,2,3,1,NA,7,8,1
"714",0.48518326,"714-91",714,91135,18,91,2024,6,11,1,3,6,7,1,2,-8,2,3,3,1,2,-8,2,3,6,6,3,6,2,3,6,6,6,6,2,4,6,6,6,6,6,6,4,-8,-9,1,3,2,-8,2,-8,3,2,3,-9,2,2,-9,-9,2,-9,3,2,2,3,-8,1,-9,2,4,3,3,-8,-8,-8,3,3,3,3,3,-9,3,-9,-8,10,-7,0,-7,NA,NA,NA,19,10,43,61,74,2,10,-8,0,2,5,1,2,4,2,5,-9,NA,NA,2,-8,3,2,-9,5,1,-9,1,2,3,-8,2,NA,NA,NA,NA,-9,4,-8,2,-9,-9,-9,1,1,NA,1,88,1,2,NA,-9,0,1,NA,7,2,1
"715",0.30646509,"715-91",715,91003,1,91,2024,6,1,1,3,4,9,10,4,2,2,5,4,3,2,7,2,5,2,3,2,4,6,6,6,6,6,6,6,2,6,6,6,6,6,6,4,2,8,4,1,4,4,2,3,3,3,3,3,1,3,2,4,3,2,4,1,1,2,3,2,1,1,5,3,4,4,3,4,1,4,1,4,3,4,4,4,3,3,10,0,0,2,NA,NA,7,3,20,53,88,9,2,2,0,4,5,1,3,3,5,NA,10,2,4,9,1,3,2,2,5,2,5,1,2,3,-8,-8,NA,NA,NA,NA,NA,NA,NA,NA,6,15,15,2,NA,4,1,74,1,2,NA,2,3,1,NA,7,1,1
"716",1.38403685,"716-91",716,91003,1,91,2024,6,1,1,3,10,26,9,1,3,3,3,1,3,2,5,1,3,6,1,1,1,6,6,6,6,6,6,6,2,6,4,4,2,6,2,4,1,1,4,2,4,4,4,3,3,3,1,4,1,4,4,4,3,4,2,3,3,4,2,1,2,1,5,5,5,4,4,4,3,4,3,5,4,5,5,3,3,10,10,10,10,2,NA,NA,20,18,46,65,87,3,5,3,5,1,5,1,3,4,1,3,1,2,11,-8,6,1,1,1,1,2,1,1,1,3,3,1,1,2,4,2,NA,NA,NA,NA,6,15,15,2,NA,5,2,36,1,2,NA,2,3,1,NA,8,1,1
"717",0.70108489,"717-91",717,91098,12,91,2024,6,8,1,3,2,3,1,2,3,2,2,5,3,2,5,1,1,6,1,1,1,6,6,6,6,6,6,6,1,6,4,6,1,6,3,3,-8,1,3,3,1,3,3,3,3,1,1,3,1,3,3,3,3,3,3,1,1,1,1,1,2,1,3,4,5,4,4,4,2,5,3,3,3,4,4,4,6,10,10,10,10,1,3,6,4,6,27,66,91,1,10,5,7,2,5,1,1,NA,4,NA,11,2,10,5,2,2,2,2,3,1,5,5,2,3,3,2,NA,NA,NA,NA,2,2,2,2,6,15,15,1,1,NA,1,57,1,1,5,1,7,1,NA,1,4,2
"718",0.19414342,"718-91",718,91074,10,91,2024,6,7,1,4,6,10,5,1,3,3,4,-9,2,1,-8,4,4,6,-8,4,2,6,6,6,6,6,6,6,4,6,6,6,2,6,4,4,1,2,-8,4,4,4,4,-8,4,2,-8,4,4,3,4,4,3,4,4,3,4,3,3,2,3,1,4,4,3,-9,2,5,2,2,1,4,-8,3,3,-8,4,10,-7,10,10,2,NA,NA,15,9,31,64,79,1,8,1,9,4,5,1,3,3,5,NA,3,2,4,10,2,2,2,2,2,1,5,5,1,3,3,1,2,2,2,-8,NA,NA,NA,NA,1,15,15,1,1,NA,2,63,1,2,NA,2,1,1,NA,8,2,9
"719",0.26924631,"719-91",719,91056,6,91,2024,6,5,1,3,8,16,3,2,3,4,3,4,2,-9,-9,6,3,6,6,6,6,6,6,6,6,6,6,6,3,6,6,6,3,6,6,3,-8,1,4,3,2,3,2,3,3,2,-8,-8,3,3,3,3,3,2,3,1,2,3,1,2,3,1,4,3,4,3,3,3,3,3,3,3,3,3,3,3,1,5,10,5,0,2,NA,NA,6,17,40,52,84,2,5,5,4,1,5,1,3,3,4,NA,9,3,6,-8,2,1,1,1,5,5,5,5,1,3,3,-8,NA,NA,NA,NA,NA,NA,NA,NA,4,15,15,1,1,NA,2,76,1,2,NA,2,8,1,NA,10,5,5
"720",0.37519675,"720-91",720,91056,6,91,2024,6,5,1,2,7,6,17,2,2,2,3,5,2,2,5,1,4,6,-8,6,2,6,3,6,6,6,6,6,4,3,6,6,2,6,3,4,10,4,3,3,4,3,2,2,4,4,2,2,3,4,4,3,3,4,4,2,3,4,2,2,2,1,5,5,5,4,3,4,4,4,2,3,3,4,5,5,3,9,10,7,0,2,NA,NA,3,2,47,56,95,2,5,1,5,4,5,1,2,3,1,5,2,1,6,5,2,3,1,1,3,1,1,2,2,3,3,1,4,4,4,4,NA,NA,NA,NA,6,15,15,1,2,NA,1,57,1,2,NA,2,8,1,NA,1,7,1
"721",0.38828683,"721-91",721,91074,10,91,2024,6,7,1,3,12,10,9,2,3,3,2,3,2,2,4,5,4,6,6,6,1,6,6,6,6,6,6,6,5,6,6,6,6,6,6,4,9,2,2,3,3,3,3,3,3,3,3,3,2,3,1,3,2,1,2,3,3,3,-9,2,1,1,2,2,5,5,4,5,4,1,2,2,1,3,4,3,2,10,10,8,8,2,NA,NA,16,19,39,62,86,1,9,1,9,2,1,2,2,4,1,1,3,9,10,4,7,1,1,2,1,1,3,3,1,3,-8,-8,NA,NA,NA,NA,NA,NA,NA,NA,4,15,15,1,1,NA,2,58,1,2,NA,2,3,2,1,8,1,1
"722",0.51504416,"722-91",722,91213,20,91,2024,6,13,1,3,3,10,6,2,2,2,3,4,3,2,6,2,2,6,6,2,2,6,6,6,6,6,6,6,4,6,6,6,4,6,6,3,1,2,3,2,4,3,4,3,3,2,4,4,2,3,4,3,3,4,3,3,3,3,2,1,2,1,5,4,5,4,4,5,2,2,2,4,4,5,4,2,3,10,-7,10,-7,NA,NA,NA,19,10,43,61,74,1,5,4,2,2,5,2,3,3,5,NA,1,6,10,5,2,2,2,2,1,3,3,4,2,3,3,2,NA,NA,NA,NA,4,4,4,4,4,15,15,1,2,NA,2,62,1,2,NA,2,2,2,2,7,1,1
"723",0.19484783,"723-91",723,91056,6,91,2024,6,5,1,2,26,14,3,3,3,3,3,4,2,2,5,2,3,6,6,6,2,6,6,6,6,6,6,6,3,6,6,6,3,6,6,3,1,5,1,2,3,4,2,1,3,2,2,3,3,3,3,2,2,3,3,2,3,2,1,2,2,2,3,4,4,4,3,3,4,3,4,2,2,3,3,4,1,6,7,9,0,2,NA,NA,15,9,31,64,79,10,0,0,0,1,1,2,3,3,2,1,4,9,1,-9,2,3,2,2,1,1,4,4,1,3,3,-8,NA,NA,NA,NA,NA,NA,NA,NA,4,15,15,1,2,NA,2,62,1,2,NA,2,4,1,NA,8,6,1
"724",0.41549305,"724-91",724,91056,6,91,2024,6,5,1,3,8,10,5,3,2,3,3,3,2,2,-9,2,3,6,6,6,2,6,6,6,6,6,6,6,3,6,6,6,3,6,6,3,5,1,4,4,4,4,4,4,4,4,2,3,4,4,4,4,4,4,4,1,4,4,1,2,3,3,4,4,4,4,4,4,4,4,4,4,4,4,4,3,1,5,0,10,-7,NA,NA,NA,20,18,46,65,87,10,0,0,0,1,2,1,2,2,4,NA,9,8,2,5,2,1,3,1,2,2,3,4,-8,3,2,-8,NA,NA,NA,NA,NA,NA,NA,NA,3,15,15,1,-9,NA,1,26,1,2,NA,2,8,1,NA,1,5,9
"725",0.68770879,"725-91",725,91294,17,91,2024,6,10,2,4,14,3,9,3,2,3,2,4,3,2,5,2,3,6,6,2,2,3,6,6,3,6,6,6,4,3,4,6,3,6,3,4,7,1,2,1,2,4,3,3,4,2,1,3,1,3,4,2,3,3,1,2,3,3,1,2,2,2,4,4,4,4,4,4,2,3,3,4,4,5,3,3,3,9,9,8,-7,NA,NA,NA,22,22,44,50,75,3,3,5,7,3,5,2,2,1,3,NA,1,10,2,8,5,1,2,1,1,2,3,3,1,3,2,2,NA,NA,NA,NA,5,5,4,4,4,10,NA,1,2,NA,1,28,1,1,5,2,6,2,4,1,3,1
"726",0.19372092,"726-91",726,91294,17,91,2024,6,10,2,3,6,26,3,1,2,3,3,4,3,2,7,1,2,6,1,2,1,1,6,6,6,6,6,6,5,5,4,6,4,6,6,5,2,7,3,1,2,4,3,3,3,3,3,3,2,4,4,3,3,3,3,2,3,3,1,1,2,2,4,5,5,3,4,4,2,2,3,3,4,4,4,4,6,10,10,10,-7,NA,NA,NA,20,18,46,65,87,8,9,6,8,3,4,1,3,2,2,5,2,10,7,10,4,1,1,1,1,1,5,5,2,3,2,2,NA,NA,NA,NA,4,4,4,4,-8,10,NA,1,2,NA,2,59,1,1,5,2,4,1,NA,1,2,1
"727",0.30554472,"727-91",727,91294,17,91,2024,6,10,2,4,7,4,10,2,2,3,2,5,3,2,5,1,5,6,6,3,2,6,6,6,6,6,6,6,4,6,6,6,3,6,4,5,2,2,3,4,3,4,4,3,3,1,3,3,3,4,4,4,3,3,3,4,4,3,3,2,2,1,5,5,5,5,4,4,5,4,4,4,2,3,5,5,4,10,10,10,10,1,3,5,13,14,29,70,96,0,10,10,0,1,5,2,3,2,3,NA,5,6,4,10,6,1,1,2,2,3,1,3,1,3,1,2,NA,NA,NA,NA,5,5,5,5,3,5,NA,2,NA,2,2,50,1,1,5,2,4,1,NA,8,1,2
"728",0.68770879,"728-91",728,91294,17,91,2024,6,10,2,3,10,5,11,3,3,3,3,3,3,2,4,2,4,3,6,6,3,6,6,6,6,6,6,2,4,2,6,3,3,6,3,5,2,4,2,1,3,3,2,1,3,2,2,3,2,3,3,2,2,3,2,2,4,3,2,1,1,2,2,2,2,3,1,2,2,1,1,2,2,1,2,1,4,10,9,10,-7,NA,NA,NA,18,15,35,72,89,10,9,1,9,1,4,1,3,2,2,5,3,5,6,0,4,2,3,1,4,1,3,5,1,3,-8,2,NA,NA,NA,NA,5,5,4,5,1,4,NA,1,2,NA,1,27,1,2,NA,2,4,2,1,1,1,1
"729",0.61108945,"729-91",729,91294,17,91,2024,6,10,2,4,10,6,1,2,3,3,4,5,2,2,10,2,4,6,6,2,2,6,6,6,2,6,6,6,4,6,2,6,2,6,2,2,1,1,3,3,4,4,3,3,3,2,3,4,3,4,4,4,3,4,3,3,3,3,3,2,3,1,5,5,4,4,4,5,4,4,3,3,4,3,5,4,7,10,10,0,-7,NA,NA,NA,8,5,26,57,80,5,10,5,0,4,5,2,3,1,1,1,3,4,6,10,1,2,4,4,4,5,5,3,2,3,3,2,NA,NA,NA,NA,4,4,4,4,4,15,15,1,1,NA,2,53,1,1,5,2,1,1,NA,2,NA,1
"730",1.47797823,"730-91",730,91294,17,91,2024,6,10,2,4,10,1,13,3,1,3,2,4,1,1,5,5,5,2,5,4,4,5,3,3,3,3,6,4,2,4,2,4,2,4,1,3,1,4,3,2,3,4,3,3,3,3,3,2,2,2,3,3,3,3,2,2,3,3,1,1,3,1,4,2,3,3,3,3,4,3,3,4,3,2,4,3,3,10,10,8,-7,NA,NA,NA,6,17,40,52,84,7,3,4,3,2,2,2,1,NA,2,1,3,1,11,0,2,2,2,2,3,3,4,3,2,3,2,-8,NA,NA,NA,NA,NA,NA,NA,NA,6,9,NA,1,1,NA,1,51,1,2,NA,2,2,1,NA,10,5,8
"731",0.52905198,"731-91",731,91294,17,91,2024,6,10,2,4,9,10,13,2,2,3,4,4,3,2,7,2,2,6,1,2,2,2,6,6,6,6,6,6,4,4,4,6,4,6,3,5,1,7,3,2,2,4,3,3,3,1,3,4,2,4,4,3,3,4,2,3,3,4,1,2,2,1,4,5,4,4,4,5,2,2,2,4,4,5,4,4,3,10,10,10,-7,NA,NA,NA,10,8,25,60,85,2,8,1,3,4,5,1,3,3,1,1,3,5,11,6,7,1,1,1,1,1,1,5,2,3,2,2,NA,NA,NA,NA,4,4,4,4,4,10,NA,1,2,NA,2,68,1,2,NA,2,2,1,NA,7,2,1
"732",1.25429511,"732-91",732,91074,10,91,2024,6,7,1,3,13,6,11,3,2,3,2,4,2,2,-8,3,4,6,6,6,2,6,6,6,6,6,6,6,4,6,6,6,6,6,6,4,2,2,3,2,3,3,2,3,3,3,3,3,1,3,3,3,2,3,2,2,3,2,-8,-8,3,2,2,-8,-8,-8,-8,-8,-8,-8,-8,-8,-8,-8,-8,-8,-8,10,-8,9,8,1,-9,-8,23,23,41,68,76,0,0,2,0,4,5,1,2,2,5,NA,2,5,9,-8,1,2,2,2,-8,1,3,3,2,3,-8,1,4,-8,-8,-8,NA,NA,NA,NA,4,15,15,1,1,NA,2,25,1,2,NA,2,2,1,NA,3,1,1
"733",0.4966876,"733-91",733,91092,12,91,2024,6,8,1,2,3,2,10,1,3,4,3,5,3,2,6,1,2,6,1,1,2,6,6,6,6,6,6,6,4,6,6,6,2,6,6,5,2,2,4,3,4,4,4,2,3,2,3,3,2,4,4,2,3,4,2,2,3,3,2,1,3,2,4,5,5,5,5,4,4,4,3,4,5,3,5,4,1,0,7,2,9,1,3,6,6,17,40,52,84,10,-8,10,10,1,5,1,3,2,4,NA,1,6,7,10,-8,1,1,1,1,1,1,2,2,3,3,-8,NA,NA,NA,NA,NA,NA,NA,NA,1,15,15,1,4,NA,2,38,1,2,NA,2,8,1,NA,1,4,9
"734",0.48971336,"734-91",734,91090,12,91,2024,6,8,1,3,2,7,9,2,2,3,2,5,2,2,6,1,4,6,1,2,1,4,6,4,6,6,6,6,4,6,4,6,3,6,3,5,1,3,3,1,3,4,4,3,3,3,3,4,1,4,3,3,3,4,3,3,4,3,1,1,2,1,4,4,4,3,3,4,2,2,2,3,3,4,3,3,1,10,10,10,10,1,2,6,10,8,25,60,85,8,8,0,0,1,5,2,2,2,4,NA,1,6,7,9,4,1,1,1,1,1,5,3,-8,3,2,2,NA,NA,NA,NA,-8,-8,2,2,4,15,15,1,1,NA,2,39,1,2,NA,2,6,1,NA,1,4,1
"735",0.46733289,"735-91",735,91011,2,91,2024,6,2,1,4,1,3,2,1,3,2,2,5,1,2,-8,1,2,6,2,2,2,2,2,6,2,2,6,6,2,2,2,2,4,6,2,4,9,1,1,1,1,3,3,4,4,1,4,1,1,3,3,4,3,3,1,1,4,3,3,-8,-8,3,5,5,5,5,5,5,5,5,5,5,3,5,2,5,-8,10,10,10,0,2,NA,NA,22,22,44,50,75,0,10,0,5,4,5,2,3,1,4,NA,1,11,6,-8,2,1,1,1,2,1,1,3,2,3,3,1,-8,-8,-8,-8,NA,NA,NA,NA,1,15,15,1,2,NA,1,63,1,2,NA,2,3,1,NA,7,1,1
"736",0.84842637,"736-91",736,91011,2,91,2024,6,2,1,4,5,9,8,4,1,3,1,2,1,1,5,4,4,6,4,3,4,4,5,2,4,6,6,6,3,3,1,5,2,-8,1,4,1,4,2,3,2,4,3,2,4,1,4,2,2,2,3,3,3,3,2,1,2,3,1,1,2,1,4,2,3,3,4,3,2,2,1,2,3,4,2,3,3,5,10,6,10,1,2,4,10,8,25,60,85,0,10,0,10,2,1,1,2,1,4,NA,9,3,2,5,5,1,3,1,4,1,2,5,1,3,3,1,4,4,4,4,NA,NA,NA,NA,5,16,NA,1,1,NA,1,39,1,2,NA,1,7,1,NA,1,5,1
"737",0.93466578,"737-91",737,91011,2,91,2024,6,2,1,4,14,3,9,2,2,3,2,5,2,2,-9,4,4,6,2,4,2,4,6,6,6,6,6,6,5,-9,5,4,2,6,-9,3,8,4,4,1,2,4,4,4,4,2,2,4,2,4,4,4,2,2,2,-9,1,4,3,1,2,1,4,3,3,2,2,3,2,2,3,3,2,5,3,2,2,10,10,10,10,2,NA,NA,21,21,38,49,93,5,5,0,5,2,5,2,2,3,5,NA,4,11,7,6,5,1,1,2,5,1,5,1,1,3,2,2,NA,NA,NA,NA,4,4,4,4,3,15,15,1,1,NA,1,60,1,2,NA,2,4,1,NA,1,5,9
"738",5.35365076,"738-91",738,91035,6,91,2024,6,5,1,1,3,7,10,3,2,4,3,3,2,1,4,3,2,6,3,4,3,4,3,6,6,6,6,6,2,6,6,6,1,6,4,3,2,3,2,2,3,3,3,3,3,3,3,3,2,3,3,3,3,3,2,2,3,4,1,1,1,1,4,3,4,4,4,4,3,2,3,3,4,3,4,4,3,3,9,6,5,1,1,6,22,22,44,50,75,0,0,1,10,1,1,1,2,3,2,4,11,1,3,7,5,1,1,1,2,1,4,5,2,3,3,2,NA,NA,NA,NA,1,1,1,4,1,9,NA,1,1,NA,1,40,5,2,NA,2,10,1,NA,1,7,1
"739",1.01053838,"739-91",739,91035,6,91,2024,6,5,1,2,3,13,8,2,2,3,3,3,2,2,5,3,4,6,3,3,3,6,6,6,6,6,6,6,4,6,6,6,3,6,6,4,10,5,4,3,3,3,3,2,4,1,3,3,2,3,3,3,2,3,2,2,3,3,2,1,3,1,4,3,4,5,4,5,3,3,4,4,4,4,4,3,4,7,7,10,10,1,3,6,3,2,47,56,95,0,5,5,10,2,2,2,2,3,3,NA,1,6,2,6,2,1,1,1,2,2,4,4,2,3,3,2,NA,NA,NA,NA,2,2,2,2,4,4,NA,1,1,NA,2,45,1,2,NA,2,6,1,NA,1,4,2
"740",2.88293457,"740-91",740,91199,20,91,2024,6,13,1,3,13,10,7,2,2,2,5,5,2,2,10,1,1,6,6,1,1,6,6,6,6,6,6,6,5,5,5,6,1,6,3,5,3,1,3,1,4,4,4,3,2,2,2,3,3,4,4,4,2,4,3,4,4,4,1,2,3,1,5,5,5,5,4,5,5,5,5,5,5,5,5,5,1,10,10,10,10,2,NA,NA,2,16,42,69,81,0,0,0,0,1,1,1,3,3,1,1,1,6,8,10,1,1,1,1,1,1,5,1,2,3,3,-8,NA,NA,NA,NA,NA,NA,NA,NA,4,10,NA,1,1,NA,2,61,1,2,NA,2,2,2,4,7,1,1
"741",1.18460835,"741-91",741,91018,3,91,2024,6,3,1,3,1,3,7,2,2,2,3,-8,-8,2,5,3,6,6,6,6,6,6,6,6,6,6,6,6,6,6,6,6,6,6,6,-8,1,1,4,4,4,4,4,4,4,4,4,4,4,4,4,4,4,4,4,4,4,4,-8,-8,1,1,-8,-8,-8,-8,-8,-8,-8,-8,-8,-8,-8,-8,-8,-8,-8,10,10,0,0,2,NA,NA,20,18,46,65,87,0,0,-8,0,-8,-8,-8,-8,NA,4,NA,2,4,9,10,1,3,3,3,5,5,5,5,-8,3,2,2,NA,NA,NA,NA,5,5,5,5,-8,15,15,2,NA,5,2,74,1,2,NA,2,1,1,NA,7,5,1
"742",0.85774537,"742-91",742,91089,12,91,2024,6,8,1,3,1,11,6,2,3,2,1,4,1,1,1,5,4,2,1,2,3,3,3,6,2,6,3,6,1,3,4,2,1,1,2,1,1,2,3,4,4,4,4,3,4,4,2,1,4,4,3,4,2,4,2,2,3,4,2,1,3,1,5,5,5,5,4,3,5,2,5,5,3,5,2,2,1,10,10,10,10,1,2,6,15,9,31,64,79,10,10,0,10,1,2,1,3,4,1,-8,4,3,9,0,-8,4,5,1,3,1,1,3,1,3,2,2,NA,NA,NA,NA,3,2,3,3,1,15,15,1,1,NA,1,30,1,2,NA,2,6,1,NA,1,4,9
"743",0.42972837,"743-91",743,91095,12,91,2024,6,8,1,4,9,14,1,2,2,3,2,5,3,3,-8,3,4,6,1,3,1,6,6,4,6,6,6,6,4,6,6,6,3,6,6,5,1,4,3,2,3,4,4,3,3,3,4,2,2,4,4,4,4,4,2,2,3,1,2,2,1,1,5,5,3,5,5,5,2,-8,3,4,3,4,4,5,3,10,10,10,-7,NA,NA,NA,15,9,31,64,79,6,10,2,7,3,5,2,2,3,4,NA,1,11,6,10,2,1,1,1,1,1,5,5,1,3,-8,-8,NA,NA,NA,NA,NA,NA,NA,NA,6,-8,15,1,4,NA,2,68,1,2,NA,2,3,1,NA,7,1,1
"744",0.85727587,"744-91",744,91018,3,91,2024,6,3,1,2,3,6,14,1,2,3,3,4,2,2,-9,1,2,6,1,2,1,2,6,6,6,6,6,6,4,6,6,6,6,6,6,4,1,4,-8,1,-8,3,3,2,2,1,2,2,2,3,3,1,3,3,2,2,3,3,3,1,2,1,4,4,4,5,4,4,2,2,2,1,5,4,5,5,6,10,10,10,10,1,3,7,24,24,28,71,73,5,0,0,10,4,5,1,2,3,4,NA,1,6,7,10,2,1,1,1,1,1,5,5,1,3,1,2,NA,NA,NA,NA,5,4,4,5,1,15,15,1,-9,NA,2,60,1,2,NA,2,3,2,4,1,4,9
"745",0.97942671,"745-91",745,91090,12,91,2024,6,8,1,3,2,7,9,2,3,3,3,4,2,3,5,3,4,6,6,3,2,6,6,6,6,6,6,6,4,6,6,6,4,6,3,4,1,1,4,3,3,4,4,3,4,2,3,3,3,4,4,3,3,4,4,2,4,3,2,1,2,1,4,4,4,4,2,4,3,3,3,3,2,4,4,4,1,10,10,10,6,2,NA,NA,22,22,44,50,75,8,6,9,7,1,1,1,2,2,3,NA,3,1,6,10,2,1,3,3,2,2,2,3,1,3,3,-8,NA,NA,NA,NA,NA,NA,NA,NA,4,15,15,1,-9,NA,2,42,1,2,NA,2,4,1,NA,1,1,2
"746",0.55548433,"746-91",746,91018,3,91,2024,6,3,1,2,1,3,14,2,2,3,3,4,3,2,2,2,3,6,2,2,2,3,3,6,6,6,6,2,4,3,2,6,2,6,2,3,1,4,3,2,4,4,4,3,4,3,-8,4,2,3,4,-8,3,-8,3,3,2,2,3,1,2,1,5,5,5,5,5,5,5,5,5,5,5,5,5,5,1,10,10,10,10,2,NA,NA,7,3,20,53,88,5,5,0,10,2,4,1,1,NA,5,NA,3,6,11,10,1,1,1,1,1,1,1,2,2,3,3,2,NA,NA,NA,NA,3,2,2,3,4,15,15,1,1,NA,1,76,1,2,NA,2,3,1,NA,7,5,1
"747",3.28788144,"747-91",747,91084,10,91,2024,6,7,1,3,8,3,9,3,1,3,1,1,3,2,9,1,1,3,2,1,1,3,6,6,3,4,6,6,4,6,3,3,4,3,4,5,4,4,2,2,4,3,3,2,3,1,3,3,1,3,4,3,2,3,1,4,4,3,3,1,2,1,5,5,5,4,4,5,4,4,4,4,5,5,4,5,6,10,10,10,-7,NA,NA,NA,21,21,38,49,93,5,5,5,5,4,2,3,2,2,3,NA,3,1,4,8,1,1,1,1,2,1,4,4,1,3,2,2,NA,NA,NA,NA,5,5,5,5,3,10,NA,1,2,NA,1,31,1,2,NA,1,7,2,2,4,1,1
"748",0.91740569,"748-91",748,91084,10,91,2024,6,7,1,3,3,13,6,1,3,3,2,4,3,2,5,2,4,6,6,3,3,6,6,6,6,3,6,6,4,3,6,6,3,6,4,4,1,1,2,2,2,3,3,2,3,2,3,2,2,3,3,2,2,3,2,2,3,3,1,1,2,1,4,4,4,3,3,3,3,3,4,2,3,1,3,2,4,10,10,10,7,1,2,6,20,18,46,65,87,5,0,3,0,2,2,1,2,3,3,NA,2,1,7,10,2,1,1,1,2,3,4,3,2,3,3,2,NA,NA,NA,NA,4,4,4,4,5,13,NA,2,NA,2,2,40,1,1,5,2,5,2,4,8,2,1
"749",0.41269015,"749-91",749,91018,3,91,2024,6,3,1,2,9,26,3,3,2,3,4,3,2,1,-8,3,4,6,6,6,6,6,6,6,6,6,6,6,4,6,6,6,6,6,6,4,9,1,4,3,4,3,3,4,3,2,4,2,2,3,3,3,3,3,3,2,2,3,1,2,2,2,4,3,3,3,3,3,3,3,3,3,3,3,3,3,2,8,8,5,8,2,NA,NA,4,6,27,66,91,0,5,0,10,2,3,2,2,3,1,1,6,8,10,10,4,2,2,2,3,1,2,1,1,3,2,2,NA,NA,NA,NA,5,5,5,5,2,15,15,1,-9,NA,1,64,1,2,NA,2,4,1,NA,1,4,9
"750",0.70042391,"750-91",750,91016,3,91,2024,6,3,1,2,13,10,14,1,2,2,3,5,2,2,5,1,1,2,1,3,1,6,6,6,6,6,6,1,4,6,6,6,3,6,6,5,1,7,4,1,4,4,1,2,3,1,1,4,2,4,3,2,4,4,1,1,2,4,1,1,3,2,5,5,5,5,5,2,5,2,4,2,5,5,5,4,1,10,10,10,10,1,1,7,1,32,37,54,82,0,5,5,0,1,2,1,2,2,4,NA,10,2,11,8,2,1,1,2,1,1,1,3,1,3,3,1,5,3,4,5,NA,NA,NA,NA,6,23,NA,1,-9,NA,2,32,1,1,9,2,7,1,NA,3,4,1
"751",1.26576413,"751-91",751,91062,8,91,2024,6,6,1,2,1,2,11,1,2,1,3,3,1,3,2,3,3,6,3,6,3,6,6,6,6,6,6,6,1,6,1,6,1,6,1,1,-8,8,4,4,4,4,4,4,4,3,4,3,4,4,4,4,3,4,3,4,4,4,1,1,3,3,5,5,5,4,4,5,5,5,5,5,4,3,5,5,1,10,10,9,-7,NA,NA,NA,22,22,44,50,75,5,5,3,7,4,2,1,3,2,5,NA,3,2,9,5,1,5,5,4,3,4,3,4,2,3,2,-8,NA,NA,NA,NA,NA,NA,NA,NA,4,3,NA,1,1,NA,2,26,1,2,NA,2,8,2,6,3,1,10
"752",0.55883793,"752-91",752,91110,12,91,2024,6,8,1,3,1,26,5,3,2,4,3,3,2,1,5,4,5,6,6,6,6,6,6,-8,6,6,6,6,3,6,6,6,3,6,6,4,1,1,3,1,1,4,4,4,4,4,4,3,1,3,3,4,3,3,1,1,1,3,1,1,2,3,4,4,4,3,3,3,2,2,2,2,3,2,4,3,3,10,7,10,5,2,NA,NA,20,18,46,65,87,5,0,5,0,1,5,1,3,3,4,NA,6,5,3,5,1,2,1,1,3,4,5,5,1,3,3,2,NA,NA,NA,NA,-8,-8,-8,-8,1,15,15,1,1,NA,2,80,1,2,NA,2,1,1,NA,7,5,2
"753",1.57793196,"753-91",753,91110,12,91,2024,6,8,1,3,6,3,10,3,1,3,2,3,2,3,5,4,5,6,6,2,4,6,6,6,-8,6,6,6,6,6,6,6,3,6,6,4,9,2,3,2,4,4,4,2,4,1,1,3,3,2,3,3,3,3,3,4,3,3,1,1,2,1,3,4,4,3,3,4,4,4,3,4,3,3,4,3,1,10,10,10,10,1,3,6,15,9,31,64,79,5,5,0,5,4,4,1,3,4,1,-8,1,2,3,5,2,1,1,1,5,5,5,4,2,3,3,1,-8,2,2,-8,NA,NA,NA,NA,4,15,15,1,1,NA,2,41,1,1,5,1,7,1,NA,1,2,1
"754",0.87093851,"754-91",754,91110,12,91,2024,6,8,1,3,3,5,26,3,1,3,2,2,1,2,5,3,5,6,6,3,4,4,6,6,6,6,6,6,3,6,2,6,1,6,6,3,4,8,3,3,1,3,1,1,1,1,3,2,3,3,1,4,3,3,1,2,1,3,1,1,2,1,4,-8,4,2,2,2,4,2,4,4,2,2,2,4,1,10,10,7,10,2,NA,NA,22,22,44,50,75,0,0,0,5,3,5,1,1,NA,5,NA,1,11,3,5,5,1,2,3,2,2,5,5,2,3,-8,2,NA,NA,NA,NA,4,2,4,4,5,9,NA,1,1,NA,2,29,1,2,NA,2,8,1,NA,8,2,2
"755",0.77874485,"755-91",755,91110,12,91,2024,6,8,1,4,1,3,14,2,1,2,2,4,2,2,5,2,3,6,6,2,2,6,6,6,6,6,6,6,2,6,6,6,-8,6,6,3,2,1,3,4,2,4,4,4,4,3,4,4,3,4,3,4,4,4,3,4,4,4,1,1,2,1,5,5,5,5,5,5,5,5,5,5,5,5,5,5,6,10,10,10,-7,NA,NA,NA,14,7,45,55,83,5,5,5,5,4,5,2,3,3,4,NA,1,3,6,8,2,3,1,2,2,4,5,5,1,3,3,-8,NA,NA,NA,NA,NA,NA,NA,NA,3,15,15,1,1,NA,1,59,1,2,NA,2,2,1,NA,2,5,1
"756",0.60668942,"756-91",756,91095,12,91,2024,6,8,1,3,2,3,5,1,3,4,2,5,3,2,6,1,2,6,1,1,1,6,6,6,6,6,6,6,3,6,6,6,3,6,6,4,3,6,4,2,4,4,3,2,3,2,3,3,2,4,4,3,4,3,2,2,3,3,2,1,3,2,4,5,4,4,4,4,3,3,3,3,3,4,4,3,1,3,3,4,5,1,3,6,17,1,48,67,90,0,0,0,5,1,1,1,3,2,4,NA,1,6,7,10,4,1,1,1,1,1,2,3,2,3,3,-8,NA,NA,NA,NA,NA,NA,NA,NA,6,15,15,1,4,NA,2,33,1,2,NA,2,8,1,NA,1,2,2
"757",1.67242707,"757-91",757,91018,3,91,2024,6,3,1,2,3,9,14,1,3,1,5,5,3,2,-8,1,1,6,1,1,1,6,2,2,6,6,6,2,4,2,5,6,4,2,2,4,1,4,4,1,4,4,4,2,2,2,2,2,1,4,4,3,4,4,2,2,4,4,1,1,2,1,4,5,5,5,3,4,2,2,2,5,5,5,5,5,1,10,10,10,10,1,3,7,19,10,43,61,74,0,0,10,0,1,5,1,3,1,5,NA,1,7,10,10,1,1,1,1,2,1,2,5,2,3,3,2,NA,NA,NA,NA,4,1,2,5,6,15,15,1,2,NA,2,40,1,2,NA,2,5,2,3,3,1,9
"758",0.47309625,"758-91",758,91073,10,91,2024,6,7,1,3,14,3,1,3,2,3,3,4,2,2,5,2,1,6,2,1,2,3,6,6,6,3,6,6,4,3,3,6,3,6,3,4,4,4,2,2,2,4,3,3,3,3,4,3,2,3,4,3,3,3,2,3,3,3,1,1,2,1,4,4,3,3,3,3,2,2,2,3,3,5,3,2,1,10,10,10,10,2,NA,NA,2,16,42,69,81,1,1,9,4,1,5,1,2,3,-9,NA,2,1,10,9,4,2,1,2,2,2,4,5,1,3,2,-8,NA,NA,NA,NA,NA,NA,NA,NA,-8,13,NA,1,2,NA,2,59,1,2,NA,2,4,2,3,1,2,1
"759",0.60732582,"759-91",759,91073,10,91,2024,6,7,1,3,14,5,3,3,2,3,4,2,1,1,5,4,5,6,1,4,3,3,4,6,6,2,6,6,3,6,2,6,1,6,4,3,1,1,4,3,2,3,3,4,3,3,4,3,2,2,4,3,3,3,3,2,3,2,1,1,2,1,4,3,2,3,3,2,3,2,3,4,2,4,2,2,4,6,10,8,-7,NA,NA,NA,11,13,30,51,92,5,0,5,5,5,4,1,2,1,1,2,6,1,2,8,2,2,3,2,1,2,4,5,1,3,1,2,NA,NA,NA,NA,3,3,3,3,5,15,15,1,1,NA,1,64,1,2,NA,2,4,1,NA,1,4,9
"760",0.69490232,"760-91",760,91112,14,91,2024,6,9,1,2,1,3,2,3,1,4,3,4,1,1,8,4,5,2,4,4,4,5,4,2,4,3,3,3,2,4,2,4,1,4,1,3,-9,4,2,2,-9,4,3,3,3,3,3,3,2,-9,3,3,3,3,3,1,3,4,1,1,1,1,4,3,3,3,3,3,3,3,3,3,3,3,3,3,6,4,-7,7,-7,NA,NA,NA,1,32,37,54,82,3,5,3,3,3,1,2,2,4,3,NA,4,1,11,5,5,2,1,1,1,3,-9,4,1,3,1,2,NA,NA,NA,NA,4,5,3,4,6,16,NA,1,1,NA,1,80,1,2,NA,2,8,1,NA,7,2,1
"761",1.11144508,"761-91",761,91112,14,91,2024,6,9,1,2,3,9,10,2,2,3,3,3,2,2,-9,3,2,4,2,2,2,2,6,6,2,6,6,6,6,4,3,6,2,2,4,4,9,6,1,1,1,4,4,4,4,-9,-9,4,1,3,3,2,3,4,1,1,4,2,3,2,2,1,4,4,4,4,4,-8,2,-8,-8,2,3,4,-8,-8,1,9,-7,8,-7,NA,NA,NA,15,9,31,64,79,7,8,4,9,2,1,2,2,1,2,5,4,5,6,10,2,2,2,2,2,1,5,3,2,3,-8,2,NA,NA,NA,NA,5,2,2,4,-8,15,10,1,2,NA,2,74,1,2,NA,2,4,1,NA,7,2,1
"762",0.37639839,"762-91",762,91228,20,91,2024,6,13,1,2,2,1,16,4,2,4,3,4,2,-9,-9,4,5,3,3,4,3,4,3,1,6,2,6,4,1,3,2,4,1,2,1,3,5,-9,-9,3,-9,3,3,3,3,3,3,3,3,3,4,3,2,3,3,3,3,3,1,1,3,2,4,3,4,-9,3,2,4,4,2,3,4,4,3,2,3,10,10,10,10,2,NA,NA,23,23,41,68,76,10,9,-8,10,4,3,1,2,4,1,1,3,9,11,-9,1,4,2,2,3,1,2,4,-9,3,3,2,NA,NA,NA,NA,-8,2,4,4,6,15,15,1,-9,NA,1,78,1,2,NA,2,8,1,NA,7,7,1
"763",0.34367575,"763-91",763,91227,20,91,2024,6,13,1,3,1,9,10,4,2,4,2,5,2,1,1,5,5,6,5,4,4,4,5,2,2,6,2,4,1,4,2,6,1,6,2,1,-9,-9,4,4,4,4,4,3,4,4,4,4,4,1,3,4,3,4,3,4,4,4,1,2,3,1,4,3,3,-8,5,5,5,5,5,5,5,5,5,5,2,10,10,10,-7,NA,NA,NA,11,13,30,51,92,0,0,0,0,4,2,3,3,5,1,1,4,7,9,0,2,2,4,2,3,5,5,5,1,3,3,2,NA,NA,NA,NA,-8,2,2,4,3,3,NA,1,1,NA,2,70,1,2,NA,2,2,1,NA,1,2,9
"764",1.11856196,"764-91",764,91228,20,91,2024,6,13,1,2,3,9,2,3,2,3,3,4,2,1,-9,4,3,-9,2,3,4,4,6,-9,6,6,6,6,6,3,4,6,3,6,3,3,1,2,3,2,3,4,3,2,3,2,3,3,2,3,3,3,3,3,2,2,3,3,2,1,2,2,4,3,4,4,4,4,3,3,3,3,4,3,4,2,3,10,7,8,0,2,NA,NA,19,10,43,61,74,0,0,10,0,1,1,2,2,2,3,NA,2,3,7,5,1,2,2,2,2,1,5,5,1,3,-8,2,NA,NA,NA,NA,4,4,4,4,4,15,15,1,1,NA,1,55,1,2,NA,2,8,1,NA,-9,2,1
"765",1.25098573,"765-91",765,91228,20,91,2024,6,13,1,2,5,10,3,2,2,3,2,4,2,3,5,4,2,6,6,6,3,6,6,6,6,6,6,6,3,6,6,3,2,6,6,2,5,1,3,3,4,4,4,4,3,4,3,-8,4,4,4,4,2,3,3,3,3,4,1,2,3,2,2,4,4,-8,2,2,3,3,4,4,4,2,4,5,3,7,9,10,-7,NA,NA,NA,20,18,46,65,87,2,1,3,0,1,2,2,2,4,2,2,3,11,2,6,1,2,2,1,5,2,1,4,2,3,2,2,NA,NA,NA,NA,4,4,5,5,4,15,15,1,1,NA,2,28,1,2,NA,2,10,2,-8,1,2,1
"766",1.31035484,"766-91",766,91085,10,91,2024,6,7,1,3,5,7,13,1,3,3,1,4,2,2,5,2,4,6,2,2,2,6,3,3,3,3,6,6,4,3,3,6,4,6,4,4,3,4,2,1,3,4,4,2,2,2,3,3,1,4,3,3,3,3,1,1,3,3,1,2,3,1,4,4,4,3,3,3,2,2,2,3,3,3,4,3,6,10,10,10,10,1,2,6,1,32,37,54,82,1,1,1,9,2,5,1,3,1,3,NA,2,7,11,10,2,2,2,1,2,3,2,4,1,3,2,-8,NA,NA,NA,NA,NA,NA,NA,NA,5,15,15,1,2,NA,2,38,1,2,NA,2,4,1,NA,1,3,1
"767",0.92814647,"767-91",767,91085,10,91,2024,6,7,1,3,10,3,2,1,3,2,4,3,3,2,5,1,2,6,6,5,4,6,6,6,2,4,6,6,4,4,3,4,4,6,3,5,10,3,3,1,1,3,4,3,4,4,4,3,1,3,2,3,3,3,2,2,4,3,3,1,2,1,4,4,4,2,4,4,2,2,2,2,3,2,2,3,1,10,10,10,10,2,NA,NA,13,14,29,70,96,0,10,5,1,2,5,1,3,3,2,2,6,10,2,0,5,2,1,1,1,1,5,5,1,3,3,-8,NA,NA,NA,NA,NA,NA,NA,NA,4,15,15,2,NA,2,2,65,1,2,NA,2,3,1,NA,2,2,1
"768",1.00277394,"768-91",768,91084,10,91,2024,6,7,1,3,3,1,5,3,2,4,3,3,2,1,10,4,3,6,6,6,6,6,6,6,6,6,6,6,4,6,6,6,2,6,3,4,1,1,2,1,3,3,3,2,4,2,1,4,2,3,3,3,4,2,2,2,2,3,3,2,3,1,4,5,3,4,4,2,3,2,2,2,3,1,3,3,6,10,10,10,10,2,NA,NA,1,32,37,54,82,0,5,5,0,1,1,2,3,2,5,NA,2,11,1,10,2,2,1,3,3,1,5,3,1,2,-8,-8,NA,NA,NA,NA,NA,NA,NA,NA,4,15,18,1,1,NA,1,20,1,2,NA,1,6,2,2,4,3,1
"769",0.64981395,"769-91",769,91084,10,91,2024,6,7,1,3,16,10,2,3,1,4,1,3,2,1,10,4,3,6,6,5,1,6,6,6,6,6,6,6,5,6,6,6,5,6,5,5,1,4,1,1,4,4,4,3,4,2,4,1,2,3,3,1,2,3,1,2,3,1,3,1,2,3,4,1,2,2,2,4,1,4,2,3,2,3,5,4,6,10,10,3,-7,NA,NA,NA,14,7,45,55,83,1,10,9,1,1,5,1,2,3,2,5,1,9,8,2,1,4,4,3,4,1,4,3,2,3,-8,-8,NA,NA,NA,NA,NA,NA,NA,NA,3,4,NA,1,2,NA,2,72,1,2,NA,2,3,1,NA,7,2,1
"770",1.11164521,"770-91",770,91270,22,91,2024,6,14,1,3,1,10,5,4,1,3,2,2,1,1,1,4,4,6,4,4,4,5,4,2,6,6,6,6,2,3,2,6,2,2,2,3,1,5,4,3,4,4,3,4,-8,2,2,3,3,4,3,2,3,3,3,1,2,3,1,1,3,1,4,1,4,2,2,3,2,2,3,2,2,4,2,2,3,10,10,10,10,2,NA,NA,16,19,39,62,86,10,0,0,0,4,2,1,2,3,4,NA,2,6,9,8,1,2,4,2,3,3,5,5,1,3,2,2,NA,NA,NA,NA,4,4,5,5,1,15,15,1,1,NA,1,64,1,2,NA,2,3,1,NA,1,2,9
"771",0.91685378,"771-91",771,91299,23,91,2024,6,14,2,3,3,2,14,2,3,3,3,4,2,2,-8,6,6,6,6,6,-9,6,6,6,6,6,6,6,-9,6,6,6,3,6,6,4,9,4,2,2,2,3,3,3,3,2,4,3,4,3,4,3,3,3,2,2,3,3,1,1,2,1,4,4,3,2,2,2,2,2,2,2,3,4,2,2,1,10,8,2,8,1,3,4,16,19,39,62,86,5,10,10,5,2,5,1,2,1,5,NA,7,2,1,7,2,1,1,1,2,4,4,5,2,3,-8,2,NA,NA,NA,NA,4,5,4,-8,4,15,15,1,-9,NA,1,47,1,2,NA,1,4,1,NA,1,7,1
"772",3.39193053,"772-91",772,91298,23,91,2024,6,14,2,3,3,11,6,3,1,3,2,4,2,1,1,4,3,6,2,2,4,2,4,2,6,6,6,6,2,4,2,6,1,6,1,2,7,-8,4,2,3,4,4,4,3,1,4,4,3,3,4,3,3,2,4,4,4,4,1,1,3,1,3,2,2,3,2,2,2,2,2,1,2,2,2,2,7,10,10,10,-7,NA,NA,NA,4,6,27,66,91,0,5,0,0,4,5,1,2,2,1,1,1,5,11,7,1,2,1,2,4,3,5,5,1,3,-8,2,NA,NA,NA,NA,4,2,4,4,3,15,14,1,1,NA,1,62,1,1,5,2,2,1,NA,10,4,2
"773",0.65235886,"773-91",773,91298,23,91,2024,6,14,2,3,2,26,3,3,2,4,2,3,2,2,6,4,4,6,-9,2,3,4,6,-9,6,6,6,6,3,3,4,-9,3,6,6,4,9,6,1,1,4,4,3,1,3,1,4,2,1,3,3,3,4,4,1,2,3,4,3,2,2,1,4,4,4,2,5,3,1,1,1,2,1,2,4,1,6,10,7,10,10,1,3,7,12,4,33,59,94,5,6,6,4,3,1,2,1,NA,1,2,7,1,4,10,2,1,1,1,1,1,1,2,1,3,-8,2,NA,NA,NA,NA,2,2,4,2,4,15,15,1,-9,NA,1,35,1,2,NA,2,4,1,NA,10,3,1
"774",0.54579988,"774-91",774,91299,23,91,2024,6,14,2,3,13,1,5,3,2,3,1,3,1,1,-9,4,4,6,6,6,3,6,6,6,6,6,6,6,3,6,6,6,3,6,6,3,2,1,3,2,2,3,2,3,3,3,4,3,2,3,3,3,3,3,1,3,3,3,3,2,1,3,2,3,3,3,3,2,3,3,2,3,3,3,3,3,1,9,9,5,9,2,NA,NA,5,12,34,58,77,1,10,1,10,3,5,1,2,3,4,NA,3,4,9,4,6,4,4,5,3,1,1,5,2,2,2,2,NA,NA,NA,NA,-9,-9,-9,-9,5,15,15,1,-9,NA,1,32,1,1,5,2,4,1,NA,1,4,9
"775",0.45842689,"775-91",775,91299,23,91,2024,6,14,2,3,10,5,1,3,3,1,4,5,2,2,5,1,4,6,6,1,1,2,6,2,6,6,6,6,4,6,2,6,2,6,6,4,1,6,4,1,2,4,3,4,2,2,3,3,3,4,4,3,3,4,4,3,4,1,-8,2,2,3,5,5,5,5,5,5,5,5,5,5,5,5,5,5,1,10,10,10,-7,NA,NA,NA,18,15,35,72,89,10,0,0,5,3,3,1,3,5,2,3,1,4,2,-8,-8,1,1,1,1,1,1,1,1,3,1,-8,NA,NA,NA,NA,NA,NA,NA,NA,5,15,15,1,3,NA,1,46,1,2,NA,2,3,1,NA,3,2,1
"776",0.22130333,"776-91",776,91298,23,91,2024,6,14,2,3,10,5,3,4,2,4,3,4,2,2,5,4,4,6,6,4,2,-8,6,6,6,6,6,6,4,-8,4,-8,4,6,6,4,1,1,3,3,3,4,3,2,3,3,4,3,3,3,3,3,3,3,3,4,3,3,3,1,3,1,4,-9,-9,-9,-9,-9,-9,-9,-9,-9,-9,-9,-9,-9,1,10,10,10,0,2,NA,NA,11,13,30,51,92,0,0,0,0,1,5,1,3,4,5,NA,2,1,7,5,2,2,2,1,2,1,3,5,2,3,3,-8,NA,NA,NA,NA,NA,NA,NA,NA,6,15,15,1,2,NA,2,35,1,2,NA,2,4,1,NA,3,1,1
"777",0.43873941,"777-91",777,91298,23,91,2024,6,14,2,3,3,10,9,3,2,3,3,4,1,3,1,6,5,6,2,5,2,4,2,6,2,2,2,2,2,4,2,2,1,4,2,2,1,1,-9,-9,-9,-9,-9,-9,-9,-9,-9,-9,-9,-9,-9,-9,-9,-9,-9,-9,-9,-9,1,2,2,1,3,3,3,3,3,3,3,3,3,3,3,3,3,3,3,0,-7,10,-7,NA,NA,NA,14,7,45,55,83,5,10,10,0,2,5,1,3,2,5,NA,1,5,11,5,2,2,2,2,1,1,-9,1,1,3,3,-8,NA,NA,NA,NA,NA,NA,NA,NA,4,15,15,1,1,NA,1,65,1,2,NA,2,5,1,NA,1,2,1
"778",1.17680571,"778-91",778,91298,23,91,2024,6,14,2,3,7,6,10,3,2,3,2,3,1,1,7,4,5,6,6,3,5,6,6,6,2,6,6,6,4,6,5,6,6,6,6,4,9,6,4,2,3,3,2,3,2,4,3,4,1,2,3,3,2,3,1,2,3,4,2,2,2,1,3,-8,5,4,4,3,2,4,4,4,5,5,4,4,3,10,-7,4,-7,NA,NA,NA,3,2,47,56,95,5,1,0,1,3,4,1,2,1,5,NA,4,11,6,10,6,1,1,1,4,5,5,1,1,3,-8,-8,NA,NA,NA,NA,NA,NA,NA,NA,1,1,NA,1,1,NA,2,70,1,1,5,2,2,1,NA,7,1,1
"779",0.65638762,"779-91",779,91299,23,91,2024,6,14,2,3,11,10,26,2,3,3,4,4,3,2,8,2,3,6,6,2,2,2,6,6,6,6,6,6,4,4,2,6,4,6,6,4,1,4,2,2,4,3,4,4,3,2,3,-8,2,4,-8,-8,2,-8,2,2,3,2,3,-8,1,1,-8,-8,-8,-8,-8,-8,-8,-8,-8,-8,-8,-8,-8,-8,7,5,-7,0,-7,NA,NA,NA,10,8,25,60,85,0,8,0,9,5,5,2,2,4,5,NA,2,3,6,10,1,1,1,1,1,2,1,-8,2,3,-8,-8,NA,NA,NA,NA,NA,NA,NA,NA,-8,15,15,1,2,NA,2,66,1,2,NA,2,1,1,NA,7,2,1
"780",0.78453714,"780-91",780,91298,23,91,2024,6,14,2,3,11,10,3,3,1,3,3,3,-8,2,-9,3,4,6,6,4,4,6,6,6,6,6,6,6,4,4,6,6,4,6,6,4,4,1,3,2,4,2,3,3,3,3,3,2,2,3,4,3,2,3,3,2,4,3,1,1,2,2,2,2,3,3,3,3,3,2,3,3,4,2,3,3,2,10,-7,7,-7,NA,NA,NA,21,21,38,49,93,9,3,4,10,2,5,2,2,1,5,NA,3,1,2,0,2,2,2,2,2,5,-8,5,2,-8,-8,-8,NA,NA,NA,NA,NA,NA,NA,NA,4,15,15,1,3,NA,2,77,1,2,NA,2,2,1,NA,7,2,9
"781",0.22654786,"781-91",781,91298,23,91,2024,6,14,2,3,10,6,1,2,1,3,3,2,3,1,-9,4,4,6,6,4,4,6,6,6,6,6,6,6,6,4,6,6,4,6,6,5,2,4,-8,2,-8,4,4,4,3,4,4,4,2,3,3,3,3,3,1,4,3,-8,3,-8,2,1,4,4,-8,-8,4,-8,1,1,2,-8,-8,-8,-8,-8,6,10,10,10,10,2,NA,NA,12,4,33,59,94,0,0,0,0,4,5,2,3,-8,5,NA,3,7,2,5,2,2,2,2,2,3,5,3,2,3,-8,-8,NA,NA,NA,NA,NA,NA,NA,NA,-8,15,15,1,1,NA,2,51,1,1,5,2,4,1,NA,1,2,9
"782",0.81921515,"782-91",782,91006,2,91,2024,6,2,1,4,14,3,8,3,2,4,2,4,1,3,4,3,4,6,3,2,3,6,6,6,6,6,6,6,4,6,6,6,4,6,6,5,9,4,4,2,4,3,4,3,4,2,4,3,3,3,3,3,3,4,3,2,4,4,3,2,3,3,4,4,4,2,2,2,4,4,3,3,5,2,3,2,3,10,10,10,10,2,NA,NA,15,9,31,64,79,0,10,0,10,1,5,1,3,2,4,NA,1,3,6,10,5,1,1,1,3,1,4,3,2,3,3,1,3,3,5,3,NA,NA,NA,NA,5,18,NA,1,2,NA,2,25,1,2,NA,1,7,2,1,2,1,1
"783",1.12144061,"783-91",783,91211,20,91,2024,6,13,1,2,1,3,14,3,2,3,1,3,1,1,10,4,1,6,2,2,3,6,3,6,6,6,6,6,4,3,3,6,2,6,3,4,2,6,3,1,3,3,3,3,3,3,3,3,1,1,3,1,1,1,1,1,1,3,1,1,3,1,2,3,3,3,3,3,3,3,3,3,3,3,3,3,1,10,10,10,10,2,NA,NA,10,8,25,60,85,0,3,8,8,1,1,1,1,NA,1,2,11,1,8,0,1,1,1,1,2,1,5,5,1,3,3,-8,NA,NA,NA,NA,NA,NA,NA,NA,1,13,NA,1,1,NA,1,58,1,1,5,2,5,1,NA,3,5,1
"784",0.94968303,"784-91",784,91054,6,91,2024,6,5,1,3,14,1,3,2,2,2,3,4,2,2,10,1,4,6,3,2,3,1,2,6,3,6,4,6,4,3,4,1,2,6,2,5,1,4,2,2,3,4,4,3,2,3,2,-8,2,3,4,4,3,3,4,2,3,3,1,2,2,1,3,3,3,3,3,3,2,2,1,3,2,3,3,2,5,8,8,5,8,2,NA,NA,8,5,26,57,80,8,0,1,0,3,5,2,3,3,2,5,11,1,2,10,5,1,1,1,1,3,5,3,1,3,1,2,NA,NA,NA,NA,2,4,2,2,4,15,15,2,NA,2,1,69,1,2,NA,2,2,1,NA,2,5,1
"785",1.49525415,"785-91",785,91211,20,91,2024,6,13,1,3,1,2,3,2,2,3,3,5,3,2,-9,1,1,6,1,6,1,4,6,6,6,6,6,6,4,6,6,6,4,6,3,5,1,1,3,3,2,3,3,3,3,3,3,3,3,3,3,3,3,3,3,3,3,3,3,1,1,1,-8,4,4,4,4,4,4,4,4,4,4,4,4,4,3,10,10,10,10,2,NA,NA,22,22,44,50,75,2,2,0,10,5,1,1,3,3,1,1,11,2,1,10,2,1,1,1,1,2,2,2,1,3,3,1,4,-8,-8,4,NA,NA,NA,NA,4,15,15,2,NA,2,1,58,1,2,NA,2,2,1,NA,1,2,2
"786",0.94968303,"786-91",786,91054,6,91,2024,6,5,1,3,3,14,11,3,2,2,3,4,3,2,10,1,4,4,6,1,2,6,4,2,6,6,6,6,4,2,3,4,3,6,1,5,1,1,1,2,4,4,4,3,2,4,4,4,1,4,4,1,4,4,2,2,4,2,3,2,3,1,5,5,4,5,5,4,3,2,-8,2,5,4,4,2,1,10,10,10,10,2,NA,NA,5,12,34,58,77,0,10,0,10,4,5,1,2,3,4,NA,2,3,6,5,5,1,1,1,2,5,4,5,1,3,3,2,NA,NA,NA,NA,4,4,4,4,4,15,13,1,2,NA,1,65,1,2,NA,2,2,1,NA,7,5,1
"787",0.83613679,"787-91",787,91211,20,91,2024,6,13,1,2,4,5,11,3,2,4,2,2,1,1,4,4,4,6,3,4,3,6,6,3,6,6,6,6,3,2,3,6,1,6,2,2,3,7,4,3,4,4,3,4,4,4,3,2,4,3,4,3,3,3,2,2,3,3,1,1,3,2,4,3,3,3,3,3,4,3,4,4,4,3,3,3,4,5,6,8,7,2,NA,NA,22,22,44,50,75,4,4,5,8,2,2,1,1,NA,3,NA,1,3,2,5,4,1,1,1,2,1,1,2,2,3,3,2,NA,NA,NA,NA,2,2,2,5,1,9,NA,1,1,NA,2,27,1,2,NA,2,8,2,6,1,2,9
"788",0.17774427,"788-91",788,91293,17,91,2024,6,10,2,3,3,14,1,2,3,3,3,4,3,2,6,2,3,6,6,3,2,6,6,6,3,6,6,6,3,6,6,6,3,6,3,3,1,2,2,2,3,4,3,3,3,2,4,3,2,3,3,2,3,3,2,3,3,4,2,2,3,1,3,3,3,3,3,3,2,2,2,2,2,4,2,3,3,10,10,10,10,1,2,5,18,15,35,72,89,9,8,2,8,3,5,2,3,1,5,NA,1,11,7,10,4,1,1,1,2,1,1,1,1,3,2,1,3,3,3,3,NA,NA,NA,NA,1,15,14,2,NA,3,2,48,1,2,NA,2,6,1,NA,1,2,1
"789",1.28995431,"789-91",789,91062,8,91,2024,6,6,1,3,3,5,6,4,2,2,2,4,2,1,4,4,3,6,2,3,3,6,6,1,6,6,3,6,3,3,2,6,1,6,1,3,1,4,4,2,4,4,3,3,4,2,3,3,2,3,3,2,3,3,2,2,2,4,1,1,2,1,4,4,4,5,4,4,3,4,4,4,4,4,4,4,1,10,10,10,10,1,2,5,9,11,36,63,78,8,9,10,1,1,2,2,1,NA,5,NA,2,4,1,8,2,1,1,2,2,2,5,4,2,3,3,1,-8,-8,-8,-8,NA,NA,NA,NA,1,15,15,1,1,NA,1,47,1,1,5,2,4,1,NA,3,1,10
"790",0.82569383,"790-91",790,91137,19,91,2024,6,12,1,3,1,2,3,2,3,2,4,5,3,1,4,5,5,6,4,4,4,4,4,1,4,1,1,2,1,4,1,6,1,4,1,4,1,1,2,2,1,2,3,3,3,4,3,2,1,2,3,3,2,3,1,2,4,3,2,2,1,3,4,2,2,2,2,3,2,2,2,3,2,5,4,2,1,10,-7,10,-7,NA,NA,NA,4,6,27,66,91,0,0,10,5,2,3,1,3,3,2,1,1,2,3,10,1,1,1,1,1,1,3,2,1,3,1,2,NA,NA,NA,NA,4,4,5,4,3,9,NA,1,1,NA,1,79,1,2,NA,2,1,1,NA,7,4,1
"791",0.22563716,"791-91",791,91086,12,91,2024,6,8,1,1,3,2,1,3,2,3,3,3,2,2,-9,3,3,6,2,4,2,6,6,6,6,6,6,6,3,6,5,6,3,6,5,3,6,2,-9,3,-9,2,1,2,3,2,2,3,3,3,3,2,3,3,2,2,3,2,1,1,2,1,3,2,2,1,3,2,2,3,2,1,3,2,2,3,1,10,10,10,10,2,NA,NA,17,1,48,67,90,0,0,3,3,1,5,2,2,1,4,NA,1,4,6,5,3,1,1,1,1,1,2,2,1,3,2,2,NA,NA,NA,NA,-8,4,-8,4,3,13,NA,1,2,NA,2,45,1,2,NA,2,6,1,NA,1,4,9
"792",0.333544,"792-91",792,91086,12,91,2024,6,8,1,1,9,11,10,2,2,4,1,4,2,2,7,3,3,6,3,3,3,5,6,6,6,3,4,6,4,5,4,6,4,6,4,3,3,4,2,2,2,3,1,2,3,2,3,3,3,3,2,2,2,2,2,1,3,2,1,1,2,1,2,2,2,1,2,1,2,2,2,1,1,2,1,1,4,10,10,10,10,1,2,5,11,13,30,51,92,10,0,0,0,1,4,1,2,1,4,NA,6,11,1,1,5,1,1,1,2,1,3,5,1,3,2,-8,NA,NA,NA,NA,NA,NA,NA,NA,4,7,NA,1,4,NA,2,44,1,2,NA,2,7,1,NA,1,4,9
"793",0.46662552,"793-91",793,91019,4,91,2024,6,4,1,3,1,2,3,2,2,3,3,4,2,2,-9,2,4,6,6,6,2,6,6,6,-8,6,6,6,6,6,6,6,6,6,6,5,3,4,3,1,3,4,4,3,3,1,4,4,1,3,4,4,4,4,3,3,4,3,-9,-9,3,1,4,2,4,2,2,2,1,2,2,2,2,2,2,2,1,10,10,10,0,2,NA,NA,22,22,44,50,75,0,0,0,5,4,4,2,3,1,5,NA,7,3,1,10,1,1,1,1,1,1,5,5,1,3,3,2,NA,NA,NA,NA,4,4,4,4,-8,15,15,1,-9,NA,2,64,1,2,NA,2,4,1,NA,7,2,1
"794",0.42605815,"794-91",794,91211,20,91,2024,6,13,1,3,5,3,2,2,2,2,1,4,2,2,5,2,4,2,2,6,4,2,6,6,4,6,6,6,2,2,2,6,6,6,6,4,3,1,3,3,3,3,3,3,3,3,3,3,3,3,3,3,3,3,3,3,3,3,3,2,2,1,4,4,4,4,4,4,4,4,4,4,4,4,4,4,1,10,10,10,10,1,3,7,24,24,28,71,73,5,5,5,5,3,5,1,2,2,5,NA,3,9,4,0,1,4,4,4,3,1,5,2,1,3,3,1,3,3,3,3,NA,NA,NA,NA,4,15,15,2,NA,5,1,45,1,2,NA,2,4,1,NA,1,4,9
"795",1.44231025,"795-91",795,91193,20,91,2024,6,13,1,3,3,17,7,2,3,3,3,5,2,2,-9,1,2,6,6,1,1,2,6,6,6,6,6,6,4,6,5,6,4,6,2,4,7,4,4,3,1,4,3,3,3,3,4,3,3,4,4,3,3,4,4,1,3,4,2,1,2,1,4,4,4,2,4,3,2,2,2,2,4,3,4,4,3,10,10,10,-7,NA,NA,NA,1,32,37,54,82,6,7,6,5,5,5,1,3,1,1,3,2,9,8,0,5,2,1,1,2,1,5,4,1,3,3,2,NA,NA,NA,NA,2,2,2,-8,6,15,15,1,2,NA,2,63,1,2,NA,2,1,1,NA,8,5,8
"796",1.42759178,"796-91",796,91193,20,91,2024,6,13,1,3,2,9,14,1,3,2,4,5,2,2,1,2,3,6,2,6,1,6,6,6,6,6,6,6,2,6,6,6,2,6,6,2,3,4,4,3,4,4,4,3,3,2,3,3,3,4,4,3,4,4,3,1,4,4,1,1,3,1,4,4,4,4,3,4,3,4,3,3,3,4,4,4,6,10,10,10,10,2,NA,NA,14,7,45,55,83,10,10,0,5,3,5,1,1,NA,4,NA,9,1,11,10,1,2,2,2,2,3,5,5,1,3,3,1,3,3,5,4,NA,NA,NA,NA,6,15,3,1,-9,NA,2,47,1,2,NA,2,4,1,NA,1,4,9
"797",0.93456584,"797-91",797,91193,20,91,2024,6,13,1,2,13,9,7,3,1,3,3,4,1,1,1,4,4,2,6,5,6,5,5,1,5,3,6,4,2,4,2,6,1,3,2,2,5,8,3,3,4,3,3,4,4,4,4,3,3,3,3,4,3,3,2,2,2,4,1,1,3,4,3,3,3,2,3,3,4,3,4,2,3,4,3,2,4,9,9,3,-7,NA,NA,NA,7,3,20,53,88,6,6,0,6,5,2,1,1,NA,4,NA,4,6,3,2,5,5,5,2,3,5,5,5,2,3,1,2,NA,NA,NA,NA,2,2,2,-8,5,3,NA,1,1,NA,1,71,1,2,NA,2,8,1,NA,7,2,1
"798",1.59869233,"798-91",798,91194,20,91,2024,6,13,1,2,7,6,26,3,1,4,3,3,1,3,1,3,4,6,3,4,3,4,3,1,6,6,6,6,2,3,2,4,2,6,2,3,3,2,-8,3,-8,4,4,4,3,3,4,3,3,3,3,3,3,4,2,2,3,4,1,1,3,1,4,2,3,3,2,3,3,2,3,2,3,2,2,2,3,10,10,10,-7,NA,NA,NA,8,5,26,57,80,0,0,0,0,2,2,1,-8,NA,1,5,9,3,6,10,3,2,2,3,2,2,5,5,1,2,-8,2,NA,NA,NA,NA,2,1,4,2,5,9,NA,2,NA,1,1,45,1,2,NA,2,3,1,NA,1,5,3
"799",1.00656479,"799-91",799,91194,20,91,2024,6,13,1,2,7,6,10,2,-8,3,3,4,3,-8,5,3,3,6,6,-8,2,6,6,6,6,6,6,6,4,3,3,4,2,6,4,3,5,-8,4,3,4,4,4,3,3,2,4,3,3,3,3,3,3,3,3,3,3,3,3,1,3,3,4,2,-8,-8,4,-8,4,2,2,2,2,4,1,4,-8,10,10,10,-7,NA,NA,NA,2,16,42,69,81,0,-8,5,0,4,5,3,3,5,3,NA,2,3,4,10,4,1,1,1,1,1,2,5,1,3,2,2,NA,NA,NA,NA,4,5,-8,-8,4,15,15,1,1,NA,2,71,1,2,NA,2,4,2,7,7,2,1
"800",1.62149954,"800-91",800,91083,10,91,2024,6,7,1,2,10,16,3,3,1,4,2,3,2,1,4,4,4,6,3,4,4,5,4,2,3,6,6,6,4,3,2,3,1,6,4,3,3,4,3,3,3,3,3,2,1,3,1,2,2,2,3,3,3,3,2,2,3,4,1,1,3,2,4,3,3,3,3,4,4,3,4,3,2,4,4,3,3,8,9,8,7,2,NA,NA,12,4,33,59,94,5,0,7,4,2,2,1,2,2,3,NA,1,11,3,6,2,2,2,2,3,1,2,4,1,3,-8,-8,NA,NA,NA,NA,NA,NA,NA,NA,1,16,NA,1,1,NA,2,21,1,2,NA,1,7,2,4,4,2,1
"801",0.667088,"801-91",801,91086,12,91,2024,6,8,1,2,9,10,14,3,2,3,3,4,2,2,5,2,3,3,2,3,2,3,3,3,3,2,6,2,4,4,3,3,3,3,4,4,3,6,2,2,2,4,3,2,3,2,4,3,2,3,3,2,2,2,2,2,3,3,1,1,3,1,3,2,3,3,2,3,3,2,3,2,3,4,2,3,3,10,10,10,10,1,2,6,21,21,38,49,93,5,5,0,10,1,4,2,2,3,4,NA,1,2,8,5,5,1,1,1,2,3,4,5,1,3,3,-8,NA,NA,NA,NA,NA,NA,NA,NA,1,15,10,1,4,NA,2,40,1,2,NA,2,8,1,NA,1,4,9
"802",0.22563716,"802-91",802,91086,12,91,2024,6,8,1,1,5,7,2,3,2,4,3,3,2,2,5,2,3,6,2,4,2,3,3,6,3,2,6,3,4,4,4,3,3,6,4,4,5,5,3,2,3,3,2,2,3,2,4,3,2,3,3,2,2,3,2,2,3,3,1,1,3,1,3,2,2,2,2,2,2,2,2,2,2,4,2,2,4,10,10,10,10,1,2,6,21,21,38,49,93,5,5,0,10,1,4,2,2,2,4,NA,1,8,10,5,5,1,1,1,2,3,3,3,1,3,2,-8,NA,NA,NA,NA,NA,NA,NA,NA,3,15,15,2,NA,5,2,46,1,2,NA,2,6,1,NA,1,4,9
"803",0.7291632,"803-91",803,91086,12,91,2024,6,8,1,1,1,2,3,2,1,3,1,3,1,1,1,5,5,1,2,2,5,1,1,1,4,2,2,1,1,3,3,1,1,1,1,3,1,6,4,4,4,3,4,2,3,4,3,3,4,1,1,4,2,4,2,2,1,4,1,1,3,1,3,1,2,3,1,3,4,2,3,3,3,2,4,4,2,0,0,5,0,2,NA,NA,10,8,25,60,85,3,9,2,5,4,1,1,2,4,4,NA,9,5,4,10,1,3,5,1,4,4,3,3,2,3,2,2,NA,NA,NA,NA,-8,5,-8,4,4,15,15,2,NA,1,1,18,1,2,NA,1,3,2,4,4,7,4
"804",2.86188401,"804-91",804,91150,20,91,2024,6,13,1,4,1,3,26,4,2,4,2,2,2,1,5,4,5,6,2,4,2,6,6,6,6,6,6,6,2,4,2,4,2,6,4,4,2,6,4,1,2,4,2,2,2,2,3,4,1,3,3,1,4,3,1,1,3,3,1,1,2,1,3,2,5,3,5,1,4,1,1,1,4,1,2,2,1,10,10,10,10,1,3,6,2,16,42,69,81,1,0,2,0,1,2,1,2,3,4,NA,2,6,10,5,4,1,1,1,2,1,2,3,1,3,3,2,NA,NA,NA,NA,5,3,2,3,3,15,15,1,-9,NA,1,36,11,2,NA,2,4,1,NA,1,4,9
"805",3.4913944,"805-91",805,91150,20,91,2024,6,13,1,4,1,3,10,3,2,2,2,4,2,2,5,3,3,6,6,6,2,6,6,6,6,6,6,6,6,6,6,6,3,6,6,4,-8,-8,2,2,2,3,3,2,3,3,3,-9,2,3,-9,3,3,2,2,2,3,3,-8,1,2,1,3,3,-8,3,2,3,3,2,2,2,3,-8,3,-8,4,8,7,8,9,2,NA,NA,8,5,26,57,80,6,3,6,6,3,5,2,2,3,5,NA,2,6,1,7,5,2,3,2,2,1,3,3,2,3,2,2,NA,NA,NA,NA,5,5,5,5,-8,15,15,1,2,NA,1,20,1,2,NA,1,5,2,4,2,NA,1
"806",0.36013352,"806-91",806,91150,20,91,2024,6,13,1,4,3,10,11,1,3,1,2,3,2,2,4,2,4,6,2,2,2,4,6,6,6,4,6,6,5,4,6,6,4,6,2,5,1,7,3,2,3,4,4,3,3,3,3,4,2,4,4,3,3,3,2,3,3,3,3,2,1,1,4,5,5,5,4,5,5,3,5,5,3,4,4,5,3,9,9,10,9,2,NA,NA,18,15,35,72,89,10,5,5,5,5,5,2,2,2,2,5,4,6,11,10,2,2,1,1,5,4,5,1,1,3,3,1,2,1,-8,-8,NA,NA,NA,NA,4,1,NA,1,4,NA,2,49,1,2,NA,2,4,1,NA,3,3,1
"807",1.94399912,"807-91",807,91039,6,91,2024,6,5,1,3,9,26,17,1,2,1,2,5,2,1,5,3,2,6,6,3,3,6,6,6,3,6,6,6,4,6,4,6,1,6,6,1,3,8,2,4,4,4,3,3,3,3,4,3,4,3,4,4,3,3,3,3,3,4,2,2,3,1,4,4,5,4,4,4,5,4,5,5,4,4,4,4,6,10,10,10,10,1,3,6,23,23,41,68,76,10,5,5,0,3,5,2,3,3,5,NA,2,7,8,10,4,1,1,1,1,1,4,3,2,3,2,-8,NA,NA,NA,NA,NA,NA,NA,NA,6,15,14,1,1,NA,2,31,1,1,5,2,4,2,4,8,1,1
"808",0.87672279,"808-91",808,91039,6,91,2024,6,5,1,3,1,5,10,1,2,3,3,4,3,2,-9,3,4,6,6,2,1,6,6,6,6,6,6,6,3,6,3,6,3,6,6,4,1,1,2,3,4,4,3,3,3,3,4,4,3,4,4,4,3,4,3,2,2,4,-9,-9,2,1,-9,4,4,-9,4,-9,-9,-9,-9,4,-9,-9,4,4,7,10,7,10,10,2,NA,NA,9,11,36,63,78,9,8,5,4,2,5,2,3,1,5,NA,1,6,4,6,5,2,3,3,-9,3,-9,5,2,-8,-8,2,NA,NA,NA,NA,-9,-9,-9,-9,-9,14,NA,1,4,NA,2,52,1,2,NA,2,4,2,4,8,5,1
"809",2.55841922,"809-91",809,91039,6,91,2024,6,5,1,3,2,1,9,1,3,1,3,5,3,2,5,2,2,6,2,1,2,2,3,2,6,6,6,6,4,4,4,6,2,6,2,3,1,2,4,1,4,4,4,4,4,1,4,4,1,4,4,4,4,4,1,3,3,4,1,1,3,2,5,5,5,5,5,5,1,1,1,5,5,5,5,5,1,10,10,10,-7,NA,NA,NA,14,7,45,55,83,6,6,6,4,1,4,1,3,1,4,NA,1,4,7,7,2,1,1,1,2,1,1,3,1,3,3,1,4,4,4,4,NA,NA,NA,NA,1,14,NA,2,NA,5,1,61,1,2,NA,2,4,1,NA,3,5,1
"810",1.38553897,"810-91",810,91175,20,91,2024,6,13,1,3,10,1,11,1,2,3,2,4,2,2,-9,2,3,6,-8,2,2,6,6,6,6,6,6,6,4,-8,6,4,4,-8,-8,5,2,1,4,1,1,4,3,1,3,2,2,3,1,3,4,3,3,4,1,3,3,3,3,1,1,1,2,2,2,2,2,2,2,2,2,-8,-8,-8,4,2,1,10,10,10,10,1,2,5,8,5,26,57,80,1,0,10,0,5,2,1,3,3,1,2,1,11,6,10,2,1,1,1,1,4,5,5,1,3,3,1,4,2,4,4,NA,NA,NA,NA,1,15,15,1,2,NA,2,43,1,1,5,2,4,2,3,8,1,2
"811",1.34610803,"811-91",811,91007,2,91,2024,6,2,1,4,5,1,16,3,1,3,3,3,3,1,-9,3,3,6,6,3,3,6,6,6,6,6,6,6,3,6,6,6,-9,6,6,3,9,7,3,-8,3,-8,-8,3,4,3,3,3,3,-8,3,3,3,3,-8,3,3,3,3,2,3,4,3,-8,2,-8,2,-8,2,-8,-8,-8,-8,-8,2,-8,-8,10,10,10,10,2,NA,NA,14,7,45,55,83,10,10,10,0,4,5,3,1,NA,4,NA,11,8,2,10,5,3,2,3,2,3,5,5,2,1,1,2,NA,NA,NA,NA,-9,-9,-9,-9,6,15,15,1,4,NA,2,65,1,2,NA,2,4,1,NA,7,2,1
"812",0.49409299,"812-91",812,91135,18,91,2024,6,11,1,3,3,5,10,1,2,3,3,5,3,2,-9,1,3,3,3,3,1,3,6,6,6,6,6,6,4,4,6,6,4,6,3,3,3,4,4,3,4,4,4,4,4,4,3,3,3,4,4,3,4,4,4,3,4,3,3,2,3,1,4,4,4,4,4,4,2,4,2,2,4,4,4,4,1,10,10,10,10,1,2,7,7,3,20,53,88,0,10,10,0,1,2,2,3,5,1,2,2,7,11,10,2,4,1,1,2,1,2,1,2,3,3,2,NA,NA,NA,NA,-8,1,-9,5,6,15,15,1,3,NA,2,50,1,2,NA,2,8,1,NA,1,4,5
"813",2.01426833,"813-91",813,91215,20,91,2024,6,13,1,2,9,10,5,1,3,3,2,3,3,2,6,3,4,6,3,5,5,3,2,6,6,6,6,6,4,5,5,5,1,6,2,5,5,4,4,2,4,4,2,1,2,1,3,3,3,3,4,3,4,3,3,2,2,4,3,1,2,1,5,5,5,2,5,3,4,4,2,3,3,2,5,5,6,10,9,10,0,2,NA,NA,1,32,37,54,82,0,10,0,0,1,2,1,1,NA,3,NA,2,11,6,7,2,1,1,1,2,1,4,5,2,3,3,1,2,3,5,5,NA,NA,NA,NA,4,10,NA,1,1,NA,2,28,1,2,NA,1,6,2,4,4,3,1
"814",0.46167569,"814-91",814,91210,20,91,2024,6,13,1,4,10,9,3,1,3,2,2,5,3,2,6,1,4,6,6,3,2,3,6,6,6,6,6,6,6,6,1,3,6,6,6,4,9,1,4,4,3,2,4,-8,3,1,2,4,4,4,4,4,4,4,4,3,4,4,2,-8,-9,2,4,-9,-9,-9,-9,-9,-9,-9,-9,-9,-9,-9,-9,-9,7,10,0,10,10,1,2,-8,6,17,40,52,84,9,0,1,5,2,5,2,3,3,5,NA,1,11,3,10,2,2,2,2,5,1,4,2,2,3,3,-8,NA,NA,NA,NA,NA,NA,NA,NA,3,15,15,1,1,NA,1,56,1,2,NA,2,4,1,NA,1,4,9
"815",0.9354705,"815-91",815,91210,20,91,2024,6,13,1,3,3,11,10,2,2,3,3,4,2,3,-9,-9,-9,-9,-9,-9,-9,-9,-9,-9,-9,-9,-9,-9,-9,-9,-9,-9,-9,-9,-9,3,-8,6,4,4,4,4,4,4,4,4,4,4,4,4,4,4,4,4,4,4,4,4,3,-9,2,5,4,4,4,4,4,4,4,4,4,4,4,4,4,4,6,10,10,10,10,1,2,6,23,23,41,68,76,5,9,4,3,2,5,2,2,2,5,NA,6,2,1,8,5,1,1,1,2,5,-8,-8,1,3,-8,-8,NA,NA,NA,NA,NA,NA,NA,NA,8,15,15,1,3,NA,2,34,1,2,NA,2,2,2,4,1,2,9
"816",0.73896386,"816-91",816,91158,20,91,2024,6,13,1,3,11,3,2,2,2,3,3,4,2,2,-9,-9,6,-8,6,6,6,6,6,6,6,6,6,6,6,6,6,6,6,6,6,3,-9,-9,3,3,3,3,3,3,3,3,3,3,3,3,3,3,3,3,3,3,3,3,1,1,2,1,5,5,5,5,5,5,5,-8,5,-8,5,5,5,5,6,7,0,7,-7,NA,NA,NA,22,22,44,50,75,2,1,2,8,3,-8,1,3,2,5,NA,1,2,9,8,2,3,3,3,2,2,4,4,2,3,-8,-8,NA,NA,NA,NA,NA,NA,NA,NA,4,15,15,1,-9,NA,1,27,1,2,NA,2,6,1,NA,1,4,9
"817",1.91544277,"817-91",817,91158,20,91,2024,6,13,1,3,7,3,11,1,2,1,3,1,2,2,-9,-9,-9,-9,-9,-9,-9,-9,-9,-9,-9,-9,-9,-9,-9,-9,-9,-9,-9,-9,-9,4,-9,-9,-9,-9,-9,-9,-9,-9,-9,-9,-9,-9,-9,-9,-9,-9,-9,-9,-9,-9,-9,-9,1,-8,2,1,5,-9,-9,-9,-9,-9,-9,-9,-9,-9,-9,-9,-9,-9,-9,10,-7,10,-7,NA,NA,NA,13,14,29,70,96,-8,-9,-8,-8,-8,5,1,1,NA,5,NA,2,3,6,-9,2,-8,-8,-8,2,4,5,5,-9,3,-8,-8,NA,NA,NA,NA,NA,NA,NA,NA,-8,15,15,1,-9,NA,2,76,1,2,NA,2,2,2,4,7,1,1
"818",0.7608029,"818-91",818,91006,2,91,2024,6,2,1,4,14,13,10,3,3,-8,4,4,3,2,2,1,6,6,4,2,4,6,2,3,2,6,6,6,5,4,5,2,2,6,3,5,2,3,1,1,4,4,4,1,4,3,4,4,3,4,4,4,4,4,1,4,4,4,3,2,2,1,5,5,5,5,3,5,5,1,1,3,2,5,5,5,2,10,10,10,10,1,1,7,5,12,34,58,77,0,0,0,0,1,5,2,3,3,1,5,6,1,2,10,1,1,1,1,1,1,4,1,1,3,3,1,-8,5,4,4,NA,NA,NA,NA,8,3,NA,2,NA,1,2,61,1,1,NA,2,3,1,NA,1,2,1
"819",2.00810419,"819-91",819,91006,2,91,2024,6,2,1,4,5,3,9,1,3,3,4,5,3,2,-9,-9,6,6,-9,-9,-9,-9,-9,-9,-9,-9,-9,-9,-9,-9,-9,-9,-9,-9,-9,3,-8,-8,4,4,4,4,4,4,4,4,4,4,4,4,4,4,4,4,4,4,4,4,2,-9,-9,1,5,-8,-8,-8,-8,-8,-8,-8,-8,-8,-8,-8,-8,-8,-8,10,10,10,10,1,2,7,21,21,38,49,93,5,5,5,5,1,5,1,3,3,5,NA,1,6,5,10,4,1,1,1,2,1,-8,1,1,3,3,-8,NA,NA,NA,NA,NA,NA,NA,NA,-8,15,15,1,-9,NA,2,47,1,2,NA,2,4,1,NA,8,3,-9
"820",1.00405209,"820-91",820,91006,2,91,2024,6,2,1,4,7,3,2,3,3,3,3,3,2,2,-9,3,4,6,6,6,3,6,6,6,6,6,6,6,4,6,6,6,6,6,6,3,4,4,3,3,3,3,3,3,3,3,3,-9,3,3,3,4,3,4,3,3,3,4,1,2,2,1,3,3,3,3,3,3,3,3,3,3,3,3,3,3,3,10,10,10,10,1,2,6,16,19,39,62,86,0,0,0,0,3,5,1,2,4,5,NA,1,6,4,10,5,1,1,1,4,1,5,3,2,3,3,-8,NA,NA,NA,NA,NA,NA,NA,NA,3,15,15,1,2,NA,2,45,1,2,NA,2,2,2,3,1,4,1
"821",2.85064787,"821-91",821,91007,2,91,2024,6,2,1,4,3,9,10,2,2,3,3,5,3,3,-9,2,2,6,6,2,2,3,6,6,6,6,6,6,3,3,3,6,2,6,6,4,1,2,3,3,3,4,3,1,3,3,3,3,1,3,4,3,3,3,1,1,3,3,1,1,2,1,4,3,3,3,3,3,3,2,3,3,3,4,3,3,1,10,10,10,10,1,2,7,11,13,30,51,92,0,0,0,5,2,5,1,3,3,4,NA,1,11,2,5,5,1,1,1,2,1,-8,5,1,3,1,2,NA,NA,NA,NA,2,2,2,2,5,15,15,1,1,NA,2,39,1,2,NA,1,7,2,4,1,2,1
"822",3.26430521,"822-91",822,91111,14,91,2024,6,9,1,3,3,14,10,2,3,2,5,5,2,2,6,1,1,3,2,2,1,2,6,6,2,6,6,1,3,6,3,6,3,2,3,3,6,4,2,2,3,4,3,3,3,2,3,-8,2,4,3,2,3,4,2,2,3,2,2,2,1,1,5,4,4,3,2,3,2,2,2,2,2,5,4,2,3,10,-7,10,10,1,2,6,8,5,26,57,80,4,4,4,4,2,5,2,1,NA,1,2,4,2,1,5,2,2,2,4,2,1,5,4,2,3,-8,-8,NA,NA,NA,NA,NA,NA,NA,NA,5,15,15,1,2,NA,2,49,1,2,NA,2,6,2,8,8,8,1
"823",0.22538622,"823-91",823,91293,17,91,2024,6,10,2,4,14,1,13,2,3,3,3,4,3,2,5,1,3,6,6,3,2,3,6,6,3,6,6,6,6,6,3,3,3,6,3,4,2,4,3,3,3,3,3,3,3,3,3,3,3,3,4,3,3,3,3,3,3,3,3,2,3,1,2,3,3,3,-8,2,2,3,2,3,3,-8,2,3,6,10,10,10,-7,NA,NA,NA,10,8,25,60,85,4,3,0,1,3,4,1,3,2,5,NA,1,2,6,6,2,2,2,2,3,3,3,5,1,3,-8,2,NA,NA,NA,NA,4,4,4,4,4,15,15,1,4,NA,2,59,1,2,NA,2,2,1,NA,1,2,1
"824",0.35548854,"824-91",824,91293,17,91,2024,6,10,2,4,3,14,7,1,3,3,3,4,3,2,5,3,3,6,6,3,3,6,6,6,6,6,6,6,3,6,6,6,3,6,6,4,1,4,2,3,2,4,4,2,3,3,3,3,3,3,4,2,3,3,2,2,3,2,1,-8,2,1,3,3,2,-8,3,2,3,3,2,-8,3,3,3,-8,3,10,10,10,10,1,3,5,8,5,26,57,80,7,2,9,1,4,4,2,3,1,5,NA,2,1,10,7,2,1,1,1,2,2,2,3,1,3,-8,2,NA,NA,NA,NA,2,2,2,2,6,15,15,1,1,NA,2,47,1,2,NA,2,4,1,NA,8,1,1
"825",0.22538622,"825-91",825,91293,17,91,2024,6,10,2,4,10,9,17,2,2,3,2,4,3,2,6,2,2,6,2,2,1,2,3,3,6,6,6,2,5,3,4,3,3,6,3,4,1,6,2,2,3,4,4,3,3,3,4,3,2,3,4,3,3,4,2,3,3,4,2,1,2,1,4,4,3,3,3,5,2,2,2,2,3,4,4,2,2,10,9,10,-7,NA,NA,NA,2,16,42,69,81,0,5,1,0,1,1,2,2,2,2,2,2,8,6,9,5,1,1,2,2,2,3,3,1,3,2,-8,NA,NA,NA,NA,NA,NA,NA,NA,4,15,15,1,2,NA,2,56,1,2,NA,2,3,1,NA,8,5,1
"826",1.93146362,"826-91",826,91203,20,91,2024,6,13,1,4,10,26,13,3,3,2,4,4,3,2,-9,-9,-9,-9,-9,-9,6,6,6,-9,-9,-9,6,6,6,-9,6,-9,6,-9,6,-9,-9,-9,4,4,4,4,4,4,4,4,4,4,4,4,4,4,4,4,4,3,3,3,3,1,2,1,4,4,4,4,4,4,4,4,4,4,4,4,4,4,3,10,10,10,10,1,3,7,9,11,36,63,78,10,0,10,0,4,5,1,2,1,4,NA,3,5,4,-9,5,1,1,1,3,5,5,5,1,3,3,-8,NA,NA,NA,NA,NA,NA,NA,NA,5,15,15,2,NA,-9,1,52,1,2,NA,2,1,1,NA,1,8,9
"827",2.95563624,"827-91",827,91008,2,91,2024,6,2,1,4,9,3,17,3,1,4,1,2,1,1,5,4,4,6,6,6,6,6,6,6,6,6,6,6,6,6,6,6,4,6,6,4,2,1,3,1,3,3,3,3,3,3,3,3,1,3,3,3,1,3,1,2,1,3,3,-8,3,3,4,4,5,3,4,3,3,3,3,3,3,5,5,3,2,8,10,10,10,1,3,7,22,22,44,50,75,0,0,0,10,2,5,2,1,NA,1,3,1,6,11,8,4,1,1,2,1,1,2,2,2,3,1,2,NA,NA,NA,NA,2,2,2,4,3,15,15,2,NA,-8,1,47,5,2,NA,2,4,1,NA,1,4,9
"828",0.8686503,"828-91",828,91079,10,91,2024,6,7,1,2,3,11,12,2,1,2,2,4,2,1,5,4,4,6,6,6,1,6,6,6,6,6,6,6,1,6,2,6,1,6,6,2,3,4,4,4,4,4,4,4,4,4,4,3,4,4,4,3,4,4,4,4,4,4,1,1,3,1,5,5,5,5,5,5,5,5,5,5,5,5,5,5,6,10,10,10,10,1,3,5,2,16,42,69,81,0,0,6,5,1,5,2,3,2,1,5,6,1,11,10,5,1,1,1,3,2,1,5,2,3,3,1,-8,-9,5,5,NA,NA,NA,NA,1,15,15,1,1,NA,1,81,1,2,NA,2,0,2,0,7,1,9
"829",0.65382325,"829-91",829,91079,10,91,2024,6,7,1,2,10,5,12,2,2,3,2,4,-8,2,5,1,4,6,6,6,6,6,6,6,6,6,6,6,6,6,6,6,6,6,6,4,2,-8,3,2,-8,4,3,2,3,3,4,-8,3,3,-8,3,3,-8,2,2,3,4,-8,2,3,1,-8,5,4,4,4,4,3,4,4,-8,-8,4,-8,4,-9,10,9,10,10,1,3,6,6,17,40,52,84,5,5,1,5,3,5,2,2,2,3,NA,8,6,11,-8,4,2,2,2,4,3,5,-8,1,3,3,-8,NA,NA,NA,NA,NA,NA,NA,NA,1,15,15,1,2,NA,2,33,1,2,NA,2,1,1,NA,8,1,1
"830",0.43432515,"830-91",830,91079,10,91,2024,6,7,1,2,1,3,10,3,3,3,2,4,2,2,5,1,3,-8,6,1,1,6,3,3,6,6,6,3,3,3,6,6,5,6,3,5,1,1,4,2,2,4,4,-8,1,3,3,4,1,3,2,3,2,4,3,-8,3,4,1,1,1,1,4,4,3,4,3,4,2,3,2,3,4,3,4,3,-8,10,10,4,-7,NA,NA,NA,12,4,33,59,94,1,0,0,0,1,3,2,3,2,3,NA,1,3,4,10,2,1,1,1,2,1,5,-9,2,2,1,2,NA,NA,NA,NA,-9,-9,-9,-9,4,18,NA,1,2,NA,1,75,1,1,5,2,1,1,NA,7,2,2
"831",0.32691163,"831-91",831,91079,10,91,2024,6,7,1,2,14,11,7,2,3,2,2,4,3,2,-8,2,-8,6,-8,-8,-8,6,6,6,6,6,6,6,6,6,6,6,4,6,6,4,6,4,4,2,3,4,2,4,4,-8,3,4,1,3,-8,3,4,4,2,2,1,3,-8,1,2,2,2,-8,2,2,2,-8,2,2,2,-8,2,2,-8,2,1,10,10,10,8,1,3,5,22,22,44,50,75,10,5,10,8,1,5,2,3,3,2,5,5,6,4,10,2,1,1,1,-8,1,1,-8,2,3,3,1,-8,-8,-8,-8,NA,NA,NA,NA,5,15,15,2,NA,2,2,36,2,2,NA,2,8,1,NA,1,9,2
"832",0.36087732,"832-91",832,91079,10,91,2024,6,7,1,2,3,2,9,3,1,3,2,1,2,1,3,5,4,6,2,2,2,6,6,1,6,6,6,6,1,6,1,2,1,6,2,1,10,1,4,4,4,4,4,4,4,4,3,4,4,3,4,4,4,4,4,3,4,4,1,-8,3,2,5,5,5,5,5,5,5,5,5,5,5,5,5,5,3,8,10,10,10,2,NA,NA,9,11,36,63,78,10,5,10,0,2,2,1,3,4,4,NA,6,10,2,7,2,2,2,1,3,1,4,5,2,3,-8,1,-8,-8,-8,-8,NA,NA,NA,NA,6,15,15,1,1,NA,2,25,1,2,NA,2,4,1,NA,8,NA,1
"833",1.548997,"833-91",833,91210,20,91,2024,6,13,1,3,7,4,10,2,3,1,4,4,3,-9,-9,-9,-9,-9,-9,-9,-9,-9,-9,-9,-9,-9,-9,-9,-9,-9,-9,-9,-9,-9,-9,4,2,1,4,4,4,4,4,4,4,4,4,4,4,4,4,4,4,4,4,4,4,4,3,-8,2,2,-8,-8,-8,-8,-8,-8,-8,-8,-8,-8,-8,-8,-8,-8,-8,10,-8,10,10,1,3,7,14,7,45,55,83,5,5,5,0,3,5,2,3,3,-8,NA,2,1,7,-8,2,3,3,1,-8,1,5,5,2,3,-8,-8,NA,NA,NA,NA,NA,NA,NA,NA,5,15,15,-8,NA,5,2,26,1,2,NA,2,3,2,8,1,1,1
"834",0.66260956,"834-91",834,91210,20,91,2024,6,13,1,3,3,9,11,3,2,3,3,3,2,2,-9,-9,-9,-9,-9,-9,-9,-9,-9,-9,-9,-9,-9,-9,-9,-9,-9,-9,-9,-9,-9,-9,1,6,2,3,4,-8,3,-8,3,-8,4,-8,3,4,-8,3,3,3,2,-8,3,-8,3,-9,2,2,-9,-8,-8,-8,-8,-8,-8,-8,-8,-8,-8,-8,-8,-8,-8,10,2,10,0,2,NA,NA,14,7,45,55,83,5,10,5,0,3,1,1,2,3,5,NA,1,6,2,10,2,1,2,1,2,4,5,5,1,3,-8,-8,NA,NA,NA,NA,NA,NA,NA,NA,4,15,15,1,-9,NA,2,67,1,2,NA,2,2,1,NA,7,1,1
"835",1.03962389,"835-91",835,91158,20,91,2024,6,13,1,2,3,17,10,2,3,2,3,4,2,-9,-9,-9,-9,-9,-9,-9,-9,-9,-9,-9,-9,-9,-9,-9,-9,-9,-9,-9,-9,-9,-9,-9,-9,-9,-9,-9,-9,-9,-9,-9,-9,-9,-9,-9,-9,-9,-9,-9,-9,-9,-9,-9,-9,-9,-9,-9,-9,1,4,-8,-8,-8,-8,-8,-8,-8,-8,-8,-8,-8,-8,-8,5,10,10,10,10,2,NA,NA,24,24,28,71,73,5,0,5,5,3,2,1,3,1,4,NA,2,4,9,5,5,2,1,1,1,2,3,3,2,3,-8,-8,NA,NA,NA,NA,NA,NA,NA,NA,5,15,15,1,-9,NA,2,60,1,2,NA,2,6,1,NA,8,5,9
"836",0.69308259,"836-91",836,91158,20,91,2024,6,13,1,4,2,10,1,2,2,3,3,5,3,2,-9,-9,-9,-9,-9,-9,-9,-9,-9,-9,-9,-9,-9,-9,-9,-9,-9,-9,-9,-9,-9,5,3,4,4,-8,4,4,4,4,4,4,4,4,4,4,4,4,4,4,4,4,4,4,3,-9,1,1,5,5,5,5,5,5,5,5,5,5,5,5,5,5,6,10,10,10,-7,NA,NA,NA,6,17,40,52,84,0,5,10,10,-8,-8,1,3,1,5,NA,6,7,1,-8,2,1,1,1,-9,3,3,5,2,3,-8,-8,NA,NA,NA,NA,NA,NA,NA,NA,5,15,15,1,-9,NA,2,63,1,2,NA,2,2,1,NA,2,2,9
"837",0.86474506,"837-91",837,91232,20,91,2024,6,13,1,4,16,3,6,3,1,3,3,3,2,1,2,4,4,6,4,4,5,6,6,2,6,6,6,3,2,2,2,4,1,6,1,3,7,5,1,3,3,3,4,4,4,3,3,2,2,2,3,4,4,4,2,1,3,4,1,1,3,2,4,2,5,3,4,4,2,3,3,5,4,2,3,4,2,10,9,10,-7,NA,NA,NA,8,5,26,57,80,5,5,4,5,1,2,1,2,3,1,1,6,1,9,3,2,4,3,2,2,1,5,2,2,3,3,-8,NA,NA,NA,NA,NA,NA,NA,NA,4,9,NA,1,1,NA,1,60,1,2,NA,2,4,1,NA,10,5,1
"838",0.78315295,"838-91",838,91231,20,91,2024,6,13,1,4,10,26,3,3,2,3,3,1,3,2,-9,3,3,6,2,3,1,3,6,6,6,6,6,6,3,4,3,6,3,6,-8,3,-8,4,4,3,3,4,3,3,4,4,4,3,3,3,4,3,4,3,3,4,3,3,3,-8,3,2,4,4,4,4,4,4,4,4,4,4,4,4,4,4,2,10,10,10,-7,NA,NA,NA,14,7,45,55,83,10,10,0,10,1,1,1,3,1,5,NA,6,2,1,10,1,2,2,1,1,5,3,1,2,3,-8,-8,NA,NA,NA,NA,NA,NA,NA,NA,-8,15,15,1,1,NA,2,53,1,2,NA,2,3,2,4,-8,1,9
"839",0.78315295,"839-91",839,91231,20,91,2024,6,13,1,4,3,11,13,2,2,1,2,2,2,2,-8,2,4,6,6,6,4,6,6,6,-8,6,6,6,4,6,6,6,-8,6,6,4,1,6,3,-8,3,-8,1,3,1,1,1,-8,1,3,3,3,1,1,1,1,1,3,-8,1,1,1,5,4,4,5,5,4,1,4,3,4,3,3,1,4,6,10,10,10,10,1,2,7,6,17,40,52,84,0,0,0,0,5,1,2,3,2,1,2,4,3,10,10,1,2,2,4,4,1,-8,1,1,3,3,-8,NA,NA,NA,NA,NA,NA,NA,NA,6,15,15,1,1,NA,2,49,1,2,NA,2,4,1,NA,10,1,2
"840",0.57884075,"840-91",840,91231,20,91,2024,6,13,1,3,1,14,3,4,1,3,2,3,1,1,5,4,4,3,4,4,4,2,2,2,3,6,6,6,4,3,2,3,3,6,3,3,5,4,4,3,3,3,1,3,3,2,3,3,3,1,1,3,3,4,3,1,3,3,1,1,3,1,4,3,4,4,4,3,4,4,4,4,4,4,3,2,6,10,10,10,-7,NA,NA,NA,14,7,45,55,83,10,10,10,10,2,2,1,1,NA,1,2,11,2,1,5,1,3,2,1,2,3,4,2,1,3,3,1,3,1,1,-8,NA,NA,NA,NA,4,15,15,1,1,NA,2,44,1,1,5,2,6,1,NA,1,3,9
"841",0.57134181,"841-91",841,91231,20,91,2024,6,13,1,4,3,10,11,3,2,3,3,5,2,2,5,1,3,6,6,3,2,6,6,6,6,6,6,6,3,6,6,6,6,6,6,4,2,6,4,2,3,4,3,1,3,3,4,4,2,3,4,3,4,4,2,3,4,4,3,2,3,1,4,5,5,5,4,5,5,5,5,5,5,5,5,5,-8,10,10,5,-7,NA,NA,NA,24,24,28,71,73,5,5,5,5,3,5,3,1,NA,5,NA,1,6,2,10,3,3,3,2,2,1,3,2,2,3,3,1,5,5,3,3,NA,NA,NA,NA,4,15,15,2,NA,5,1,55,1,2,NA,2,1,1,NA,1,5,9
"842",0.47610147,"842-91",842,91060,8,91,2024,6,6,1,3,3,9,14,2,3,3,3,1,3,2,10,1,1,3,1,1,1,1,1,2,1,2,3,1,2,1,3,1,4,1,1,2,3,6,2,2,2,4,4,4,4,4,3,4,2,4,4,4,4,4,3,3,3,3,2,2,1,1,5,5,5,5,5,5,4,3,3,3,5,5,5,5,1,10,10,10,10,1,1,6,7,3,20,53,88,1,9,9,9,1,5,2,3,4,1,2,10,7,6,10,7,2,2,2,1,1,3,1,1,3,3,1,4,1,4,4,NA,NA,NA,NA,1,15,18,1,2,NA,1,58,1,2,NA,2,9,1,NA,1,7,1
"843",0.81396294,"843-91",843,91060,8,91,2024,6,6,1,2,2,3,14,2,3,4,3,3,3,2,5,2,1,6,1,1,3,3,2,3,1,6,4,1,2,2,4,1,3,6,1,4,1,6,3,1,3,3,4,2,3,2,3,2,1,4,3,1,3,4,1,1,2,2,1,2,2,1,4,5,4,2,3,5,3,3,3,3,5,5,3,3,1,4,2,10,8,1,3,6,6,17,40,52,84,1,9,9,9,1,1,2,3,2,1,5,2,7,1,6,2,1,1,1,1,1,1,2,1,3,-8,2,NA,NA,NA,NA,2,2,5,4,5,18,NA,1,2,NA,1,54,1,1,11,2,8,1,NA,1,5,1
"844",0.48945342,"844-91",844,91060,8,91,2024,6,6,1,2,3,6,17,1,2,3,2,4,3,2,-9,2,4,6,3,3,3,2,6,6,6,6,6,6,4,2,3,6,4,6,6,4,10,4,3,1,-8,4,3,4,3,3,3,3,1,4,3,3,3,3,2,2,2,3,1,1,3,1,4,4,3,-8,2,3,3,4,4,3,4,3,2,4,6,10,10,10,10,2,NA,NA,19,10,43,61,74,1,9,9,0,4,5,1,3,4,3,NA,2,11,3,10,2,1,2,1,2,1,3,3,1,3,-8,2,NA,NA,NA,NA,4,4,4,-8,5,15,15,1,2,NA,2,46,1,2,NA,2,2,1,NA,2,5,1
"845",0.17082846,"845-91",845,91060,8,91,2024,6,6,1,2,3,8,9,3,2,3,3,3,1,1,4,4,4,3,3,4,4,5,3,2,3,6,6,6,4,5,2,3,2,6,1,3,4,3,3,3,3,3,3,2,3,3,4,3,3,2,2,3,4,3,2,1,3,3,1,1,2,2,4,2,2,2,2,3,2,3,2,3,3,2,3,2,1,3,4,5,1,2,NA,NA,23,23,41,68,76,7,9,6,1,1,4,1,2,3,5,NA,2,6,3,8,2,2,4,2,2,2,5,3,1,3,2,2,NA,NA,NA,NA,2,2,2,4,4,1,NA,1,1,NA,2,67,1,2,NA,2,7,1,NA,7,5,1
"846",0.47200942,"846-91",846,91115,14,91,2024,6,9,1,3,11,10,13,3,2,3,3,3,2,2,5,3,3,6,6,6,3,6,6,6,6,6,6,6,4,6,6,6,3,6,6,3,9,6,4,3,4,4,3,3,4,2,4,3,3,3,3,2,3,4,2,2,2,3,3,2,3,2,4,4,4,4,3,3,4,2,2,3,4,3,4,4,2,8,7,9,-7,NA,NA,NA,18,15,35,72,89,4,6,3,6,4,5,2,2,3,4,NA,1,3,6,5,3,2,3,3,3,3,3,3,2,3,2,2,NA,NA,NA,NA,4,3,4,4,6,15,15,2,NA,-8,2,18,1,2,NA,1,3,2,9,1,4,9
"847",1.35027014,"847-91",847,91102,12,91,2024,6,8,1,3,7,5,16,3,2,3,4,2,1,1,2,4,4,6,5,3,5,3,6,2,3,6,6,4,1,2,1,5,1,2,1,1,3,2,4,4,4,3,4,3,3,3,3,1,4,2,3,3,3,3,3,2,3,4,1,1,3,2,3,3,4,3,3,3,4,3,4,4,3,3,3,3,1,10,8,8,0,2,NA,NA,13,14,29,70,96,10,10,7,3,1,4,2,1,NA,1,2,9,11,3,4,5,2,2,1,2,1,5,3,2,2,2,-8,NA,NA,NA,NA,NA,NA,NA,NA,5,3,NA,1,1,NA,2,40,1,2,NA,2,8,1,NA,1,2,-9
"848",2.41961008,"848-91",848,91102,12,91,2024,6,8,1,3,1,5,8,3,2,3,3,3,2,1,5,3,3,6,6,2,2,6,6,6,6,6,6,6,2,6,6,6,2,6,6,2,7,2,3,3,3,4,3,3,3,4,2,2,3,3,4,3,3,3,2,3,3,4,1,2,3,1,3,4,3,2,2,4,3,2,2,2,2,1,3,3,3,8,8,6,0,2,NA,NA,18,15,35,72,89,6,5,7,5,2,4,2,2,1,4,NA,9,11,1,3,1,4,5,4,3,3,5,3,2,2,2,-8,NA,NA,NA,NA,NA,NA,NA,NA,6,15,15,1,4,NA,1,30,1,2,NA,2,8,1,NA,1,3,9
"849",2.41961008,"849-91",849,91102,12,91,2024,6,8,1,3,2,9,13,3,1,3,2,3,1,1,2,3,2,6,4,3,5,5,2,1,6,6,6,6,1,2,1,3,1,6,1,1,4,2,4,3,4,3,3,3,3,3,4,2,3,2,3,3,3,3,3,2,3,3,1,2,3,1,4,2,4,3,3,3,4,3,4,2,3,3,4,2,1,8,10,6,7,2,NA,NA,14,7,45,55,83,5,5,5,5,4,2,1,2,4,3,NA,3,5,2,3,1,4,2,4,3,1,2,4,2,3,2,2,NA,NA,NA,NA,4,2,2,4,3,16,NA,1,1,NA,1,38,1,2,NA,2,4,1,NA,1,2,1
"850",1.20980504,"850-91",850,91102,12,91,2024,6,8,1,3,4,5,2,3,2,3,3,3,2,2,4,2,3,2,2,2,2,6,2,2,6,1,2,1,1,2,2,2,1,3,3,2,3,1,3,3,4,3,3,3,3,3,3,2,3,3,3,3,3,3,2,2,3,3,1,1,2,2,2,3,3,3,3,3,4,3,4,3,3,3,3,3,1,5,10,10,9,2,NA,NA,24,24,28,71,73,5,5,4,5,4,5,2,2,2,3,NA,2,6,9,4,6,4,3,4,3,3,3,2,2,2,2,-8,NA,NA,NA,NA,NA,NA,NA,NA,3,15,15,1,4,NA,1,30,1,2,NA,2,4,1,NA,1,3,9
"851",0.67587782,"851-91",851,91280,5,91,2024,6,4,2,4,9,14,2,3,2,4,3,4,2,2,7,2,5,6,6,6,3,6,6,6,6,6,6,6,3,6,6,6,3,6,6,4,1,6,4,1,2,4,4,3,3,2,3,-8,2,3,3,-8,3,4,2,-8,3,3,1,1,2,1,3,4,4,4,4,1,3,1,2,1,2,1,1,2,1,6,10,10,6,1,2,5,20,18,46,65,87,9,0,0,10,1,5,1,2,1,5,NA,4,1,2,5,5,2,1,2,1,4,3,5,2,3,3,-8,NA,NA,NA,NA,NA,NA,NA,NA,4,15,-8,1,1,NA,2,46,1,2,NA,2,4,1,NA,10,8,2
"852",0.43630845,"852-91",852,91280,5,91,2024,6,4,2,4,13,10,1,2,1,2,4,5,2,2,6,5,5,6,6,3,5,6,3,6,6,6,6,6,4,3,3,6,6,6,4,5,6,8,4,4,1,1,2,4,3,3,3,3,4,3,3,2,4,2,4,4,2,3,1,1,2,4,4,4,3,3,3,4,2,2,2,3,3,2,4,2,2,9,7,8,-7,NA,NA,NA,6,17,40,52,84,6,4,7,6,5,5,1,3,4,3,NA,5,3,6,6,2,2,1,4,1,2,5,5,2,3,1,2,NA,NA,NA,NA,5,2,4,4,4,24,NA,1,1,NA,1,72,1,1,NA,2,2,1,NA,7,5,1
"853",1.08978339,"853-91",853,91280,5,91,2024,6,4,2,4,13,10,26,1,2,3,3,4,2,2,4,1,4,6,2,2,1,1,6,6,6,2,6,6,4,2,2,4,4,2,1,1,1,6,1,2,1,3,3,1,2,2,4,3,2,4,2,3,3,3,2,2,3,3,3,1,2,1,4,2,4,2,2,3,2,2,2,3,3,4,3,3,1,9,9,7,9,1,3,6,23,23,41,68,76,5,1,0,3,2,1,1,3,3,3,NA,6,7,1,5,5,2,1,2,1,1,2,1,2,3,2,1,2,1,2,1,NA,NA,NA,NA,4,20,NA,1,2,NA,1,49,1,2,NA,2,4,1,NA,1,3,1
"854",0.32437214,"854-91",854,91280,5,91,2024,6,4,2,3,3,9,2,5,1,4,1,2,1,1,5,4,4,6,6,6,4,4,6,6,6,6,6,6,4,4,6,6,3,6,6,4,2,4,1,3,3,3,3,3,3,1,3,1,1,1,3,3,1,3,1,1,3,3,1,1,2,1,2,2,2,2,2,2,2,2,2,2,2,2,2,2,1,7,3,10,-7,NA,NA,NA,2,16,42,69,81,2,5,5,8,3,5,1,2,1,3,NA,6,11,2,9,2,1,1,1,2,3,5,5,1,3,3,2,NA,NA,NA,NA,-8,2,-8,-8,3,15,15,1,1,NA,1,30,1,2,NA,2,8,1,NA,1,5,1
"855",1.92571092,"855-91",855,91280,5,91,2024,6,4,2,3,5,14,10,3,3,4,3,4,2,2,3,3,4,6,6,4,3,6,6,1,6,6,6,6,3,6,2,3,1,6,6,2,1,1,4,4,3,4,2,2,4,3,3,4,3,3,4,3,3,3,3,1,2,2,1,1,3,1,3,3,3,3,3,4,3,3,4,4,2,5,3,3,2,7,7,6,-7,NA,NA,NA,1,32,37,54,82,0,0,3,5,1,4,1,1,NA,3,NA,1,11,2,6,2,1,3,2,3,5,5,5,1,3,3,1,5,1,2,5,NA,NA,NA,NA,1,15,15,1,1,NA,2,24,1,2,NA,2,8,2,6,1,8,2
"856",1.01416056,"856-91",856,91280,5,91,2024,6,4,2,3,3,9,26,3,2,3,1,4,2,2,5,2,3,6,6,6,6,6,6,6,6,6,6,6,6,6,6,6,6,6,6,3,1,1,1,1,3,3,3,3,3,4,4,3,3,4,3,3,3,4,1,1,3,3,3,2,1,1,2,2,4,5,5,5,4,5,5,5,3,5,5,5,6,1,1,5,1,2,NA,NA,15,9,31,64,79,10,5,0,5,4,1,2,3,3,3,NA,1,6,11,5,5,2,2,2,5,2,4,5,1,3,3,1,4,3,4,4,NA,NA,NA,NA,4,15,15,1,2,NA,1,28,1,2,NA,2,2,1,NA,3,4,1
"857",1.12646303,"857-91",857,91280,5,91,2024,6,4,2,3,7,6,2,2,2,2,3,5,2,2,-8,2,4,6,6,2,2,2,6,6,-8,6,6,6,4,6,6,6,4,6,-8,4,1,1,3,-8,-8,4,3,3,3,3,3,3,2,3,4,3,3,4,2,3,3,3,2,1,3,1,4,4,4,4,4,4,4,4,-8,4,4,4,4,4,4,10,10,10,-8,2,NA,NA,10,8,25,60,85,0,10,0,5,2,5,1,3,3,1,2,1,2,11,10,2,1,1,1,2,5,5,5,1,3,-8,2,NA,NA,NA,NA,5,5,5,5,6,15,15,1,1,NA,2,51,1,2,NA,1,2,1,NA,2,2,1
"858",0.66023142,"858-91",858,91280,5,91,2024,6,4,2,3,1,5,3,3,-8,4,2,5,2,1,1,5,4,6,4,4,3,6,6,6,6,6,6,6,3,2,1,6,1,6,4,4,4,1,4,3,4,4,4,3,3,1,3,1,2,3,4,4,3,4,3,1,3,4,1,1,2,1,4,5,5,4,3,5,3,3,4,5,4,3,4,3,1,10,10,10,10,1,2,5,11,13,30,51,92,10,0,10,0,5,5,1,3,3,1,2,1,6,11,0,2,1,2,1,3,1,3,4,2,3,3,2,NA,NA,NA,NA,2,2,-8,2,6,15,3,1,1,NA,2,31,1,2,NA,2,6,2,1,1,2,1
"859",4.0687404,"859-91",859,91101,12,91,2024,6,8,1,4,3,9,1,2,2,3,3,4,2,2,8,1,1,6,1,1,1,6,6,6,6,6,6,6,5,3,5,6,5,6,6,5,1,4,3,1,3,4,3,3,3,3,3,3,1,4,4,3,3,4,2,3,4,4,2,1,2,1,3,3,3,4,3,3,2,2,2,3,3,4,3,3,1,10,10,10,10,2,NA,NA,9,11,36,63,78,5,9,9,1,1,5,2,3,2,5,NA,1,2,9,10,2,1,1,1,1,1,3,4,-8,3,3,2,NA,NA,NA,NA,5,5,5,3,4,15,-8,1,2,NA,1,44,1,2,NA,2,4,1,NA,1,3,8
"860",0.58194062,"860-91",860,91101,12,91,2024,6,8,1,3,9,2,3,2,2,2,3,3,2,2,5,1,4,6,1,2,1,6,6,6,6,6,6,6,3,6,6,6,3,6,6,5,2,2,4,2,4,4,3,3,3,2,3,-8,3,4,4,3,4,4,3,3,3,-8,3,1,2,1,4,5,5,-8,5,5,2,-8,-8,5,5,5,-8,4,2,10,10,10,-7,NA,NA,NA,15,9,31,64,79,10,10,5,10,1,5,2,2,3,4,NA,4,6,2,9,2,1,1,1,-8,5,5,5,1,3,-8,2,NA,NA,NA,NA,-8,-8,-8,-8,4,15,15,2,NA,5,2,58,1,2,NA,2,4,1,NA,1,2,9
"861",0.29097031,"861-91",861,91101,12,91,2024,6,8,1,4,1,3,5,2,2,2,3,5,3,2,5,1,3,6,6,3,1,6,6,6,6,6,6,6,3,6,6,6,3,6,6,5,1,1,3,2,3,4,-8,3,2,2,4,3,2,4,4,3,3,4,2,3,4,4,3,-8,1,1,-8,-8,-8,-8,-8,-8,-8,-8,-8,-8,-8,-8,-8,-8,-8,10,10,10,-7,NA,NA,NA,7,3,20,53,88,2,6,2,6,4,5,2,2,3,-8,NA,1,2,6,10,2,1,1,1,1,1,3,5,-8,2,-8,2,NA,NA,NA,NA,-8,-8,-8,-8,-8,15,15,1,1,NA,2,63,1,2,NA,2,2,1,NA,7,1,2
"862",1.25324067,"862-91",862,91101,12,91,2024,6,8,1,4,9,26,3,2,2,3,3,4,2,2,5,1,3,6,2,2,2,6,6,6,6,6,6,6,4,6,6,6,3,6,6,4,1,4,3,2,3,4,4,3,3,3,3,4,2,4,4,3,3,3,3,3,4,4,1,1,2,1,3,4,3,3,3,3,2,2,2,3,3,3,3,4,2,10,10,10,10,2,NA,NA,21,21,38,49,93,4,9,2,8,1,5,2,3,1,5,NA,11,1,6,8,3,1,1,1,1,1,4,5,-8,3,2,2,NA,NA,NA,NA,2,3,2,2,4,15,15,1,1,NA,2,24,1,2,NA,2,4,2,4,1,5,2
"863",1.43953321,"863-91",863,91105,12,91,2024,6,8,1,4,3,5,10,3,2,3,3,3,2,-8,5,3,3,6,3,6,3,6,6,6,6,6,6,6,2,6,6,6,3,3,6,4,3,6,3,2,3,3,3,2,3,2,4,3,2,3,3,3,3,3,2,3,3,-8,2,1,3,2,3,3,3,2,2,3,3,-8,-8,3,2,2,3,-8,1,7,8,7,5,2,NA,NA,11,13,30,51,92,10,2,7,2,2,1,1,2,3,5,NA,3,5,4,5,2,3,2,2,1,1,-8,3,2,3,2,2,NA,NA,NA,NA,-8,3,4,2,3,15,15,2,NA,4,2,18,1,2,NA,1,5,2,4,1,5,1
"864",0.88216528,"864-91",864,91105,12,91,2024,6,8,1,3,2,17,3,2,3,2,3,5,3,2,7,2,4,6,2,2,1,6,6,6,6,6,6,6,4,2,3,6,4,6,2,4,2,2,3,2,4,4,4,3,3,2,3,3,1,4,3,2,3,2,1,2,3,2,1,1,2,1,4,5,5,3,3,5,2,2,3,2,2,2,5,3,3,9,7,10,10,2,NA,NA,23,23,41,68,76,10,5,3,0,5,3,1,2,3,3,NA,6,1,11,10,2,1,1,1,2,1,1,1,2,3,2,2,NA,NA,NA,NA,-8,-8,-8,-8,6,15,15,1,2,NA,2,50,1,2,NA,2,4,2,4,1,5,9
"865",0.43500519,"865-91",865,91059,6,91,2024,6,5,1,5,7,12,10,2,2,2,2,2,2,1,3,5,4,6,6,6,6,6,6,6,6,6,6,6,3,6,3,6,1,6,6,3,2,1,1,4,2,3,4,2,2,3,1,2,4,4,4,4,3,3,2,2,3,3,1,1,3,2,2,5,3,4,4,4,5,3,5,5,3,4,4,2,2,10,10,8,0,1,2,4,18,15,35,72,89,5,5,3,5,2,5,1,3,1,4,NA,4,11,3,5,2,2,2,2,3,1,4,4,2,3,3,1,5,2,4,4,NA,NA,NA,NA,6,15,15,1,1,NA,2,49,1,1,9,2,3,1,NA,2,1,9
"866",0.75175501,"866-91",866,91058,6,91,2024,6,5,1,3,5,10,3,2,2,3,3,4,2,2,-9,2,3,6,6,2,3,6,6,6,6,6,6,6,3,6,6,6,3,2,6,3,1,4,3,3,3,3,3,3,3,3,3,3,3,3,3,3,3,3,3,3,3,3,1,1,2,1,4,4,3,4,4,4,3,3,3,4,4,4,3,3,1,6,7,10,10,2,NA,NA,13,14,29,70,96,1,10,5,6,1,5,1,2,3,5,NA,11,2,1,-8,2,1,1,1,1,1,3,3,1,3,3,1,-8,-8,-8,-8,NA,NA,NA,NA,4,15,15,1,-9,NA,2,52,1,2,NA,2,4,2,4,1,5,8
"867",0.32961757,"867-91",867,91059,6,91,2024,6,5,1,3,7,9,1,3,3,3,3,4,2,2,9,2,3,6,6,6,2,2,6,6,6,6,6,6,3,6,6,6,3,6,6,3,1,4,2,3,2,4,3,4,4,3,3,3,4,3,4,4,3,4,4,1,3,4,1,2,2,1,4,5,5,4,4,4,4,4,4,5,4,4,4,4,1,7,7,10,0,2,NA,NA,20,18,46,65,87,3,0,0,8,2,5,2,3,3,4,NA,1,11,9,5,2,2,2,2,3,1,3,2,1,3,2,-8,NA,NA,NA,NA,NA,NA,NA,NA,4,15,15,1,1,NA,2,57,1,1,5,2,8,1,NA,1,5,9
"868",0.50501789,"868-91",868,91056,6,91,2024,6,5,1,3,2,3,5,3,2,3,3,3,2,1,3,4,4,6,6,4,4,4,6,6,6,6,6,6,2,4,2,6,1,6,6,3,4,1,2,2,3,4,4,2,3,2,4,3,2,2,4,2,3,3,3,3,2,3,1,1,1,1,3,2,3,2,3,3,3,2,2,2,3,3,2,3,1,0,0,5,-7,NA,NA,NA,14,7,45,55,83,5,8,5,0,3,2,1,2,1,5,NA,1,5,9,5,2,2,3,2,1,1,1,1,1,3,1,-9,NA,NA,NA,NA,NA,NA,NA,NA,4,3,NA,1,1,NA,1,77,1,2,NA,2,4,1,NA,7,5,1
"869",0.32819381,"869-91",869,91299,23,91,2024,6,14,2,3,11,7,1,2,2,2,2,2,2,-8,10,-8,4,6,6,6,4,6,6,6,-8,6,6,6,4,6,6,6,6,6,-8,4,1,5,2,-8,3,4,4,2,3,2,3,-8,3,4,4,4,4,4,4,4,2,2,1,-8,3,1,3,-8,-8,-8,-8,-8,-8,-8,-8,-8,-8,-8,-8,-8,-8,9,9,1,1,2,NA,NA,15,9,31,64,79,2,2,8,9,2,5,2,3,3,4,NA,6,2,8,8,-9,2,2,1,3,2,5,5,1,3,1,2,NA,NA,NA,NA,2,-9,2,-8,5,15,15,1,-9,NA,2,68,1,2,NA,2,1,1,NA,7,1,1
"870",0.1895426,"870-91",870,91299,23,91,2024,6,14,2,3,10,1,3,3,3,2,3,5,3,1,1,4,4,6,6,6,2,6,6,6,6,6,6,6,3,6,6,6,6,6,6,2,8,1,4,4,4,-8,2,4,4,2,4,3,4,3,-8,4,-8,4,4,4,4,4,2,-8,2,3,4,3,3,4,3,3,3,2,2,3,5,5,4,5,1,8,9,9,2,2,NA,NA,10,8,25,60,85,10,10,10,10,4,5,2,3,3,1,4,2,3,10,10,1,1,1,1,2,1,5,5,1,3,1,-8,NA,NA,NA,NA,NA,NA,NA,NA,1,9,NA,1,1,NA,2,53,1,2,NA,2,2,1,NA,1,2,1
"871",0.18515474,"871-91",871,91299,23,91,2024,6,14,2,3,6,10,11,3,2,3,3,3,2,3,5,3,3,6,6,3,3,6,6,6,6,6,6,3,2,3,6,6,3,6,4,3,4,4,3,2,3,3,3,2,2,2,3,3,3,3,3,4,4,3,2,2,4,3,3,2,2,1,2,4,3,2,3,3,3,3,3,3,2,3,3,2,1,10,6,7,5,2,NA,NA,4,6,27,66,91,0,5,0,5,4,4,1,-9,NA,3,NA,2,3,9,5,1,2,2,3,5,5,4,4,1,3,1,2,NA,NA,NA,NA,5,4,4,4,7,15,1,1,1,NA,2,34,1,2,NA,2,3,1,NA,-9,1,1
"872",0.32819381,"872-91",872,91299,23,91,2024,6,14,2,3,1,16,17,3,1,3,3,-8,-8,2,8,2,5,6,6,6,6,6,6,6,6,6,6,6,6,6,6,6,6,6,6,3,1,1,2,2,2,4,4,2,2,2,4,4,2,3,4,2,4,2,-8,4,2,2,3,2,1,2,-8,-8,-8,-8,-8,-8,-8,-8,-8,-8,-8,-8,-8,-8,-8,10,3,10,0,2,NA,NA,10,8,25,60,85,0,2,8,9,2,5,2,3,2,5,NA,5,1,6,7,1,2,2,2,2,1,3,5,1,-8,1,2,NA,NA,NA,NA,2,4,2,4,4,15,15,1,-9,NA,2,72,1,2,NA,2,0,1,NA,7,1,1
"873",0.3465413,"873-91",873,91242,20,91,2024,6,13,1,2,7,10,11,5,1,4,2,4,3,2,10,1,2,6,2,2,2,6,-8,6,6,6,6,6,5,2,4,6,4,6,-8,5,-8,2,4,2,1,4,4,4,4,4,4,4,1,4,4,-8,3,4,2,-8,3,4,-8,-8,1,1,5,4,4,4,4,4,4,4,4,4,4,4,4,4,-8,10,10,10,-7,NA,NA,NA,8,5,26,57,80,10,0,10,0,5,5,2,3,1,4,NA,3,5,1,5,2,1,1,1,1,5,5,5,1,3,3,1,5,-8,5,5,NA,NA,NA,NA,1,15,15,1,2,NA,2,55,1,2,NA,2,4,1,NA,1,5,2
"874",2.70332984,"874-91",874,91243,20,91,2024,6,13,1,2,14,3,11,1,3,2,2,4,3,2,8,2,1,6,3,2,1,2,6,6,6,6,6,6,5,6,5,6,2,6,3,4,1,4,4,3,4,4,4,3,3,-8,2,2,4,3,4,3,3,3,4,3,3,3,2,1,3,4,4,5,5,-8,5,5,5,5,5,4,5,5,5,5,2,10,10,10,10,1,2,4,18,15,35,72,89,10,0,10,0,1,1,3,3,3,4,NA,2,1,8,10,2,1,1,1,2,2,5,5,1,3,3,1,-8,-8,-8,-8,NA,NA,NA,NA,5,15,10,1,1,NA,2,52,1,2,NA,2,6,1,NA,10,3,9
"875",1.03022161,"875-91",875,91161,20,91,2024,6,13,1,2,16,10,3,3,1,3,3,3,1,1,4,5,5,6,3,4,4,6,6,6,6,6,6,6,4,4,6,4,1,6,4,3,4,8,4,1,4,3,2,3,3,2,3,3,1,2,3,3,2,1,2,2,3,3,1,1,3,1,3,1,3,2,2,1,1,2,2,4,2,3,1,2,1,10,10,9,-7,NA,NA,NA,4,6,27,66,91,0,10,0,0,4,2,1,1,NA,1,2,2,11,3,5,2,4,4,4,3,2,5,5,1,3,2,-8,NA,NA,NA,NA,NA,NA,NA,NA,6,15,15,1,1,NA,2,58,1,2,NA,2,4,2,5,1,7,1
"876",0.79351318,"876-91",876,91161,20,91,2024,6,13,1,2,11,5,9,2,3,4,3,5,3,2,4,2,3,6,1,2,2,6,3,3,3,6,6,6,2,1,1,3,1,4,3,1,1,8,4,4,4,4,3,4,4,2,4,3,4,4,4,4,3,4,4,2,3,4,1,1,3,2,4,2,4,3,3,4,5,4,5,5,3,3,4,5,3,8,10,6,8,2,NA,NA,11,13,30,51,92,5,0,2,7,2,2,1,1,NA,2,2,1,11,9,3,5,3,2,2,3,3,2,5,2,3,3,2,NA,NA,NA,NA,1,2,4,5,4,15,15,1,1,NA,1,60,1,2,NA,2,8,1,NA,1,7,9
"877",1.05113666,"877-91",877,91235,20,91,2024,6,13,1,1,5,2,17,2,1,4,2,4,2,2,6,1,2,6,1,3,1,4,1,4,3,4,3,1,5,1,2,3,2,2,3,5,6,2,2,1,2,2,3,2,2,2,3,4,1,3,2,2,3,3,2,2,3,2,1,1,1,1,4,4,4,3,4,3,1,2,1,2,4,4,4,3,2,7,5,6,7,1,1,5,11,13,30,51,92,9,0,4,3,1,1,3,3,3,2,2,10,11,4,5,2,3,1,3,2,2,3,5,1,3,2,2,NA,NA,NA,NA,2,2,2,2,4,2,NA,1,4,NA,1,51,1,2,NA,2,8,1,NA,1,5,1
"878",0.4966876,"878-91",878,91092,12,91,2024,6,8,1,2,3,5,10,1,3,3,3,4,3,2,7,2,2,6,3,4,1,3,6,3,6,6,3,3,4,2,3,3,4,6,6,5,1,4,4,4,3,2,3,3,4,4,3,3,3,4,4,2,4,3,2,3,4,3,2,2,2,1,4,4,5,4,5,3,3,3,4,4,4,5,4,5,3,10,10,10,10,1,3,4,7,3,20,53,88,10,0,5,7,2,2,1,3,1,4,NA,1,2,6,0,5,1,2,1,2,2,4,5,2,3,2,2,NA,NA,NA,NA,5,5,5,5,4,15,15,1,1,NA,2,38,1,2,NA,2,7,1,NA,2,6,2
"879",3.40419469,"879-91",879,91042,6,91,2024,6,5,1,1,9,1,12,2,2,3,2,3,2,3,-9,3,2,6,6,3,2,6,6,6,6,6,6,6,2,6,-8,6,3,6,6,2,2,2,1,4,2,4,4,4,4,4,-9,4,4,4,4,3,4,4,4,1,4,4,1,1,1,1,5,4,4,3,3,4,3,4,4,4,3,3,4,3,1,2,10,10,0,2,NA,NA,7,3,20,53,88,3,5,5,4,2,5,1,2,1,4,NA,1,9,11,5,2,2,2,2,1,1,3,2,1,3,-8,-8,NA,NA,NA,NA,NA,NA,NA,NA,4,15,15,1,1,NA,1,66,1,2,NA,2,8,1,NA,7,2,1
"880",0.75047096,"880-91",880,91086,12,91,2024,6,8,1,1,2,6,9,2,2,4,3,3,2,2,5,2,2,6,2,3,2,3,3,3,3,3,3,3,4,3,4,3,5,3,3,4,1,6,3,2,3,3,3,2,3,2,4,3,2,3,3,2,3,3,3,2,3,3,1,1,1,1,3,3,3,3,3,3,2,2,2,2,3,4,3,3,3,10,10,10,10,2,NA,NA,5,12,34,58,77,5,10,5,10,1,4,2,3,3,4,NA,1,9,6,6,5,1,1,1,2,3,3,3,1,3,2,-8,NA,NA,NA,NA,NA,NA,NA,NA,4,10,NA,1,2,NA,1,52,1,2,NA,2,8,1,NA,1,4,9
"881",0.9141334,"881-91",881,91057,6,91,2024,6,5,1,3,1,3,7,3,2,3,3,4,2,3,-9,3,3,6,6,3,3,3,6,6,6,6,6,6,3,3,6,6,3,6,6,3,4,1,2,2,2,4,4,2,2,2,4,2,2,3,4,2,2,3,2,2,2,2,1,1,3,1,3,3,4,3,3,3,2,1,1,2,4,3,4,4,1,0,0,10,-7,NA,NA,NA,22,22,44,50,75,5,2,5,10,1,5,1,1,NA,5,NA,1,11,6,6,1,2,2,1,2,1,1,3,1,3,1,2,NA,NA,NA,NA,-9,-9,-9,-9,6,15,15,2,NA,-8,1,82,1,2,NA,2,4,1,NA,7,5,1
"882",1.98922172,"882-91",882,91172,20,91,2024,6,13,1,3,5,10,3,1,3,2,4,5,3,2,7,1,2,6,2,1,1,1,2,6,6,6,6,6,4,4,4,6,2,6,4,4,1,4,3,1,4,4,4,3,4,3,4,4,3,4,4,4,3,4,2,3,1,4,2,1,2,1,4,5,4,5,4,4,1,2,5,4,5,5,5,4,1,10,10,6,10,2,NA,NA,10,8,25,60,85,0,10,0,0,2,5,1,2,3,1,5,6,1,11,7,2,1,1,1,1,2,-8,2,1,3,3,-8,NA,NA,NA,NA,NA,NA,NA,NA,6,18,NA,1,4,NA,1,68,1,2,NA,2,3,2,-8,7,1,1
"883",0.42819839,"883-91",883,91171,20,91,2024,6,13,1,4,8,3,1,2,3,3,2,2,3,1,5,5,5,-9,4,4,5,6,-9,-9,4,6,6,6,5,5,3,-9,3,-9,4,5,4,4,4,2,4,3,2,4,4,3,4,4,1,1,3,3,3,3,2,3,4,1,3,1,3,1,2,2,3,3,3,4,4,4,1,3,3,3,4,4,4,10,10,10,10,2,NA,NA,10,8,25,60,85,5,10,0,10,2,5,3,3,4,1,3,4,6,1,10,2,1,1,1,2,2,2,1,1,3,3,1,5,5,4,5,NA,NA,NA,NA,4,4,NA,1,1,NA,2,70,1,2,NA,2,2,1,NA,1,5,1
"884",0.59669767,"884-91",884,91171,20,91,2024,6,13,1,3,13,6,26,3,3,4,2,3,1,2,5,4,4,6,6,4,2,6,6,6,6,6,6,6,5,2,6,6,2,6,6,5,4,4,3,4,1,4,-8,3,4,4,4,1,1,3,4,3,3,3,3,1,1,3,-9,1,2,1,4,5,4,5,4,4,4,4,4,4,4,4,4,5,6,10,10,10,10,2,NA,NA,13,14,29,70,96,0,5,0,5,4,2,1,1,NA,1,1,6,1,3,10,5,1,1,1,2,3,5,2,1,3,3,2,NA,NA,NA,NA,-8,2,-8,4,5,15,19,1,-9,NA,1,56,1,2,NA,2,4,1,NA,1,2,1
"885",2.46401708,"885-91",885,91164,20,91,2024,6,13,1,3,1,14,2,4,1,3,1,4,1,1,1,5,5,1,1,5,5,4,4,1,3,2,3,3,3,3,1,5,1,3,1,3,5,8,2,4,4,4,4,4,4,3,4,4,4,2,3,3,3,3,3,2,2,3,1,1,3,1,5,4,5,4,5,5,5,4,5,5,4,3,4,5,6,10,10,10,7,2,NA,NA,21,21,38,49,93,5,5,0,8,3,4,1,1,NA,2,2,1,11,2,4,2,3,2,3,3,1,5,4,1,3,3,1,5,2,4,4,NA,NA,NA,NA,6,16,NA,1,1,NA,2,34,1,2,NA,2,5,2,4,2,7,1
"886",1.10880319,"886-91",886,91164,20,91,2024,6,13,1,3,10,5,6,3,1,3,2,3,2,1,5,3,3,6,6,6,3,6,6,6,6,6,6,3,2,6,3,6,6,6,5,3,9,-9,4,4,4,4,4,4,4,4,4,4,4,4,4,4,4,4,4,3,4,4,-9,1,2,2,5,5,5,5,5,5,5,5,5,5,5,5,5,5,3,9,9,9,9,1,2,6,8,5,26,57,80,5,0,0,0,1,1,3,3,3,1,5,2,4,9,6,2,1,1,1,1,1,1,2,1,2,2,1,-8,1,4,2,NA,NA,NA,NA,4,15,15,1,1,NA,1,51,1,1,5,2,4,2,4,1,5,9
"887",0.32736204,"887-91",887,91164,20,91,2024,6,13,1,4,12,2,9,4,2,2,2,4,2,1,5,5,3,6,4,3,4,5,5,4,4,6,6,6,5,2,5,5,4,6,5,3,9,4,3,3,3,4,4,1,3,2,4,2,3,3,3,3,2,4,3,2,3,4,1,1,2,1,3,2,3,4,4,4,2,2,2,2,3,3,2,2,6,10,7,10,10,2,NA,NA,17,1,48,67,90,7,5,10,5,3,1,2,2,2,1,3,7,5,6,8,4,2,1,1,2,2,4,1,2,3,3,2,NA,NA,NA,NA,5,5,4,3,5,15,1,1,-9,NA,1,66,1,2,NA,2,4,1,NA,7,1,1
"888",2.12107576,"888-91",888,91172,20,91,2024,6,13,1,3,1,3,10,2,1,3,3,5,2,2,-9,2,3,3,4,3,2,6,6,3,6,6,6,6,4,6,4,6,4,6,6,5,1,4,3,3,1,3,3,3,4,4,4,3,3,4,4,4,2,4,3,4,3,3,1,1,2,2,4,5,3,5,4,4,5,4,5,3,4,3,5,4,1,10,10,10,0,2,NA,NA,4,6,27,66,91,3,10,8,8,4,5,1,2,2,5,NA,1,10,2,8,2,2,2,2,2,2,3,3,1,3,3,-8,NA,NA,NA,NA,NA,NA,NA,NA,1,15,15,1,2,NA,2,87,1,2,NA,2,2,1,NA,7,5,2
"889",0.98208613,"889-91",889,91164,20,91,2024,6,13,1,3,14,9,1,3,1,3,2,4,1,1,5,4,4,3,2,3,3,3,4,2,4,4,3,4,2,2,3,1,1,4,3,3,1,4,4,3,4,3,4,4,3,4,4,3,4,3,3,3,3,3,3,3,4,4,1,1,3,3,4,4,4,3,4,3,4,3,4,4,4,4,4,4,1,10,10,10,10,2,NA,NA,10,8,25,60,85,5,5,5,5,2,4,1,1,NA,5,NA,3,4,5,8,2,1,2,2,1,3,5,5,1,3,3,2,NA,NA,NA,NA,4,3,5,4,6,15,15,1,1,NA,1,66,1,2,NA,2,1,2,0,2,1,1
"890",1.33349439,"890-91",890,91164,20,91,2024,6,13,1,4,7,10,14,3,2,2,3,5,2,2,-9,1,4,-8,3,3,2,6,3,6,4,6,3,6,5,4,5,3,4,2,4,5,-8,7,4,3,3,4,3,4,3,3,4,3,4,3,3,4,4,4,3,3,4,4,3,2,2,1,4,3,5,4,4,4,5,4,3,4,4,5,3,4,3,10,10,10,10,2,NA,NA,14,7,45,55,83,7,9,7,6,3,2,2,3,4,1,3,2,1,6,10,7,2,2,1,1,1,1,2,1,3,3,1,2,2,4,4,NA,NA,NA,NA,4,-8,15,1,1,NA,2,52,1,2,NA,2,4,2,8,1,1,2
"891",1.63659112,"891-91",891,91163,20,91,2024,6,13,1,3,10,6,13,3,1,4,2,4,1,1,5,3,3,3,3,6,4,4,6,-8,6,4,4,6,3,6,3,2,1,3,6,3,9,1,4,4,4,4,4,4,4,4,4,4,4,4,4,4,4,4,4,4,4,4,1,1,3,1,4,4,3,4,3,3,4,3,3,4,4,4,4,4,4,10,8,10,5,2,NA,NA,5,12,34,58,77,1,6,3,10,4,2,1,1,NA,5,NA,6,3,1,5,1,2,2,1,1,3,5,5,1,2,3,1,5,2,5,3,NA,NA,NA,NA,3,11,NA,1,1,NA,1,25,1,2,NA,1,5,2,4,4,1,9
"892",1.3505007,"892-91",892,91163,20,91,2024,6,13,1,4,10,5,1,1,3,4,1,5,3,2,10,1,4,6,1,2,1,1,3,3,3,2,2,1,5,1,2,2,4,2,3,4,1,6,4,4,4,3,4,3,4,3,4,3,4,3,4,4,3,4,3,4,4,4,2,1,3,1,5,4,4,4,3,3,4,4,3,4,4,5,3,3,6,10,10,10,10,1,3,7,1,32,37,54,82,0,6,5,8,3,1,1,3,1,4,NA,7,2,11,10,5,1,1,1,2,1,4,5,2,3,1,2,NA,NA,NA,NA,4,2,2,5,4,15,5,1,4,NA,2,51,1,2,NA,2,4,2,3,6,2,1
"893",2.08888208,"893-91",893,91062,8,91,2024,6,6,1,3,9,8,2,4,1,2,2,1,1,1,5,4,4,6,6,3,3,6,6,3,6,6,6,6,4,4,6,6,6,6,6,4,7,2,3,2,2,3,3,3,3,1,2,4,2,2,1,2,3,3,3,3,3,3,1,2,-9,1,4,5,4,4,4,2,4,5,3,4,3,3,3,3,2,8,9,7,-7,NA,NA,NA,2,16,42,69,81,1,4,5,4,1,2,3,2,1,2,2,2,6,4,5,1,2,3,2,2,3,4,1,1,3,3,-8,NA,NA,NA,NA,NA,NA,NA,NA,6,17,NA,1,1,NA,1,29,1,1,5,2,4,2,8,3,4,9
"894",0.29241781,"894-91",894,91046,6,91,2024,6,5,1,2,1,12,14,1,3,3,3,5,3,2,10,1,2,5,1,1,1,2,1,4,2,5,5,1,5,2,4,1,5,1,3,4,1,1,2,1,4,3,4,1,4,2,4,3,3,4,3,3,4,3,1,4,3,4,2,1,1,1,3,3,5,2,2,2,3,1,1,1,1,5,3,3,1,10,10,10,0,2,NA,NA,20,18,46,65,87,4,0,8,10,1,5,2,1,NA,4,NA,11,1,2,10,5,4,4,4,1,1,5,5,2,3,1,2,NA,NA,NA,NA,4,4,4,-8,3,18,NA,1,2,NA,2,75,1,2,NA,2,4,1,NA,7,2,1
"895",0.55855212,"895-91",895,91046,6,91,2024,6,5,1,3,9,3,2,1,3,3,5,5,3,2,5,1,2,6,1,1,1,1,3,2,6,1,6,1,3,1,2,3,3,1,1,3,3,6,3,1,4,4,3,3,4,3,4,4,1,4,4,4,4,4,1,3,3,3,2,1,2,3,4,5,5,4,4,5,2,2,2,4,4,5,5,4,1,10,10,10,10,2,NA,NA,5,12,34,58,77,0,0,0,10,5,1,3,3,3,1,2,2,7,8,5,2,1,1,1,1,1,3,2,1,3,3,1,4,3,4,4,NA,NA,NA,NA,6,15,15,1,2,NA,2,47,1,2,NA,2,6,1,NA,2,1,1
"896",2.12498788,"896-91",896,91272,24,91,2024,6,15,1,3,14,3,9,3,2,3,2,3,2,2,5,3,4,6,6,6,3,6,6,6,6,3,6,6,3,6,6,6,3,6,6,4,10,7,4,3,4,3,2,3,3,3,2,3,2,3,3,3,2,3,3,2,2,3,3,1,2,1,3,2,4,4,2,3,3,4,3,2,3,3,4,4,3,10,10,10,10,1,3,7,12,4,33,59,94,5,5,5,5,4,5,3,2,3,2,2,6,1,7,9,2,1,1,1,3,1,4,4,2,3,3,1,4,2,4,4,NA,NA,NA,NA,5,17,NA,1,1,NA,2,31,1,2,NA,2,4,1,NA,10,1,3
"897",0.30477006,"897-91",897,91064,8,91,2024,6,6,1,3,1,3,7,1,1,3,3,3,3,-8,-8,4,4,6,6,4,2,6,6,6,6,6,6,6,5,6,6,6,6,6,6,4,-8,-9,1,1,-9,-8,3,3,2,1,4,-9,2,-9,-9,-9,1,2,2,1,2,-9,-9,-9,2,1,-9,-8,-8,-8,-8,-8,-8,-9,-8,-8,-8,-8,-8,-8,-8,0,-7,10,-7,NA,NA,NA,14,7,45,55,83,9,9,9,-8,4,1,2,2,1,4,NA,2,3,5,10,2,2,2,-9,-9,-9,-8,-8,1,3,2,-8,NA,NA,NA,NA,NA,NA,NA,NA,-8,-9,-9,1,-9,NA,2,70,1,2,NA,2,1,1,NA,7,5,1
"898",1.08796052,"898-91",898,91272,24,91,2024,6,15,1,3,14,12,6,5,1,4,2,3,2,1,9,3,4,6,6,6,6,6,6,6,6,6,6,6,6,6,6,6,3,6,6,4,2,1,1,2,1,3,2,4,1,3,1,3,1,1,3,1,2,4,1,1,1,1,3,2,3,1,2,1,1,2,1,2,1,1,1,4,3,1,1,1,7,7,9,9,7,2,NA,NA,4,6,27,66,91,0,10,0,10,1,1,1,1,NA,3,NA,6,3,8,7,2,2,2,2,5,2,5,2,2,3,3,2,NA,NA,NA,NA,-8,5,5,-9,2,13,NA,2,NA,1,1,42,2,2,NA,2,4,1,NA,1,8,1
"899",2.34808406,"899-91",899,91085,10,91,2024,6,7,1,3,3,14,9,1,2,4,3,4,2,1,7,1,1,3,1,1,1,1,2,2,2,4,4,1,2,1,2,2,3,2,1,4,1,4,3,2,3,4,3,4,4,3,4,4,1,4,3,3,4,3,2,2,3,3,1,2,2,1,4,4,4,4,4,4,2,3,3,1,4,5,4,3,6,10,9,10,-7,NA,NA,NA,16,19,39,62,86,0,10,0,8,1,1,-8,3,2,1,2,7,4,10,10,5,1,1,1,2,1,1,1,1,3,-8,-8,NA,NA,NA,NA,NA,NA,NA,NA,1,18,NA,1,2,NA,1,40,1,2,NA,1,10,2,8,10,5,1
"900",0.64507064,"900-91",900,91272,24,91,2024,6,15,1,3,3,13,10,2,3,2,3,4,3,-9,-9,6,6,6,6,6,6,6,6,6,6,6,6,6,6,6,6,6,6,6,6,-9,-9,-9,-9,-9,-9,-9,-9,-9,-9,-9,-9,-9,-9,-9,-9,-9,-9,-9,-9,-9,-9,-9,-9,-9,1,4,-8,-9,-9,-9,-9,-9,-9,-9,-9,-9,-9,-9,-9,-9,-9,10,10,10,9,2,NA,NA,5,12,34,58,77,0,4,0,10,4,5,2,3,3,5,NA,5,6,1,10,2,2,2,2,2,1,-9,5,2,3,3,2,NA,NA,NA,NA,4,4,4,4,3,-9,-9,-9,NA,-9,2,68,1,2,NA,2,4,2,1,7,1,3
"901",0.90804411,"901-91",901,91238,20,91,2024,6,13,1,1,14,16,10,3,1,4,2,4,1,1,3,4,4,6,3,4,4,4,3,2,6,6,4,6,3,3,2,5,1,6,2,3,4,2,4,3,4,3,3,2,3,3,4,2,3,2,3,3,3,3,3,2,4,4,1,1,3,1,3,2,3,2,5,3,3,3,4,4,4,3,3,4,3,2,5,5,-7,NA,NA,NA,16,19,39,62,86,0,0,0,5,2,4,2,1,NA,3,NA,2,4,1,4,4,4,4,2,3,3,2,5,1,3,-8,2,NA,NA,NA,NA,2,2,3,2,1,11,NA,1,1,NA,1,24,1,2,NA,1,7,1,NA,4,7,9
"902",1.61223406,"902-91",902,91081,10,91,2024,6,7,1,3,10,8,5,3,3,4,3,4,2,2,10,3,3,6,6,2,3,2,6,6,6,6,6,6,4,6,4,6,4,6,4,4,3,2,2,1,2,4,2,2,3,3,4,3,1,3,4,2,3,3,2,1,2,3,1,1,2,1,2,4,5,2,2,3,1,2,1,2,2,2,4,3,2,10,10,10,10,2,NA,NA,22,22,44,50,75,1,0,9,9,1,5,2,1,NA,1,2,2,7,11,5,2,1,1,1,2,4,5,5,1,3,-8,-8,NA,NA,NA,NA,NA,NA,NA,NA,1,15,15,1,3,NA,2,30,1,2,NA,2,8,2,1,1,4,1
"903",0.37048169,"903-91",903,91112,14,91,2024,6,9,1,3,1,17,6,3,2,2,2,3,2,-9,-9,3,4,3,6,4,3,3,6,6,2,2,6,2,3,3,6,6,2,4,3,4,1,3,4,4,3,4,3,3,4,-8,4,-8,3,3,4,4,2,3,3,3,3,3,1,1,1,2,4,3,2,3,4,2,2,2,5,3,3,-8,1,1,4,10,-7,2,-7,NA,NA,NA,20,18,46,65,87,3,0,4,5,1,1,3,1,NA,5,NA,5,9,3,5,1,4,4,5,3,3,5,5,2,3,2,2,NA,NA,NA,NA,5,5,-8,5,5,4,NA,1,1,NA,2,65,1,2,NA,2,8,1,NA,7,2,2
"904",0.56961396,"904-91",904,91096,12,91,2024,6,8,1,2,5,10,14,2,3,2,2,4,3,2,8,1,3,3,2,3,3,4,6,6,6,6,6,6,5,4,5,4,5,3,4,5,1,4,4,2,3,3,3,3,3,2,4,3,2,4,4,2,3,3,2,2,3,4,2,1,2,1,3,3,4,4,4,3,3,3,3,3,3,3,3,2,4,10,10,10,10,1,2,6,11,13,30,51,92,8,0,4,0,1,5,2,3,1,2,2,2,6,10,8,4,1,1,1,1,1,5,5,1,3,2,2,NA,NA,NA,NA,3,1,2,2,6,15,15,1,2,NA,2,34,1,2,NA,2,8,1,NA,1,2,2
"905",0.42046395,"905-91",905,91130,16,91,2024,6,10,1,3,2,3,10,2,2,3,3,4,2,2,5,3,3,6,6,6,6,6,6,6,6,6,6,6,6,6,6,6,3,6,6,3,9,1,4,3,3,4,4,4,4,3,4,3,3,4,4,3,4,4,3,3,4,4,-8,-9,-9,1,4,3,3,3,3,4,3,2,3,2,3,3,4,3,1,6,6,7,-7,NA,NA,NA,15,9,31,64,79,7,7,0,7,1,3,2,2,2,2,3,1,6,4,7,1,2,2,2,2,2,4,5,2,3,2,-8,NA,NA,NA,NA,NA,NA,NA,NA,6,15,15,-8,NA,2,1,24,1,2,NA,2,4,1,NA,1,4,2
"906",0.84927116,"906-91",906,91130,16,91,2024,6,10,1,3,2,1,5,3,1,4,3,3,1,1,8,3,4,6,6,6,3,6,6,6,6,6,6,6,2,6,6,6,2,6,6,3,2,2,3,2,3,3,2,3,3,2,3,2,3,2,2,3,3,2,2,2,3,2,1,1,3,2,3,2,2,3,3,2,2,2,2,3,2,1,2,3,5,8,10,9,-7,NA,NA,NA,12,4,33,59,94,5,0,10,5,4,2,1,2,4,5,NA,2,3,9,2,2,1,2,2,2,3,4,4,1,3,3,2,NA,NA,NA,NA,5,5,5,3,3,15,9,2,NA,1,2,19,1,2,NA,1,7,2,4,4,5,9
"907",0.26022239,"907-91",907,91130,16,91,2024,6,10,1,3,10,4,6,2,2,3,2,4,2,3,10,6,5,6,6,-8,4,6,6,6,6,6,-8,6,5,6,6,-8,2,6,6,5,4,2,4,1,3,4,3,3,3,3,3,1,1,3,3,4,3,1,1,1,3,1,3,-8,2,2,4,5,5,3,5,3,1,2,1,3,3,3,5,3,3,10,10,10,0,1,3,7,17,1,48,67,90,0,1,0,0,2,5,2,2,3,2,2,1,2,4,5,5,2,2,2,1,3,3,2,2,3,2,1,5,5,5,5,NA,NA,NA,NA,3,18,NA,1,2,NA,2,52,9,2,NA,2,3,1,NA,3,1,2
"908",0.42046395,"908-91",908,91130,16,91,2024,6,10,1,3,9,7,4,3,2,4,3,3,2,2,6,3,4,3,6,6,4,6,6,6,3,6,6,6,3,6,6,6,4,6,6,4,9,6,3,2,2,4,2,2,3,3,3,2,2,3,3,3,2,2,2,2,2,3,1,2,1,2,2,5,3,2,2,2,2,2,2,3,2,2,2,3,1,3,6,5,-7,NA,NA,NA,1,32,37,54,82,0,6,2,5,2,4,1,2,3,5,NA,3,2,6,6,1,1,2,2,3,3,4,5,2,2,2,2,NA,NA,NA,NA,-8,3,3,3,4,18,NA,2,NA,2,1,20,1,2,NA,2,4,1,NA,1,3,2
"909",1.46596359,"909-91",909,91236,20,91,2024,6,13,1,1,1,11,4,4,1,4,1,4,1,1,5,5,5,6,5,5,5,5,4,1,3,1,6,3,1,3,1,5,1,2,1,3,5,4,-9,4,4,3,4,4,4,3,-9,3,1,1,4,4,4,4,2,3,4,1,1,1,3,1,1,1,1,1,5,5,1,1,1,5,1,3,2,1,1,10,-7,5,-7,NA,NA,NA,9,11,36,63,78,10,5,10,0,5,4,1,3,1,1,6,1,3,9,5,2,3,2,1,2,1,5,4,1,3,-8,2,NA,NA,NA,NA,5,5,5,5,2,14,NA,1,1,NA,2,81,1,2,NA,2,8,2,10,7,7,9
"910",1.88702602,"910-91",910,91243,20,91,2024,6,13,1,2,5,10,3,2,1,3,2,5,3,3,7,3,3,6,2,3,2,4,3,2,6,6,6,6,3,3,3,3,2,6,2,4,3,4,4,3,4,4,3,3,3,3,3,4,3,3,3,3,3,3,3,3,4,3,1,-8,2,1,4,5,5,5,5,5,5,5,5,5,5,5,5,5,4,10,10,10,-7,NA,NA,NA,6,17,40,52,84,0,0,10,5,1,5,1,3,2,2,3,5,4,6,5,1,3,2,4,2,3,5,5,-8,3,3,-8,NA,NA,NA,NA,NA,NA,NA,NA,-8,15,15,1,1,NA,2,68,1,2,NA,2,4,2,-8,1,4,1
"911",0.74451958,"911-91",911,91023,4,91,2024,6,4,1,3,3,1,5,2,2,2,4,4,3,2,-9,2,1,6,2,1,2,2,2,6,6,6,6,6,2,2,2,6,1,6,2,1,1,1,4,4,3,4,4,-8,4,2,3,4,4,4,4,4,4,4,4,4,4,4,3,2,3,1,5,4,4,5,5,5,5,5,5,4,5,5,5,5,1,10,10,10,10,2,NA,NA,22,22,44,50,75,0,0,0,0,2,2,1,2,4,5,NA,3,5,7,5,1,1,1,1,2,1,5,2,1,3,3,-8,NA,NA,NA,NA,NA,NA,NA,NA,1,15,15,1,1,NA,1,61,1,2,NA,2,2,1,NA,1,3,2
"912",0.74451958,"912-91",912,91023,4,91,2024,6,4,1,3,3,2,6,2,1,3,4,-9,-9,-9,1,3,4,2,3,3,4,4,3,2,6,6,6,4,2,4,2,2,2,6,2,3,-8,-8,2,3,2,4,3,4,3,4,1,4,2,4,3,4,3,3,3,3,4,3,1,1,3,2,5,2,5,2,2,2,2,2,2,4,5,2,2,5,1,10,10,10,10,2,NA,NA,20,18,46,65,87,0,0,5,5,4,3,1,2,1,3,NA,1,3,9,5,2,2,2,2,1,1,3,5,1,3,-8,-9,NA,NA,NA,NA,NA,NA,NA,NA,4,-9,-9,1,-9,NA,1,55,1,2,NA,2,4,1,NA,1,3,9
"913",0.29198062,"913-91",913,91096,12,91,2024,6,8,1,2,1,2,10,3,1,4,1,4,1,1,4,3,3,6,3,3,3,4,2,1,2,1,2,3,2,2,1,4,1,3,1,1,8,1,4,4,3,4,4,4,4,4,2,2,4,3,4,3,3,3,3,2,2,4,1,1,3,2,4,5,5,4,4,4,4,4,4,3,4,4,4,4,2,8,10,6,-7,NA,NA,NA,9,11,36,63,78,5,10,1,5,2,1,1,1,NA,3,NA,11,2,1,4,5,5,2,4,4,1,2,5,1,3,3,2,NA,NA,NA,NA,2,2,4,4,6,22,NA,1,1,NA,2,61,1,2,NA,2,6,1,NA,7,4,9
"914",0.51026609,"914-91",914,91023,4,91,2024,6,4,1,2,3,9,16,2,2,4,2,5,3,2,7,2,4,3,2,2,2,6,6,3,6,6,6,6,4,3,3,3,4,6,4,4,1,4,3,2,3,3,3,3,3,2,3,2,2,3,3,3,3,3,2,3,3,2,2,2,2,1,4,4,4,4,4,4,4,3,3,3,3,2,4,3,1,9,8,10,9,1,2,7,4,6,27,66,91,2,9,8,9,1,5,1,2,4,5,NA,11,6,2,7,5,1,1,1,2,2,5,5,1,3,3,2,NA,NA,NA,NA,3,2,2,2,4,18,NA,1,2,NA,2,46,1,2,NA,2,4,2,4,1,4,1
"915",0.33894174,"915-91",915,91093,12,91,2024,6,8,1,4,13,8,5,5,1,4,4,5,3,3,10,4,5,6,6,4,2,4,6,6,6,6,6,6,4,6,6,6,4,6,6,4,9,1,4,2,1,3,2,2,2,1,4,3,2,2,2,4,2,1,2,2,2,2,1,2,2,4,1,4,4,2,1,4,1,4,4,3,4,1,5,4,2,10,10,0,-7,NA,NA,NA,1,32,37,54,82,0,10,0,0,1,5,2,2,2,4,NA,3,11,6,10,4,1,1,1,1,-9,5,1,1,3,3,1,1,5,1,1,NA,NA,NA,NA,6,15,15,1,1,NA,2,64,1,2,NA,2,1,1,NA,8,1,2
"916",1.13922792,"916-91",916,91096,12,91,2024,6,8,1,3,3,9,13,3,3,3,3,3,3,1,5,3,3,6,3,4,4,6,6,3,6,6,6,6,4,3,3,6,2,6,3,3,2,6,3,3,3,3,3,3,3,3,3,3,4,3,3,3,4,4,3,3,3,4,3,1,2,3,4,4,4,5,5,4,5,4,5,5,4,4,4,5,6,10,10,10,10,1,3,6,19,10,43,61,74,5,0,0,0,5,5,1,3,4,2,5,1,6,11,10,1,2,2,2,5,1,2,2,2,3,3,1,5,4,5,5,NA,NA,NA,NA,4,20,NA,1,1,NA,2,37,1,2,NA,2,4,2,8,8,1,2
"917",0.44731055,"917-91",917,91093,12,91,2024,6,8,1,3,10,5,17,1,3,4,3,5,3,2,6,2,4,6,6,4,3,3,6,6,6,6,6,6,5,6,5,3,5,6,4,5,4,4,4,3,3,4,3,2,3,3,3,3,3,3,3,3,3,3,3,3,3,3,1,2,3,1,3,3,4,3,3,2,3,3,3,3,3,5,4,3,2,10,8,10,10,2,NA,NA,23,23,41,68,76,5,5,10,10,1,1,1,3,3,3,NA,1,6,4,4,1,2,2,2,1,1,5,4,1,3,3,1,3,3,3,5,NA,NA,NA,NA,1,15,15,1,2,NA,2,47,1,2,NA,2,4,1,NA,1,4,9
"918",1.72717211,"918-91",918,91170,20,91,2024,6,13,1,3,9,3,2,4,2,3,4,4,2,1,-9,4,2,6,6,4,4,4,6,6,6,6,6,6,3,2,3,6,3,6,2,3,1,6,4,2,4,4,3,3,3,3,2,4,3,4,3,2,3,2,2,2,2,3,1,1,2,3,3,1,3,3,2,2,2,1,1,4,1,3,1,1,3,10,10,10,10,1,2,6,11,13,30,51,92,9,1,1,1,1,5,1,2,1,1,2,2,4,1,5,2,1,1,1,3,2,2,4,1,2,2,-8,NA,NA,NA,NA,NA,NA,NA,NA,4,15,15,1,1,NA,1,37,1,2,NA,2,8,1,NA,1,5,9
"919",0.34135675,"919-91",919,91170,20,91,2024,6,13,1,3,1,3,10,3,2,3,3,4,3,2,-9,-9,-9,-9,-9,-9,-9,-9,-9,-9,-9,-9,-9,-9,-9,-9,-9,-9,-9,-9,-9,4,1,1,-9,-9,-9,-9,-9,-9,-9,-9,-9,-9,-9,-9,-9,-9,-9,-9,-9,-9,-9,-9,-9,-9,-9,-9,-9,-9,-9,-9,-9,-9,-9,-9,-9,-9,-9,-9,-9,-9,-9,-8,-8,-9,-8,-9,NA,NA,23,23,41,68,76,-9,-9,-9,-9,-9,-9,-9,-9,NA,-9,NA,-9,NA,NA,-9,-9,-9,-9,-9,-9,-9,-9,-8,-9,-9,-9,-8,NA,NA,NA,NA,NA,NA,NA,NA,-9,15,15,-9,NA,-9,2,80,1,-9,NA,-9,-9,-9,-9,-9,NA,-9
"920",0.68271351,"920-91",920,91170,20,91,2024,6,13,1,3,1,14,10,2,2,3,3,3,3,2,-9,-9,2,6,-8,4,2,6,6,6,6,6,6,6,4,4,2,6,-8,6,6,4,9,2,4,2,-8,3,4,4,1,2,2,4,2,3,4,-8,1,4,2,-8,3,2,-8,-8,2,1,2,-8,-8,-8,-8,-8,-8,-8,-8,-8,-8,-8,-8,-8,-8,10,10,10,-7,NA,NA,NA,23,23,41,68,76,1,9,1,1,2,5,-8,2,3,4,NA,2,3,6,0,5,-8,-8,-8,2,1,5,5,1,3,-8,2,NA,NA,NA,NA,4,2,-8,-8,3,15,15,1,2,NA,2,65,1,2,NA,2,2,2,1,7,5,9
"921",0.32601561,"921-91",921,91170,20,91,2024,6,13,1,3,5,10,3,4,2,4,3,4,1,1,1,4,4,6,4,4,4,4,2,1,4,4,6,6,2,4,2,2,1,6,1,2,8,9,3,3,4,3,4,3,3,3,3,4,3,1,3,3,3,3,3,3,3,4,1,1,3,2,4,4,4,3,4,4,4,3,4,4,4,4,4,4,3,10,10,10,10,2,NA,NA,12,4,33,59,94,10,10,10,0,5,2,2,2,3,4,NA,3,1,9,5,7,4,4,2,3,3,5,4,1,3,2,2,NA,NA,NA,NA,2,2,2,4,5,15,15,1,1,NA,2,50,1,2,NA,2,2,2,4,1,4,1
"922",0.53199814,"922-91",922,91170,20,91,2024,6,13,1,3,5,17,13,3,3,3,3,2,1,1,5,5,5,6,4,4,4,6,6,6,6,6,6,6,2,4,1,3,1,6,3,3,4,1,3,1,3,3,2,3,3,3,4,2,3,3,3,2,3,3,3,2,3,3,1,1,3,1,4,4,4,4,4,4,5,4,4,4,4,5,4,4,4,10,10,10,10,1,2,7,19,10,43,61,74,1,0,2,1,1,2,2,2,5,-8,NA,2,8,1,10,4,1,1,1,1,1,-9,3,-8,3,2,-8,NA,NA,NA,NA,NA,NA,NA,NA,8,15,15,1,1,NA,2,29,1,2,NA,2,8,1,NA,1,2,1
"923",0.97520697,"923-91",923,91048,6,91,2024,6,5,1,2,1,10,3,2,2,3,3,2,1,1,1,5,4,3,3,4,4,2,6,6,6,6,6,6,1,6,2,6,1,6,3,3,3,8,4,3,3,4,4,4,4,2,4,2,2,2,3,3,3,3,2,3,3,4,1,1,3,1,4,2,2,2,3,3,3,3,3,4,4,4,2,2,2,9,10,10,-7,NA,NA,NA,24,24,28,71,73,0,0,10,10,1,2,1,2,4,1,2,1,4,6,8,2,4,2,1,2,1,5,5,1,3,3,2,NA,NA,NA,NA,5,2,5,2,1,9,NA,1,1,NA,1,67,1,2,NA,2,8,1,NA,1,7,1
"924",0.74451958,"924-91",924,91023,4,91,2024,6,4,1,2,14,26,2,3,2,3,3,4,2,2,7,3,1,6,2,2,2,2,4,2,2,3,6,2,4,1,4,1,4,6,4,4,10,1,1,1,1,4,4,3,3,4,3,4,1,4,4,2,4,4,1,2,4,4,3,1,2,2,5,5,5,5,5,5,2,2,2,3,5,5,5,3,1,0,10,10,0,2,NA,NA,19,10,43,61,74,3,10,10,5,1,1,1,3,3,1,2,5,2,1,10,2,1,1,1,2,1,5,5,2,3,3,1,5,5,5,5,NA,NA,NA,NA,4,15,15,1,2,NA,1,59,1,2,NA,2,3,1,NA,2,3,1
"925",1.42057346,"925-91",925,91098,12,91,2024,6,8,1,3,11,9,14,2,3,3,3,4,3,2,7,2,3,4,2,2,2,1,2,3,3,3,2,1,4,3,3,3,5,2,4,5,1,4,3,2,3,4,3,2,3,1,3,3,2,3,3,2,3,3,2,3,4,3,1,1,2,1,4,4,4,5,3,3,2,2,2,2,3,4,3,1,6,10,8,10,0,2,NA,NA,10,8,25,60,85,0,8,0,5,1,4,2,3,3,2,3,2,4,6,5,2,1,1,1,2,1,3,5,1,3,2,2,NA,NA,NA,NA,2,1,2,3,6,15,18,1,2,NA,2,44,1,2,NA,2,8,1,NA,1,3,1
"926",0.47497846,"926-91",926,91064,8,91,2024,6,6,1,3,3,13,17,3,3,2,2,3,2,3,5,3,3,3,6,3,3,6,6,6,6,6,6,6,2,6,3,3,1,6,6,4,10,2,4,4,4,4,3,3,3,3,3,3,4,3,3,3,3,3,4,2,2,4,1,1,3,1,4,5,5,4,3,4,4,4,4,5,3,3,5,5,1,10,8,10,-7,NA,NA,NA,2,16,42,69,81,0,3,5,0,2,5,1,2,2,5,NA,9,5,1,5,5,2,2,2,3,1,2,5,2,3,3,-8,NA,NA,NA,NA,NA,NA,NA,NA,1,9,NA,1,1,NA,2,24,1,2,NA,2,3,1,NA,2,5,9
"927",0.65753081,"927-91",927,91115,14,91,2024,6,9,1,3,11,26,7,2,1,1,3,2,-8,1,-8,5,-8,-8,6,6,-8,6,6,6,6,6,6,6,1,6,6,6,-8,6,6,4,10,1,4,3,4,4,4,4,4,3,-8,4,1,3,4,4,3,4,3,2,4,3,-8,-8,1,1,4,5,4,4,4,-8,4,3,3,5,3,3,2,5,-8,10,10,10,-7,NA,NA,NA,14,7,45,55,83,8,-8,0,0,2,5,3,3,3,5,NA,-8,NA,NA,-8,1,1,1,1,-8,1,-8,5,2,3,2,-8,NA,NA,NA,NA,NA,NA,NA,NA,-8,15,15,1,1,NA,2,63,1,2,NA,2,1,1,NA,7,2,2
"928",0.65013798,"928-91",928,91048,6,91,2024,6,5,1,3,1,3,5,3,3,3,3,-9,2,3,-9,3,3,6,6,3,1,6,6,6,6,6,6,6,1,6,6,6,6,6,6,4,1,1,3,3,4,4,3,1,3,1,1,3,3,3,4,3,4,4,3,2,3,3,1,1,3,1,4,4,-8,3,4,4,2,2,2,1,2,2,-9,3,7,10,-7,0,-7,NA,NA,NA,16,19,39,62,86,2,5,0,1,5,2,2,2,1,4,NA,6,11,1,5,1,1,2,4,5,3,5,5,1,3,2,2,NA,NA,NA,NA,4,5,4,4,-9,14,NA,1,4,NA,1,73,1,2,NA,2,1,1,NA,7,5,1
"929",0.34017739,"929-91",929,91023,4,91,2024,6,4,1,3,3,1,10,3,3,3,3,4,1,1,5,4,4,6,6,6,6,6,6,6,6,6,6,6,6,6,6,6,6,6,6,3,1,1,3,1,3,3,1,3,3,3,3,3,1,3,3,3,3,1,1,1,3,3,2,2,1,1,5,4,5,4,4,1,2,2,2,4,3,5,2,2,3,10,10,10,10,2,NA,NA,11,13,30,51,92,0,1,6,5,2,5,1,3,2,1,2,1,3,2,10,2,1,2,3,4,2,3,3,1,3,-8,2,NA,NA,NA,NA,5,-9,-8,5,-8,15,15,1,-9,NA,2,53,1,2,NA,2,4,1,NA,1,3,1
"930",0.21917694,"930-91",930,91115,14,91,2024,6,9,1,3,10,3,1,4,2,3,2,3,2,-9,-9,-9,-9,-9,-9,-9,-9,-9,-9,-9,-9,-9,-9,-9,-9,-9,-9,-9,-9,-9,-9,-9,-9,-9,2,2,3,-9,3,3,3,3,3,-9,3,-9,3,3,3,3,2,2,3,3,-9,1,-9,3,-9,-9,-9,-9,-9,-9,-9,-9,-9,-9,-9,-9,-9,-9,-9,10,9,10,9,2,NA,NA,6,17,40,52,84,10,0,5,5,3,1,1,-8,NA,5,NA,-9,NA,NA,-9,5,3,3,3,-9,1,-8,5,-9,3,2,-8,NA,NA,NA,NA,NA,NA,NA,NA,-8,15,15,1,-9,NA,2,60,1,2,NA,2,8,2,1,2,5,1
"931",1.17954207,"931-91",931,91116,14,91,2024,6,9,1,3,5,10,16,2,1,3,1,5,3,3,5,3,4,6,2,3,3,6,6,6,6,6,6,6,4,6,3,6,2,6,2,4,2,4,3,3,3,3,3,3,3,3,3,2,3,3,4,3,3,4,3,2,2,3,1,1,3,2,4,4,4,3,3,3,3,4,4,4,3,4,4,3,1,0,0,0,1,2,NA,NA,14,7,45,55,83,0,0,0,0,4,2,3,1,NA,5,NA,9,5,3,5,2,5,2,2,-8,1,5,5,2,3,3,2,NA,NA,NA,NA,-8,-8,-9,-9,8,15,15,1,1,NA,2,32,1,2,NA,2,8,2,6,3,2,8
"932",0.4302736,"932-91",932,91064,8,91,2024,6,6,1,2,3,9,26,2,3,3,3,5,2,2,5,2,3,2,1,3,2,4,2,3,2,6,2,6,5,5,3,3,4,2,3,5,10,1,2,2,4,4,3,1,3,2,4,4,1,4,4,3,3,4,2,2,3,3,2,1,2,1,5,4,5,4,4,4,2,2,2,3,4,5,4,3,1,10,9,10,10,1,2,7,11,13,30,51,92,10,0,5,10,1,5,1,3,4,2,2,2,10,7,10,5,1,1,1,1,1,3,5,2,3,-8,2,NA,NA,NA,NA,5,5,5,4,4,15,15,1,2,NA,2,42,1,2,NA,2,5,1,NA,8,7,1
"933",1.3556971,"933-91",933,91178,20,91,2024,6,13,1,2,3,10,1,1,2,3,2,5,2,2,-9,2,3,-8,3,2,3,3,3,-8,-8,-8,-8,-8,4,-8,3,3,2,-8,-8,4,1,4,4,2,4,4,3,3,3,3,4,3,2,4,4,3,3,3,2,2,3,4,1,1,2,1,4,4,3,3,4,3,3,1,3,3,4,4,3,2,3,10,10,10,0,2,NA,NA,20,18,46,65,87,5,10,9,10,1,1,1,3,3,1,2,4,3,9,8,2,2,4,2,1,3,5,5,1,3,-8,2,NA,NA,NA,NA,3,1,1,1,5,15,15,1,-9,NA,1,58,1,2,NA,2,10,1,NA,10,7,9
"934",1.30027596,"934-91",934,91048,6,91,2024,6,5,1,4,1,7,3,2,2,1,3,4,3,2,7,2,1,6,6,2,1,2,6,6,6,6,6,6,5,4,6,6,4,6,4,5,1,4,2,1,1,4,3,4,2,2,4,1,4,3,4,4,1,4,1,-8,1,1,2,2,3,1,4,4,4,4,4,4,4,1,4,5,5,5,5,5,1,10,-7,7,-7,NA,NA,NA,20,18,46,65,87,2,3,6,4,2,4,2,3,3,4,NA,6,11,2,5,1,2,2,2,4,1,2,2,2,3,2,2,NA,NA,NA,NA,5,4,4,2,3,14,NA,1,1,NA,1,73,1,1,9,2,1,1,NA,7,2,1
"935",3.60477261,"935-91",935,91082,10,91,2024,6,7,1,3,3,6,9,2,2,3,3,3,2,3,-8,2,4,6,2,2,2,2,4,6,6,6,6,5,4,2,2,-8,2,2,2,4,1,1,3,3,4,4,3,4,3,3,4,3,3,3,4,3,4,3,2,3,3,3,3,1,2,2,4,4,4,4,4,2,4,2,2,4,4,4,4,2,2,10,10,10,-7,NA,NA,NA,7,3,20,53,88,5,5,5,0,5,4,2,3,1,1,1,2,6,8,4,1,1,1,1,4,3,3,5,1,3,3,2,NA,NA,NA,NA,2,2,2,2,1,15,15,2,NA,5,1,61,1,1,5,2,2,1,NA,1,2,9
"936",0.32295721,"936-91",936,91279,5,91,2024,6,4,2,3,9,1,5,3,2,3,3,4,2,2,7,2,4,6,3,6,2,6,6,6,6,6,6,6,2,6,4,6,3,6,6,4,9,2,3,3,3,4,3,3,4,3,3,3,3,4,4,3,3,3,3,3,2,3,3,1,3,1,2,4,3,2,2,2,2,2,2,3,2,3,2,2,1,10,8,10,10,1,1,5,11,13,30,51,92,4,3,4,2,1,5,1,3,1,2,1,2,4,11,7,2,1,1,1,2,2,5,5,2,3,2,1,5,5,5,5,NA,NA,NA,NA,1,15,15,1,2,NA,1,40,1,2,NA,2,4,1,NA,1,2,1
"937",0.28443309,"937-91",937,91279,5,91,2024,6,4,2,4,11,26,10,2,3,2,5,3,3,2,6,2,4,6,6,6,-8,6,6,6,6,6,6,6,3,6,6,6,6,6,6,4,2,1,3,4,4,4,3,3,3,3,4,3,3,4,4,4,3,4,3,3,3,3,1,1,2,1,3,4,4,4,4,4,4,4,4,4,4,4,4,4,6,7,7,8,7,2,NA,NA,16,19,39,62,86,6,5,4,5,4,4,2,3,3,2,5,3,6,8,5,3,5,2,2,4,5,5,4,1,3,3,2,NA,NA,NA,NA,5,2,2,5,1,15,15,1,-8,NA,2,60,1,2,NA,2,1,1,NA,8,4,1
"938",0.77678697,"938-91",938,91279,5,91,2024,6,4,2,3,3,2,4,1,3,3,3,4,3,2,-8,1,2,6,2,2,2,6,6,6,6,6,6,6,4,6,6,6,4,6,6,5,1,7,2,1,2,4,3,3,4,3,4,4,1,4,4,4,3,4,2,3,3,3,3,1,2,1,4,4,4,3,4,4,2,2,2,2,4,3,3,2,3,5,0,10,-7,NA,NA,NA,17,1,48,67,90,5,0,0,0,2,3,1,3,2,4,NA,6,2,1,10,2,2,1,1,1,3,5,5,2,2,3,2,NA,NA,NA,NA,4,4,4,4,3,15,15,1,2,NA,2,68,1,2,NA,2,4,1,NA,7,2,1
"939",0.65013798,"939-91",939,91048,6,91,2024,6,5,1,3,7,26,1,2,1,2,3,5,2,2,9,2,3,6,6,2,6,6,6,6,6,6,6,6,4,6,6,6,4,6,6,5,1,4,2,4,4,4,4,4,1,3,4,2,2,4,4,4,1,2,4,3,3,2,3,1,2,1,5,2,5,-8,2,5,2,5,2,5,2,2,5,5,1,10,-7,10,-7,NA,NA,NA,4,6,27,66,91,4,10,5,10,4,5,3,2,1,1,-8,6,9,2,10,5,1,2,2,1,1,1,2,1,3,3,2,NA,NA,NA,NA,5,4,5,4,4,15,14,1,-9,NA,1,68,1,2,NA,2,2,1,NA,7,2,1
"940",0.95865543,"940-91",940,91279,5,91,2024,6,4,2,5,7,6,10,1,2,2,3,5,2,2,-8,2,4,6,6,6,6,6,6,6,6,6,6,6,3,6,6,6,6,6,6,3,9,6,3,3,4,4,3,3,4,3,3,3,3,4,4,4,3,3,3,3,4,4,3,1,2,1,4,5,5,4,4,4,4,3,3,4,5,3,4,4,3,10,10,10,10,1,3,7,3,2,47,56,95,10,10,5,10,2,1,2,3,3,3,NA,3,2,1,10,2,1,1,1,3,4,5,5,2,3,2,2,NA,NA,NA,NA,5,5,5,5,3,17,NA,2,NA,2,2,27,1,2,NA,2,4,2,2,1,2,1
"941",0.14221655,"941-91",941,91279,5,91,2024,6,4,2,5,7,2,6,1,3,3,3,4,2,2,10,1,4,6,6,1,6,6,6,6,6,6,6,6,4,6,6,6,5,6,6,5,7,1,-8,-8,1,2,-8,3,4,-8,3,-8,2,4,-8,-8,1,3,-8,1,3,3,1,-8,-8,1,4,4,4,4,4,-8,4,4,-8,4,4,-8,4,-8,-8,9,8,9,9,1,2,4,22,22,44,50,75,5,5,5,10,-8,4,2,3,2,-8,NA,3,10,2,-8,3,2,2,2,5,1,-8,-8,-8,3,3,-8,NA,NA,NA,NA,NA,NA,NA,NA,4,15,-8,2,NA,2,2,61,1,2,NA,2,1,1,NA,8,1,2
"942",0.21911715,"942-91",942,91279,5,91,2024,6,4,2,4,5,9,7,1,2,1,3,5,2,2,1,1,4,6,6,6,2,6,6,6,6,6,6,6,2,6,6,6,6,6,6,5,2,4,4,3,4,4,4,4,3,3,3,4,4,4,4,4,4,4,3,3,4,4,3,1,3,1,4,5,5,5,4,5,5,4,2,4,5,5,5,4,6,10,10,10,10,1,3,7,6,17,40,52,84,0,0,0,0,5,5,2,2,3,1,5,2,11,5,10,2,1,1,1,5,1,5,5,2,3,2,2,NA,NA,NA,NA,-8,-8,-8,-8,4,-8,-8,1,4,NA,2,43,1,2,NA,2,-8,1,NA,1,5,1
"943",0.64591443,"943-91",943,91279,5,91,2024,6,4,2,4,5,10,11,2,2,3,2,4,2,2,5,2,4,6,6,6,2,6,6,6,6,6,6,6,6,6,6,6,6,6,6,4,2,1,2,2,3,4,1,2,4,3,4,1,3,3,4,3,3,1,2,3,3,3,3,2,2,1,4,4,4,3,2,2,4,3,1,2,4,3,3,2,3,10,8,5,8,1,2,6,5,12,34,58,77,4,8,4,7,2,5,1,2,4,2,3,4,3,9,6,2,1,1,1,4,2,2,2,2,3,-8,2,NA,NA,NA,NA,5,5,5,5,6,1,NA,1,2,NA,1,31,1,2,NA,2,2,2,1,1,3,1
"944",0.4302736,"944-91",944,91064,8,91,2024,6,6,1,2,3,10,5,2,3,3,3,4,3,2,10,2,4,6,2,1,2,6,6,6,6,6,6,6,4,6,6,6,2,6,6,4,2,1,3,2,3,3,3,2,3,3,2,3,3,3,3,4,3,3,3,3,3,4,1,1,3,1,4,4,3,3,4,3,4,3,3,3,2,3,3,2,1,10,10,10,10,1,3,4,6,17,40,52,84,4,5,5,5,1,4,1,3,1,5,NA,6,1,2,10,1,1,1,1,1,1,4,5,2,3,2,2,NA,NA,NA,NA,5,5,5,3,4,3,NA,1,1,NA,2,36,1,2,NA,2,3,1,NA,8,2,1
"945",0.34151452,"945-91",945,91272,24,91,2024,6,15,1,3,7,2,1,3,1,3,2,3,2,2,9,2,4,6,-8,-8,-8,6,2,6,6,6,6,6,-8,-8,-8,6,-8,6,6,4,1,1,4,3,3,3,3,3,3,3,4,3,3,3,3,3,3,3,3,3,3,3,3,1,2,1,4,1,2,2,2,3,2,3,2,2,2,2,2,2,-8,10,10,10,0,2,NA,NA,11,13,30,51,92,-8,9,3,8,3,5,1,1,NA,-8,NA,2,3,5,8,2,2,1,1,2,2,1,4,1,2,-8,-8,NA,NA,NA,NA,NA,NA,NA,NA,6,15,15,1,1,NA,1,53,1,1,3,2,4,1,NA,1,3,9
"946",4.31627834,"946-91",946,91284,9,91,2024,6,6,2,3,3,14,9,2,2,4,3,5,2,2,5,1,3,6,1,1,1,2,3,2,6,6,6,2,5,4,5,4,4,6,3,5,1,4,2,1,2,4,2,3,3,2,4,1,1,4,3,1,2,3,1,1,1,4,1,1,2,1,3,3,2,5,3,3,2,2,2,2,3,5,3,2,3,10,10,5,0,2,NA,NA,17,1,48,67,90,1,1,1,1,1,5,1,2,3,4,NA,1,2,7,10,2,1,1,1,1,1,5,5,1,3,3,-8,NA,NA,NA,NA,NA,NA,NA,NA,6,15,2,1,4,NA,1,39,1,2,NA,2,8,2,2,7,4,1
"947",1.26713626,"947-91",947,91284,9,91,2024,6,6,2,4,10,1,5,3,2,3,3,4,3,2,5,2,4,6,6,6,6,6,6,6,6,6,6,6,2,6,6,6,2,6,6,3,1,2,2,2,4,4,-8,-8,3,-8,4,2,1,3,3,3,3,3,3,2,3,3,3,2,3,1,3,3,2,2,3,-8,2,2,2,2,4,2,3,-8,3,10,10,0,-7,NA,NA,NA,6,17,40,52,84,1,9,9,1,2,1,2,2,2,5,NA,2,6,11,10,2,1,2,2,2,1,5,3,2,3,3,2,NA,NA,NA,NA,2,2,4,4,6,15,15,1,4,NA,2,58,1,2,NA,2,3,1,NA,7,2,1
"948",1.95231357,"948-91",948,91284,9,91,2024,6,6,2,3,2,9,14,3,3,3,3,4,3,2,-9,3,4,6,6,3,3,6,6,6,6,6,6,6,3,6,6,6,6,6,6,3,2,2,3,3,4,4,3,3,3,3,3,3,3,3,3,4,3,4,3,3,3,3,3,1,1,1,4,4,4,4,4,4,4,4,4,4,4,4,4,4,4,10,10,10,10,1,3,6,21,21,38,49,93,5,5,5,5,2,5,1,3,2,5,NA,1,2,10,0,5,3,3,3,5,1,5,3,1,3,3,1,4,2,4,4,NA,NA,NA,NA,3,15,15,1,1,NA,2,42,1,2,NA,2,6,1,NA,2,2,1
"949",3.87051062,"949-91",949,91284,9,91,2024,6,6,2,3,14,1,16,2,2,3,4,4,3,2,10,1,3,6,4,2,1,4,6,5,6,6,4,2,5,3,4,6,3,6,1,4,1,1,2,1,2,4,3,2,2,1,2,4,2,3,4,3,3,4,2,4,3,3,1,1,2,1,4,4,5,3,2,4,4,3,4,3,3,3,3,3,1,10,10,10,-7,NA,NA,NA,15,9,31,64,79,1,9,4,9,4,4,1,3,3,5,NA,1,6,9,10,2,2,2,1,2,2,1,1,1,3,-8,2,NA,NA,NA,NA,4,2,2,2,2,13,NA,1,2,NA,1,82,1,2,NA,2,2,1,NA,7,5,9
"950",0.66207687,"950-91",950,91048,6,91,2024,6,5,1,3,16,11,5,2,-8,3,3,3,2,-8,-8,3,3,6,6,3,2,6,6,6,6,6,6,6,4,6,3,6,3,6,6,3,9,4,3,1,3,4,3,3,3,2,4,2,1,3,3,3,3,3,1,2,2,3,2,1,1,1,3,3,3,3,3,3,3,3,3,3,3,3,3,3,1,10,10,10,-7,NA,NA,NA,4,6,27,66,91,2,7,0,7,4,5,1,2,3,2,5,1,2,11,4,5,1,1,1,2,2,-8,5,1,3,-8,-8,NA,NA,NA,NA,NA,NA,NA,NA,5,14,NA,1,-9,NA,2,50,1,2,NA,2,4,1,NA,1,3,5
"951",1.82477939,"951-91",951,91178,20,91,2024,6,13,1,2,1,7,16,3,1,3,3,4,1,1,1,5,5,3,4,4,5,5,4,1,4,2,3,3,1,3,1,3,1,3,1,2,8,7,3,2,3,3,3,4,4,3,3,3,2,2,3,3,3,2,3,3,3,3,1,1,3,2,4,2,4,3,3,3,3,3,3,3,3,3,3,3,2,10,10,5,-7,NA,NA,NA,7,3,20,53,88,10,5,10,10,2,2,1,2,4,4,NA,9,3,2,5,1,3,3,3,3,3,3,3,2,2,2,2,NA,NA,NA,NA,-9,2,2,3,5,11,NA,1,1,NA,1,66,1,2,NA,2,8,1,NA,2,4,1
"952",1.36858455,"952-91",952,91178,20,91,2024,6,13,1,2,1,2,3,4,1,3,3,4,2,1,5,4,4,6,6,5,4,5,4,4,6,3,6,3,5,4,4,5,3,6,4,5,-8,1,1,1,1,3,2,2,2,1,2,2,1,1,3,2,2,2,1,1,2,3,2,1,1,1,3,1,3,2,3,1,2,1,1,1,2,1,1,1,1,10,-7,10,-7,NA,NA,NA,17,1,48,67,90,10,0,10,0,1,1,1,2,1,2,2,1,2,4,10,1,1,1,1,2,1,3,5,1,3,2,2,NA,NA,NA,NA,5,4,4,-9,1,15,15,1,2,NA,1,83,1,2,NA,2,4,1,NA,7,6,2
"953",0.36137929,"953-91",953,91093,12,91,2024,6,8,1,3,10,3,7,3,1,3,2,4,3,1,6,4,5,6,6,6,3,6,6,6,6,6,6,6,2,6,6,6,1,6,6,4,7,7,4,4,4,4,3,3,4,4,3,2,4,4,4,4,4,4,4,1,3,4,2,1,3,2,5,4,5,5,5,5,5,4,5,3,3,2,5,4,1,7,9,3,8,2,NA,NA,7,3,20,53,88,4,0,7,7,1,5,1,2,2,5,NA,3,6,4,4,4,2,2,2,3,1,5,2,2,3,2,2,NA,NA,NA,NA,5,3,4,4,4,15,15,1,1,NA,1,22,1,2,NA,1,5,1,NA,1,3,9
"954",1.21301336,"954-91",954,91082,10,91,2024,6,7,1,3,2,7,9,2,2,4,3,3,3,2,6,4,3,6,6,4,4,4,4,6,6,6,6,6,4,4,4,6,4,6,4,5,1,1,4,3,3,4,4,-8,3,2,4,3,4,2,3,3,3,4,3,3,3,4,3,1,2,2,4,2,3,3,4,3,4,4,4,2,4,2,3,2,1,9,7,5,-7,NA,NA,NA,5,12,34,58,77,1,1,1,10,2,5,2,2,3,3,NA,4,3,6,5,4,2,2,2,1,1,3,4,1,3,2,-8,NA,NA,NA,NA,NA,NA,NA,NA,4,15,15,1,-9,NA,1,71,1,2,NA,2,4,1,NA,7,3,9
"955",2.99689082,"955-91",955,91196,20,91,2024,6,13,1,1,2,13,3,3,2,4,3,3,2,2,10,3,4,6,4,5,2,2,6,6,6,6,6,6,5,5,2,2,3,6,4,5,8,2,4,2,1,4,4,2,3,1,4,4,1,2,3,2,3,2,3,2,2,3,1,1,2,2,4,5,4,5,5,5,4,4,4,3,5,5,5,5,3,4,4,10,5,2,NA,NA,12,4,33,59,94,5,0,10,0,1,4,1,1,NA,5,NA,1,8,2,6,2,1,2,1,2,2,3,4,1,3,2,-8,NA,NA,NA,NA,NA,NA,NA,NA,6,15,15,1,2,NA,1,28,1,2,NA,2,10,2,4,3,7,2
"956",1.85475609,"956-91",956,91196,20,91,2024,6,13,1,1,7,17,10,2,1,3,2,3,1,1,1,5,5,6,5,4,5,4,3,1,6,6,6,5,1,4,1,5,1,6,2,1,3,5,4,4,4,2,4,4,4,3,3,2,4,1,3,3,2,2,3,2,3,3,1,1,3,1,4,3,2,3,4,4,5,4,5,3,3,4,3,3,4,10,10,10,10,1,2,7,18,15,35,72,89,10,0,10,0,1,2,2,1,NA,1,5,8,11,1,5,2,4,4,4,3,5,5,5,1,3,2,-8,NA,NA,NA,NA,NA,NA,NA,NA,1,16,NA,1,1,NA,2,46,1,2,NA,2,10,1,NA,2,7,9
"957",7.02522551,"957-91",957,91143,20,91,2024,6,13,1,2,2,9,6,2,3,2,2,4,2,2,5,1,3,6,1,6,1,2,1,1,2,6,1,1,2,2,1,6,1,6,1,3,6,4,3,1,4,4,3,4,3,4,4,3,2,4,4,3,3,4,1,1,3,4,1,2,3,2,5,5,5,5,5,5,4,2,4,5,5,3,4,4,2,10,10,5,6,1,3,7,19,10,43,61,74,5,5,5,5,1,3,1,3,4,4,NA,2,3,11,5,5,1,5,1,2,1,5,4,2,3,1,1,5,1,5,5,NA,NA,NA,NA,6,15,15,1,-9,NA,1,50,1,1,9,2,8,1,NA,2,5,9
"958",0.33061432,"958-91",958,91093,12,91,2024,6,8,1,3,14,1,6,3,2,3,3,4,2,1,1,4,3,6,1,1,4,6,6,6,6,6,6,6,4,6,3,6,2,6,6,3,1,1,4,4,4,3,4,2,4,1,2,3,3,3,4,-9,3,3,1,2,3,2,3,-8,2,1,4,3,3,-8,3,-8,3,3,3,3,3,3,3,3,3,1,8,7,10,1,2,5,24,24,28,71,73,1,1,5,10,3,3,2,3,1,1,2,2,1,6,1,2,1,3,1,1,1,1,2,1,3,3,2,NA,NA,NA,NA,-8,-8,-8,-9,6,15,15,1,1,NA,2,38,1,2,NA,2,5,1,NA,1,2,2
"959",1.31124965,"959-91",959,91028,4,91,2024,6,4,1,2,26,17,2,3,2,2,3,4,2,2,5,3,3,6,3,3,3,3,3,6,6,6,6,6,3,4,3,6,3,6,3,3,2,1,4,2,2,4,3,2,3,1,3,2,2,3,3,4,3,2,1,2,3,3,1,1,2,1,3,1,2,2,2,2,2,1,2,4,3,2,1,1,1,9,9,7,9,1,2,5,5,12,34,58,77,1,3,1,9,1,1,1,2,3,3,NA,5,3,4,8,5,2,1,1,1,1,5,5,1,3,3,2,NA,NA,NA,NA,-8,2,-8,-8,6,1,NA,1,4,NA,1,50,1,2,NA,2,4,1,NA,1,3,2
"960",0.66602464,"960-91",960,91243,20,91,2024,6,13,1,2,3,9,14,3,1,4,2,2,1,1,2,4,5,6,4,5,4,5,3,6,4,6,6,3,2,3,1,5,1,2,1,2,5,5,4,2,3,4,3,4,4,2,4,2,3,2,3,3,4,2,3,1,1,3,1,1,3,1,4,4,4,4,5,3,4,4,3,5,5,2,3,3,4,10,10,10,10,1,3,7,11,13,30,51,92,10,2,3,10,1,4,1,1,NA,4,NA,1,2,11,3,2,3,2,1,3,1,5,5,1,3,3,1,5,1,5,5,NA,NA,NA,NA,6,9,NA,1,1,NA,2,43,1,2,NA,2,10,1,NA,1,5,9
"961",1.00613649,"961-91",961,91002,1,91,2024,6,1,1,2,1,3,6,1,3,2,4,5,3,2,5,1,2,3,6,6,1,3,3,6,2,6,6,6,4,6,6,3,4,3,3,3,5,4,3,2,3,4,4,3,3,3,3,4,4,4,4,3,3,4,3,1,4,4,2,1,2,1,4,4,4,4,4,4,4,4,4,4,4,4,4,4,3,10,10,10,10,1,3,5,7,3,20,53,88,5,5,5,5,2,1,1,3,1,1,1,3,11,7,10,2,1,1,1,3,3,3,1,2,3,3,1,2,4,3,4,NA,NA,NA,NA,4,17,NA,1,2,NA,2,32,1,2,NA,2,8,1,NA,1,4,1
"962",1.00613649,"962-91",962,91002,1,91,2024,6,1,1,2,5,2,1,1,3,3,2,1,3,2,5,1,2,3,3,2,1,3,6,6,3,3,3,3,5,6,6,3,4,4,6,3,9,4,4,4,3,4,4,3,3,3,3,4,4,4,4,3,4,4,4,3,3,3,3,1,2,3,5,4,4,4,4,4,4,4,4,4,4,4,4,4,4,10,10,10,10,1,3,5,10,8,25,60,85,10,5,10,5,1,5,1,3,3,1,3,3,11,9,5,5,1,1,1,2,1,3,4,2,3,3,1,1,2,2,2,NA,NA,NA,NA,4,3,NA,1,1,NA,2,34,1,2,NA,1,6,1,NA,1,2,1
"963",0.59244273,"963-91",963,91093,12,91,2024,6,8,1,3,3,9,2,2,2,3,2,5,3,2,1,1,2,6,6,6,2,6,6,6,6,6,6,6,2,6,6,6,2,6,6,4,2,6,4,1,4,4,4,1,1,1,1,4,1,4,4,1,4,4,1,1,1,4,-8,2,1,1,5,5,5,5,5,5,2,5,5,1,5,4,5,5,1,10,10,10,10,1,2,7,18,15,35,72,89,5,5,5,5,4,5,3,3,2,1,2,1,3,6,10,1,1,1,1,1,1,1,1,1,3,3,-8,NA,NA,NA,NA,NA,NA,NA,NA,1,15,15,1,3,NA,1,41,1,2,NA,2,4,1,NA,1,1,9
"964",0.51506565,"964-91",964,91088,12,91,2024,6,8,1,1,14,17,3,1,3,2,3,5,3,2,5,2,3,2,2,2,2,6,6,2,6,6,6,6,2,6,6,2,2,2,2,3,11,9,3,4,3,4,4,4,4,4,4,4,4,4,4,4,4,4,4,4,4,4,1,1,3,5,5,5,5,5,5,5,5,5,5,5,5,5,5,5,7,10,10,10,10,1,1,7,5,12,34,58,77,0,0,0,5,1,5,1,3,2,2,1,1,9,3,8,7,3,3,3,1,2,-8,3,2,3,2,2,NA,NA,NA,NA,-8,-8,-8,-8,-8,3,NA,2,NA,5,2,49,1,2,NA,2,9,1,NA,1,7,1
"965",1.09449605,"965-91",965,91140,20,91,2024,6,13,1,3,3,14,2,3,2,4,3,3,2,2,5,3,3,6,3,3,3,6,6,6,6,6,6,6,3,6,4,3,3,6,3,4,2,6,3,3,2,3,4,3,3,3,3,3,3,3,3,3,3,4,3,3,3,4,1,1,2,1,4,4,4,4,3,4,4,4,4,4,3,4,4,4,3,5,8,6,7,1,2,5,19,10,43,61,74,2,5,9,1,2,3,2,2,2,1,1,4,7,1,6,5,1,1,1,2,1,3,4,2,3,3,1,-8,-8,4,4,NA,NA,NA,NA,5,5,NA,1,2,NA,1,49,1,2,NA,2,6,1,NA,1,5,8
"966",0.44637983,"966-91",966,91182,20,91,2024,6,13,1,2,3,9,26,3,1,3,2,3,3,2,10,3,2,6,6,6,2,6,6,6,6,6,6,6,4,6,6,6,2,6,6,4,1,1,2,3,-8,4,-8,3,3,-8,-8,3,1,3,-8,4,3,3,1,1,1,1,3,2,3,1,3,3,3,3,3,3,3,3,2,4,4,2,3,3,3,10,-7,8,-7,NA,NA,NA,12,4,33,59,94,0,0,6,5,2,5,1,1,NA,5,NA,1,2,11,10,5,1,1,1,2,1,4,2,1,3,3,-8,NA,NA,NA,NA,NA,NA,NA,NA,5,15,15,1,1,NA,2,76,1,2,NA,2,4,2,1,7,5,1
"967",0.19372252,"967-91",967,91180,20,91,2024,6,13,1,3,3,9,14,1,3,2,3,4,2,2,7,2,2,2,2,2,1,1,6,3,3,6,2,6,4,2,4,3,2,3,1,4,1,1,3,2,3,4,4,4,3,3,4,3,2,4,4,3,3,4,2,2,4,4,1,2,3,1,4,4,4,3,5,5,2,2,2,3,5,3,5,5,3,5,5,10,-7,NA,NA,NA,15,9,31,64,79,10,10,0,10,1,5,1,3,3,5,NA,1,5,4,5,2,1,1,1,2,1,3,4,1,3,-8,-8,NA,NA,NA,NA,NA,NA,NA,NA,-8,15,15,1,1,NA,2,56,1,2,NA,2,4,1,NA,1,4,1
"968",1.10953764,"968-91",968,91162,20,91,2024,6,13,1,2,3,17,4,3,3,3,3,3,2,2,5,3,3,6,3,6,2,6,3,6,3,6,6,3,3,3,3,6,4,6,6,3,1,6,3,2,3,3,3,3,3,3,3,3,3,3,3,3,2,3,2,3,3,2,2,2,3,1,4,4,4,4,3,4,3,3,3,4,4,4,4,3,6,9,8,9,8,2,NA,NA,5,12,34,58,77,3,7,4,10,4,1,1,3,3,5,NA,1,2,11,5,5,2,1,2,1,1,2,1,1,3,-8,-8,NA,NA,NA,NA,NA,NA,NA,NA,6,9,NA,1,2,NA,2,31,1,2,NA,2,6,1,NA,1,7,9
"969",0.67525035,"969-91",969,91163,20,91,2024,6,13,1,4,7,26,9,2,2,3,3,3,2,2,5,3,4,6,2,6,3,6,6,6,3,6,6,3,4,6,4,3,3,3,2,4,2,4,3,3,4,3,3,3,4,3,4,2,3,3,3,3,3,3,3,4,4,4,3,1,2,1,4,3,2,3,4,3,4,3,3,2,2,2,3,3,1,10,10,10,10,2,NA,NA,11,13,30,51,92,9,2,4,2,3,5,1,3,1,1,2,2,4,6,7,5,1,1,1,1,2,2,3,1,3,3,1,4,2,5,4,NA,NA,NA,NA,4,15,15,1,1,NA,2,52,1,2,NA,2,4,1,NA,3,4,1
"970",1.68812587,"970-91",970,91163,20,91,2024,6,13,1,4,7,26,3,1,3,3,2,5,3,3,7,2,3,6,5,6,1,6,3,1,6,3,3,6,2,5,2,6,3,-8,6,3,9,4,3,3,3,4,3,4,2,3,3,4,3,3,2,2,4,2,3,2,2,4,3,2,3,4,3,3,3,3,3,2,4,3,3,3,3,2,2,3,1,10,10,10,10,2,NA,NA,23,23,41,68,76,5,5,5,5,2,5,1,3,2,5,NA,1,2,11,10,5,2,2,2,3,1,1,3,2,3,2,-8,NA,NA,NA,NA,NA,NA,NA,NA,4,19,NA,1,1,NA,2,49,1,2,NA,2,1,1,NA,1,1,1
"971",0.29593144,"971-91",971,91288,13,91,2024,6,8,2,3,9,6,26,2,2,2,3,4,2,2,5,3,5,6,3,4,3,6,6,6,6,2,6,6,3,4,3,6,1,6,3,3,5,4,3,2,2,3,3,3,4,3,4,3,2,3,3,3,3,3,3,2,4,3,3,1,2,1,3,3,3,4,3,3,3,3,3,3,3,4,3,3,2,10,10,10,10,2,NA,NA,17,1,48,67,90,5,8,5,2,3,2,2,2,1,4,NA,11,7,6,8,2,1,1,1,1,1,3,5,1,2,2,2,NA,NA,NA,NA,-8,-8,-8,-8,3,15,15,1,4,NA,2,50,1,2,NA,2,3,1,NA,1,2,9
"972",0.44839753,"972-91",972,91091,12,91,2024,6,8,1,4,1,7,10,3,1,3,3,4,2,2,10,1,2,6,2,2,1,2,6,6,2,6,6,2,4,4,4,4,4,6,4,4,1,6,3,2,2,4,2,2,2,2,4,3,2,3,3,2,2,2,2,2,3,3,1,1,1,1,3,3,3,3,2,3,2,2,2,2,2,4,2,3,1,10,10,10,1,2,NA,NA,15,9,31,64,79,5,10,0,10,1,4,2,2,3,4,NA,1,2,7,10,5,1,1,1,2,1,1,4,1,3,1,-8,NA,NA,NA,NA,NA,NA,NA,NA,4,13,NA,1,2,NA,2,67,1,2,NA,2,1,1,NA,7,2,2
"973",1.26475168,"973-91",973,91288,13,91,2024,6,8,2,3,3,1,5,1,2,2,3,4,3,2,5,2,3,6,1,2,6,6,6,6,6,6,6,6,4,6,6,6,3,6,6,5,4,2,3,2,3,4,3,3,3,2,3,4,2,4,4,3,3,4,2,2,3,3,1,1,2,1,5,5,5,5,5,5,3,3,2,5,4,5,4,5,3,10,10,10,10,1,3,5,7,3,20,53,88,2,2,5,7,1,5,2,2,3,4,NA,1,5,6,10,2,1,1,1,1,3,5,5,2,3,2,2,NA,NA,NA,NA,-8,-8,-8,-8,4,15,15,1,1,NA,2,28,1,2,NA,1,3,2,6,2,2,9
"974",0.57816141,"974-91",974,91288,13,91,2024,6,8,2,3,14,5,10,3,3,3,1,3,2,1,1,4,4,6,3,4,3,5,6,6,6,6,6,6,2,6,3,6,1,6,3,3,10,4,3,3,1,3,2,2,3,3,4,3,3,2,3,3,2,2,3,1,3,3,1,1,2,1,1,1,2,2,2,2,3,2,3,2,2,3,2,1,4,10,10,10,10,1,3,5,3,2,47,56,95,5,1,0,5,1,1,1,2,1,5,NA,4,6,3,2,5,1,1,1,5,1,1,1,1,3,2,2,NA,NA,NA,NA,4,4,4,4,4,15,15,1,1,NA,2,42,1,2,NA,2,4,2,4,1,2,2
"975",0.65374194,"975-91",975,91159,20,91,2024,6,13,1,3,2,3,10,2,3,3,1,5,3,2,-8,1,3,2,6,2,2,6,6,6,6,6,6,2,2,4,4,2,2,6,6,4,1,1,4,4,4,4,4,4,4,4,1,1,4,4,4,4,4,4,4,4,4,4,3,1,3,2,5,5,5,5,5,5,5,5,5,5,5,5,5,5,1,0,10,10,0,2,NA,NA,20,18,46,65,87,0,0,9,10,1,5,2,3,2,5,NA,1,2,6,5,2,1,1,1,3,3,2,4,2,3,3,-8,NA,NA,NA,NA,NA,NA,NA,NA,4,15,15,2,NA,2,1,44,1,2,NA,2,2,1,NA,2,8,9
"976",0.49359314,"976-91",976,91159,20,91,2024,6,13,1,3,3,9,2,1,1,3,2,4,2,2,5,1,3,6,3,2,2,2,3,6,3,6,3,6,4,4,3,4,2,6,3,3,2,4,3,4,3,4,3,3,3,1,3,2,3,4,3,4,3,3,3,3,3,3,3,1,3,3,5,5,4,3,4,4,4,5,4,5,3,4,5,5,1,10,10,10,10,2,NA,NA,2,16,42,69,81,0,10,0,10,4,2,1,2,1,1,5,1,6,2,10,5,1,1,1,2,3,4,2,2,3,3,-8,NA,NA,NA,NA,NA,NA,NA,NA,1,15,15,1,4,NA,2,52,1,2,NA,2,4,1,NA,2,3,1
"977",1.96122582,"977-91",977,91159,20,91,2024,6,13,1,2,8,1,5,3,1,3,2,4,1,1,1,4,3,6,4,3,3,4,6,6,6,6,6,6,1,3,6,6,1,6,2,1,5,-9,4,4,4,4,4,4,4,3,4,3,4,3,4,4,4,4,4,3,4,4,1,2,3,3,4,4,5,5,5,5,5,5,5,5,4,5,5,5,3,10,10,10,10,1,1,5,20,18,46,65,87,0,5,10,5,2,2,1,2,3,4,NA,1,3,9,6,2,3,5,2,3,1,1,5,1,3,3,2,NA,NA,NA,NA,5,5,5,5,5,15,15,1,1,NA,1,31,1,2,NA,2,7,2,6,2,2,9
"978",0.56101734,"978-91",978,91159,20,91,2024,6,13,1,3,3,9,10,2,2,3,3,3,2,3,5,4,4,6,-8,4,4,2,6,6,6,6,6,6,2,4,2,4,1,6,2,3,1,1,4,1,4,3,4,-8,4,1,4,1,1,2,4,4,4,3,3,1,4,4,1,1,3,2,5,4,4,4,4,4,4,4,4,4,-8,4,4,4,1,10,10,0,0,2,NA,NA,22,22,44,50,75,0,0,0,0,4,5,1,2,4,5,NA,1,6,11,8,3,1,5,1,1,5,5,5,2,2,-8,2,NA,NA,NA,NA,5,5,5,5,5,15,15,1,1,NA,2,64,1,2,NA,2,6,1,NA,8,1,1
"979",0.36482251,"979-91",979,91159,20,91,2024,6,13,1,2,1,8,14,3,1,1,2,4,1,1,2,5,4,6,5,4,4,5,4,3,1,6,6,4,4,4,4,4,1,6,2,3,3,7,3,3,4,3,4,3,4,3,4,3,3,2,3,4,2,-8,2,2,4,4,1,1,3,5,3,2,3,3,3,4,3,2,3,3,2,3,3,3,2,10,10,10,10,2,NA,NA,13,14,29,70,96,0,10,0,0,5,2,1,2,3,1,6,1,2,4,5,5,5,3,5,1,2,5,5,-8,2,-8,-8,NA,NA,NA,NA,NA,NA,NA,NA,6,3,NA,1,1,NA,2,40,1,2,NA,1,7,1,NA,3,1,9
"980",4.61109909,"980-91",980,91184,20,91,2024,6,13,1,2,16,2,1,3,2,2,3,3,1,1,1,3,3,6,4,3,4,3,3,1,6,2,6,6,1,2,1,6,1,6,1,1,5,-8,4,4,4,4,4,4,4,4,4,4,4,4,4,4,4,4,3,3,4,4,3,1,3,3,4,4,4,3,4,4,4,4,4,4,4,4,4,3,6,8,8,8,8,2,NA,NA,15,9,31,64,79,7,7,0,7,4,2,1,2,4,5,NA,3,9,2,7,2,3,5,2,3,1,2,5,2,2,2,1,3,2,5,3,NA,NA,NA,NA,5,15,15,1,1,NA,1,41,1,1,5,2,6,2,4,3,5,11
"981",2.00682264,"981-91",981,91029,4,91,2024,6,4,1,2,14,3,1,2,2,3,2,5,3,2,7,2,3,6,6,1,2,6,6,6,6,6,6,6,4,6,6,6,3,6,6,5,10,4,3,2,1,4,3,3,3,-8,2,2,2,3,3,4,3,3,2,2,3,4,2,1,1,1,5,5,5,5,5,4,3,3,4,4,4,3,4,5,6,10,10,10,10,2,NA,NA,4,6,27,66,91,0,10,5,10,1,2,1,2,3,3,NA,2,1,7,7,5,1,1,1,2,2,2,2,2,3,-8,-8,NA,NA,NA,NA,NA,NA,NA,NA,5,1,NA,1,1,NA,1,28,1,2,NA,2,7,1,NA,1,4,2
"982",1.70435556,"982-91",982,91184,20,91,2024,6,13,1,2,13,16,10,2,2,3,-8,4,3,2,5,1,4,6,6,3,3,6,6,6,6,6,6,6,3,3,6,6,3,6,6,4,1,6,3,2,4,4,3,3,3,3,3,3,3,3,4,3,3,3,3,3,3,2,2,1,2,1,5,5,5,4,4,4,4,4,4,4,5,3,5,4,3,8,9,8,-7,NA,NA,NA,2,16,42,69,81,4,4,7,0,2,1,1,2,4,2,5,6,3,2,6,1,1,1,2,3,5,5,5,2,3,3,1,-8,2,2,2,NA,NA,NA,NA,3,15,15,1,1,NA,2,24,1,2,NA,1,6,2,1,1,3,1
"983",0.22354994,"983-91",983,91261,20,91,2024,6,13,1,2,3,8,6,2,1,3,3,3,2,1,5,4,4,6,4,3,4,3,6,6,6,6,6,6,4,4,4,6,3,6,4,3,3,4,3,3,3,4,3,2,3,1,3,2,2,3,3,3,2,2,2,2,3,3,1,1,3,1,2,2,2,2,2,2,2,2,2,2,2,2,2,2,4,10,10,10,10,1,2,6,20,18,46,65,87,3,3,5,5,3,2,1,1,NA,4,NA,2,7,1,10,4,1,1,1,1,1,5,4,1,3,3,1,3,4,4,4,NA,NA,NA,NA,1,9,NA,1,1,NA,2,37,1,2,NA,2,10,1,NA,1,4,1
"984",0.45836131,"984-91",984,91261,20,91,2024,6,13,1,3,13,14,10,4,2,5,3,2,2,2,8,3,4,6,3,3,3,4,3,3,6,6,6,6,5,4,3,6,4,6,4,5,5,6,3,1,3,3,2,3,3,3,3,2,1,3,2,2,2,3,2,2,2,2,1,2,3,2,3,3,2,3,2,2,2,2,2,3,3,4,3,2,1,7,5,10,5,2,NA,NA,11,13,30,51,92,8,1,4,4,2,3,2,2,3,3,NA,1,2,6,7,2,1,1,1,2,1,5,5,1,3,3,2,NA,NA,NA,NA,4,4,4,4,5,2,NA,1,2,NA,2,55,1,2,NA,2,4,2,8,8,7,9
"985",0.44550278,"985-91",985,91261,20,91,2024,6,13,1,3,10,5,1,2,3,3,4,4,3,2,5,4,5,6,6,5,4,3,4,3,4,3,4,3,4,3,3,3,3,3,3,3,2,1,3,3,3,4,4,3,3,3,3,4,3,3,3,3,3,3,3,3,2,4,2,2,2,4,3,5,4,4,3,4,5,4,3,4,4,4,4,5,5,7,4,7,4,2,NA,NA,21,21,38,49,93,6,3,6,4,4,5,1,1,NA,3,NA,3,5,7,6,2,2,2,2,1,1,4,4,1,2,1,-8,NA,NA,NA,NA,NA,NA,NA,NA,4,1,NA,1,4,NA,1,78,1,1,5,2,2,2,4,7,5,1
"986",1.13922792,"986-91",986,91096,12,91,2024,6,8,1,2,10,26,4,1,2,3,2,4,3,2,5,1,3,2,2,3,2,6,3,3,2,3,3,3,4,6,2,2,2,3,3,4,4,2,2,2,2,3,2,3,3,3,3,3,3,3,3,3,2,3,2,2,3,3,1,1,3,2,4,4,3,3,2,1,3,2,2,3,4,1,3,2,2,10,8,10,7,2,NA,NA,13,14,29,70,96,0,10,5,9,5,4,3,3,3,2,1,6,11,7,6,1,1,2,2,3,1,4,4,2,3,3,2,NA,NA,NA,NA,5,3,5,5,6,15,15,1,1,NA,2,37,1,2,NA,2,6,1,NA,1,4,1
"987",0.29241781,"987-91",987,91046,6,91,2024,6,5,1,2,1,10,3,4,1,4,3,5,2,1,4,5,5,6,4,4,4,5,4,2,4,3,5,2,2,5,2,4,1,2,2,4,1,8,4,3,3,3,3,4,3,1,4,1,2,1,3,2,3,3,3,2,1,3,1,1,2,2,4,2,4,2,2,4,2,2,2,4,2,3,4,4,1,10,10,10,7,2,NA,NA,13,14,29,70,96,0,5,0,0,5,4,2,2,2,4,NA,5,2,11,10,2,1,1,1,5,3,5,5,1,3,3,-8,NA,NA,NA,NA,NA,NA,NA,NA,1,9,NA,1,1,NA,2,68,1,2,NA,2,7,1,NA,1,3,1
"988",1.47955439,"988-91",988,91046,6,91,2024,6,5,1,2,2,3,17,1,2,3,3,4,2,2,5,2,2,6,6,2,2,6,6,6,6,6,6,6,2,6,6,6,4,6,6,3,11,9,4,4,4,4,3,4,3,3,4,4,4,4,4,4,4,4,3,3,4,4,3,1,2,1,5,5,5,5,5,5,5,2,3,3,2,5,5,5,6,10,10,10,10,1,2,5,10,8,25,60,85,3,1,1,3,2,5,1,2,3,4,NA,11,4,2,10,1,1,1,1,2,1,1,1,1,3,3,-8,NA,NA,NA,NA,NA,NA,NA,NA,5,15,15,1,2,NA,1,33,1,2,NA,2,6,1,NA,1,2,9
"989",0.8854091,"989-91",989,91024,4,91,2024,6,4,1,2,3,2,26,3,3,4,3,4,2,2,6,2,6,6,6,6,6,6,6,6,6,6,6,6,3,6,6,6,3,6,6,4,-9,1,4,2,2,3,3,3,4,2,4,3,3,3,3,3,3,3,2,3,2,3,1,1,1,1,5,5,3,4,2,3,3,2,2,5,5,5,5,4,6,4,5,5,5,2,NA,NA,14,7,45,55,83,5,5,5,5,1,3,1,2,2,4,NA,2,6,11,10,2,1,1,1,1,1,4,3,1,3,-8,-9,NA,NA,NA,NA,NA,NA,NA,NA,4,15,15,1,2,NA,1,23,1,2,NA,1,7,2,8,4,5,2
"990",0.26013636,"990-91",990,91125,16,91,2024,6,10,1,3,3,9,13,3,1,3,3,3,2,1,3,3,3,6,3,3,3,3,4,1,6,3,6,6,1,1,1,6,1,6,1,3,5,4,4,3,4,4,4,4,4,3,4,3,3,2,3,4,2,3,3,1,2,3,1,1,2,2,2,2,2,3,2,2,3,2,3,4,4,3,2,1,3,9,9,5,8,1,2,5,22,22,44,50,75,0,0,0,1,5,2,3,2,3,1,5,4,6,10,5,5,2,2,2,5,5,5,5,1,3,2,1,4,3,5,3,NA,NA,NA,NA,3,15,15,1,1,NA,2,47,1,1,5,2,4,1,NA,2,2,5
"991",0.39422755,"991-91",991,91125,16,91,2024,6,10,1,3,9,1,3,1,2,3,3,4,3,2,6,3,3,6,6,3,2,6,6,6,6,6,6,6,3,6,6,6,3,6,3,4,1,4,2,2,2,3,3,2,3,2,3,3,2,3,3,2,3,3,2,3,3,3,1,1,2,1,3,3,3,3,3,3,3,2,2,3,3,3,3,2,6,10,10,10,-7,NA,NA,NA,10,8,25,60,85,1,9,0,8,3,4,2,3,1,5,NA,1,2,7,10,2,1,1,1,2,1,1,3,1,3,-8,-8,NA,NA,NA,NA,NA,NA,NA,NA,6,15,15,1,-9,NA,2,59,1,1,5,2,3,2,2,8,5,1
"992",0.42398379,"992-91",992,91126,16,91,2024,6,10,1,4,1,3,7,2,2,2,3,4,2,2,5,3,4,6,6,6,6,6,6,6,6,6,6,6,3,6,6,6,3,6,3,4,1,1,1,2,2,4,3,3,3,2,-8,-8,2,3,3,-8,2,2,2,-8,-8,2,-8,2,1,1,-8,-8,-8,-8,2,2,2,1,-8,-8,-8,-8,-8,-8,1,10,10,10,-7,NA,NA,NA,19,10,43,61,74,0,5,10,0,-8,5,2,3,2,5,NA,2,6,5,7,2,1,1,1,2,3,-8,5,1,3,-8,-8,NA,NA,NA,NA,NA,NA,NA,NA,4,15,15,1,1,NA,2,74,1,1,5,2,3,1,NA,7,5,1
"993",1.19715847,"993-91",993,91126,16,91,2024,6,10,1,3,14,3,9,2,2,3,2,4,2,2,7,2,3,6,2,2,2,3,6,6,3,6,6,6,4,3,4,6,3,6,3,4,1,4,3,2,3,4,3,2,3,2,3,3,3,3,3,2,3,3,3,3,3,2,3,2,3,2,2,3,3,2,3,2,3,2,2,2,3,3,3,-8,3,10,10,10,9,1,3,6,15,9,31,64,79,10,10,1,10,2,5,2,2,3,5,NA,1,2,7,10,2,1,1,1,1,3,3,3,1,3,-8,-8,NA,NA,NA,NA,NA,NA,NA,NA,4,15,15,1,1,NA,2,43,1,2,NA,2,6,2,6,1,3,1
"994",0.3888162,"994-91",994,91067,8,91,2024,6,6,1,2,3,9,2,3,2,4,3,3,2,1,4,4,4,6,4,3,4,4,3,1,3,2,6,2,2,3,1,4,1,3,2,2,1,4,4,2,4,3,4,4,4,2,4,3,2,2,3,3,4,3,2,2,3,4,1,1,3,3,4,2,5,4,4,4,2,2,4,4,3,5,3,3,2,9,9,9,-7,NA,NA,NA,13,14,29,70,96,0,9,2,0,4,2,1,3,3,2,5,11,1,7,4,2,2,4,4,2,1,3,4,1,3,-8,2,NA,NA,NA,NA,2,1,2,2,4,9,NA,1,1,NA,1,55,1,2,NA,2,8,1,NA,1,7,1
"995",0.68656673,"995-91",995,91202,20,91,2024,6,13,1,2,14,9,26,2,2,3,3,5,3,2,-9,1,2,-9,1,1,1,-9,-9,-9,-9,-9,-9,-9,-9,1,-9,-9,-9,-9,-9,3,1,1,3,3,4,4,4,3,4,3,4,3,3,4,3,3,3,4,3,3,2,3,2,2,2,1,5,5,5,5,4,5,3,3,4,5,5,5,4,4,4,10,10,10,-7,NA,NA,NA,1,32,37,54,82,0,0,0,10,1,1,1,2,3,3,NA,10,7,1,10,4,1,1,1,2,1,1,5,1,3,-8,2,NA,NA,NA,NA,5,5,4,5,-8,15,15,2,NA,5,2,61,1,2,NA,2,8,1,NA,7,7,1
"996",1.41176418,"996-91",996,91067,8,91,2024,6,6,1,2,1,5,10,3,1,4,3,3,2,3,3,4,4,6,4,4,4,4,4,2,3,3,6,3,3,4,3,4,2,3,2,3,1,9,2,2,-8,3,2,2,2,2,4,2,2,2,2,3,2,2,2,1,3,4,1,1,3,2,2,2,1,2,3,2,2,2,2,2,1,2,1,1,1,9,10,7,7,2,NA,NA,18,15,35,72,89,8,2,5,8,3,2,3,3,3,2,6,6,11,1,2,2,2,2,2,-8,2,3,4,1,3,-8,-8,NA,NA,NA,NA,NA,NA,NA,NA,4,16,NA,1,1,NA,1,43,1,2,NA,2,8,1,NA,1,7,1
"997",4.83375713,"997-91",997,91284,9,91,2024,6,6,2,3,5,10,7,4,1,4,3,3,1,1,2,4,4,6,4,4,4,5,4,2,6,6,6,4,2,6,2,4,1,6,2,2,2,4,4,4,3,3,3,3,4,2,3,2,3,2,3,4,3,4,3,2,3,4,1,1,3,2,4,3,3,3,3,3,3,3,4,5,3,2,3,3,6,10,10,10,10,1,3,6,15,9,31,64,79,9,10,0,9,4,3,1,2,4,3,NA,3,1,6,0,2,4,4,4,4,1,5,5,1,3,3,2,NA,NA,NA,NA,2,2,2,4,6,16,NA,1,1,NA,1,46,1,2,NA,2,6,1,NA,2,5,1
"998",0.97615678,"998-91",998,91284,9,91,2024,6,6,2,3,3,1,9,2,2,3,3,4,3,2,8,1,2,6,2,1,2,2,3,3,6,6,6,6,4,3,5,6,4,6,3,4,1,4,2,2,2,4,4,2,3,2,4,2,2,4,4,3,3,4,2,2,3,4,1,1,2,3,5,5,5,5,5,5,3,3,3,4,4,5,5,4,1,10,10,10,6,1,3,7,5,12,34,58,77,1,5,2,9,2,5,1,2,4,3,NA,2,11,6,10,5,1,1,1,2,1,5,5,1,3,2,2,NA,NA,NA,NA,2,2,4,4,5,15,10,1,2,NA,2,39,1,2,NA,2,3,1,NA,2,2,1
"999",1.95231357,"999-91",999,91284,9,91,2024,6,6,2,4,1,4,5,2,2,4,2,4,2,2,5,2,4,6,4,4,3,6,6,1,6,6,6,6,3,6,6,6,4,6,4,5,2,6,1,4,1,3,3,1,3,1,1,1,1,4,3,3,4,3,1,1,3,3,2,2,3,3,1,5,5,-8,1,2,3,2,-8,5,1,-8,1,1,-8,10,10,10,10,2,NA,NA,15,9,31,64,79,1,9,1,9,4,1,1,2,1,4,NA,1,2,8,8,5,1,2,3,1,3,3,4,2,3,-8,2,NA,NA,NA,NA,4,4,4,4,-8,15,15,1,1,NA,2,31,1,2,NA,2,5,1,NA,1,4,1
"1000",3.16784065,"1000-91",1000,91284,9,91,2024,6,6,2,4,1,6,10,1,3,1,3,4,3,2,5,1,1,6,1,6,1,6,6,1,6,6,6,6,1,6,6,1,1,6,3,6,3,1,1,4,3,4,4,3,4,2,4,3,1,4,4,4,3,4,3,2,4,4,3,1,3,1,5,3,4,4,3,4,3,3,3,3,4,3,4,3,3,10,10,10,10,2,NA,NA,20,18,46,65,87,1,1,5,1,4,5,1,2,2,5,NA,1,2,7,10,2,2,1,1,2,1,4,2,1,3,3,1,4,-8,-8,4,NA,NA,NA,NA,3,15,15,1,2,NA,2,55,1,2,NA,2,1,1,NA,3,5,1
"1001",1.30748388,"1001-91",1001,91159,20,91,2024,6,13,1,3,3,2,14,4,1,3,3,3,1,1,-8,4,4,6,6,6,6,6,6,6,6,6,6,6,6,6,6,6,6,6,6,4,1,4,4,2,4,3,1,3,3,3,3,3,1,2,1,3,1,1,1,1,2,1,1,1,2,1,2,2,2,2,2,1,1,1,1,3,2,1,2,1,1,6,6,0,7,1,3,6,4,6,27,66,91,0,10,0,10,1,5,1,1,NA,5,NA,1,2,7,10,2,1,1,1,1,5,5,4,2,3,1,-8,NA,NA,NA,NA,NA,NA,NA,NA,6,15,15,2,NA,5,1,39,7,2,NA,2,4,1,NA,1,5,1
"1002",2.58452572,"1002-91",1002,91197,20,91,2024,6,13,1,1,5,3,6,4,2,4,3,3,2,1,3,4,3,6,4,4,4,5,6,6,6,6,6,6,3,3,3,3,2,6,3,3,3,4,3,2,3,4,2,3,3,2,4,2,2,2,3,2,2,2,1,1,3,3,1,1,3,1,3,3,3,2,3,2,2,2,2,3,3,3,2,3,1,6,6,6,7,1,2,6,21,21,38,49,93,7,4,7,7,3,4,2,2,3,3,NA,3,11,2,5,2,2,2,2,2,3,5,5,1,3,2,1,3,5,5,5,NA,NA,NA,NA,4,11,NA,1,1,NA,2,39,1,2,NA,2,8,1,NA,1,7,1
"1003",4.36226206,"1003-91",1003,91195,20,91,2024,6,13,1,1,3,1,2,2,2,4,3,3,2,1,5,4,4,3,2,3,4,4,4,2,2,3,6,6,3,3,2,5,1,6,1,4,1,4,3,3,-8,3,3,3,3,3,3,1,3,2,3,2,3,2,2,2,3,4,1,1,2,1,4,3,4,3,4,4,3,3,4,3,3,3,3,3,6,10,10,10,0,2,NA,NA,10,8,25,60,85,5,0,0,0,1,2,1,2,3,1,3,6,2,1,10,2,1,1,1,2,1,5,5,1,3,-8,-8,NA,NA,NA,NA,NA,NA,NA,NA,5,15,15,1,1,NA,2,68,1,2,NA,2,6,2,7,7,7,1
"1004",0.77426431,"1004-91",1004,91028,4,91,2024,6,4,1,3,2,1,10,2,2,3,3,5,3,2,-8,-9,-8,-9,-8,-9,-9,-9,-8,-8,-9,-8,6,-9,4,-8,-9,-9,-8,-9,-9,4,-8,-9,3,3,4,4,4,-8,-8,4,4,4,3,4,4,4,4,-8,4,4,4,4,-9,-9,2,1,2,4,4,4,4,2,4,2,2,-9,2,4,4,2,6,10,-7,10,-7,NA,NA,NA,18,15,35,72,89,-8,-8,-8,-8,2,3,-9,3,1,-9,NA,6,3,11,-9,2,2,2,2,-8,3,-9,1,-9,3,-8,-8,NA,NA,NA,NA,NA,NA,NA,NA,-9,-9,-9,-9,NA,-9,1,72,1,2,NA,-9,1,1,NA,7,4,1
"1005",1.88222175,"1005-91",1005,91029,4,91,2024,6,4,1,2,5,1,3,3,2,3,2,3,2,2,5,3,3,6,6,3,1,3,6,6,6,6,6,6,4,4,6,6,1,6,3,1,3,4,4,3,4,4,4,4,4,2,3,3,2,3,4,3,4,4,2,3,3,3,3,1,3,1,3,4,4,3,3,3,3,3,3,2,4,5,4,3,6,10,10,10,7,2,NA,NA,6,17,40,52,84,5,5,5,5,1,2,1,2,4,3,NA,2,11,1,10,2,1,1,1,2,1,5,3,1,3,3,1,4,1,1,4,NA,NA,NA,NA,6,4,NA,1,1,NA,2,55,1,1,9,2,6,2,8,1,4,1
"1006",0.47055544,"1006-91",1006,91029,4,91,2024,6,4,1,2,9,2,26,1,3,3,3,5,3,2,7,2,3,3,6,3,1,3,3,6,6,6,6,2,4,6,1,6,2,6,2,4,8,4,3,4,4,4,4,3,4,3,4,4,4,4,4,4,4,4,4,3,4,3,3,1,1,1,5,5,5,5,5,5,5,5,5,4,5,5,5,5,6,10,10,10,-7,NA,NA,NA,10,8,25,60,85,2,0,2,0,1,5,1,2,3,5,NA,2,11,6,10,2,1,1,1,2,1,3,1,2,3,3,2,NA,NA,NA,NA,2,2,2,5,5,15,15,1,1,NA,2,57,1,2,NA,2,5,1,NA,8,4,1
"1007",2.17202627,"1007-91",1007,91279,5,91,2024,6,4,2,5,3,9,11,3,2,3,2,4,2,2,4,2,4,3,4,4,4,4,4,3,2,4,2,4,2,4,4,3,2,2,4,3,9,1,1,1,3,3,1,1,3,2,3,1,1,3,3,3,3,1,1,1,1,4,1,1,3,1,4,2,2,2,2,2,2,2,2,2,2,2,2,2,3,10,10,10,10,2,NA,NA,8,5,26,57,80,4,2,5,2,2,4,2,1,NA,2,2,6,4,2,5,1,1,1,1,2,3,5,1,1,3,3,2,NA,NA,NA,NA,4,4,4,3,5,3,NA,1,1,NA,1,75,1,2,NA,2,4,1,NA,1,5,1
"1008",1.09687148,"1008-91",1008,91058,6,91,2024,6,5,1,4,3,10,5,3,2,3,3,3,3,2,6,2,2,-9,2,2,2,4,3,2,2,2,-9,3,4,4,3,2,3,-9,2,4,2,2,1,1,2,4,4,3,4,3,3,2,1,4,4,1,3,3,1,2,4,3,1,1,1,1,4,4,4,4,3,4,2,2,2,2,4,3,4,4,1,8,8,7,-7,NA,NA,NA,12,4,33,59,94,8,0,9,0,1,5,1,2,3,4,NA,1,11,2,-8,2,1,1,1,1,1,3,3,1,3,2,-8,NA,NA,NA,NA,NA,NA,NA,NA,3,-9,15,2,NA,-8,1,55,1,2,NA,2,1,1,NA,3,5,1
"1009",0.80978399,"1009-91",1009,91058,6,91,2024,6,5,1,4,6,7,16,4,-8,3,-8,4,-8,3,-8,2,4,6,6,6,3,6,6,6,6,6,6,6,6,6,6,6,6,6,6,3,2,1,2,3,2,4,1,3,2,2,1,4,3,2,4,3,3,2,3,3,2,2,3,-8,2,3,-8,3,3,3,3,3,3,3,3,3,3,3,3,3,1,0,0,0,-7,NA,NA,NA,23,23,41,68,76,10,0,0,0,4,2,-8,2,2,5,NA,1,3,9,-8,-9,5,5,5,3,3,-8,1,2,3,2,2,NA,NA,NA,NA,-8,-8,-8,-8,4,15,15,2,NA,4,1,28,1,2,NA,2,2,2,1,3,5,10
"1010",1.68761195,"1010-91",1010,91184,20,91,2024,6,13,1,3,3,10,26,4,1,4,3,2,1,2,5,3,6,3,3,6,6,6,6,6,6,6,6,6,4,6,6,6,3,6,6,3,1,4,4,4,4,4,4,4,4,4,4,4,4,4,4,4,4,4,4,4,4,4,3,1,3,1,3,4,3,4,4,4,3,3,4,4,4,4,4,4,3,0,3,3,-7,NA,NA,NA,15,9,31,64,79,10,10,1,10,1,4,1,3,3,5,NA,4,6,1,3,2,1,1,1,1,5,5,3,1,3,-8,-8,NA,NA,NA,NA,NA,NA,NA,NA,4,15,15,1,2,NA,1,24,1,2,NA,1,5,2,8,4,7,9
"1011",0.11459033,"1011-91",1011,91261,20,91,2024,6,13,1,3,3,9,2,2,3,2,3,4,3,2,9,2,2,6,2,2,2,4,4,2,2,6,6,6,2,2,4,6,2,6,4,4,1,4,4,4,4,4,4,4,3,4,3,4,2,3,4,3,3,3,3,3,3,4,3,1,2,3,5,5,4,5,3,5,2,2,5,4,4,2,5,3,3,10,10,10,10,2,NA,NA,1,32,37,54,82,0,0,5,0,5,5,2,3,1,4,NA,2,11,6,6,1,1,1,1,2,1,5,3,2,3,1,2,NA,NA,NA,NA,3,1,2,2,4,15,15,1,1,NA,2,60,1,2,NA,2,2,1,NA,8,2,1
"1012",0.44550278,"1012-91",1012,91261,20,91,2024,6,13,1,3,7,9,3,3,2,3,2,3,1,1,-9,4,3,3,3,3,4,6,4,6,6,3,6,6,3,6,3,6,3,3,3,3,10,4,4,3,3,4,4,3,3,4,4,3,4,4,4,4,3,3,4,3,3,4,1,1,2,1,5,5,4,5,4,5,4,4,5,4,4,4,5,4,1,10,10,10,-7,NA,NA,NA,23,23,41,68,76,6,6,7,3,4,5,1,2,2,5,NA,1,2,11,10,2,3,3,3,2,2,5,4,1,3,3,-8,NA,NA,NA,NA,NA,NA,NA,NA,4,15,15,1,1,NA,1,69,1,2,NA,2,2,1,NA,7,5,1
"1013",0.427584,"1013-91",1013,91115,14,91,2024,6,9,1,2,4,7,2,3,1,4,1,2,1,1,3,5,5,3,6,4,4,5,6,1,6,6,6,6,2,3,1,4,1,2,1,3,5,4,3,3,4,4,2,3,3,3,2,2,3,1,3,3,2,2,2,2,2,3,1,1,3,1,4,2,4,3,3,2,3,2,3,3,2,4,2,2,3,6,7,7,-7,NA,NA,NA,2,16,42,69,81,0,5,7,0,2,2,1,1,NA,5,NA,2,3,9,4,1,2,2,2,5,3,5,5,1,3,-8,2,NA,NA,NA,NA,2,2,3,4,1,15,15,1,1,NA,2,34,1,2,NA,2,8,2,8,1,2,1
"1014",0.90693905,"1014-91",1014,91116,14,91,2024,6,9,1,3,3,9,10,3,-8,4,3,4,2,2,-8,2,4,6,6,2,2,6,6,6,6,6,6,6,4,6,6,6,3,6,6,5,1,6,3,4,1,4,4,3,3,3,4,-8,3,3,4,3,2,3,2,1,4,3,1,1,1,1,4,4,-8,3,3,4,3,3,3,-8,-8,5,4,5,3,10,5,10,-7,NA,NA,NA,24,24,28,71,73,1,3,5,5,4,5,1,3,1,1,2,3,4,6,-8,3,2,2,2,1,-9,5,5,1,3,-8,-8,NA,NA,NA,NA,NA,NA,NA,NA,1,15,15,2,NA,5,2,59,1,2,NA,2,4,2,4,1,5,2
"1015",1.89712752,"1015-91",1015,91288,13,91,2024,6,8,2,3,1,7,3,2,3,4,3,4,3,2,5,1,3,6,6,6,2,6,6,6,6,6,6,6,3,6,6,6,6,6,6,5,2,4,2,2,3,3,3,3,2,3,2,3,2,3,3,3,3,3,3,1,3,3,3,1,2,1,-8,-8,-8,-8,-8,-8,-8,-8,-8,-8,-8,-8,-8,-8,-8,9,9,10,-7,NA,NA,NA,7,3,20,53,88,10,2,5,1,1,5,1,2,1,5,NA,11,1,5,10,5,1,1,1,1,3,5,5,1,3,2,2,NA,NA,NA,NA,-8,-8,-8,-8,4,15,15,2,NA,5,2,18,1,2,NA,2,4,2,4,8,3,1
"1016",0.26219342,"1016-91",1016,91289,13,91,2024,6,8,2,3,2,14,17,2,3,3,3,1,2,2,6,1,2,6,2,2,2,3,6,3,6,1,6,6,3,6,5,6,3,6,3,4,1,6,3,2,4,4,3,2,3,2,3,3,2,4,3,3,3,3,2,1,3,2,3,1,3,2,4,4,4,4,4,3,3,3,3,3,4,4,4,4,3,6,6,6,1,2,NA,NA,3,2,47,56,95,10,10,5,10,1,5,1,3,1,5,NA,1,2,11,10,4,1,1,1,1,1,2,3,1,3,-8,2,NA,NA,NA,NA,-8,-8,-8,-8,3,15,15,1,4,NA,2,37,1,2,NA,2,4,1,NA,2,3,1
"1017",0.38250641,"1017-91",1017,91024,4,91,2024,6,4,1,2,3,5,10,1,3,3,3,5,2,2,10,1,1,1,1,1,1,1,2,4,1,4,6,1,5,3,4,1,2,2,4,5,1,1,2,2,4,2,2,4,3,1,4,4,2,3,3,2,4,3,2,1,2,4,1,2,2,1,5,2,2,2,4,2,2,2,2,4,2,5,2,-8,1,10,10,10,10,2,NA,NA,9,11,36,63,78,0,0,0,0,5,1,1,2,1,5,NA,3,5,6,10,2,1,1,1,1,1,5,1,1,3,1,-9,NA,NA,NA,NA,NA,NA,NA,NA,5,10,NA,1,2,NA,2,72,1,2,NA,2,3,1,NA,7,5,1
"1018",0.53621944,"1018-91",1018,91112,14,91,2024,6,9,1,3,14,9,16,2,3,3,3,4,2,2,7,2,2,3,2,3,3,6,3,5,6,3,6,2,5,3,4,3,4,2,3,5,1,6,3,2,4,3,3,3,3,3,3,3,2,4,3,3,3,3,3,2,3,3,2,2,2,2,3,3,2,2,4,3,2,2,2,3,2,3,4,3,2,10,-7,10,10,2,NA,NA,12,4,33,59,94,6,2,8,10,2,4,1,2,4,3,NA,5,3,6,7,5,2,1,1,2,3,4,4,1,3,2,2,NA,NA,NA,NA,5,5,5,4,3,15,10,1,-9,NA,2,61,1,2,NA,2,7,1,NA,1,2,1
"1019",0.55645023,"1019-91",1019,91097,12,91,2024,6,8,1,3,3,5,7,3,1,3,2,3,1,1,6,3,3,4,3,2,4,4,4,3,3,2,6,3,4,3,2,2,3,3,2,3,1,6,3,1,3,3,3,1,1,1,3,3,1,3,4,3,1,1,3,1,3,4,3,2,2,1,2,3,3,2,3,4,2,1,2,4,3,3,2,2,2,9,9,10,-7,NA,NA,NA,17,1,48,67,90,9,8,7,0,5,1,1,3,1,3,NA,3,5,9,10,1,2,2,2,3,3,4,3,2,3,1,2,NA,NA,NA,NA,4,4,4,4,6,15,15,1,1,NA,1,66,1,1,11,2,3,1,NA,1,2,1
"1020",0.27681175,"1020-91",1020,91024,4,91,2024,6,4,1,1,2,3,17,1,3,2,3,4,3,2,4,3,4,4,4,4,3,4,3,2,5,5,6,3,4,4,3,5,1,6,3,4,3,1,4,3,4,4,4,4,4,1,4,3,2,3,4,3,4,3,3,3,2,3,1,1,2,2,4,4,4,4,4,4,2,3,4,3,4,4,4,2,1,10,10,10,10,2,NA,NA,9,11,36,63,78,0,0,3,0,2,5,1,2,3,1,2,2,11,7,4,2,2,2,5,2,4,5,5,1,3,3,1,5,5,5,5,NA,NA,NA,NA,3,9,NA,1,1,NA,2,57,1,2,NA,2,8,2,1,3,2,1
"1021",0.38250641,"1021-91",1021,91024,4,91,2024,6,4,1,2,3,10,2,2,2,2,3,4,3,3,-9,2,4,6,6,6,6,6,6,6,6,6,6,6,4,6,6,6,6,6,6,4,1,4,3,3,-8,4,3,3,4,3,4,4,2,3,3,-8,4,3,3,2,4,3,3,2,2,2,2,4,3,4,4,2,2,2,1,2,4,2,2,1,5,10,10,10,10,2,NA,NA,23,23,41,68,76,0,0,0,0,3,1,1,3,4,4,NA,1,2,6,10,2,2,2,2,2,1,5,1,2,3,1,2,NA,NA,NA,NA,4,3,3,-8,-8,15,15,1,2,NA,2,84,1,2,NA,2,8,1,NA,7,5,9
"1022",0.29593144,"1022-91",1022,91288,13,91,2024,6,8,2,4,14,5,11,1,2,3,3,5,3,2,-8,1,-8,-8,-8,-8,1,-8,-8,-8,6,-8,-8,-8,-8,-8,-8,-8,-8,-8,-8,5,2,6,4,3,1,4,4,2,3,2,3,-8,2,4,4,4,4,4,2,-9,2,4,3,-8,1,1,-8,-8,-8,-8,-8,-8,-8,-8,-8,-8,-8,-8,-8,-8,-8,10,10,10,10,1,3,7,2,16,42,69,81,0,0,6,0,3,5,2,2,1,-8,NA,3,8,11,10,2,1,1,1,2,5,5,5,1,3,2,2,NA,NA,NA,NA,-8,-8,-8,-8,3,15,15,-9,NA,-9,2,47,1,2,NA,2,3,1,NA,2,1,2
"1023",0.26219342,"1023-91",1023,91289,13,91,2024,6,8,2,4,1,5,10,2,2,3,3,4,2,1,5,3,4,3,4,4,3,6,6,3,6,6,3,6,3,3,6,3,2,3,3,3,1,1,3,2,3,3,3,3,3,3,3,3,2,3,4,3,3,3,2,3,3,3,3,2,3,1,5,3,4,3,3,4,3,3,2,4,3,3,4,4,6,10,10,10,10,1,3,5,3,2,47,56,95,8,3,0,6,2,3,1,3,3,-8,NA,1,5,6,8,4,1,1,1,1,2,3,3,1,3,-8,2,NA,NA,NA,NA,1,-8,-8,-8,-8,15,15,1,4,NA,2,37,1,2,NA,2,3,1,NA,2,2,9
"1024",0.30206025,"1024-91",1024,91289,13,91,2024,6,8,2,3,2,5,7,3,3,2,2,4,1,1,5,4,6,6,6,6,6,6,6,6,6,6,6,6,6,6,6,6,6,6,6,3,2,-8,4,4,4,4,4,3,4,4,3,4,4,4,4,4,4,4,4,4,3,4,1,1,3,2,5,5,5,5,5,5,5,5,5,5,5,5,5,5,6,8,1,6,7,2,NA,NA,23,23,41,68,76,7,3,5,0,3,4,2,2,2,-8,NA,3,6,5,4,5,4,3,4,3,1,4,3,2,3,3,2,NA,NA,NA,NA,5,3,2,4,4,15,15,1,1,NA,1,22,1,2,NA,1,5,2,4,4,3,9
"1025",0.38644741,"1025-91",1025,91289,13,91,2024,6,8,2,4,1,6,16,1,1,2,1,5,3,1,1,4,2,3,1,1,1,3,1,2,2,1,1,1,1,2,3,2,1,1,1,1,1,8,3,4,4,4,4,3,4,4,3,4,4,4,4,4,3,4,3,3,4,4,2,1,3,2,5,2,1,1,1,1,1,2,2,2,2,2,1,1,1,8,5,1,2,2,NA,NA,13,14,29,70,96,0,5,0,0,1,2,1,3,1,1,1,4,3,9,0,5,5,5,1,3,4,4,4,2,3,-8,2,NA,NA,NA,NA,5,5,4,5,6,15,15,1,1,NA,1,42,1,2,NA,2,4,1,NA,1,2,9
"1026",0.27409559,"1026-91",1026,91268,22,91,2024,6,14,1,3,2,1,3,3,2,4,3,5,3,2,5,2,4,-8,2,2,2,4,3,-8,3,2,-8,2,4,3,4,-8,4,-8,4,5,1,6,3,1,1,4,3,4,3,2,3,3,1,3,3,3,3,3,2,1,3,4,2,1,1,1,4,4,2,3,2,2,2,2,2,2,2,4,2,2,1,10,10,6,10,2,NA,NA,6,17,40,52,84,5,0,1,0,2,4,1,2,3,5,NA,1,2,11,10,2,2,2,2,1,2,4,4,1,3,3,1,-8,2,4,-8,NA,NA,NA,NA,3,15,13,1,-9,NA,1,70,1,2,NA,2,3,1,NA,7,NA,2
"1027",0.28908071,"1027-91",1027,91288,13,91,2024,6,8,2,4,1,5,10,3,2,3,3,4,2,2,7,3,3,6,2,3,3,6,6,6,6,6,6,6,3,6,3,6,4,6,3,4,1,1,3,3,1,3,3,2,3,1,4,3,2,3,3,2,2,2,2,3,3,3,3,1,1,1,3,3,3,3,2,3,2,2,3,2,2,5,2,3,4,10,10,10,2,2,NA,NA,10,8,25,60,85,5,5,5,1,1,4,2,2,2,4,NA,1,2,3,5,5,1,1,1,2,1,2,5,1,3,2,-8,NA,NA,NA,NA,NA,NA,NA,NA,4,4,NA,2,NA,5,2,36,1,2,NA,2,3,1,NA,2,1,2
"1028",0.99910734,"1028-91",1028,91288,13,91,2024,6,8,2,4,3,6,10,3,1,3,3,3,1,1,3,3,3,6,3,3,3,6,6,6,6,6,6,6,3,3,3,6,3,6,3,3,1,6,3,2,2,3,2,2,3,2,4,3,2,2,3,2,2,2,2,2,2,2,1,1,3,1,3,3,3,3,3,3,3,3,3,3,3,3,3,3,6,10,5,10,0,2,NA,NA,7,3,20,53,88,0,10,0,5,1,4,2,2,2,4,NA,1,2,5,5,5,1,1,1,2,2,3,3,2,3,2,-8,NA,NA,NA,NA,NA,NA,NA,NA,1,17,NA,2,NA,1,1,20,1,2,NA,2,4,2,4,1,1,9
"1029",0.51240654,"1029-91",1029,91288,13,91,2024,6,8,2,4,1,6,10,2,2,2,3,4,3,2,10,2,2,6,2,2,2,2,2,6,2,6,6,6,4,2,4,2,4,6,4,4,1,1,2,2,1,3,2,2,2,2,4,3,2,3,3,2,2,2,2,2,3,2,3,1,2,1,4,4,4,4,4,4,2,2,4,4,4,4,4,4,3,10,10,10,10,2,NA,NA,8,5,26,57,80,1,5,5,1,1,3,2,2,2,4,NA,1,2,10,5,2,1,1,1,2,1,1,3,1,3,2,-8,NA,NA,NA,NA,NA,NA,NA,NA,3,13,NA,1,2,NA,2,67,1,2,NA,2,1,1,NA,7,1,9
"1030",1.22147156,"1030-91",1030,91183,20,91,2024,6,13,1,1,3,14,9,2,2,4,3,4,3,2,7,2,2,6,6,3,2,2,6,6,2,6,6,6,4,6,6,6,4,6,2,4,4,4,1,1,2,3,2,2,3,3,3,3,1,4,3,1,2,3,1,1,2,3,1,1,2,1,3,3,3,2,2,1,2,1,1,2,2,5,3,2,3,5,6,9,7,2,NA,NA,18,15,35,72,89,5,0,1,7,1,1,1,3,4,3,NA,2,7,4,5,4,2,1,3,2,2,5,5,1,3,3,2,NA,NA,NA,NA,2,2,3,5,4,18,NA,2,NA,2,1,19,1,2,NA,1,7,2,10,4,7,1
"1031",0.17017491,"1031-91",1031,91289,13,91,2024,6,8,2,3,10,6,5,2,3,2,3,4,2,2,4,4,3,6,6,3,4,3,6,6,3,6,3,6,4,6,3,3,4,3,6,5,1,5,4,4,3,3,4,4,4,3,4,4,3,4,4,3,4,4,4,3,3,3,3,2,2,1,5,5,4,4,3,5,4,5,5,4,5,5,5,5,5,10,10,10,10,2,NA,NA,10,8,25,60,85,0,10,0,10,5,4,3,3,1,-8,NA,1,2,4,10,1,1,2,2,3,2,1,2,1,3,3,-8,NA,NA,NA,NA,NA,NA,NA,NA,-8,15,15,2,NA,5,2,55,1,2,NA,2,2,1,NA,2,1,2
"1032",1.01263204,"1032-91",1032,91054,6,91,2024,6,5,1,4,3,2,13,4,2,4,3,3,2,3,5,3,3,6,6,3,3,3,6,6,6,6,6,6,3,3,6,6,3,6,3,3,1,1,4,2,3,4,3,3,3,2,3,4,3,3,4,3,3,4,1,-8,3,3,1,1,2,1,4,4,4,2,4,4,2,4,4,4,3,4,3,2,3,7,8,1,-7,NA,NA,NA,23,23,41,68,76,0,10,1,0,5,4,2,2,3,5,NA,3,4,5,1,1,1,1,1,5,1,3,5,1,3,3,2,NA,NA,NA,NA,2,1,-8,-8,4,15,15,1,2,NA,2,68,1,2,NA,2,3,2,1,1,1,1
"1033",0.83811045,"1033-91",1033,91183,20,91,2024,6,13,1,1,10,26,3,2,2,4,3,5,2,2,6,3,2,6,2,4,4,4,2,4,3,6,3,2,4,4,4,4,3,4,4,4,1,1,2,2,2,4,3,2,3,2,4,4,2,3,3,2,2,3,2,2,2,2,1,1,1,1,2,1,3,2,2,3,1,2,1,1,2,5,3,1,2,10,6,10,7,1,1,7,7,3,20,53,88,5,7,9,7,1,4,2,1,NA,3,NA,2,7,11,5,5,4,2,4,2,2,5,5,1,3,2,2,NA,NA,NA,NA,2,3,2,3,5,23,NA,1,2,NA,1,46,14,2,NA,2,10,1,NA,1,7,1
"1034",0.7397772,"1034-91",1034,91046,6,91,2024,6,5,1,2,10,5,7,3,1,4,2,4,1,1,4,3,4,6,4,3,4,5,3,1,6,6,3,2,2,1,1,4,1,6,1,1,6,6,4,4,4,4,3,4,4,3,2,3,4,3,3,4,4,3,3,2,3,2,1,1,3,2,5,4,4,5,5,2,4,3,5,5,2,4,3,2,1,2,7,2,2,2,NA,NA,23,23,41,68,76,0,0,10,10,1,3,3,2,4,4,NA,1,5,8,6,4,1,1,1,3,1,1,3,2,3,3,-8,NA,NA,NA,NA,NA,NA,NA,NA,5,15,15,1,1,NA,1,42,1,2,NA,2,9,1,NA,2,3,9
"1035",0.25417618,"1035-91",1035,91266,22,91,2024,6,14,1,3,11,1,16,3,1,3,3,4,1,3,-9,3,3,6,6,4,3,6,6,6,6,6,6,6,3,6,6,6,6,6,3,3,1,4,3,1,3,4,3,1,3,1,3,1,1,3,4,3,3,4,2,3,3,3,3,2,3,2,4,2,4,3,2,3,2,2,3,3,3,2,2,2,6,10,10,7,-7,NA,NA,NA,14,7,45,55,83,3,5,8,2,4,2,3,1,NA,4,NA,2,7,3,7,5,1,2,2,2,2,5,5,1,3,2,1,5,5,5,5,NA,NA,NA,NA,3,15,15,1,1,NA,2,63,1,2,NA,2,3,1,NA,1,4,1
"1036",1.04894425,"1036-91",1036,91001,1,91,2024,6,1,1,3,11,10,14,2,3,4,2,4,2,2,5,3,3,3,3,3,3,3,3,3,3,3,6,3,3,3,3,3,2,3,3,3,7,3,4,3,4,4,4,3,3,3,3,3,4,4,4,4,4,4,4,3,4,4,1,1,2,1,4,4,4,4,4,4,4,4,4,4,4,4,4,4,6,10,10,10,10,2,NA,NA,11,13,30,51,92,5,5,5,0,3,5,1,3,3,3,NA,3,1,11,5,1,2,2,2,1,1,5,5,2,3,2,2,NA,NA,NA,NA,5,5,5,4,1,9,NA,1,1,NA,2,40,1,2,NA,2,4,1,NA,2,3,9
"1037",0.52447213,"1037-91",1037,91001,1,91,2024,6,1,1,3,17,3,1,2,3,3,3,4,2,3,4,3,4,6,4,3,3,6,6,6,6,6,6,6,3,3,2,6,1,6,3,2,1,4,3,2,3,4,3,3,4,3,3,3,3,3,3,4,3,3,2,3,3,3,1,2,3,2,4,3,4,3,3,3,2,2,2,4,3,3,2,2,6,10,10,10,10,2,NA,NA,7,3,20,53,88,3,5,5,3,2,1,2,2,1,5,NA,6,3,9,6,5,4,2,2,3,1,4,4,2,3,2,1,4,4,4,4,NA,NA,NA,NA,5,15,15,1,1,NA,2,38,1,2,NA,2,8,1,NA,1,4,1
"1038",0.35479697,"1038-91",1038,91001,1,91,2024,6,1,1,3,5,3,10,2,3,3,2,4,3,2,6,1,2,2,2,1,1,1,3,3,6,2,3,2,4,2,3,6,1,3,4,3,10,6,2,2,3,4,4,4,3,2,3,4,3,3,3,3,3,3,3,2,3,3,2,1,1,1,4,3,4,4,3,5,4,3,5,4,5,5,5,5,1,10,10,10,10,2,NA,NA,14,7,45,55,83,10,10,6,0,3,5,1,3,3,5,NA,6,2,1,8,2,1,1,1,5,4,5,5,2,3,3,2,NA,NA,NA,NA,2,2,2,2,5,15,15,1,-9,NA,2,52,1,2,NA,2,8,1,NA,1,3,1
"1039",1.41176418,"1039-91",1039,91067,8,91,2024,6,6,1,2,1,9,14,4,3,4,1,4,1,1,5,4,5,6,2,4,2,4,6,4,6,6,6,6,2,6,4,6,5,2,2,5,2,7,4,2,4,4,3,3,4,3,4,4,2,2,3,2,3,3,2,2,3,3,3,2,2,1,2,3,3,2,3,2,2,2,2,2,2,4,3,2,1,10,10,10,10,1,2,5,4,6,27,66,91,8,9,10,5,1,5,2,2,4,2,1,1,2,4,10,2,1,1,1,2,1,5,5,1,3,2,2,NA,NA,NA,NA,-8,1,1,5,5,1,NA,1,1,NA,1,38,1,2,NA,2,4,1,NA,1,7,9
"1040",1.90515434,"1040-91",1040,91111,14,91,2024,6,9,1,3,2,14,17,1,3,3,3,4,3,2,5,1,2,3,1,2,1,3,3,3,3,3,3,2,4,2,6,3,3,3,2,4,1,3,3,2,2,3,2,3,4,2,2,2,2,4,3,2,2,3,2,2,2,2,1,2,2,1,5,5,4,4,2,2,2,2,2,2,2,2,4,2,6,7,9,5,9,2,NA,NA,3,2,47,56,95,0,5,0,5,2,4,1,1,NA,2,3,1,11,4,9,4,1,2,1,1,3,5,4,2,3,2,-8,NA,NA,NA,NA,NA,NA,NA,NA,6,15,15,1,1,NA,1,60,1,2,NA,2,6,1,NA,10,8,4
"1041",0.11269311,"1041-91",1041,91293,17,91,2024,6,10,2,3,9,5,26,2,3,2,3,4,3,2,5,1,2,2,1,1,1,3,3,6,3,4,3,6,4,3,2,3,2,3,2,4,5,4,3,3,3,4,3,4,4,3,2,2,3,4,4,4,4,3,3,2,3,2,3,2,3,1,5,5,5,5,3,5,4,3,3,3,2,3,4,3,1,9,10,9,9,1,2,5,13,14,29,70,96,2,6,4,4,4,4,2,2,1,1,5,6,7,3,10,5,2,2,2,1,2,4,5,1,3,2,-8,NA,NA,NA,NA,NA,NA,NA,NA,6,15,15,1,4,NA,2,56,1,2,NA,2,3,1,NA,1,2,1
"1042",0.17774427,"1042-91",1042,91293,17,91,2024,6,10,2,3,7,11,3,2,3,4,2,5,3,2,8,2,1,6,1,1,1,1,3,3,1,6,6,6,4,1,3,4,2,6,3,4,4,2,3,3,3,4,4,3,3,3,4,3,3,4,4,3,3,4,3,3,3,4,1,1,2,2,4,5,4,3,4,3,3,3,3,4,4,5,5,3,2,10,10,10,10,1,2,7,8,5,26,57,80,5,0,10,0,5,4,1,3,3,1,2,3,1,2,10,2,2,1,1,2,1,3,5,2,3,3,1,2,1,1,1,NA,NA,NA,NA,5,10,NA,1,2,NA,2,45,1,2,NA,2,6,1,NA,8,2,1
"1043",0.3798217,"1043-91",1043,91293,17,91,2024,6,10,2,3,7,9,26,1,2,3,3,4,2,2,5,2,4,6,3,2,2,6,6,6,6,6,6,6,2,4,4,6,3,6,6,4,3,2,4,3,3,4,4,3,4,2,3,2,3,4,4,4,4,3,3,3,4,4,2,1,2,1,4,5,5,3,4,2,3,2,3,3,4,4,3,3,1,10,10,10,10,2,NA,NA,4,6,27,66,91,4,2,2,3,5,5,3,3,1,4,NA,1,2,4,9,1,1,1,2,1,1,3,3,2,3,3,1,5,2,5,5,NA,NA,NA,NA,4,15,15,1,2,NA,2,26,1,1,5,2,3,1,NA,8,1,9
"1044",0.9109754,"1044-91",1044,91268,22,91,2024,6,14,1,3,8,10,6,3,2,2,3,2,-8,3,-9,3,4,6,6,6,6,6,6,6,6,6,6,6,6,6,6,6,3,6,6,3,7,1,4,2,4,3,2,3,2,2,1,3,1,2,3,3,2,2,2,2,2,2,2,1,3,1,3,3,2,2,1,2,3,1,2,3,3,2,2,3,1,7,7,10,-7,NA,NA,NA,8,5,26,57,80,5,3,8,2,2,1,1,2,3,5,NA,3,2,11,5,2,1,2,3,1,3,4,5,2,3,-8,1,4,4,4,4,NA,NA,NA,NA,3,15,15,2,NA,-9,2,18,1,2,NA,1,4,2,1,4,1,9
"1045",3.48914334,"1045-91",1045,91267,22,91,2024,6,14,1,3,14,13,26,5,1,5,2,2,1,1,5,4,3,3,3,3,6,4,4,3,6,6,3,6,4,4,2,6,2,6,6,4,6,4,3,3,4,4,3,3,4,4,4,3,2,2,2,2,2,3,1,3,2,1,1,1,2,1,2,2,2,1,1,3,3,1,1,3,1,2,2,2,4,5,2,2,0,2,NA,NA,5,12,34,58,77,5,10,5,10,2,5,2,1,NA,4,NA,4,6,1,-8,4,1,1,1,2,1,4,4,1,3,-8,2,NA,NA,NA,NA,-8,-8,4,-8,5,15,15,1,1,NA,2,63,1,2,NA,2,6,1,NA,8,NA,1
"1046",0.12708809,"1046-91",1046,91266,22,91,2024,6,14,1,3,11,3,2,2,1,2,2,-9,-8,1,-8,4,-8,6,6,4,4,6,6,6,6,6,6,6,4,6,6,6,-9,6,6,4,3,1,1,1,1,-8,1,-8,1,1,1,1,1,1,1,-8,1,1,1,1,1,4,-8,2,2,1,2,-8,3,-8,-8,-8,-8,2,-8,-8,-8,-8,-8,2,6,10,10,0,10,2,NA,NA,21,21,38,49,93,10,10,10,10,4,5,1,2,5,2,2,5,3,6,4,1,2,2,2,2,1,5,5,1,3,-8,-8,NA,NA,NA,NA,NA,NA,NA,NA,8,15,15,1,1,NA,2,64,1,2,NA,2,2,1,NA,7,1,2
"1047",1.17827536,"1047-91",1047,91078,10,91,2024,6,7,1,3,7,26,11,3,1,2,2,3,2,2,5,2,3,6,6,6,6,6,6,6,6,6,6,6,6,6,6,6,3,6,6,5,1,4,2,2,1,3,1,3,3,3,3,3,3,3,3,3,1,3,2,2,2,3,1,1,2,1,2,2,2,2,1,-8,2,2,1,4,2,2,2,2,3,8,8,0,-7,NA,NA,NA,19,10,43,61,74,1,1,10,0,2,-8,-8,1,NA,1,4,1,2,5,9,3,2,2,2,1,1,5,5,1,2,-8,-8,NA,NA,NA,NA,NA,NA,NA,NA,1,15,15,2,NA,2,2,53,11,2,NA,2,6,1,NA,2,1,2
"1048",0.46880513,"1048-91",1048,91076,10,91,2024,6,7,1,3,9,3,10,1,3,3,3,1,3,2,10,2,3,3,2,2,2,3,3,2,3,6,6,6,4,4,3,3,4,6,4,5,1,4,3,1,3,3,4,3,3,2,4,2,1,4,4,3,3,4,2,3,4,3,2,1,2,1,4,5,4,4,4,3,2,2,2,4,2,5,3,3,3,10,10,10,-7,NA,NA,NA,12,4,33,59,94,1,5,9,0,1,5,2,2,3,2,2,3,11,4,5,2,1,1,1,2,1,5,5,1,3,-8,-8,NA,NA,NA,NA,NA,NA,NA,NA,6,10,NA,1,2,NA,2,55,1,2,NA,2,6,1,NA,10,4,1
"1049",0.26219342,"1049-91",1049,91289,13,91,2024,6,8,2,4,5,7,10,3,1,3,3,3,1,2,10,2,2,6,2,2,2,6,6,6,6,6,6,6,4,6,4,6,4,6,2,5,1,4,4,2,3,3,3,3,3,3,3,3,2,4,3,4,4,3,3,3,4,3,3,1,1,1,3,3,3,3,2,3,2,3,2,3,3,4,3,3,3,10,10,10,10,1,3,7,15,9,31,64,79,5,10,0,10,1,4,2,2,2,4,NA,1,2,9,5,5,1,1,1,1,1,3,3,1,3,2,-8,NA,NA,NA,NA,NA,NA,NA,NA,4,10,NA,1,2,NA,2,33,1,2,NA,2,4,1,NA,1,1,-9
"1050",1.15934223,"1050-91",1050,91289,13,91,2024,6,8,2,4,3,6,5,3,3,3,4,4,3,2,10,2,2,6,2,2,1,6,4,3,2,3,6,6,3,3,2,3,3,6,2,4,1,2,4,4,4,4,4,3,4,2,4,4,2,4,4,4,4,4,2,3,4,3,3,1,2,1,4,4,3,4,4,4,3,3,3,3,4,4,4,3,3,10,10,10,10,2,NA,NA,4,6,27,66,91,3,5,10,8,3,1,2,2,1,4,NA,1,2,8,6,2,1,1,1,2,1,3,3,1,3,2,-8,NA,NA,NA,NA,NA,NA,NA,NA,4,10,NA,1,2,NA,1,38,1,2,NA,2,2,1,NA,1,2,9
"1051",1.23372085,"1051-91",1051,91078,10,91,2024,6,7,1,3,10,5,3,1,2,3,5,1,2,-8,-9,3,2,6,6,3,3,3,2,6,6,2,6,6,3,2,3,6,2,6,2,4,7,1,4,4,4,4,4,4,3,4,4,4,4,4,4,4,4,4,4,4,4,3,1,1,2,-8,5,4,4,4,4,4,4,4,4,4,4,4,4,-8,3,10,-7,10,-7,NA,NA,NA,14,7,45,55,83,7,5,9,1,2,5,1,3,3,4,NA,3,11,9,0,2,3,3,3,2,1,5,5,2,3,3,-8,NA,NA,NA,NA,NA,NA,NA,NA,4,15,15,2,NA,5,2,71,1,-8,NA,2,5,2,6,7,2,9
"1052",2.35655072,"1052-91",1052,91078,10,91,2024,6,7,1,3,1,2,14,1,3,2,4,5,3,2,5,1,2,-8,6,-8,1,-8,6,6,6,6,6,6,-8,6,6,6,-8,6,6,4,1,4,4,2,2,4,3,2,-8,1,4,3,2,4,4,4,4,4,2,2,2,3,1,1,1,1,5,5,5,5,3,4,3,5,4,3,4,5,5,4,1,10,10,10,-7,NA,NA,NA,12,4,33,59,94,0,1,9,1,1,5,1,3,3,5,NA,1,2,6,10,2,1,1,1,2,1,-8,5,2,3,-8,2,NA,NA,NA,NA,-8,-8,-8,-8,4,17,NA,1,4,NA,2,53,1,2,NA,1,4,2,2,10,2,2
"1053",0.76464298,"1053-91",1053,91127,16,91,2024,6,10,1,3,5,3,2,3,2,3,3,4,2,2,5,3,-8,6,-8,3,3,4,3,-8,-8,6,6,-8,-8,-8,-8,-8,3,-8,-8,3,4,8,2,2,3,1,3,3,3,2,4,2,2,2,3,3,2,3,2,2,2,3,1,1,2,3,3,4,3,3,2,4,3,3,2,3,3,2,4,3,3,9,-7,8,-7,NA,NA,NA,16,19,39,62,86,5,5,0,0,2,4,2,3,3,4,NA,4,5,6,4,2,3,2,3,2,2,3,5,1,3,-8,2,NA,NA,NA,NA,2,2,2,4,5,15,15,1,-8,NA,2,66,1,2,NA,2,4,1,NA,7,5,1
"1054",1.93444251,"1054-91",1054,91127,16,91,2024,6,10,1,3,3,17,26,2,3,3,4,4,2,2,5,3,3,6,1,2,2,2,6,6,6,6,6,6,3,6,3,6,3,6,6,4,9,2,3,3,2,4,4,4,4,3,4,1,2,3,3,3,3,4,2,2,3,4,1,1,3,1,4,3,5,3,2,3,4,4,3,2,3,5,4,1,3,7,8,10,3,2,NA,NA,18,15,35,72,89,10,0,3,10,1,2,3,3,3,3,NA,1,2,7,9,2,1,2,1,2,1,4,2,1,3,3,1,-8,1,5,4,NA,NA,NA,NA,5,15,15,2,NA,2,1,36,1,2,NA,2,8,1,NA,2,8,9
"1055",1.06553572,"1055-91",1055,91127,16,91,2024,6,10,1,3,13,2,3,2,2,4,3,2,2,1,3,3,5,6,4,6,4,3,3,3,4,6,3,3,3,6,3,4,1,2,2,2,11,-8,1,1,1,4,4,4,4,1,3,4,4,3,2,3,1,3,3,1,1,3,1,1,2,3,3,3,3,3,3,3,3,3,3,3,3,3,3,3,1,10,0,10,-7,NA,NA,NA,24,24,28,71,73,0,10,10,10,1,-9,2,3,1,4,NA,4,2,6,5,-9,5,5,1,-8,-9,3,5,1,3,-8,2,NA,NA,NA,NA,-8,-8,-8,-8,-8,9,NA,1,1,NA,1,63,1,2,NA,2,4,1,NA,2,1,2
"1056",1.51192149,"1056-91",1056,91183,20,91,2024,6,13,1,1,3,2,17,2,2,4,3,4,2,2,-9,1,2,6,3,1,2,3,3,6,3,3,6,6,4,2,2,6,2,6,1,3,2,2,2,2,2,3,3,3,3,3,3,3,2,4,3,2,3,2,2,2,2,2,1,1,1,1,3,3,3,3,3,3,2,2,2,2,3,3,3,3,1,6,7,8,-7,NA,NA,NA,22,22,44,50,75,4,3,5,6,2,3,1,1,NA,1,6,1,3,6,5,2,2,2,2,2,2,4,4,1,3,3,-8,NA,NA,NA,NA,NA,NA,NA,NA,4,15,15,1,2,NA,2,54,1,2,NA,2,8,2,8,8,7,1
"1057",0.41905522,"1057-91",1057,91183,20,91,2024,6,13,1,1,14,26,9,3,2,3,3,5,3,2,6,1,1,3,1,4,1,4,2,3,2,4,6,1,4,3,4,6,4,2,3,5,2,6,3,2,1,4,4,3,3,3,4,1,1,4,4,1,3,4,2,2,2,1,1,1,2,1,4,4,4,3,3,4,3,3,2,1,2,2,4,2,1,5,6,10,6,1,1,6,22,22,44,50,75,6,5,9,8,1,1,1,3,1,2,3,9,1,11,6,4,2,1,1,1,1,3,5,1,3,3,-8,NA,NA,NA,NA,NA,NA,NA,NA,4,15,15,1,2,NA,1,50,1,2,NA,1,10,1,NA,1,7,1
"1058",1.85910886,"1058-91",1058,91166,20,91,2024,6,13,1,2,5,11,1,3,1,3,3,3,1,-9,5,-9,3,3,6,3,3,4,6,6,6,6,6,3,3,3,6,6,6,3,3,4,1,1,2,-9,3,-9,-9,3,3,2,3,2,2,-9,-9,3,-9,-9,2,3,2,3,-9,1,2,-9,-9,-9,-9,-9,-9,-9,-9,-9,-9,-9,-9,-9,-9,-9,-9,10,10,10,10,1,3,5,21,21,38,49,93,10,0,10,10,4,4,1,1,NA,4,NA,6,1,9,-9,1,2,1,3,-9,3,-9,5,1,2,-8,-8,NA,NA,NA,NA,NA,NA,NA,NA,3,-9,-9,1,-9,NA,1,40,1,1,5,2,8,1,NA,1,5,1
"1059",1.14863875,"1059-91",1059,91166,20,91,2024,6,13,1,2,1,5,10,4,1,3,3,5,1,1,1,5,5,3,4,4,5,5,3,1,3,2,1,3,1,3,1,4,1,4,1,2,6,1,4,3,3,3,3,4,4,3,4,2,2,1,4,3,4,2,2,2,3,4,1,1,3,1,4,1,3,1,4,2,1,1,2,5,4,1,2,1,2,10,5,5,0,2,NA,NA,4,6,27,66,91,5,0,5,0,1,1,1,3,1,4,NA,5,6,1,5,2,4,4,3,3,3,5,5,1,3,3,-8,NA,NA,NA,NA,NA,NA,NA,NA,6,16,NA,1,1,NA,1,81,1,2,NA,2,3,1,NA,7,2,10
"1060",0.39733974,"1060-91",1060,91152,20,91,2024,6,13,1,3,14,10,13,1,2,3,3,5,2,2,5,1,4,6,1,2,1,6,6,6,6,6,6,6,5,4,4,4,4,6,6,4,1,4,4,4,4,4,4,4,4,1,3,4,4,4,4,4,4,4,4,3,3,3,3,2,2,2,5,5,5,5,5,5,5,5,5,5,5,5,5,5,1,10,10,10,10,1,-8,7,22,22,44,50,75,0,0,10,0,1,5,1,2,1,4,NA,6,1,11,10,2,1,1,1,5,1,1,4,2,3,3,1,-8,-8,-8,-8,NA,NA,NA,NA,1,15,14,1,2,NA,2,39,1,2,NA,2,4,1,NA,10,NA,9
"1061",2.20025227,"1061-91",1061,91153,20,91,2024,6,13,1,3,1,6,10,1,3,4,2,4,2,2,6,1,2,6,2,4,2,6,6,4,6,6,6,6,4,6,6,6,4,6,4,4,1,2,3,1,1,4,4,3,2,1,2,3,1,4,4,4,2,4,1,3,4,1,1,1,2,1,4,4,4,3,3,4,1,1,1,4,4,2,5,3,5,10,10,10,-7,NA,NA,NA,18,15,35,72,89,0,0,9,10,1,1,1,2,1,3,NA,7,9,10,10,3,1,1,1,5,1,2,5,1,3,3,-8,NA,NA,NA,NA,NA,NA,NA,NA,6,15,15,1,2,NA,2,42,1,2,NA,2,4,2,4,1,2,2
"1062",0.40480927,"1062-91",1062,91153,20,91,2024,6,13,1,3,8,1,3,3,3,3,3,4,2,2,-8,3,3,6,6,2,2,6,6,6,6,6,6,6,4,2,6,6,2,6,2,3,7,1,3,3,3,4,3,3,3,3,3,3,3,3,3,3,3,3,3,3,3,4,1,1,2,2,4,4,4,4,4,3,4,4,4,4,4,4,4,3,1,10,10,10,-7,NA,NA,NA,11,13,30,51,92,10,0,0,0,1,5,1,3,3,3,NA,2,11,4,4,4,2,2,2,3,2,3,4,2,3,3,-8,NA,NA,NA,NA,NA,NA,NA,NA,5,15,15,1,1,NA,2,28,1,1,5,2,4,1,NA,10,2,9
"1063",1.46468253,"1063-91",1063,91240,20,91,2024,6,13,1,3,26,1,13,4,1,3,3,3,2,1,7,4,4,6,3,4,4,5,6,2,4,6,6,6,4,3,2,5,4,6,3,4,4,1,4,2,4,3,4,2,3,1,4,3,2,3,4,2,3,3,2,2,4,4,2,1,3,1,5,5,4,3,5,3,2,3,3,4,4,3,3,3,2,10,10,10,10,2,NA,NA,13,14,29,70,96,0,6,3,0,4,2,1,1,NA,3,NA,1,2,8,6,1,2,4,1,2,1,5,5,2,3,3,1,3,3,5,4,NA,NA,NA,NA,4,15,15,1,1,NA,1,26,1,2,NA,2,8,2,2,1,5,9
"1064",1.60079366,"1064-91",1064,91240,20,91,2024,6,13,1,3,3,9,13,2,3,3,3,5,3,2,7,2,3,6,1,2,1,1,6,6,6,6,6,3,4,3,4,3,4,6,4,4,9,4,4,3,4,4,4,4,4,4,4,2,2,4,4,2,4,4,2,2,4,4,1,1,3,2,4,5,4,4,4,4,3,3,3,3,5,5,4,5,2,10,10,10,10,2,NA,NA,9,11,36,63,78,5,5,5,5,3,5,1,3,3,2,3,1,6,11,5,1,1,1,1,1,1,3,3,1,3,3,-8,NA,NA,NA,NA,NA,NA,NA,NA,4,15,15,1,2,NA,1,35,1,2,NA,2,8,2,4,1,5,9
"1065",1.16375932,"1065-91",1065,91026,4,91,2024,6,4,1,2,3,5,6,2,1,4,3,3,2,2,5,4,4,6,5,3,4,5,3,1,4,1,6,1,4,4,2,5,2,3,1,4,8,4,4,2,4,4,3,4,4,1,4,2,2,2,4,4,2,2,2,3,4,3,1,1,3,3,3,2,4,2,3,3,3,3,3,3,3,3,2,1,2,3,6,5,3,2,NA,NA,21,21,38,49,93,6,5,2,7,1,5,1,3,3,3,NA,1,6,8,8,2,2,1,1,2,1,1,3,2,3,3,-9,NA,NA,NA,NA,NA,NA,NA,NA,5,15,15,2,NA,1,1,50,1,2,NA,2,6,1,NA,1,3,9
"1066",2.28467696,"1066-91",1066,91236,20,91,2024,6,13,1,1,2,10,26,3,2,5,1,3,3,1,5,5,5,6,3,5,5,6,6,6,6,6,6,6,1,6,6,6,1,6,1,1,4,4,4,4,4,4,4,4,4,3,4,3,4,1,4,4,4,4,4,3,4,4,1,1,3,1,5,5,5,5,5,5,5,5,5,5,5,5,5,5,1,10,10,10,10,2,NA,NA,6,17,40,52,84,5,5,5,5,5,2,1,1,NA,2,2,1,2,11,5,5,1,1,1,2,1,5,5,2,3,1,2,NA,NA,NA,NA,2,1,4,2,4,15,15,2,NA,1,2,29,1,2,NA,1,7,2,10,3,2,9
"1067",1.2357934,"1067-91",1067,91026,4,91,2024,6,4,1,2,1,3,10,3,2,4,3,3,1,2,5,3,4,6,3,3,3,6,6,6,6,6,6,6,3,3,3,6,3,6,6,3,1,2,3,2,3,4,3,3,3,2,3,3,3,3,2,3,3,3,2,2,4,2,1,1,2,3,3,2,3,3,3,2,2,2,3,3,3,4,2,3,1,5,7,7,5,2,NA,NA,3,2,47,56,95,3,7,3,7,1,5,1,2,3,4,NA,3,6,1,6,2,3,3,4,2,3,3,3,1,3,1,2,NA,NA,NA,NA,5,1,2,2,6,9,NA,1,1,NA,1,42,1,2,NA,2,5,1,NA,1,7,9
"1068",0.73272332,"1068-91",1068,91026,4,91,2024,6,4,1,3,1,3,10,1,2,2,3,4,3,2,-8,3,3,6,6,3,6,6,6,6,6,6,3,6,3,6,6,6,6,6,6,4,-8,-8,4,2,4,4,4,4,4,4,4,4,1,4,4,4,4,4,2,4,4,4,3,-8,2,1,5,5,5,5,3,5,2,5,5,5,5,3,4,4,1,10,10,9,0,2,NA,NA,13,14,29,70,96,5,5,5,5,3,3,2,2,1,5,NA,2,3,5,5,2,3,3,3,-8,3,-8,-8,-9,-8,-8,-8,NA,NA,NA,NA,NA,NA,NA,NA,-8,15,-8,2,NA,-8,2,74,1,2,NA,2,0,2,0,1,1,-9
"1069",0.35479697,"1069-91",1069,91001,1,91,2024,6,1,1,2,3,10,14,1,3,2,5,5,3,2,5,1,2,3,2,1,1,1,4,3,3,3,4,2,4,1,2,3,2,2,4,4,1,6,2,3,4,4,4,4,3,3,4,4,3,4,4,3,4,4,4,4,4,4,2,2,1,1,4,5,5,5,5,5,4,4,4,5,4,5,5,5,1,10,10,10,10,1,3,4,17,1,48,67,90,7,8,8,0,3,5,1,3,3,3,NA,6,11,4,10,2,1,1,1,2,5,5,5,1,3,3,2,NA,NA,NA,NA,1,1,1,1,4,15,15,1,4,NA,2,50,1,2,NA,2,3,1,NA,2,2,1
"1070",0.60613017,"1070-91",1070,91132,16,91,2024,6,10,1,3,3,10,1,1,1,4,4,5,3,2,5,1,2,6,2,1,1,2,6,6,2,6,6,6,4,6,3,6,4,3,3,4,1,3,1,2,3,3,4,3,4,3,3,3,1,4,4,3,3,4,1,1,3,2,1,2,2,1,4,5,5,4,5,4,3,3,3,3,4,5,4,5,2,10,10,10,9,2,NA,NA,8,5,26,57,80,10,0,10,0,2,5,1,3,4,2,5,2,7,6,0,4,3,1,1,2,1,1,5,1,-9,3,2,NA,NA,NA,NA,3,2,4,4,3,18,NA,1,2,NA,2,27,1,2,NA,2,8,2,1,2,2,1
"1071",0.35350418,"1071-91",1071,91026,4,91,2024,6,4,1,2,3,1,10,1,2,3,2,4,3,2,5,2,4,3,6,3,2,2,6,2,2,6,3,6,4,2,6,3,4,2,6,4,2,1,3,2,-8,4,4,3,3,3,4,2,3,3,4,3,4,3,3,3,4,4,2,1,3,1,4,5,5,2,5,2,2,2,1,3,3,4,5,2,6,10,10,10,8,2,NA,NA,13,14,29,70,96,0,5,4,0,3,5,1,2,1,1,3,11,3,1,10,2,1,4,1,1,4,5,4,2,3,3,2,NA,NA,NA,NA,5,5,5,4,1,15,15,1,2,NA,2,60,1,2,NA,2,4,2,4,1,5,1
"1072",0.39760252,"1072-91",1072,91047,6,91,2024,6,5,1,3,3,9,10,2,3,3,4,5,3,2,6,1,1,6,1,1,1,6,6,6,6,6,6,6,4,3,5,3,4,6,3,5,1,1,3,3,4,4,4,4,3,3,3,4,3,4,4,4,3,4,3,3,4,3,2,2,3,1,4,5,3,4,3,4,3,4,-8,-8,4,5,4,2,3,10,-7,10,-7,NA,NA,NA,24,24,28,71,73,1,5,6,5,4,5,1,3,3,5,NA,1,11,7,9,1,2,2,2,2,1,-8,4,2,3,3,2,NA,NA,NA,NA,4,2,5,5,6,15,14,1,2,NA,2,63,1,2,NA,2,2,1,NA,7,2,1
"1073",1.853142,"1073-91",1073,91132,16,91,2024,6,10,1,3,1,2,26,2,3,4,4,4,3,2,-9,1,-9,6,6,6,1,6,6,6,6,6,6,6,5,6,6,6,2,6,6,5,2,1,4,4,1,4,4,4,3,4,4,4,4,4,4,4,4,4,3,3,4,3,2,2,1,5,5,4,4,-8,-8,4,4,4,2,2,4,4,4,4,4,7,10,10,10,1,3,5,3,2,47,56,95,4,10,3,4,4,5,2,3,1,5,NA,8,11,2,5,5,5,5,2,1,1,5,5,2,3,3,1,-8,5,5,5,NA,NA,NA,NA,4,15,15,1,1,NA,1,52,1,2,NA,2,2,1,NA,7,5,2
"1074",1.09360021,"1074-91",1074,91184,20,91,2024,6,13,1,2,13,5,3,3,2,3,3,4,2,1,1,2,2,6,2,2,4,4,2,6,6,6,6,2,4,5,4,4,2,2,2,4,5,6,3,2,3,4,4,3,4,1,2,4,1,3,3,4,2,3,1,3,3,3,3,1,2,1,5,3,4,4,4,4,2,2,4,4,4,4,4,-8,1,10,-7,10,-7,NA,NA,NA,14,7,45,55,83,10,10,10,10,2,2,1,3,1,5,NA,6,5,3,8,2,1,2,1,3,4,5,5,2,3,3,-8,NA,NA,NA,NA,NA,NA,NA,NA,6,15,1,1,-9,NA,2,68,1,1,5,2,1,1,NA,2,2,1
"1075",1.36206616,"1075-91",1075,91238,20,91,2024,6,13,1,1,1,3,10,4,1,4,2,4,1,1,1,4,4,6,4,3,4,5,2,2,3,6,3,5,3,3,2,4,1,6,2,2,6,9,2,4,2,2,2,3,4,1,4,3,2,1,3,2,2,2,3,2,2,4,3,2,3,1,4,2,4,2,2,1,2,2,4,4,2,1,2,1,6,9,8,8,-7,NA,NA,NA,13,14,29,70,96,10,10,10,10,5,2,1,1,NA,1,6,3,9,2,8,1,5,5,5,2,1,1,1,1,3,3,-8,NA,NA,NA,NA,NA,NA,NA,NA,5,3,NA,1,1,NA,1,27,1,2,NA,2,8,2,8,1,4,11
"1076",1.88452875,"1076-91",1076,91026,4,91,2024,6,4,1,2,3,5,7,3,3,3,2,3,2,1,5,3,4,4,2,3,3,6,4,2,4,3,6,2,4,4,4,4,3,6,3,3,10,2,2,2,2,3,3,1,4,3,4,2,2,2,3,3,2,3,2,1,3,3,2,1,2,3,3,4,4,2,2,2,2,3,3,3,2,1,3,2,2,9,6,7,9,1,1,4,11,13,30,51,92,9,5,5,5,2,4,2,2,1,3,NA,1,4,11,7,2,2,3,2,3,3,4,4,2,3,1,2,NA,NA,NA,NA,5,5,5,4,6,-9,11,1,1,NA,1,26,1,2,NA,1,8,2,6,1,4,1
"1077",1.71251717,"1077-91",1077,91047,6,91,2024,6,5,1,3,3,5,17,3,3,3,4,3,2,2,5,3,4,6,6,6,6,6,6,6,6,6,6,6,5,6,6,6,3,6,6,4,9,2,2,2,3,4,2,2,3,2,3,1,2,4,4,2,4,3,2,2,3,3,-8,1,3,2,4,4,4,3,3,3,2,2,2,3,3,5,3,3,3,10,10,10,10,2,NA,NA,13,14,29,70,96,0,10,10,0,1,1,1,3,3,3,NA,2,11,1,5,4,1,1,1,2,1,3,3,1,3,2,2,NA,NA,NA,NA,5,5,5,5,2,14,NA,1,1,NA,2,21,1,2,NA,1,7,2,3,4,5,1
"1078",0.3664909,"1078-91",1078,91236,20,91,2024,6,13,1,1,3,2,5,2,3,4,3,4,3,2,6,1,2,3,3,2,1,1,2,3,2,3,3,1,4,2,4,4,3,2,3,2,6,2,2,2,2,4,4,3,3,2,3,3,1,3,4,2,3,3,2,3,2,2,1,2,1,1,4,3,3,4,3,4,2,2,2,3,4,3,3,2,3,5,-7,7,-7,NA,NA,NA,13,14,29,70,96,1,8,3,1,2,1,1,3,3,1,1,6,11,4,5,2,2,1,2,2,1,4,5,1,3,-8,-8,NA,NA,NA,NA,NA,NA,NA,NA,6,15,15,1,2,NA,2,73,1,2,NA,2,9,1,NA,2,7,1
"1079",1.09883711,"1079-91",1079,91047,6,91,2024,6,5,1,3,1,3,9,2,3,3,5,5,3,2,4,1,3,6,1,1,1,1,6,2,6,6,6,6,2,4,5,6,2,6,1,4,1,4,4,1,4,4,4,3,3,1,3,4,1,4,4,3,3,4,1,4,4,2,1,2,2,2,5,5,5,1,2,5,5,1,5,5,3,5,5,5,4,10,-7,10,-7,NA,NA,NA,17,1,48,67,90,10,10,10,0,5,5,2,3,3,4,NA,1,11,4,3,6,1,1,1,1,1,1,2,1,3,2,2,NA,NA,NA,NA,4,5,5,4,5,14,NA,1,4,NA,2,65,1,2,NA,2,5,1,NA,7,2,1
"1080",0.466529,"1080-91",1080,91026,4,91,2024,6,4,1,2,5,1,3,2,2,2,2,5,3,2,-8,3,6,6,6,6,6,6,6,6,6,6,6,6,6,6,6,6,6,6,6,3,2,2,3,3,3,3,3,3,4,2,3,3,3,2,3,3,2,3,3,2,3,4,1,1,3,2,3,3,3,4,3,4,3,3,3,4,3,4,3,3,2,4,4,3,4,1,2,3,19,10,43,61,74,4,4,9,4,2,2,1,1,NA,4,NA,2,3,9,2,5,2,2,2,3,4,5,5,1,3,3,2,NA,NA,NA,NA,5,5,4,4,1,15,15,1,1,NA,2,49,1,2,NA,2,7,1,NA,1,4,1
"1081",2.08179154,"1081-91",1081,91131,16,91,2024,6,10,1,3,3,12,6,2,3,4,3,4,3,2,-9,2,2,6,6,3,3,6,6,6,6,6,6,6,3,6,6,6,3,6,3,3,9,2,4,3,4,4,3,3,4,2,4,3,3,4,3,3,3,4,3,3,3,3,3,1,2,2,5,4,4,2,3,3,4,3,4,3,3,3,3,4,3,10,10,10,-7,NA,NA,NA,1,32,37,54,82,0,8,5,9,4,2,2,3,2,3,NA,1,7,2,8,2,1,1,2,2,2,4,4,1,3,3,1,5,4,5,5,NA,NA,NA,NA,6,15,15,1,1,NA,1,36,1,1,5,2,7,2,1,1,7,9
"1082",1.82356124,"1082-91",1082,91244,20,91,2024,6,13,1,4,5,10,11,3,1,3,2,3,3,1,5,4,4,6,6,4,2,6,6,6,6,6,6,6,4,6,6,6,2,6,2,4,1,1,4,4,2,3,3,3,3,2,3,4,4,3,3,4,4,3,3,3,4,4,3,2,3,1,2,4,4,2,4,4,4,4,4,4,4,4,4,4,5,10,10,10,10,1,2,6,1,32,37,54,82,10,4,5,10,1,4,2,2,3,1,5,6,5,3,10,5,2,1,1,5,1,1,2,2,3,3,1,1,1,1,2,NA,NA,NA,NA,1,15,15,1,1,NA,2,38,1,2,NA,2,4,2,4,1,4,2
"1083",2.73534187,"1083-91",1083,91244,20,91,2024,6,13,1,4,13,5,10,1,2,2,1,5,3,1,5,4,4,6,6,4,4,6,6,6,6,6,6,6,4,6,4,6,6,6,6,3,5,1,3,3,3,4,4,3,4,3,3,2,4,4,4,4,3,3,3,3,3,4,2,1,3,1,4,4,4,4,4,4,4,4,4,4,4,4,4,4,1,10,10,10,10,1,2,5,22,22,44,50,75,10,10,10,10,2,2,1,2,3,5,NA,1,2,11,8,1,1,1,1,1,2,3,5,1,3,3,2,NA,NA,NA,NA,1,1,1,1,4,15,1,1,1,NA,2,37,1,2,NA,2,3,2,4,8,1,1
"1084",0.32291481,"1084-91",1084,91244,20,91,2024,6,13,1,4,7,10,1,1,2,3,3,5,3,2,7,1,6,6,6,6,6,6,6,6,6,6,6,6,6,6,6,6,6,6,6,5,-8,1,4,2,4,3,4,-8,-8,1,-8,4,4,4,3,-8,3,3,4,3,4,4,3,2,3,1,4,4,4,4,4,4,4,4,4,4,4,4,4,4,7,10,10,10,-7,NA,NA,NA,12,4,33,59,94,5,10,10,5,1,5,3,3,4,4,NA,5,9,3,10,2,2,1,2,2,2,5,5,1,3,3,1,5,4,5,1,NA,NA,NA,NA,4,15,15,1,4,NA,2,74,1,2,NA,2,4,1,NA,7,2,1
"1085",0.60568243,"1085-91",1085,91244,20,91,2024,6,13,1,4,3,9,12,1,3,2,3,5,3,1,2,5,5,6,6,6,3,6,6,6,6,6,6,6,1,1,4,6,1,6,6,1,1,6,1,2,4,4,4,4,4,3,4,3,1,3,4,3,2,4,2,3,1,4,3,1,2,1,5,3,5,3,2,4,2,2,2,5,4,4,4,2,6,10,10,10,-7,NA,NA,NA,1,32,37,54,82,0,0,4,5,5,4,1,3,4,4,NA,7,11,6,10,2,1,1,1,1,1,1,3,1,3,2,-8,NA,NA,NA,NA,NA,NA,NA,NA,-9,19,NA,1,-9,NA,1,66,1,2,NA,2,3,1,NA,1,5,1
"1086",0.44926439,"1086-91",1086,91019,4,91,2024,6,4,1,NA,3,4,1,3,2,2,2,3,1,1,1,5,5,6,5,4,5,4,4,6,4,6,6,4,1,3,3,6,1,6,4,3,2,2,3,4,4,3,3,4,4,2,3,3,2,2,4,3,4,3,1,3,4,3,1,1,2,4,4,2,4,2,3,3,2,2,2,4,3,1,2,1,3,10,5,10,-8,2,NA,NA,11,13,30,51,92,10,4,5,2,1,4,1,2,3,5,NA,2,1,11,10,5,1,1,1,4,3,3,3,1,3,3,1,3,1,4,3,NA,NA,NA,NA,4,4,NA,1,1,NA,1,64,1,2,NA,2,4,1,NA,1,1,11
"1087",0.88735739,"1087-91",1087,91040,6,91,2024,6,5,1,3,3,7,5,2,3,2,3,5,3,2,5,2,4,2,2,2,2,6,6,2,6,6,6,6,2,2,2,6,6,6,2,4,2,1,3,3,3,3,3,2,3,3,3,2,3,4,3,3,3,3,3,2,3,3,2,1,2,1,5,4,5,5,5,5,5,5,4,4,5,5,5,4,6,10,10,10,10,1,3,7,24,24,28,71,73,0,0,3,1,3,4,1,3,4,1,1,1,3,4,9,5,1,1,1,2,3,1,5,2,3,3,1,5,4,4,4,NA,NA,NA,NA,3,15,15,1,1,NA,2,43,1,2,NA,2,3,2,1,3,1,2
"1088",0.22742698,"1088-91",1088,91040,6,91,2024,6,5,1,3,1,3,5,2,3,2,4,5,2,2,-9,4,4,6,6,4,5,6,6,6,4,6,6,6,5,6,2,3,6,6,4,4,5,1,4,1,2,4,4,3,4,2,4,4,1,4,4,4,4,4,1,4,4,4,2,2,2,1,5,2,5,2,4,2,2,3,2,4,4,2,3,4,4,10,10,10,10,2,NA,NA,12,4,33,59,94,4,4,9,4,4,5,1,2,4,3,NA,11,8,1,10,2,1,1,1,2,1,5,3,2,3,3,1,5,2,4,4,NA,NA,NA,NA,5,15,15,1,1,NA,2,61,1,1,NA,2,1,1,NA,3,1,2
"1089",0.87586159,"1089-91",1089,91040,6,91,2024,6,5,1,2,1,13,3,2,3,2,3,4,3,2,3,2,4,6,2,2,2,3,3,2,3,6,4,6,4,6,3,6,3,6,2,4,3,4,3,3,3,4,3,3,3,1,3,3,1,4,4,4,3,3,1,3,3,4,1,1,2,1,4,5,5,5,5,5,5,5,5,5,5,5,5,5,4,10,10,10,10,2,NA,NA,24,24,28,71,73,0,0,0,0,4,5,1,3,3,3,NA,4,2,6,10,2,2,2,2,2,2,5,5,1,3,3,2,NA,NA,NA,NA,2,2,2,2,6,15,15,1,-9,NA,1,60,1,2,NA,2,3,1,NA,1,4,9
"1090",0.29472922,"1090-91",1090,91040,6,91,2024,6,5,1,4,10,1,3,2,3,3,4,4,3,2,5,2,3,6,6,3,2,6,6,6,6,6,6,6,2,6,6,6,6,6,6,1,8,-9,4,4,3,4,4,3,4,3,4,4,3,4,4,4,3,4,4,3,3,3,3,2,3,3,5,5,5,5,5,5,5,4,3,4,4,5,4,5,3,10,10,10,10,2,NA,NA,1,32,37,54,82,0,1,2,0,4,1,2,3,1,3,NA,11,1,2,4,2,1,1,1,5,1,5,4,2,3,3,-8,NA,NA,NA,NA,NA,NA,NA,NA,1,15,15,1,3,NA,1,65,1,2,NA,2,3,1,NA,7,NA,2
"1091",0.51526463,"1091-91",1091,91047,6,91,2024,6,5,1,3,1,3,14,2,2,2,3,4,2,2,5,1,1,6,1,2,1,1,6,6,6,6,6,1,3,2,5,6,3,6,2,2,1,1,4,1,4,4,4,3,3,2,3,4,1,4,4,3,3,3,3,3,3,3,1,1,2,1,3,4,2,2,4,4,1,1,1,2,4,5,3,2,1,10,-7,10,-7,NA,NA,NA,18,15,35,72,89,5,6,0,0,2,2,1,2,3,4,NA,10,2,7,-8,1,1,1,1,2,-9,4,4,1,3,3,2,NA,NA,NA,NA,5,2,5,4,5,14,NA,1,1,NA,1,67,1,2,NA,2,4,1,NA,7,2,8
"1092",2.4022751,"1092-91",1092,91015,3,91,2024,6,3,1,4,9,5,3,2,3,3,3,5,3,2,5,2,3,-8,-8,2,2,-8,6,6,-8,3,6,6,4,6,3,6,-8,6,-8,4,10,6,3,1,4,4,4,2,3,2,3,3,2,4,4,2,3,4,2,2,3,3,2,2,2,1,5,5,5,5,5,5,3,3,2,4,3,2,5,5,3,9,7,10,9,1,3,4,2,16,42,69,81,0,0,5,0,2,5,1,3,3,2,2,2,1,10,10,2,1,1,1,2,1,3,3,1,3,3,1,-8,-8,-8,-8,NA,NA,NA,NA,4,15,13,1,2,NA,1,34,1,2,NA,2,6,1,NA,1,7,9
"1093",1.10809928,"1093-91",1093,91004,1,91,2024,6,1,1,2,10,3,13,3,2,3,3,3,1,1,4,4,4,6,2,3,4,4,3,6,6,6,6,6,3,3,6,6,2,6,2,3,4,1,3,3,3,3,3,3,3,3,3,3,3,3,3,3,3,3,3,3,3,3,1,1,2,2,4,3,4,4,4,4,3,3,3,3,3,4,4,4,4,10,10,10,10,2,NA,NA,20,18,46,65,87,1,0,8,8,2,5,1,2,3,4,NA,2,6,11,4,2,2,2,2,5,3,5,5,1,3,3,2,NA,NA,NA,NA,2,2,2,3,4,15,15,1,1,NA,2,50,1,2,NA,2,4,1,NA,1,3,1
"1094",0.88042431,"1094-91",1094,91137,19,91,2024,6,12,1,3,1,3,10,2,2,3,3,4,2,2,5,3,4,6,3,4,5,3,3,6,3,6,6,3,3,3,3,3,2,3,3,4,1,1,4,4,-8,4,3,3,3,3,4,-8,2,3,4,3,2,3,2,3,2,4,1,1,3,1,4,1,4,2,4,3,3,2,3,3,2,3,2,3,6,10,-7,10,-7,NA,NA,NA,18,15,35,72,89,10,0,0,5,2,5,2,3,3,4,NA,1,3,6,5,2,2,1,2,1,1,5,5,2,3,-8,2,NA,NA,NA,NA,4,4,4,4,1,5,NA,1,-9,NA,2,70,1,2,NA,2,6,1,NA,7,5,1
"1095",1.16782257,"1095-91",1095,91010,2,91,2024,6,2,1,4,10,1,3,3,2,3,4,-8,2,-9,-9,6,6,6,6,6,6,6,6,6,6,6,6,6,6,6,6,6,6,6,6,3,-8,-8,4,-8,4,4,1,4,-8,-8,1,-8,2,-8,3,-8,2,2,3,-8,3,2,-9,-9,-8,3,3,-9,-9,-9,-9,-9,-9,-9,-9,-9,-9,-9,-9,-9,-8,10,0,10,0,2,NA,NA,18,15,35,72,89,5,10,5,10,3,2,1,2,2,4,NA,11,2,3,-8,2,3,2,-8,-9,5,5,5,2,-8,-8,2,NA,NA,NA,NA,-9,-9,-9,-9,-9,15,15,1,-9,NA,2,77,1,2,NA,2,4,1,NA,7,3,3
"1096",1.64872894,"1096-91",1096,91010,2,91,2024,6,2,1,4,2,3,26,1,3,3,2,5,2,2,-9,1,4,2,2,2,6,6,6,6,4,6,6,6,2,6,6,6,4,6,6,1,5,1,1,1,3,3,1,3,3,3,3,3,1,3,3,3,3,3,1,3,3,3,2,1,1,1,2,5,3,3,3,3,3,1,1,1,2,3,3,1,7,10,10,10,10,1,3,7,15,9,31,64,79,0,10,0,10,2,1,3,3,1,5,NA,1,6,8,10,1,2,2,4,4,2,2,1,-8,3,3,1,2,4,2,4,NA,NA,NA,NA,3,15,15,1,2,NA,2,34,1,2,NA,2,4,1,NA,8,3,1
"1097",0.43004709,"1097-91",1097,91272,24,91,2024,6,15,1,3,1,10,3,3,1,2,3,4,2,1,6,3,4,6,6,3,4,6,6,2,-9,6,6,6,-8,6,6,6,2,6,2,3,1,8,2,3,4,4,4,4,4,-8,4,4,2,4,4,4,4,4,2,3,2,4,1,2,1,2,4,4,4,4,4,4,4,4,5,2,4,4,4,2,4,10,10,10,0,2,NA,NA,4,6,27,66,91,4,9,5,0,2,5,2,2,3,5,NA,7,2,6,10,2,1,1,1,3,4,4,5,2,3,2,2,NA,NA,NA,NA,4,4,5,4,-8,-9,-9,1,1,NA,2,77,1,2,NA,2,1,1,NA,7,2,1
"1098",0.77566772,"1098-91",1098,91047,6,91,2024,6,5,1,2,3,9,10,2,3,3,2,5,3,2,6,1,1,6,1,1,1,2,1,6,6,6,6,6,5,2,4,1,3,6,1,4,9,1,4,3,4,4,4,1,2,2,4,3,1,4,3,3,3,4,1,2,4,4,2,1,2,1,5,4,3,4,3,4,3,2,3,3,3,4,3,3,3,10,10,10,10,1,3,7,13,14,29,70,96,3,7,5,3,1,5,2,3,3,4,NA,11,6,1,10,5,1,1,1,2,1,1,1,1,3,3,2,NA,NA,NA,NA,2,2,2,2,3,18,NA,1,2,NA,2,42,1,1,5,2,8,2,6,1,4,8
"1099",2.03796767,"1099-91",1099,91137,19,91,2024,6,12,1,3,3,9,2,2,2,3,2,4,2,2,5,1,2,6,2,1,2,1,6,6,6,6,6,6,3,3,3,6,3,6,3,4,2,4,3,1,4,4,3,2,4,3,2,4,2,3,4,3,3,4,2,4,3,3,1,2,2,1,5,4,4,4,4,4,4,3,3,3,4,4,3,3,1,10,10,10,-7,NA,NA,NA,13,14,29,70,96,0,0,0,5,4,5,2,2,4,3,NA,10,2,7,6,1,1,1,1,2,1,1,3,1,3,-8,2,NA,NA,NA,NA,1,2,5,5,5,18,NA,1,2,NA,1,27,1,2,NA,2,4,2,4,1,5,9
"1100",0.69362375,"1100-91",1100,91083,10,91,2024,6,7,1,3,1,6,4,2,3,3,3,5,2,-9,5,2,4,6,6,-8,3,6,6,6,6,6,6,6,-8,6,6,6,2,6,-8,1,10,6,3,3,4,4,4,4,4,1,4,3,3,3,4,4,3,3,4,3,3,3,3,2,2,1,4,5,5,-8,5,4,5,-8,5,5,5,3,5,-8,6,10,10,10,-7,NA,NA,NA,7,3,20,53,88,0,5,10,6,2,1,1,2,1,-8,NA,3,11,6,0,2,2,2,2,3,1,5,5,2,3,3,2,NA,NA,NA,NA,-8,2,-8,-8,6,9,NA,1,1,NA,2,73,1,2,NA,2,1,1,NA,7,1,3
"1101",0.48328494,"1101-91",1101,91083,10,91,2024,6,7,1,2,14,5,3,2,3,3,4,3,2,1,5,4,5,6,-8,3,2,4,-8,6,6,6,6,6,5,3,6,6,1,6,2,4,6,3,3,3,3,4,3,3,4,3,3,3,3,2,3,4,3,3,2,3,3,4,1,2,2,1,3,3,3,3,2,3,2,2,2,2,3,3,3,2,1,10,10,10,10,2,NA,NA,7,3,20,53,88,4,10,8,8,1,4,2,2,3,1,2,10,1,2,8,4,1,1,1,1,1,4,3,1,3,-8,2,NA,NA,NA,NA,5,4,5,5,3,5,NA,1,1,NA,1,61,1,2,NA,2,6,1,NA,1,3,1
"1102",2.18144583,"1102-91",1102,91082,10,91,2024,6,7,1,4,13,4,7,5,2,2,2,2,1,1,5,5,6,6,6,6,6,6,6,6,6,6,6,6,6,6,6,6,6,6,6,5,9,4,2,2,3,3,1,3,1,1,3,3,2,2,2,3,1,2,2,2,2,3,1,2,3,1,-8,1,1,1,1,1,1,1,2,1,2,2,1,1,2,0,0,0,-7,NA,NA,NA,12,4,33,59,94,5,5,5,5,4,4,1,1,NA,1,1,3,1,9,0,6,2,2,2,2,5,5,5,1,1,-8,2,NA,NA,NA,NA,4,4,4,4,5,15,15,2,NA,-8,1,34,6,2,NA,2,4,2,0,3,5,9
"1103",1.39834774,"1103-91",1103,91137,19,91,2024,6,12,1,3,3,2,14,2,2,3,3,4,2,2,5,4,4,6,3,4,4,4,6,3,6,6,6,6,4,4,6,4,3,6,2,4,1,4,4,3,3,4,3,3,3,2,3,3,2,3,3,2,2,3,3,2,3,4,2,2,3,2,4,3,4,2,2,3,3,4,4,3,4,4,4,3,6,10,7,10,7,1,1,6,14,7,45,55,83,7,7,7,7,3,2,-8,3,3,1,5,1,11,9,10,2,1,1,1,2,1,2,2,2,3,3,-8,NA,NA,NA,NA,NA,NA,NA,NA,6,15,15,1,1,NA,1,46,1,2,NA,2,8,2,8,1,7,1
"1104",1.60556991,"1104-91",1104,91083,10,91,2024,6,7,1,3,5,14,2,3,3,3,2,4,3,2,8,3,3,3,3,2,2,3,4,3,4,6,6,3,4,3,4,4,4,-8,3,4,4,6,4,1,3,3,3,3,3,2,3,3,1,3,4,3,3,3,2,2,3,2,1,2,3,2,4,4,4,3,3,4,2,2,2,2,2,4,4,3,3,4,7,5,-7,NA,NA,NA,22,22,44,50,75,5,5,5,10,2,1,1,2,1,4,NA,2,11,3,6,2,1,1,1,1,1,4,4,1,3,1,-8,NA,NA,NA,NA,NA,NA,NA,NA,5,18,NA,2,NA,2,1,20,1,2,NA,2,4,2,2,3,2,9
"1105",0.4117629,"1105-91",1105,91082,10,91,2024,6,7,1,3,10,1,7,3,2,3,3,2,1,1,1,4,5,6,4,2,5,5,4,3,3,1,3,3,4,4,2,3,1,3,1,3,3,8,4,4,3,3,2,3,3,1,3,3,3,2,3,2,3,1,2,2,3,3,1,1,2,1,5,2,3,3,3,2,4,2,3,2,3,4,2,3,2,10,10,10,10,1,2,5,21,21,38,49,93,9,1,10,10,3,2,2,1,NA,2,1,6,1,3,1,2,2,2,2,2,3,5,5,1,3,3,-8,NA,NA,NA,NA,NA,NA,NA,NA,5,9,NA,1,1,NA,2,50,1,2,NA,1,10,1,NA,1,4,9
"1106",0.40331375,"1106-91",1106,91272,24,91,2024,6,15,1,3,1,3,2,3,1,4,2,3,1,1,5,4,5,6,5,4,4,4,4,2,6,6,6,6,2,3,2,6,1,6,2,3,1,1,1,3,2,3,4,4,4,4,3,1,1,1,3,-8,4,4,3,1,2,4,1,2,3,1,4,4,4,2,3,4,4,2,4,4,4,3,4,4,5,10,-7,10,-7,NA,NA,NA,17,1,48,67,90,0,0,0,10,5,5,1,1,NA,3,NA,5,3,9,0,2,4,2,4,1,1,5,5,1,2,1,2,NA,NA,NA,NA,-8,-8,-8,-9,-9,-9,-9,1,-9,NA,1,71,1,2,NA,2,2,1,NA,7,2,1
"1107",0.56291146,"1107-91",1107,91132,16,91,2024,6,10,1,3,9,2,10,2,3,3,3,4,2,2,3,2,4,6,2,4,6,6,6,6,6,6,6,6,4,6,2,6,2,6,2,4,1,1,3,1,1,4,1,3,3,1,4,-8,1,3,3,2,3,2,1,1,3,1,3,2,1,1,4,3,3,4,3,2,-9,-9,3,1,3,3,2,3,6,10,10,8,-7,NA,NA,NA,21,21,38,49,93,10,0,0,10,2,5,1,3,1,5,NA,6,2,11,10,1,1,1,1,2,3,5,5,1,3,-8,-8,NA,NA,NA,NA,NA,NA,NA,NA,6,15,15,1,-9,NA,2,58,1,1,5,2,1,1,NA,10,1,2
"1108",0.77173311,"1108-91",1108,91131,16,91,2024,6,10,1,3,1,13,3,2,2,2,4,4,3,2,-8,2,4,6,6,2,2,6,6,6,6,6,6,6,2,2,6,6,6,6,6,4,11,1,4,-8,1,4,3,4,3,3,-8,4,3,3,4,4,3,-8,-8,-8,3,4,1,-8,1,4,3,-8,-8,-8,-8,-8,2,-8,-8,-8,-8,-8,-8,-8,-8,10,10,10,-7,NA,NA,NA,10,8,25,60,85,0,-9,-9,0,2,1,-9,2,3,5,NA,11,1,3,8,1,2,2,2,4,5,5,-9,1,3,3,2,NA,NA,NA,NA,-8,2,-8,-8,-8,15,15,1,1,NA,1,82,1,1,5,2,1,1,NA,7,1,8
"1109",0.78590492,"1109-91",1109,91131,16,91,2024,6,10,1,3,3,1,10,3,1,4,3,3,2,3,5,4,4,6,3,4,3,4,6,6,6,6,6,6,4,4,6,4,1,6,3,3,1,4,2,2,3,3,3,2,2,2,2,2,3,2,3,3,3,3,2,3,2,3,1,1,2,1,3,2,2,-8,2,2,2,2,2,3,2,3,2,2,4,7,10,10,7,2,NA,NA,8,5,26,57,80,5,10,10,0,1,1,1,2,3,3,NA,11,2,3,5,5,1,1,1,2,1,5,5,1,3,3,-8,NA,NA,NA,NA,NA,NA,NA,NA,1,15,-8,1,1,NA,2,54,1,2,NA,2,6,1,NA,1,2,1
"1110",1.80821637,"1110-91",1110,91004,1,91,2024,6,1,1,2,16,5,11,3,2,4,3,3,1,1,5,4,4,6,6,4,4,6,6,2,6,6,6,3,4,6,6,4,6,6,6,4,2,1,4,4,2,4,4,3,3,3,2,4,4,4,3,4,4,3,4,2,4,4,3,1,2,3,3,4,3,3,3,3,3,3,3,3,3,3,3,3,1,10,10,10,10,2,NA,NA,21,21,38,49,93,6,0,3,10,5,2,3,3,1,5,NA,1,5,9,5,2,1,1,1,3,3,3,5,1,3,3,1,4,2,4,4,NA,NA,NA,NA,4,15,15,1,1,NA,2,25,1,1,5,2,8,1,NA,2,7,1
"1111",0.76561887,"1111-91",1111,91047,6,91,2024,6,5,1,3,10,6,1,2,2,4,3,4,2,2,-9,2,4,6,6,6,6,6,6,6,6,6,6,6,6,6,6,6,6,6,6,4,1,4,3,3,3,3,3,3,4,3,3,3,3,3,3,3,3,3,3,3,3,3,3,2,2,1,4,4,4,4,4,4,4,4,4,4,4,4,4,4,3,10,10,10,-7,NA,NA,NA,10,8,25,60,85,0,10,0,10,1,5,2,1,NA,4,NA,11,6,10,10,5,2,2,2,2,3,5,1,2,3,3,2,NA,NA,NA,NA,4,4,4,4,4,14,NA,2,NA,2,1,64,1,2,NA,2,3,1,NA,1,4,1
"1112",0.54941855,"1112-91",1112,91047,6,91,2024,6,5,1,3,3,10,5,1,1,3,3,4,3,2,5,1,3,6,2,3,2,3,6,6,6,6,6,6,4,3,4,6,1,6,6,5,1,1,1,2,4,3,3,3,3,1,3,-8,1,4,3,3,1,3,2,3,3,3,1,1,1,1,3,4,3,3,2,2,2,2,2,2,3,4,3,2,4,5,-7,8,-7,NA,NA,NA,9,11,36,63,78,10,9,10,0,3,5,1,2,1,5,NA,3,7,4,9,1,2,2,2,2,3,4,4,1,3,3,-8,NA,NA,NA,NA,NA,NA,NA,NA,6,14,NA,1,3,NA,2,71,1,2,NA,2,2,1,NA,7,2,1
"1113",0.66262428,"1113-91",1113,91066,8,91,2024,6,6,1,3,10,1,9,2,2,1,2,2,1,1,3,5,4,6,3,5,4,3,6,2,6,6,6,3,3,3,1,4,1,6,2,1,3,2,4,4,4,3,4,3,4,2,4,2,1,1,3,4,3,3,4,3,4,4,1,1,3,1,5,3,3,5,5,5,5,5,5,5,4,2,4,2,1,8,10,7,-7,NA,NA,NA,11,13,30,51,92,10,6,8,6,2,4,1,3,3,4,NA,3,9,1,10,5,1,1,1,3,4,3,5,1,3,3,1,5,2,5,5,NA,NA,NA,NA,1,3,NA,1,1,NA,2,25,1,2,NA,2,5,2,8,3,5,1
"1114",0.40606506,"1114-91",1114,91066,8,91,2024,6,6,1,3,3,17,14,2,2,3,3,5,3,2,5,2,3,6,6,3,4,6,6,6,6,6,6,6,5,6,6,6,4,6,6,4,1,4,2,2,4,4,3,2,2,2,4,2,2,3,3,3,3,4,1,2,2,2,2,2,2,1,4,3,4,4,3,4,2,2,2,2,4,2,3,2,3,9,10,10,3,1,1,5,23,23,41,68,76,5,9,5,0,1,2,1,2,1,5,NA,1,2,11,10,2,1,1,1,2,3,3,2,1,3,3,1,3,1,2,2,NA,NA,NA,NA,1,15,24,1,1,NA,2,45,1,2,NA,2,4,1,NA,8,2,1
"1115",0.30012912,"1115-91",1115,91066,8,91,2024,6,6,1,3,3,14,10,3,2,3,3,3,2,2,4,3,4,6,3,4,2,3,6,1,6,6,6,6,5,3,5,6,4,3,4,4,3,1,3,2,1,4,3,2,3,2,2,3,3,3,4,3,4,4,1,2,4,4,3,1,2,3,4,4,4,3,4,4,2,2,2,4,3,2,3,3,1,10,8,10,10,1,3,7,18,15,35,72,89,10,0,0,10,2,5,1,3,4,1,1,1,11,7,10,5,1,1,1,2,1,3,4,2,3,3,-8,NA,NA,NA,NA,NA,NA,NA,NA,3,15,15,1,1,NA,2,37,1,2,NA,2,8,2,8,2,5,2
"1116",0.65611465,"1116-91",1116,91066,8,91,2024,6,6,1,3,2,9,3,3,2,3,2,4,1,1,1,4,4,6,6,3,4,6,6,6,6,6,6,6,6,6,6,6,3,6,6,3,1,4,4,2,4,4,2,2,4,1,3,3,3,3,4,3,2,3,2,1,3,3,1,2,2,3,4,3,4,2,5,2,4,2,3,5,4,2,3,3,6,10,10,2,-7,NA,NA,NA,21,21,38,49,93,6,0,10,9,4,5,2,2,4,3,NA,1,3,6,1,5,2,3,3,2,4,5,5,2,3,3,2,NA,NA,NA,NA,2,2,4,2,1,4,NA,1,1,NA,1,22,1,1,5,1,7,2,1,4,5,9
"1117",0.33764389,"1117-91",1117,91066,8,91,2024,6,6,1,3,9,5,2,1,2,3,3,4,3,2,5,1,2,3,2,3,1,3,3,2,3,3,3,3,3,3,3,3,3,3,2,3,5,1,2,2,2,4,4,3,3,1,3,2,1,4,3,3,3,1,1,2,2,3,3,1,2,1,5,4,4,3,4,2,1,1,2,1,4,5,2,3,1,8,10,10,10,1,3,6,2,16,42,69,81,1,0,5,0,1,2,2,2,1,4,NA,6,11,2,10,5,1,1,1,1,1,5,4,1,3,3,2,NA,NA,NA,NA,4,2,4,4,6,15,15,1,2,NA,1,49,1,2,NA,2,8,2,4,1,5,1
"1118",0.6448703,"1118-91",1118,91027,4,91,2024,6,4,1,3,16,5,2,3,1,3,2,4,2,2,5,3,3,6,3,4,3,3,3,3,6,6,6,3,3,4,3,6,3,6,3,4,1,8,3,3,4,3,4,4,3,3,3,3,3,3,3,3,3,3,3,2,3,3,2,1,3,3,2,3,4,-8,3,4,2,2,3,-8,3,3,2,2,6,10,10,10,-7,NA,NA,NA,11,13,30,51,92,5,2,5,2,2,4,1,2,3,3,NA,6,2,8,-8,2,2,2,4,2,1,5,5,2,3,-9,2,NA,NA,NA,NA,5,4,4,2,3,15,9,1,1,NA,1,72,1,2,NA,2,4,1,NA,7,4,-9
"1119",1.07163523,"1119-91",1119,91027,4,91,2024,6,4,1,2,1,14,10,3,1,3,1,5,2,2,5,2,2,6,6,1,2,6,6,6,6,6,6,6,3,2,6,6,1,6,2,3,1,1,4,4,4,4,4,4,4,3,3,2,3,3,4,4,4,3,4,3,3,3,1,1,2,2,4,4,4,4,4,4,3,4,4,4,4,4,4,3,3,6,7,4,-7,NA,NA,NA,24,24,28,71,73,3,4,6,6,4,2,1,2,3,2,3,9,11,3,0,2,1,2,1,1,1,1,4,2,3,3,2,NA,NA,NA,NA,4,2,4,4,6,15,15,1,1,NA,2,28,1,1,9,2,8,2,4,2,5,5
"1120",1.73957231,"1120-91",1120,91027,4,91,2024,6,4,1,3,10,5,3,2,2,4,3,4,2,2,5,1,2,6,6,2,2,6,6,6,3,6,6,6,2,3,3,3,3,3,3,4,1,6,4,3,3,3,4,2,3,1,3,1,3,4,4,3,3,3,1,1,3,4,1,1,2,1,5,5,4,2,3,5,3,2,2,2,2,1,4,1,3,8,10,7,10,1,3,6,1,32,37,54,82,0,3,2,10,2,1,1,2,1,2,3,2,7,1,7,2,2,1,2,2,1,1,2,2,3,3,2,NA,NA,NA,NA,2,2,2,4,6,19,NA,2,NA,5,1,42,1,2,NA,2,4,1,NA,1,2,1
"1121",0.60613017,"1121-91",1121,91132,16,91,2024,6,10,1,3,1,10,11,3,1,3,3,2,2,2,5,3,4,6,6,3,3,6,6,6,6,6,6,6,4,6,6,3,4,6,6,5,1,2,3,3,3,3,3,3,3,2,4,3,2,3,3,3,3,3,2,1,1,2,2,1,2,1,4,3,2,2,3,2,2,2,2,2,2,2,2,2,1,10,10,10,10,2,NA,NA,9,11,36,63,78,10,10,10,0,2,5,1,1,NA,5,NA,1,6,9,10,2,1,1,1,1,1,5,3,1,1,1,2,NA,NA,NA,NA,-9,-9,-9,-9,3,15,15,2,NA,5,2,25,1,2,NA,2,4,2,3,2,2,9
"1122",0.82288684,"1122-91",1122,91131,16,91,2024,6,10,1,3,10,13,26,3,3,3,2,3,3,3,10,3,5,6,6,-8,4,6,6,6,6,6,6,6,3,6,6,6,-8,6,6,3,9,3,-9,-9,-9,-9,-9,-9,-9,-9,-9,-9,-9,-9,-9,-9,-9,-9,-9,-9,-9,-9,3,1,1,1,4,4,4,4,4,4,4,4,4,4,4,4,4,4,2,10,-7,10,-7,NA,NA,NA,1,32,37,54,82,0,0,0,0,4,5,1,2,3,5,NA,6,5,8,-9,2,2,2,2,2,-9,-9,-9,1,3,1,2,NA,NA,NA,NA,-9,-9,-9,-9,8,15,15,1,1,NA,2,79,1,2,NA,2,1,1,NA,7,1,9
"1123",0.56198255,"1123-91",1123,91238,20,91,2024,6,13,1,1,14,10,3,2,2,4,3,3,2,2,5,1,1,6,1,2,2,2,2,3,2,6,2,2,5,2,3,3,3,6,2,3,6,4,2,1,2,3,3,2,4,2,3,3,2,4,3,3,3,3,2,2,2,2,1,1,2,1,3,5,4,4,3,3,3,3,2,4,3,4,3,3,4,10,10,10,-7,NA,NA,NA,10,8,25,60,85,4,6,3,5,1,1,1,2,3,3,NA,3,2,8,5,5,1,1,1,2,1,3,5,1,3,3,-8,NA,NA,NA,NA,NA,NA,NA,NA,4,4,NA,1,1,NA,2,52,1,2,NA,2,10,1,NA,2,5,1
"1124",1.96784733,"1124-91",1124,91132,16,91,2024,6,10,1,3,3,2,26,2,3,3,3,4,2,2,-9,1,1,6,1,1,1,1,1,6,6,6,6,6,1,6,4,4,1,6,6,4,10,2,3,1,1,4,3,2,3,2,3,1,1,4,3,2,2,3,1,3,3,3,1,1,1,4,4,3,3,2,2,3,2,2,2,3,4,4,3,4,1,10,8,10,9,1,2,6,7,3,20,53,88,10,0,10,0,4,1,1,2,3,1,2,1,6,-8,7,1,1,1,1,1,2,5,5,1,3,3,1,5,5,5,5,NA,NA,NA,NA,3,15,15,1,-9,NA,1,40,1,1,5,1,7,1,NA,1,7,2
"1125",0.1898764,"1125-91",1125,91058,6,91,2024,6,5,1,2,16,10,3,2,3,4,3,4,3,2,5,2,2,6,6,6,2,6,6,6,6,6,6,6,3,6,6,3,3,6,6,3,1,1,1,3,2,4,3,3,3,3,-9,4,3,4,4,4,4,4,3,1,3,4,1,1,2,1,4,4,4,4,4,4,3,3,3,4,3,4,4,3,1,7,10,9,0,2,NA,NA,10,8,25,60,85,4,2,0,5,1,5,2,2,3,4,NA,9,3,1,-9,2,2,2,2,2,1,3,3,1,2,2,-8,NA,NA,NA,NA,NA,NA,NA,NA,4,15,15,1,-9,NA,2,59,1,2,NA,2,4,1,NA,7,5,1
"1126",0.5247533,"1126-91",1126,91058,6,91,2024,6,5,1,3,1,4,11,2,2,3,3,4,2,1,-9,4,3,6,3,6,2,6,6,6,6,6,4,2,2,6,3,6,2,6,6,2,2,1,-9,4,-9,4,4,4,3,4,-9,3,4,4,4,4,4,3,3,1,3,4,1,2,3,1,4,4,4,4,4,4,4,4,4,4,4,4,4,3,4,9,10,10,0,2,NA,NA,5,12,34,58,77,0,4,5,10,1,5,2,2,3,5,NA,1,9,2,-9,2,1,2,2,2,1,3,3,2,3,2,1,-8,-8,-8,-8,NA,NA,NA,NA,4,15,15,1,1,NA,2,71,1,2,NA,2,8,1,NA,7,5,11
"1127",0.70287574,"1127-91",1127,91059,6,91,2024,6,5,1,3,7,11,6,3,3,3,2,4,2,1,-9,3,2,6,6,2,2,6,6,6,6,6,6,6,2,6,6,6,2,6,6,3,8,2,4,4,4,4,3,3,4,4,3,3,4,4,4,3,3,4,4,1,4,3,1,-8,3,1,4,4,4,4,3,3,4,3,4,3,4,4,4,3,1,6,4,7,0,2,NA,NA,13,14,29,70,96,0,10,8,0,1,5,1,2,4,4,NA,11,2,1,5,1,1,3,1,2,1,3,4,1,3,2,-8,NA,NA,NA,NA,NA,NA,NA,NA,4,15,15,2,NA,4,1,25,1,2,NA,2,8,1,NA,1,5,9
"1128",1.43565621,"1128-91",1128,91122,16,91,2024,6,10,1,3,1,3,10,3,-8,3,2,-8,3,2,-9,1,5,6,6,3,3,6,6,6,6,6,6,6,4,6,6,6,3,6,6,4,1,4,3,-8,3,4,4,-8,3,-8,-8,-8,1,3,-8,-8,-8,4,-8,3,3,2,-8,1,1,-8,-9,-8,-8,-8,-8,-8,-8,-8,-8,-8,-8,-8,-8,-8,-8,10,10,0,-7,NA,NA,NA,3,2,47,56,95,0,0,5,10,3,5,2,3,3,5,NA,1,6,3,-8,2,1,1,1,1,-9,-8,1,1,3,3,-8,NA,NA,NA,NA,NA,NA,NA,NA,3,15,15,1,1,NA,2,68,1,2,NA,2,0,2,3,7,2,1
"1129",0.50315608,"1129-91",1129,91211,20,91,2024,6,13,1,3,1,3,17,1,1,4,2,5,3,3,8,3,2,5,2,4,1,3,2,4,1,4,6,1,5,2,4,4,2,2,3,5,1,2,1,1,4,4,3,3,3,2,2,4,1,4,4,3,4,4,2,3,4,3,3,2,2,2,4,2,4,2,5,5,3,2,2,5,4,4,5,4,6,8,-7,7,-7,NA,NA,NA,14,7,45,55,83,5,7,6,4,3,5,2,3,4,2,5,3,6,11,8,1,1,3,2,2,5,3,3,1,3,3,1,3,2,4,-8,NA,NA,NA,NA,6,10,NA,1,2,NA,1,80,1,2,NA,2,4,1,NA,7,2,1
"1130",0.49761238,"1130-91",1130,91027,4,91,2024,6,4,1,3,2,10,3,2,2,3,3,3,2,-8,-8,-9,-9,6,-9,-9,-9,-9,6,6,6,6,6,6,-9,6,-9,6,-9,6,-9,-9,9,4,-9,3,-9,-9,-9,3,3,3,3,3,3,-9,4,3,3,3,3,3,3,3,-9,-9,-9,1,3,3,3,3,3,3,3,3,3,3,3,3,3,3,-9,9,7,6,-7,NA,NA,NA,23,23,41,68,76,5,5,5,5,2,2,1,2,3,5,NA,4,6,11,-9,6,3,3,3,-9,-9,-9,-9,1,3,2,1,3,3,3,3,NA,NA,NA,NA,3,-9,-9,1,-9,NA,2,62,1,2,NA,2,2,1,NA,8,8,3
"1131",0.98163993,"1131-91",1131,91212,20,91,2024,6,13,1,2,3,6,7,4,2,4,3,2,2,1,2,5,5,6,5,5,5,6,5,1,6,6,6,5,2,4,1,6,1,6,6,2,5,4,4,4,4,3,4,4,3,3,2,1,3,1,2,4,3,2,2,2,1,3,2,1,3,1,2,1,1,3,3,2,3,2,2,5,2,1,1,2,2,5,-7,10,-7,NA,NA,NA,11,13,30,51,92,10,3,0,5,2,5,1,2,3,4,NA,1,2,6,10,4,2,4,4,4,1,1,5,1,3,-8,2,NA,NA,NA,NA,4,2,2,4,3,3,NA,1,1,NA,1,87,3,1,3,2,1,1,NA,7,5,9
"1132",0.65671246,"1132-91",1132,91027,4,91,2024,6,4,1,3,9,11,6,1,2,3,2,4,2,1,1,4,3,6,3,3,3,3,3,1,6,6,6,6,2,3,1,6,1,6,1,2,3,8,4,4,4,4,4,3,4,3,3,2,3,3,4,4,3,4,3,3,4,4,1,1,3,5,4,4,5,4,3,4,3,4,4,4,3,3,5,5,3,8,9,6,9,1,3,7,17,1,48,67,90,7,6,7,4,4,2,1,3,4,2,5,2,9,11,5,2,4,4,4,2,2,4,5,2,3,3,2,NA,NA,NA,NA,1,2,4,5,6,15,15,1,1,NA,2,46,1,2,NA,2,8,1,NA,10,8,9
"1133",1.51066381,"1133-91",1133,91021,4,91,2024,6,4,1,3,10,11,13,1,2,2,3,4,3,2,-8,2,3,2,2,2,2,6,2,3,2,6,2,1,4,2,2,2,5,6,2,5,2,1,3,3,3,1,3,1,3,1,3,3,1,3,3,3,3,3,3,3,3,4,1,2,2,1,4,5,5,3,4,4,4,4,3,4,4,4,3,4,3,10,10,10,10,1,2,5,22,22,44,50,75,0,0,0,0,2,5,2,3,4,2,3,1,2,6,10,2,1,1,1,3,1,3,3,1,3,3,-8,NA,NA,NA,NA,NA,NA,NA,NA,3,15,15,1,2,NA,2,38,1,1,3,2,3,1,NA,2,5,1
"1134",0.85506616,"1134-91",1134,91129,16,91,2024,6,10,1,3,6,5,13,2,3,3,2,4,3,2,5,2,5,3,3,3,3,3,3,3,3,3,3,3,3,3,3,3,4,3,3,4,2,2,4,1,4,4,2,3,3,3,3,3,1,3,3,3,4,4,2,3,4,3,3,2,2,1,3,5,5,3,2,2,3,3,3,4,5,4,4,5,3,10,10,10,10,1,3,6,2,16,42,69,81,1,1,5,5,4,5,1,2,1,2,3,2,10,4,10,2,1,1,1,1,1,2,4,2,3,3,1,5,2,5,2,NA,NA,NA,NA,5,20,NA,1,2,NA,2,30,1,2,NA,2,2,1,NA,3,1,9
"1135",0.40384141,"1135-91",1135,91067,8,91,2024,6,6,1,2,8,3,16,2,3,4,3,3,2,2,7,3,4,6,3,3,3,3,3,3,4,6,6,6,5,6,6,3,4,6,3,5,1,4,3,1,1,3,3,3,3,3,4,3,2,3,3,3,1,3,1,3,3,3,2,1,2,2,3,3,3,3,3,3,3,3,3,3,3,3,3,3,2,10,7,10,-7,NA,NA,NA,22,22,44,50,75,0,0,0,5,3,5,1,2,3,1,2,7,6,1,10,2,1,1,1,1,3,5,3,1,3,3,2,NA,NA,NA,NA,-8,2,2,2,6,15,-8,1,2,NA,2,59,1,2,NA,2,4,1,NA,8,3,2
"1136",3.91947251,"1136-91",1136,91055,6,91,2024,6,5,1,1,2,3,14,1,3,4,3,5,3,2,9,1,1,-8,1,1,1,1,1,3,2,6,2,1,3,1,3,1,4,1,3,5,9,3,4,3,3,4,4,2,3,3,3,4,2,3,4,2,4,4,3,3,3,2,1,1,1,1,4,5,4,5,5,5,3,4,3,2,5,4,5,3,1,10,10,10,10,2,NA,NA,1,32,37,54,82,0,0,0,2,1,1,1,3,3,1,1,1,7,11,6,2,1,1,1,1,2,1,5,1,3,3,2,NA,NA,NA,NA,-8,1,-8,5,1,10,NA,1,2,NA,2,42,1,2,NA,2,8,2,8,1,5,11
"1137",0.75533191,"1137-91",1137,91021,4,91,2024,6,4,1,2,1,8,14,2,2,3,2,4,2,2,5,3,4,3,4,3,4,3,6,4,6,6,6,4,4,3,3,3,3,6,4,3,3,1,3,1,3,3,3,3,4,3,3,3,2,3,3,3,3,3,3,1,3,3,1,1,3,1,4,5,5,3,5,3,5,3,5,3,5,3,4,5,1,10,10,10,10,1,2,7,9,11,36,63,78,10,10,9,9,3,4,1,2,2,3,NA,1,2,4,7,2,2,1,2,1,1,5,5,-9,3,1,2,NA,NA,NA,NA,5,5,5,5,3,9,NA,1,1,NA,2,41,1,2,NA,2,4,1,NA,1,3,1
"1138",0.77435701,"1138-91",1138,91021,4,91,2024,6,4,1,3,9,14,2,3,2,3,3,3,-8,2,5,2,4,6,2,2,4,4,6,6,6,6,6,6,5,2,4,4,2,6,6,4,1,4,2,2,3,3,-8,3,2,-8,3,2,2,2,3,-8,3,3,2,2,3,-8,1,2,2,1,3,3,2,2,3,2,2,2,-9,-9,4,4,3,2,3,7,8,10,0,2,NA,NA,10,8,25,60,85,2,2,0,0,3,1,2,2,3,4,NA,1,6,11,-8,2,1,1,1,2,5,4,5,1,3,1,2,NA,NA,NA,NA,3,2,2,4,4,15,15,1,4,NA,2,56,1,2,NA,2,4,1,NA,1,2,1
"1139",0.96194553,"1139-91",1139,91129,16,91,2024,6,10,1,3,4,6,17,1,3,5,3,4,2,2,-9,2,6,6,6,6,6,6,6,6,6,6,6,6,6,6,6,6,6,6,6,4,2,6,1,2,4,4,4,3,3,2,3,3,2,4,4,3,3,4,2,2,3,4,3,2,3,3,4,4,5,3,1,3,3,1,3,4,4,2,3,3,6,8,10,10,10,1,2,5,12,4,33,59,94,0,0,1,0,2,4,1,2,2,5,NA,4,9,3,3,5,1,1,1,5,1,3,5,2,3,3,1,5,5,5,5,NA,NA,NA,NA,3,15,15,1,2,NA,1,47,1,2,NA,2,3,1,NA,1,2,1
"1140",0.77435701,"1140-91",1140,91021,4,91,2024,6,4,1,3,6,10,2,2,3,3,3,3,1,2,10,4,5,2,4,4,2,4,4,3,6,3,6,2,5,4,4,4,4,3,4,4,1,1,4,2,4,4,4,1,2,1,4,2,1,3,3,3,4,3,2,1,4,3,1,1,2,1,3,3,4,3,3,3,3,3,3,3,3,3,3,3,2,10,10,10,0,2,NA,NA,5,12,34,58,77,2,5,1,9,4,5,1,3,3,4,NA,1,2,4,10,2,2,1,1,1,5,5,5,1,3,3,1,5,5,5,5,NA,NA,NA,NA,2,10,NA,1,2,NA,2,61,1,1,5,2,3,2,8,1,6,1
"1141",0.48235036,"1141-91",1141,91060,8,91,2024,6,6,1,2,9,26,14,2,3,3,3,4,3,2,6,3,3,6,2,4,2,4,3,3,6,3,6,6,5,3,2,3,4,6,3,4,1,4,4,2,4,4,4,1,2,1,3,3,2,3,4,3,3,4,2,2,3,4,1,1,2,1,4,4,5,4,4,4,2,2,2,4,4,4,5,2,7,10,10,10,-7,NA,NA,NA,16,19,39,62,86,0,5,0,0,1,1,2,2,3,1,2,1,3,6,0,5,1,1,1,1,1,3,3,2,3,3,1,4,1,4,4,NA,NA,NA,NA,1,15,15,1,2,NA,2,38,1,2,NA,2,10,1,NA,1,7,1
"1142",0.37087476,"1142-91",1142,91060,8,91,2024,6,6,1,2,4,8,3,2,3,3,4,4,3,2,6,2,1,3,1,1,1,6,6,6,6,6,3,-8,5,5,5,6,4,6,3,5,1,4,1,1,2,4,4,3,2,2,4,3,1,4,3,2,3,4,1,2,3,3,3,2,1,1,5,4,4,3,4,4,1,1,1,3,4,3,3,3,3,10,10,10,-7,NA,NA,NA,8,5,26,57,80,1,1,10,0,1,4,1,3,1,1,3,1,11,2,6,4,1,1,1,1,1,3,1,1,3,-8,-8,NA,NA,NA,NA,NA,NA,NA,NA,3,15,15,1,3,NA,2,60,1,2,NA,2,8,2,10,1,7,1
"1143",2.0090956,"1143-91",1143,91202,20,91,2024,6,13,1,2,1,5,14,2,1,4,2,4,2,3,5,3,4,6,6,4,4,4,4,6,6,6,6,6,4,4,3,4,1,6,6,3,1,8,3,3,4,3,3,3,3,3,3,3,3,3,3,3,3,3,3,3,3,3,1,2,3,3,2,3,4,3,4,4,4,4,4,4,4,4,4,4,3,10,-7,10,10,1,1,7,13,14,29,70,96,0,10,5,10,2,2,1,2,3,1,1,2,1,4,10,2,2,2,2,2,1,5,5,1,3,2,2,NA,NA,NA,NA,4,5,5,4,6,-8,-8,1,1,NA,2,41,1,2,NA,2,4,2,7,1,7,9
"1144",0.43500519,"1144-91",1144,91059,6,91,2024,6,5,1,3,10,9,6,2,2,3,3,4,2,2,6,2,2,6,6,2,2,6,6,6,6,6,6,6,3,3,3,6,4,6,6,4,4,6,4,2,4,4,4,3,3,3,3,4,2,4,4,2,2,4,2,2,4,4,1,1,3,1,4,4,4,4,4,4,2,2,2,3,3,4,4,4,3,8,8,10,8,1,2,6,15,9,31,64,79,9,10,0,10,1,5,1,2,2,4,NA,11,2,7,4,2,1,1,1,1,1,1,3,1,3,2,-8,NA,NA,NA,NA,NA,NA,NA,NA,3,15,15,1,2,NA,2,53,1,2,NA,2,4,1,NA,2,5,9
"1145",2.33159258,"1145-91",1145,91124,16,91,2024,6,10,1,3,9,3,1,3,3,3,3,3,3,2,2,3,4,6,-9,4,-9,6,6,6,6,6,6,6,5,6,4,6,3,6,-9,5,9,1,2,3,2,4,3,3,3,2,3,3,3,3,3,3,3,3,2,2,3,3,2,2,2,1,5,5,5,3,4,2,5,4,3,2,2,2,3,3,1,10,10,10,10,2,NA,NA,14,7,45,55,83,4,6,7,2,4,3,2,3,3,1,3,8,11,5,10,5,2,2,2,5,5,4,5,1,3,-8,2,NA,NA,NA,NA,4,2,4,4,7,15,15,2,NA,5,2,47,1,2,NA,2,3,1,NA,8,2,9
"1146",6.17617927,"1146-91",1146,91124,16,91,2024,6,10,1,2,3,17,14,1,2,3,4,4,2,2,7,1,2,6,1,1,2,2,2,3,2,3,6,2,4,3,5,2,3,6,4,5,3,4,3,2,3,4,3,4,3,3,4,4,2,4,4,3,3,4,1,2,3,3,2,1,2,1,4,4,3,4,4,3,2,2,3,3,4,4,3,4,4,8,10,10,8,1,1,5,8,5,26,57,80,5,0,10,0,1,5,1,3,1,3,NA,4,6,2,7,2,1,3,1,1,1,5,4,1,3,3,2,NA,NA,NA,NA,2,2,-8,4,6,17,NA,1,2,NA,1,41,1,2,NA,2,8,1,NA,1,4,9
"1147",0.93463347,"1147-91",1147,91129,16,91,2024,6,10,1,3,3,9,7,3,1,4,2,3,1,1,5,5,4,6,6,6,4,6,6,6,6,6,6,6,3,6,6,6,3,3,6,3,4,4,3,2,3,3,2,3,3,3,2,2,2,2,2,3,2,1,1,1,3,3,2,1,3,1,4,5,4,5,3,3,5,2,3,5,5,4,5,3,2,6,9,10,-7,NA,NA,NA,7,3,20,53,88,4,5,8,5,1,4,1,2,2,3,NA,6,2,1,7,2,2,1,2,3,2,4,4,2,3,3,1,5,3,3,3,NA,NA,NA,NA,3,15,15,2,NA,-9,1,18,1,1,5,1,4,2,4,4,2,9
"1148",1.89009595,"1148-91",1148,91133,16,91,2024,6,10,1,3,3,2,9,1,3,2,3,5,3,2,5,1,3,6,1,2,1,2,6,6,6,6,6,6,3,2,4,6,6,6,6,5,1,4,1,3,1,4,4,3,3,1,4,3,1,4,4,3,4,4,3,3,3,3,1,1,2,1,5,5,5,5,5,4,2,3,2,3,5,4,5,4,4,10,10,10,10,2,NA,NA,23,23,41,68,76,10,5,10,0,2,5,2,3,3,2,5,4,2,10,10,5,2,2,1,1,1,3,1,1,3,-8,2,NA,NA,NA,NA,3,2,1,3,6,15,15,1,2,NA,2,67,1,1,5,2,4,1,NA,1,2,9
"1149",2.34808406,"1149-91",1149,91085,10,91,2024,6,7,1,3,1,3,10,2,2,3,3,4,3,2,5,3,4,6,3,3,3,4,4,6,3,6,6,4,5,4,3,3,3,6,4,5,10,1,3,1,3,3,3,3,3,3,3,3,1,3,4,4,3,4,1,3,4,3,1,1,2,1,4,4,5,3,4,4,2,1,2,5,5,2,3,2,6,8,8,10,8,1,2,6,12,4,33,59,94,5,0,0,5,5,2,3,2,3,3,NA,6,3,1,3,5,5,5,5,2,1,3,3,1,3,2,2,NA,NA,NA,NA,2,2,3,-8,1,15,15,1,1,NA,1,35,1,2,NA,2,3,1,NA,2,2,1
"1150",0.56160855,"1150-91",1150,91030,6,91,2024,6,5,1,3,3,9,14,3,2,3,3,2,2,1,-9,4,3,6,6,6,2,6,6,6,6,6,6,6,3,6,6,6,2,6,6,2,-9,-8,-8,3,-8,4,4,4,4,4,-9,4,4,4,4,4,4,4,4,1,3,4,1,-8,3,2,5,5,5,5,5,5,5,3,3,5,5,5,5,5,1,9,8,7,0,2,NA,NA,19,10,43,61,74,5,10,10,1,1,1,1,1,NA,5,NA,1,9,3,10,1,1,2,2,2,1,4,1,1,3,2,-8,NA,NA,NA,NA,NA,NA,NA,NA,3,15,15,1,1,NA,1,67,1,2,NA,2,3,1,NA,7,5,8
"1151",0.21668184,"1151-91",1151,91030,6,91,2024,6,5,1,3,1,7,9,3,2,3,3,3,2,3,-9,3,6,6,6,6,2,6,6,6,6,6,6,6,2,6,6,6,3,6,6,2,1,1,1,3,2,3,3,3,3,3,-9,3,3,3,3,3,3,3,3,1,3,3,1,1,3,1,5,4,4,4,5,4,4,5,3,5,4,4,4,3,1,7,9,9,7,1,2,6,9,11,36,63,78,5,5,9,0,3,5,1,3,4,4,NA,1,11,2,-9,2,1,2,2,2,1,3,3,1,3,-8,-9,NA,NA,NA,NA,NA,NA,NA,NA,4,15,15,1,4,NA,2,63,1,2,NA,2,4,1,NA,7,2,1
"1152",3.35503436,"1152-91",1152,91282,7,91,2024,6,5,2,3,3,6,11,2,3,3,3,4,2,2,5,1,5,3,3,3,3,3,6,3,3,3,3,3,4,3,3,3,1,3,3,4,9,1,3,2,4,3,3,3,3,2,3,3,1,3,4,4,3,4,3,2,4,4,1,1,2,1,4,5,2,4,2,2,1,1,1,2,4,5,2,2,3,9,5,4,-7,NA,NA,NA,16,19,39,62,86,5,1,0,4,2,3,2,2,2,2,5,2,4,6,5,2,2,2,1,1,1,5,3,1,3,1,2,NA,NA,NA,NA,2,5,5,2,4,14,NA,1,3,NA,1,56,1,2,NA,2,4,1,NA,1,2,1
"1153",0.96789411,"1153-91",1153,91282,7,91,2024,6,5,2,4,2,6,11,2,3,3,2,4,2,2,5,3,5,6,6,6,6,6,6,6,6,6,6,6,3,6,6,6,6,6,6,5,1,1,2,2,3,4,4,4,3,3,4,3,3,3,3,3,3,4,1,3,4,3,3,1,2,1,4,5,5,4,4,4,3,1,2,3,2,1,2,4,1,10,10,10,10,1,3,5,9,11,36,63,78,7,5,8,3,4,5,1,3,2,1,5,2,3,7,6,1,1,1,1,2,2,2,1,2,3,3,2,NA,NA,NA,NA,4,5,4,2,5,14,NA,1,3,NA,1,44,1,2,NA,2,2,1,NA,1,1,1
"1154",0.44816711,"1154-91",1154,91282,7,91,2024,6,5,2,3,3,9,14,3,1,3,1,3,2,1,9,4,4,6,6,4,4,6,6,6,6,6,6,6,4,2,6,6,4,6,2,3,2,3,4,1,1,4,1,4,4,4,4,1,1,1,4,4,4,3,1,1,4,4,2,1,2,1,5,5,5,5,5,5,5,5,5,5,5,5,5,5,4,10,10,10,10,2,NA,NA,24,24,28,71,73,3,4,6,6,2,5,1,1,NA,1,2,1,2,6,6,5,1,2,1,2,3,5,3,1,3,3,2,NA,NA,NA,NA,4,1,2,4,5,14,NA,1,-9,NA,2,48,1,2,NA,1,3,1,NA,8,1,9
"1155",0.43779215,"1155-91",1155,91282,7,91,2024,6,5,2,3,1,3,10,1,3,3,2,5,3,2,4,1,3,6,2,1,1,2,2,6,6,6,6,6,4,6,4,3,4,6,3,5,2,1,3,3,3,3,3,3,3,3,4,4,2,4,3,3,3,3,3,2,3,3,2,2,3,1,4,4,5,4,3,4,3,4,3,4,4,2,4,4,3,10,10,10,10,1,3,6,4,6,27,66,91,1,10,0,10,3,5,1,3,3,2,3,1,2,11,5,2,1,1,1,2,1,1,1,2,3,2,2,NA,NA,NA,NA,4,5,4,2,6,14,NA,1,1,NA,2,35,1,1,5,2,4,1,NA,1,1,1
"1156",0.77600324,"1156-91",1156,91282,7,91,2024,6,5,2,2,1,9,16,2,1,3,3,3,2,1,6,5,4,6,2,5,2,5,4,3,2,6,6,2,4,5,4,4,1,6,4,4,1,7,3,4,4,3,4,4,4,3,4,4,3,2,4,4,2,4,-8,3,2,4,1,1,2,3,5,5,3,5,2,5,2,3,5,4,3,5,5,5,3,10,-7,10,-7,NA,NA,NA,22,22,44,50,75,4,10,5,6,4,5,1,1,NA,4,NA,2,4,6,10,6,2,2,2,1,5,1,5,1,3,-8,2,NA,NA,NA,NA,2,2,2,2,5,1,NA,1,1,NA,2,72,1,2,NA,2,4,2,3,7,2,9
"1157",3.35503436,"1157-91",1157,91282,7,91,2024,6,5,2,3,1,2,16,4,1,4,3,2,1,1,1,5,4,6,5,5,5,5,4,1,4,4,6,1,1,4,1,4,1,4,1,1,11,1,3,3,4,4,4,4,3,3,3,1,2,1,4,4,3,3,2,3,2,4,1,1,3,2,3,2,3,3,2,3,3,2,3,3,4,5,4,4,1,6,8,8,9,2,NA,NA,13,14,29,70,96,1,6,6,10,1,1,1,2,1,4,NA,9,3,1,5,2,5,5,5,1,2,1,5,1,3,2,2,NA,NA,NA,NA,5,4,4,5,1,14,NA,1,1,NA,1,59,1,2,NA,2,4,1,NA,1,2,1
"1158",0.38800162,"1158-91",1158,91282,7,91,2024,6,5,2,3,1,5,7,1,3,3,2,5,3,2,10,3,3,6,6,6,6,6,6,6,6,6,6,6,6,6,6,6,6,6,6,3,9,4,3,2,4,4,3,2,3,1,4,1,2,4,3,3,3,4,2,1,3,4,3,1,1,1,1,4,4,3,3,2,1,1,1,2,3,3,3,3,4,10,-7,10,-7,NA,NA,NA,3,2,47,56,95,4,10,3,10,2,1,1,2,4,4,NA,2,3,6,10,1,2,2,2,2,2,5,5,2,3,-8,2,NA,NA,NA,NA,-8,2,5,4,3,14,NA,1,-9,NA,2,67,1,2,NA,2,3,1,NA,7,2,1
"1159",0.28414611,"1159-91",1159,91282,7,91,2024,6,5,2,4,3,12,26,2,2,3,2,4,2,2,6,4,5,6,6,6,6,6,6,6,6,6,6,6,6,6,6,6,6,6,6,5,8,2,2,4,1,4,4,3,4,3,3,4,3,1,4,-8,1,4,4,1,3,4,1,2,3,1,5,4,1,-8,2,1,2,1,2,1,1,4,1,1,6,10,10,4,-7,NA,NA,NA,15,9,31,64,79,10,10,0,5,5,5,1,3,3,2,3,2,6,11,8,2,1,1,1,1,1,3,1,1,3,2,2,NA,NA,NA,NA,1,2,2,4,6,14,NA,1,1,NA,2,56,1,2,NA,2,1,2,2,8,1,1
"1160",0.79467279,"1160-91",1160,91052,6,91,2024,6,5,1,4,1,3,5,2,2,3,3,3,2,-8,-8,4,4,6,6,4,4,6,6,6,6,6,6,6,2,6,6,6,6,6,6,4,9,1,3,3,3,-8,3,3,3,3,1,3,3,3,3,3,3,-8,-8,3,3,3,-8,2,2,1,4,-8,4,-8,2,4,4,1,3,-8,4,3,-8,1,3,7,-7,7,-7,NA,NA,NA,11,13,30,51,92,5,4,5,4,4,5,1,2,1,1,3,1,3,6,6,2,2,2,2,4,4,5,5,1,3,2,1,5,5,4,-8,NA,NA,NA,NA,3,14,NA,1,1,NA,1,71,1,2,NA,2,2,1,NA,7,1,1
"1161",1.34581228,"1161-91",1161,91052,6,91,2024,6,5,1,3,7,10,2,3,1,3,3,4,2,3,-9,3,4,6,6,3,3,3,5,6,6,1,6,6,3,3,3,6,2,6,2,2,2,7,4,3,4,4,3,3,3,3,3,2,2,3,4,3,3,4,3,3,3,4,3,1,2,1,3,2,4,2,3,2,2,2,2,2,2,3,2,2,1,10,10,10,10,1,2,5,22,22,44,50,75,2,8,5,8,2,4,1,2,3,4,NA,2,6,1,8,2,1,1,1,2,2,5,4,1,3,2,2,NA,NA,NA,NA,2,2,2,2,5,14,NA,1,1,NA,1,51,1,1,1,2,4,1,NA,1,4,9
"1162",1.77117671,"1162-91",1162,91052,6,91,2024,6,5,1,4,2,3,9,2,3,2,4,4,3,2,4,2,4,6,2,3,2,3,4,4,3,6,4,6,2,4,1,4,2,3,3,4,2,1,3,2,2,4,2,3,3,2,4,-8,2,3,4,3,3,2,2,2,2,-8,2,2,2,1,4,3,3,3,3,3,3,3,3,3,-8,5,3,3,1,7,7,6,10,1,3,6,24,24,28,71,73,1,1,6,7,2,1,1,3,3,5,NA,2,7,10,7,5,2,2,2,2,2,5,4,1,3,3,2,NA,NA,NA,NA,1,2,2,2,1,14,NA,1,1,NA,1,64,1,2,NA,2,3,1,NA,1,1,2
"1163",1.30760127,"1163-91",1163,91052,6,91,2024,6,5,1,3,3,17,9,3,1,3,2,3,2,3,5,3,4,6,6,3,4,6,6,6,6,6,6,6,6,6,6,6,4,6,6,5,10,5,4,1,4,4,3,2,3,2,3,3,3,3,3,3,3,3,1,3,3,3,3,1,2,1,4,4,4,4,2,2,3,1,2,2,3,2,3,2,6,5,10,10,-7,NA,NA,NA,1,32,37,54,82,0,1,3,9,2,4,2,2,2,3,NA,6,5,1,5,2,2,2,1,2,1,5,4,1,3,2,-8,NA,NA,NA,NA,NA,NA,NA,NA,4,14,NA,2,NA,2,1,18,1,2,NA,2,4,2,3,3,2,9
"1164",1.30378328,"1164-91",1164,91254,20,91,2024,6,13,1,3,7,1,10,2,2,3,3,5,3,1,2,3,4,6,4,1,1,2,1,2,2,1,6,6,3,4,2,4,1,6,1,2,5,4,4,4,4,4,4,-8,4,1,1,3,3,3,4,2,4,4,3,-9,3,4,1,1,3,1,5,5,5,3,5,5,3,3,3,-8,2,5,3,5,1,10,10,10,10,2,NA,NA,24,24,28,71,73,1,0,1,1,2,5,3,3,3,2,5,1,5,6,2,2,2,2,2,3,3,5,5,-8,3,2,2,NA,NA,NA,NA,5,1,4,5,7,15,15,1,1,NA,2,61,1,2,NA,2,3,1,NA,1,2,9
"1165",0.90080254,"1165-91",1165,91254,20,91,2024,6,13,1,3,3,10,5,2,3,2,4,4,2,2,-9,2,4,6,2,2,2,6,-8,-9,-9,6,6,6,4,6,4,6,4,6,6,4,11,2,4,2,4,4,4,4,4,2,4,4,3,4,4,4,4,4,2,4,4,4,3,-9,-8,1,4,4,4,4,4,4,4,4,4,4,4,4,4,4,-9,10,10,10,10,2,NA,NA,15,9,31,64,79,9,9,1,0,4,1,3,3,3,4,NA,2,8,9,10,1,1,1,1,1,1,2,3,1,3,3,1,2,2,2,2,NA,NA,NA,NA,-8,15,15,-9,NA,-9,2,72,1,2,NA,2,1,1,NA,8,1,1
"1166",2.25200636,"1166-91",1166,91254,20,91,2024,6,13,1,4,1,9,10,1,2,2,3,-8,3,3,2,3,5,6,6,-8,4,6,6,6,6,6,6,6,2,6,-8,6,2,6,-8,3,1,3,-8,-8,-8,4,-8,3,4,-8,-8,-8,-8,-8,3,-8,4,4,-8,2,4,3,1,1,1,1,4,4,4,4,4,4,5,4,4,4,4,4,4,4,-8,10,10,10,-7,NA,NA,NA,18,15,35,72,89,10,1,9,7,4,3,1,2,3,4,NA,1,6,8,-8,1,2,2,2,2,5,5,5,1,3,3,1,-8,-8,-8,-8,NA,NA,NA,NA,3,15,15,-9,NA,-9,2,68,1,2,NA,2,7,1,NA,8,5,9
"1167",0.34151452,"1167-91",1167,91272,24,91,2024,6,15,1,3,3,7,6,3,2,3,2,3,2,2,-9,6,6,6,6,6,6,6,6,6,6,6,6,6,6,6,6,6,6,6,6,4,9,4,2,1,3,3,3,3,4,4,4,3,1,3,3,3,3,3,3,-8,3,3,-9,2,3,2,-9,-9,-9,-9,-9,-9,-9,-9,-9,-9,-9,-9,-9,-9,-9,10,10,10,10,1,3,7,8,5,26,57,80,7,0,5,0,1,5,2,2,2,2,5,6,1,3,10,1,1,1,1,2,1,1,4,1,3,3,2,NA,NA,NA,NA,5,-9,5,5,4,15,10,1,3,NA,1,49,4,1,3,2,4,1,NA,1,5,1
"1168",5.81617133,"1168-91",1168,91124,16,91,2024,6,10,1,2,14,6,10,1,1,3,2,5,2,2,7,1,2,6,1,3,1,3,3,4,6,3,6,1,4,4,5,6,4,6,3,5,1,4,3,1,2,4,3,2,3,2,4,4,1,4,4,1,1,4,1,2,3,3,2,1,2,1,4,4,4,4,4,4,2,2,2,2,4,4,4,4,6,10,10,10,8,1,2,7,5,12,34,58,77,10,4,10,10,1,1,1,2,3,4,NA,7,3,1,6,1,2,2,2,1,2,3,3,1,3,-8,2,NA,NA,NA,NA,2,4,5,-8,6,10,NA,1,-9,NA,1,50,1,2,NA,2,6,1,NA,10,3,2
"1169",1.28259924,"1169-91",1169,91129,16,91,2024,6,10,1,3,3,13,10,3,2,4,3,4,2,2,5,3,3,6,6,6,6,6,6,6,6,6,6,6,6,6,6,6,6,6,6,4,1,1,3,3,1,4,3,3,3,3,3,3,3,3,3,4,3,3,3,2,2,3,2,1,1,2,4,4,4,4,4,4,4,3,4,4,4,4,4,4,6,10,6,6,10,1,2,6,1,32,37,54,82,0,10,0,0,1,5,1,2,3,5,NA,7,2,11,5,1,1,1,1,2,2,5,5,1,3,3,1,5,2,5,5,NA,NA,NA,NA,3,15,15,1,2,NA,2,38,1,-8,NA,2,5,2,4,8,2,2
"1170",0.22252486,"1170-91",1170,91070,8,91,2024,6,6,1,3,1,2,10,4,2,3,3,4,2,1,5,3,4,6,6,3,3,6,6,1,6,6,6,6,2,6,6,6,2,6,2,1,3,1,3,4,4,4,4,4,4,3,3,4,3,4,4,3,3,4,3,3,3,4,1,1,3,1,5,5,5,5,5,5,5,5,5,5,5,5,5,5,6,10,10,10,-7,NA,NA,NA,19,10,43,61,74,1,0,9,0,2,2,1,2,1,3,NA,1,3,6,10,5,2,2,2,3,3,5,3,2,3,3,2,NA,NA,NA,NA,2,2,2,-8,6,15,15,1,1,NA,2,56,1,2,NA,2,6,2,4,1,4,1
"1171",0.11126243,"1171-91",1171,91070,8,91,2024,6,6,1,3,2,4,1,4,1,4,2,5,1,1,1,5,5,6,6,5,5,5,6,1,1,6,6,6,1,3,1,6,1,6,1,1,3,-8,4,4,3,4,4,4,4,4,4,1,3,1,4,3,3,4,3,1,1,-8,1,1,3,-9,4,1,5,3,3,4,4,2,4,4,5,5,5,2,2,9,10,9,10,1,2,7,14,7,45,55,83,9,1,9,5,1,1,1,1,NA,4,NA,1,2,11,-9,1,4,4,1,3,3,5,5,-9,3,1,2,NA,NA,NA,NA,4,4,4,4,6,15,15,1,1,NA,2,56,1,2,NA,2,6,1,NA,1,4,1
"1172",2.20042564,"1172-91",1172,91009,2,91,2024,6,2,1,4,3,7,13,1,3,2,4,5,3,2,1,1,3,6,1,1,1,2,3,6,2,6,6,6,1,2,1,3,1,3,1,4,1,4,4,2,2,4,1,3,3,2,4,4,3,4,3,4,3,4,2,3,4,3,3,2,2,1,5,5,5,5,5,3,3,3,3,3,5,5,5,3,1,10,10,10,10,1,3,5,12,4,33,59,94,0,0,10,0,5,2,1,3,1,5,NA,1,3,6,10,3,1,1,2,1,1,1,1,2,3,3,1,3,5,5,5,NA,NA,NA,NA,4,1,NA,2,NA,2,2,59,1,2,NA,2,4,1,NA,1,4,2
"1173",3.84616592,"1173-91",1173,91009,2,91,2024,6,2,1,4,3,5,9,3,2,4,3,3,2,2,5,3,4,3,6,6,6,6,6,6,6,1,6,6,6,6,3,6,6,6,6,5,10,6,4,4,3,3,3,3,4,2,3,3,4,4,4,-8,3,1,-8,1,3,3,-8,1,1,5,1,3,-8,-8,1,-8,3,4,1,3,-8,-8,-8,-8,-8,7,0,0,10,2,NA,NA,16,19,39,62,86,0,10,0,0,2,1,2,2,2,1,5,6,2,3,6,7,2,2,2,1,3,4,3,1,3,2,-8,NA,NA,NA,NA,NA,NA,NA,NA,-8,15,15,2,NA,5,1,35,4,2,NA,2,4,1,NA,-8,NA,1
"1174",2.26248017,"1174-91",1174,91043,6,91,2024,6,5,1,3,1,2,14,3,1,3,3,2,1,1,-9,4,4,6,4,3,3,4,6,6,6,6,6,6,2,6,6,6,2,6,2,3,4,1,2,1,3,4,4,3,3,3,2,2,2,2,4,3,3,3,2,2,3,3,1,1,3,1,4,3,4,4,3,4,2,2,2,3,3,3,4,4,1,10,-7,7,-7,NA,NA,NA,1,32,37,54,82,0,0,5,5,1,3,1,2,2,4,NA,1,11,2,5,5,1,1,1,1,1,3,3,1,3,1,2,NA,NA,NA,NA,-8,-8,-8,-8,4,15,15,1,1,NA,1,68,1,2,NA,2,3,1,NA,7,5,1
"1175",6.81177291,"1175-91",1175,91043,6,91,2024,6,5,1,2,11,5,16,2,2,4,2,3,2,2,-9,3,3,6,3,3,3,3,6,6,6,6,6,6,3,3,6,6,3,6,3,2,4,-9,4,4,4,4,4,4,4,4,3,4,4,3,4,4,4,4,4,1,3,4,1,1,3,1,5,5,4,5,5,5,5,5,4,5,5,5,4,5,2,5,5,10,7,1,2,6,17,1,48,67,90,0,0,0,0,1,2,2,2,4,4,NA,1,2,9,-9,2,1,1,1,1,1,5,5,-9,3,2,2,NA,NA,NA,NA,-8,-8,-8,-8,6,15,15,1,-9,NA,2,39,1,2,NA,2,8,1,NA,1,3,11
"1176",7.66321345,"1176-91",1176,91043,6,91,2024,6,5,1,3,14,26,2,5,2,5,3,4,3,2,-9,2,3,6,6,6,2,6,6,6,6,6,6,6,3,6,6,6,2,6,6,5,2,6,4,3,4,4,4,4,4,4,3,4,2,4,3,4,4,4,3,1,4,4,1,2,2,2,5,5,5,5,5,5,5,5,5,5,5,5,5,5,1,4,4,7,7,1,2,6,8,5,26,57,80,5,3,10,0,1,2,1,2,1,4,NA,9,2,1,5,2,1,2,1,2,1,2,3,1,3,2,-8,NA,NA,NA,NA,NA,NA,NA,NA,4,15,15,2,NA,5,1,50,1,2,NA,2,8,1,NA,1,5,1
"1177",6.10316186,"1177-91",1177,91043,6,91,2024,6,5,1,3,13,6,2,1,2,4,3,2,2,2,-9,1,2,6,6,2,3,6,6,6,6,6,6,6,3,6,6,6,1,6,6,3,1,6,3,3,3,3,4,4,4,3,3,3,4,4,4,3,3,4,3,2,3,4,1,1,2,2,4,4,4,4,4,4,4,4,4,4,4,4,4,4,1,5,5,9,8,1,2,6,17,1,48,67,90,2,0,0,2,3,1,1,-9,NA,4,NA,1,6,9,5,2,1,1,1,1,1,1,3,1,3,3,1,-8,-8,-8,-8,NA,NA,NA,NA,4,15,15,1,-9,NA,1,33,1,2,NA,2,4,1,NA,2,3,10
"1178",1.02462873,"1178-91",1178,91045,6,91,2024,6,5,1,4,3,13,16,2,3,3,1,5,3,2,-9,1,3,6,6,6,3,6,6,6,6,6,6,6,1,6,6,6,2,6,6,4,2,1,4,4,4,4,4,4,4,4,2,4,4,4,4,4,4,4,4,2,3,4,3,-8,1,2,5,5,5,5,5,5,5,5,5,5,5,5,5,5,1,0,7,0,-7,NA,NA,NA,8,5,26,57,80,0,0,0,0,5,5,1,3,3,5,NA,9,5,3,-8,5,4,4,4,-8,1,1,1,2,3,3,2,NA,NA,NA,NA,5,5,2,5,5,15,15,2,NA,5,1,21,1,2,NA,1,5,1,NA,2,5,9
"1179",2.04925747,"1179-91",1179,91045,6,91,2024,6,5,1,5,7,6,16,2,2,3,2,4,2,1,-9,3,3,6,6,6,3,6,6,6,6,6,6,6,2,6,6,6,2,6,6,2,-8,1,4,4,4,4,4,4,4,4,3,4,4,4,4,4,4,4,4,-8,4,4,3,-8,3,1,5,5,5,5,5,5,5,5,5,5,5,5,5,5,1,8,0,3,0,2,NA,NA,5,12,34,58,77,2,8,0,10,2,3,1,3,2,5,NA,1,9,3,5,6,3,3,4,4,1,5,1,2,3,3,1,2,3,3,3,NA,NA,NA,NA,3,15,15,2,NA,5,1,19,1,2,NA,2,3,2,4,10,NA,9
"1180",0.73027864,"1180-91",1180,91127,16,91,2024,6,10,1,3,14,2,3,2,3,3,3,4,3,2,5,2,5,-8,6,2,2,6,2,2,6,2,2,2,2,2,6,6,6,2,2,4,3,1,3,4,-9,4,4,4,3,4,4,4,4,4,4,4,4,3,4,4,2,4,3,2,2,5,4,5,5,5,4,5,4,5,3,5,4,5,5,5,3,4,10,10,10,1,3,5,21,21,38,49,93,10,9,10,9,5,5,2,2,3,4,NA,1,2,4,5,5,4,-8,-8,2,2,2,5,2,3,3,1,1,1,5,1,NA,NA,NA,NA,6,15,15,2,NA,-9,2,52,1,2,NA,2,4,1,NA,3,1,1
"1181",0.68930572,"1181-91",1181,91130,16,91,2024,6,10,1,3,2,3,6,3,2,3,3,4,2,2,7,2,3,6,1,3,6,2,6,6,6,6,6,6,6,2,4,2,3,6,6,4,1,4,3,2,3,3,3,3,3,2,3,3,2,4,3,3,3,3,2,2,2,3,1,1,2,2,3,2,3,2,3,2,2,2,2,3,2,3,2,2,2,8,9,10,7,2,NA,NA,19,10,43,61,74,0,10,0,5,3,1,1,2,4,-8,NA,1,11,8,10,2,2,1,2,2,2,2,3,1,3,3,2,NA,NA,NA,NA,3,3,3,3,4,17,NA,1,2,NA,1,40,1,2,NA,2,4,1,NA,2,5,2
"1182",0.27246754,"1182-91",1182,91130,16,91,2024,6,10,1,3,7,3,1,2,2,2,3,4,2,3,1,3,3,3,3,3,3,2,-8,2,2,-8,3,3,1,-8,2,2,2,3,3,2,2,4,3,3,3,3,3,3,3,3,3,3,3,3,3,3,3,3,3,3,3,3,3,1,1,1,5,3,2,2,2,3,3,2,3,2,3,2,2,2,-8,10,-7,10,-7,NA,NA,NA,13,14,29,70,96,0,0,0,0,-8,-8,-8,2,1,4,NA,2,1,6,5,1,4,4,4,5,1,4,3,1,3,3,1,-8,-8,-8,-8,NA,NA,NA,NA,8,15,15,1,4,NA,2,74,1,1,5,2,1,1,NA,7,5,2
"1183",0.43275084,"1183-91",1183,91130,16,91,2024,6,10,1,3,6,10,26,2,1,3,-8,4,2,2,6,6,6,6,6,6,6,6,6,6,6,6,6,6,6,-8,6,6,6,-8,6,6,2,1,4,3,3,3,2,3,2,4,3,2,2,3,3,2,3,3,2,2,2,2,3,-8,1,1,3,3,3,3,3,3,2,3,3,3,3,3,3,3,3,9,10,0,9,1,-8,-8,13,14,29,70,96,1,1,1,1,2,5,2,2,2,3,NA,11,3,4,4,1,-8,2,-8,-8,2,3,3,1,2,2,2,NA,NA,NA,NA,-8,-8,-8,-8,-8,15,15,1,1,NA,1,52,1,2,NA,2,3,1,NA,10,1,2
"1184",1.51203013,"1184-91",1184,91166,20,91,2024,6,13,1,3,3,10,14,2,2,4,3,3,2,2,5,3,3,6,3,2,3,6,6,4,6,4,6,3,6,3,4,6,3,6,5,3,9,2,4,1,4,4,4,3,4,3,4,3,2,3,3,4,4,3,3,3,3,4,3,1,2,2,4,5,4,5,4,4,5,4,4,4,3,4,4,4,1,10,10,10,10,2,NA,NA,8,5,26,57,80,7,2,8,2,1,1,1,2,1,3,NA,8,11,7,9,2,1,1,1,2,1,2,3,2,3,3,1,3,3,3,3,NA,NA,NA,NA,4,15,15,1,2,NA,1,26,1,1,5,2,7,2,6,3,1,10
"1185",1.38330783,"1185-91",1185,91166,20,91,2024,6,13,1,4,14,5,9,2,2,3,3,4,2,2,3,3,4,6,3,3,3,6,6,6,6,6,6,6,3,6,6,6,6,6,6,4,2,4,2,4,4,4,3,3,3,4,3,3,2,3,3,4,4,3,2,3,4,4,1,1,3,3,4,5,5,5,4,5,5,5,4,5,5,4,5,5,3,10,10,10,10,2,NA,NA,24,24,28,71,73,4,2,9,10,2,5,1,3,2,5,NA,6,3,11,5,2,1,1,1,1,2,3,3,2,3,3,2,NA,NA,NA,NA,3,3,3,3,4,24,NA,2,NA,1,2,35,2,2,NA,1,8,2,4,2,8,1
"1186",0.7484775,"1186-91",1186,91167,20,91,2024,6,13,1,4,2,14,13,3,1,4,1,4,1,1,4,5,5,3,6,3,4,3,6,4,3,6,3,6,6,6,1,4,2,3,4,1,2,5,4,3,4,4,4,4,4,3,4,4,1,1,4,3,4,3,1,4,3,4,1,1,3,2,4,5,4,5,5,5,4,4,4,4,5,5,3,3,1,10,10,10,10,1,2,7,2,16,42,69,81,0,3,7,4,2,2,1,1,NA,5,NA,6,1,9,4,5,2,2,4,3,3,5,5,1,3,2,-8,NA,NA,NA,NA,NA,NA,NA,NA,2,24,NA,1,1,NA,2,50,1,2,NA,2,2,2,2,2,1,9
"1187",0.74762708,"1187-91",1187,91211,20,91,2024,6,13,1,3,3,14,11,2,3,2,3,5,3,2,5,1,2,2,2,2,2,2,2,2,2,2,2,2,4,2,2,2,2,2,2,4,1,1,4,4,4,4,4,4,4,4,4,4,4,4,4,4,4,4,4,4,4,4,1,1,2,1,4,4,4,4,4,4,4,4,4,4,4,4,4,4,1,10,10,10,10,2,NA,NA,20,18,46,65,87,5,0,5,5,3,5,1,2,3,5,NA,2,4,1,8,2,1,1,1,2,1,5,5,1,3,3,1,4,2,2,-8,NA,NA,NA,NA,4,15,15,1,2,NA,1,60,1,2,NA,2,4,1,NA,1,5,9
"1188",4.95662412,"1188-91",1188,91167,20,91,2024,6,13,1,3,1,3,13,3,1,3,2,4,1,1,5,4,4,2,3,3,5,4,4,3,6,4,6,3,3,3,3,6,3,3,5,3,1,2,3,3,4,3,3,4,4,3,3,3,3,2,3,3,4,4,3,4,2,3,1,1,3,2,3,4,3,3,3,4,4,3,3,3,3,3,4,3,1,10,10,10,10,2,NA,NA,7,3,20,53,88,5,4,6,5,4,5,2,2,1,3,NA,6,1,11,7,2,2,2,2,2,2,4,4,1,3,2,-8,NA,NA,NA,NA,NA,NA,NA,NA,6,9,NA,1,1,NA,1,32,1,2,NA,2,6,2,4,1,5,11
"1189",1.39204585,"1189-91",1189,91173,20,91,2024,6,13,1,3,16,3,2,3,2,4,2,4,2,2,-9,2,3,6,2,4,2,2,2,6,6,6,6,6,3,3,4,2,3,6,2,4,9,4,3,2,3,4,3,4,4,4,3,3,2,4,4,4,3,3,2,3,3,4,1,1,3,2,4,5,5,5,4,4,2,3,2,3,3,5,4,5,1,10,10,10,10,1,2,7,22,22,44,50,75,3,1,4,0,3,5,1,1,NA,1,3,6,10,1,10,5,2,2,2,1,1,5,5,1,3,3,-8,NA,NA,NA,NA,NA,NA,NA,NA,1,15,15,1,1,NA,1,50,1,2,NA,2,7,1,NA,2,7,1
"1190",0.53201926,"1190-91",1190,91104,12,91,2024,6,8,1,3,3,6,10,1,3,4,4,4,-8,2,-8,2,6,6,6,6,6,6,6,6,6,6,6,6,6,6,6,6,6,6,6,4,2,1,4,-8,4,-8,-8,-8,3,-8,4,-8,1,-8,-8,-8,3,-8,-8,-8,-8,-8,-8,-8,-8,-8,-8,-8,-8,-8,-8,-8,-8,-8,-8,-8,-8,-8,-8,-8,-8,10,10,10,10,1,3,6,7,3,20,53,88,10,2,10,2,3,5,-8,2,1,-8,NA,11,6,3,-8,-8,-8,-8,-8,-8,-9,-8,-8,-8,3,-8,-8,NA,NA,NA,NA,NA,NA,NA,NA,-8,-8,-8,1,-9,NA,2,24,1,2,NA,2,6,1,NA,1,1,9
"1191",0.46737316,"1191-91",1191,91244,20,91,2024,6,13,1,4,3,10,11,2,1,3,2,4,3,2,5,2,6,6,6,6,6,6,6,6,6,6,6,6,4,6,6,6,6,6,6,3,-8,1,3,3,3,4,3,3,3,3,4,3,2,3,3,4,3,3,3,3,3,3,3,2,2,1,5,4,4,4,4,4,4,4,4,4,4,4,4,4,5,10,10,10,-7,NA,NA,NA,19,10,43,61,74,5,5,5,0,-8,5,1,3,4,2,3,1,3,5,10,1,1,2,2,1,4,5,5,1,3,3,-8,NA,NA,NA,NA,NA,NA,NA,NA,1,-8,-8,2,NA,2,2,63,1,1,NA,2,3,1,NA,1,5,1
"1192",0.24704243,"1192-91",1192,91104,12,91,2024,6,8,1,4,10,9,1,2,3,2,3,5,3,2,-9,1,5,6,6,3,2,6,6,6,6,6,6,6,1,2,6,6,2,6,4,4,9,1,4,2,2,4,-8,4,4,3,4,-8,3,3,-8,-8,4,3,1,-8,4,2,-9,1,1,1,5,2,5,5,3,-8,1,5,5,-8,4,-8,5,-8,2,10,10,10,9,2,NA,NA,13,14,29,70,96,0,8,6,7,4,4,1,3,1,4,NA,2,5,11,5,5,1,1,1,2,1,-8,-8,1,3,-8,2,NA,NA,NA,NA,5,5,5,5,-8,15,15,1,2,NA,2,58,1,2,NA,2,1,1,NA,1,2,2
"1193",1.0535854,"1193-91",1193,91104,12,91,2024,6,8,1,4,10,7,17,2,2,4,3,3,2,2,5,4,4,2,2,2,1,2,2,2,2,2,2,2,2,2,2,2,4,2,1,2,6,3,1,4,3,3,3,3,4,2,2,3,3,3,3,1,4,2,3,3,3,3,1,1,1,3,5,5,5,5,5,5,5,5,5,5,5,5,5,5,6,10,10,10,-7,NA,NA,NA,11,13,30,51,92,7,5,2,5,1,1,2,2,4,4,NA,3,4,5,10,4,1,1,1,5,3,3,3,2,2,2,2,NA,NA,NA,NA,5,5,5,5,4,15,15,1,1,NA,1,19,1,1,5,2,4,2,6,8,NA,2
"1194",0.49408486,"1194-91",1194,91104,12,91,2024,6,8,1,3,1,7,3,3,3,3,3,3,3,1,1,3,4,6,6,6,4,6,6,6,4,6,6,6,2,6,6,6,6,6,6,4,2,3,4,2,4,3,4,4,2,2,-8,2,2,3,3,4,1,1,2,1,2,-8,3,1,2,1,2,2,5,5,5,4,5,3,5,5,5,5,5,5,5,10,10,10,-7,NA,NA,NA,9,11,36,63,78,5,0,0,0,5,2,3,3,3,1,5,8,6,3,10,4,1,1,1,4,1,5,5,1,3,3,1,-8,1,1,2,NA,NA,NA,NA,6,15,15,1,1,NA,2,59,1,2,NA,2,1,1,NA,1,1,9
"1195",0.54218675,"1195-91",1195,91104,12,91,2024,6,8,1,4,7,10,5,1,3,3,3,5,3,2,10,1,1,2,1,1,1,1,1,1,1,6,1,1,3,1,2,1,3,1,1,3,11,7,4,2,2,4,4,3,3,2,2,4,3,4,3,3,3,4,3,3,4,3,3,2,1,1,5,5,5,5,5,5,5,5,5,2,5,5,5,1,1,10,10,10,10,1,3,4,20,18,46,65,87,5,0,0,0,4,1,2,3,2,4,NA,2,3,4,10,1,2,2,1,2,1,3,5,1,3,3,1,4,4,4,4,NA,NA,NA,NA,5,15,15,2,NA,5,1,49,1,2,NA,2,4,1,NA,1,4,2
"1196",1.76221105,"1196-91",1196,91281,7,91,2024,6,5,2,3,1,9,11,3,2,2,3,4,2,3,5,3,5,3,6,4,3,6,6,6,6,6,6,6,4,6,6,6,3,3,6,3,2,7,2,2,-8,4,3,3,4,2,4,3,3,3,3,2,2,3,3,3,4,4,3,1,1,1,4,5,5,5,4,3,2,-8,2,2,2,3,5,-8,3,10,10,5,10,1,2,6,9,11,36,63,78,10,5,10,0,1,1,1,3,3,5,NA,2,11,1,7,5,2,3,2,4,1,2,2,2,3,2,2,NA,NA,NA,NA,5,5,5,5,3,14,NA,1,1,NA,1,36,1,1,5,2,2,1,NA,1,2,1
"1197",0.39699445,"1197-91",1197,91103,12,91,2024,6,8,1,4,11,7,26,3,2,2,3,4,2,1,3,5,4,6,5,4,5,6,6,6,3,6,6,6,2,6,1,6,1,6,3,3,1,1,3,3,1,3,2,3,3,2,3,3,3,2,3,2,2,2,2,1,2,3,1,1,1,1,2,2,2,2,3,2,2,2,2,2,2,2,2,1,4,10,10,10,10,2,NA,NA,9,11,36,63,78,10,8,10,0,1,1,1,2,1,5,NA,3,11,6,5,1,2,2,2,5,1,1,5,1,3,3,2,NA,NA,NA,NA,-8,-8,-8,-8,4,15,15,1,1,NA,2,66,1,2,NA,2,2,1,NA,7,1,2
"1198",1.85612539,"1198-91",1198,91103,12,91,2024,6,8,1,4,14,17,11,2,2,3,3,4,2,3,5,3,3,6,6,1,1,6,6,6,6,6,6,6,3,6,6,6,3,6,3,4,2,2,2,2,3,4,3,2,3,2,2,3,2,4,4,3,4,4,2,1,2,3,3,2,1,2,5,5,5,5,5,4,3,2,2,5,5,5,5,5,1,10,10,10,-7,NA,NA,NA,23,23,41,68,76,6,10,5,0,2,5,2,2,2,4,NA,6,1,2,10,4,1,1,1,2,3,5,5,1,3,3,-8,NA,NA,NA,NA,NA,NA,NA,NA,3,15,15,2,NA,5,2,20,1,2,NA,2,5,2,4,1,5,1
"1199",0.79398891,"1199-91",1199,91103,12,91,2024,6,8,1,4,9,3,1,2,2,3,3,4,2,2,6,2,4,6,1,3,1,6,6,6,6,6,6,6,3,6,5,6,2,6,3,4,1,1,3,2,3,4,4,2,3,2,4,4,2,4,4,3,3,4,2,2,4,3,1,1,2,1,4,4,4,4,4,4,1,2,2,3,4,5,4,4,2,10,10,10,-7,NA,NA,NA,15,9,31,64,79,5,10,1,10,1,1,2,2,1,4,NA,6,7,1,8,2,1,1,1,1,1,4,5,-8,3,2,2,NA,NA,NA,NA,-8,-8,-8,-8,4,15,15,1,1,NA,2,66,1,2,NA,2,4,1,NA,2,2,1
"1200",0.6041205,"1200-91",1200,91289,13,91,2024,6,8,2,4,3,5,1,3,2,3,3,3,2,2,-8,2,3,6,6,6,6,6,6,6,6,6,6,6,3,6,6,6,3,6,6,4,1,1,3,3,3,3,3,3,3,3,3,3,3,3,3,3,3,3,3,3,3,3,1,1,2,1,2,2,2,2,2,2,2,2,2,2,2,2,2,2,1,10,7,10,1,2,NA,NA,16,19,39,62,86,0,5,0,6,1,4,2,2,3,4,NA,1,2,5,5,5,1,1,1,2,3,3,3,-8,3,2,-8,NA,NA,NA,NA,NA,NA,NA,NA,4,10,NA,1,2,NA,1,21,1,2,NA,1,6,2,4,4,1,9
"1201",0.1940006,"1201-91",1201,91281,7,91,2024,6,5,2,3,2,9,14,2,2,2,4,5,2,3,-9,3,3,6,6,6,6,6,6,6,6,6,6,6,3,6,6,6,6,6,3,3,7,1,4,4,4,4,4,4,4,2,4,4,2,4,4,4,4,4,3,4,2,4,1,1,1,3,5,5,5,5,5,5,5,5,5,5,5,5,5,5,1,10,10,10,-7,NA,NA,NA,8,5,26,57,80,0,0,0,0,2,5,1,2,4,3,NA,1,11,4,4,2,2,2,2,2,1,5,5,1,3,2,2,NA,NA,NA,NA,2,2,2,-8,-8,14,NA,1,-9,NA,2,60,1,2,NA,2,2,1,NA,8,2,1
"1202",0.85843117,"1202-91",1202,91197,20,91,2024,6,13,1,1,3,2,1,3,2,3,3,4,2,3,-8,3,4,2,3,3,3,3,4,2,3,3,3,2,3,4,3,2,1,3,3,3,5,6,3,1,4,4,4,3,3,3,4,3,1,3,4,3,3,3,3,1,3,4,1,1,3,1,4,4,4,4,4,4,1,3,1,4,4,4,5,3,4,4,9,9,0,2,NA,NA,18,15,35,72,89,5,4,4,4,4,5,3,2,3,2,5,1,9,11,10,3,2,2,2,4,3,5,4,1,3,3,-8,NA,NA,NA,NA,NA,NA,NA,NA,3,15,15,1,1,NA,1,68,1,2,NA,2,10,1,NA,7,7,1
"1203",1.708104,"1203-91",1203,91223,20,91,2024,6,13,1,3,1,5,10,2,2,3,2,4,2,3,-8,3,3,6,4,2,2,6,6,6,4,3,6,6,3,1,4,4,2,4,2,2,1,7,4,2,4,4,4,3,4,2,4,2,3,3,3,3,2,4,2,2,4,3,1,1,2,1,4,4,3,4,3,4,4,3,4,4,5,3,5,4,3,10,10,10,10,1,2,7,3,2,47,56,95,0,5,5,0,2,4,1,2,3,4,NA,2,9,11,5,3,2,2,2,2,1,5,4,2,3,3,1,4,4,4,2,NA,NA,NA,NA,4,15,15,1,1,NA,2,42,1,2,NA,1,3,2,2,8,3,9
"1204",0.38800119,"1204-91",1204,91281,7,91,2024,6,5,2,2,3,4,9,1,3,2,4,5,3,2,9,1,3,1,3,6,1,6,1,6,6,1,1,1,5,1,2,3,4,1,2,5,-8,4,4,1,4,4,4,3,3,1,4,-8,1,4,4,4,3,3,1,3,4,4,3,1,2,1,5,4,4,3,4,4,3,3,3,4,4,3,4,3,3,10,10,10,10,2,NA,NA,5,12,34,58,77,0,0,0,0,1,5,1,3,3,1,3,6,7,11,10,2,1,1,1,1,5,5,5,1,3,3,2,NA,NA,NA,NA,4,4,4,4,4,14,NA,1,3,NA,2,63,1,2,NA,2,4,1,NA,8,5,1
"1205",0.24704243,"1205-91",1205,91104,12,91,2024,6,8,1,3,3,11,6,2,-8,2,3,3,-8,2,-9,2,4,6,6,-8,-8,6,6,6,6,6,6,6,-8,6,6,6,-8,6,6,4,1,2,4,1,1,4,3,2,4,2,3,1,1,3,4,-8,3,-8,1,1,3,3,3,-8,2,1,-8,5,-8,-8,5,-8,-8,-8,-8,-8,-8,-8,-8,-8,-8,10,10,10,10,2,NA,NA,21,21,38,49,93,-8,0,10,0,4,3,1,2,2,-8,NA,3,6,5,10,2,1,1,1,1,5,5,-8,2,3,3,1,-8,-8,5,5,NA,NA,NA,NA,4,15,15,1,2,NA,2,57,1,2,NA,2,2,1,NA,1,NA,2
"1206",0.78590492,"1206-91",1206,91131,16,91,2024,6,10,1,3,10,3,6,2,2,2,3,4,3,2,-9,2,4,6,4,6,2,6,6,6,6,6,6,6,2,6,3,4,4,6,6,4,9,7,4,3,2,4,3,4,4,3,4,4,3,4,4,4,4,4,3,3,3,4,3,1,1,1,4,4,4,4,4,-8,4,-8,4,4,4,4,4,4,3,10,10,10,10,1,3,6,5,12,34,58,77,0,6,2,7,4,5,1,3,2,5,NA,4,5,1,-8,2,1,1,1,2,5,5,5,1,3,3,-8,NA,NA,NA,NA,NA,NA,NA,NA,-8,15,15,1,2,NA,2,45,1,1,5,2,4,1,NA,1,5,2
"1207",1.05963152,"1207-91",1207,91281,7,91,2024,6,5,2,3,1,7,10,2,3,3,4,4,2,2,8,3,1,6,6,2,1,6,6,6,6,6,6,6,4,6,3,6,3,6,6,4,2,1,1,1,4,4,4,4,4,4,4,4,1,4,4,4,4,4,2,3,4,2,3,1,3,3,2,4,4,2,1,3,2,2,2,3,3,1,3,-8,-8,10,-7,10,-7,NA,NA,NA,21,21,38,49,93,6,7,7,3,5,5,1,2,4,4,NA,6,10,2,6,2,1,1,1,2,5,5,5,1,3,2,2,NA,NA,NA,NA,-8,-8,-8,-8,4,14,NA,1,3,NA,2,74,1,2,NA,2,2,1,NA,7,2,1
"1208",0.41396128,"1208-91",1208,91211,20,91,2024,6,13,1,4,3,14,11,4,1,2,2,3,2,2,5,3,4,6,6,6,6,6,6,6,6,6,6,6,6,6,6,6,6,6,6,3,5,4,1,2,2,3,3,3,4,3,3,-8,3,3,3,3,2,3,2,2,3,3,3,1,2,1,2,3,3,2,2,2,2,2,1,3,3,2,3,2,2,10,10,10,-7,NA,NA,NA,3,2,47,56,95,5,5,10,10,3,5,1,2,4,5,NA,1,3,11,5,5,2,1,2,3,3,3,3,2,3,3,-8,NA,NA,NA,NA,NA,NA,NA,NA,4,15,15,2,NA,1,1,21,5,2,NA,2,2,1,NA,2,5,2
"1209",0.76859378,"1209-91",1209,91211,20,91,2024,6,13,1,2,3,2,17,2,2,4,3,4,3,2,6,2,3,6,6,2,2,6,6,6,6,6,6,6,4,3,6,3,2,6,6,3,1,4,2,3,3,4,4,3,3,3,3,3,3,4,3,3,3,3,2,2,3,4,1,1,2,2,3,4,4,3,3,3,3,2,2,3,3,4,3,3,1,10,10,10,10,1,1,7,1,32,37,54,82,0,6,5,5,2,5,1,3,1,5,NA,1,6,11,8,2,2,2,2,2,1,3,3,1,3,3,-8,NA,NA,NA,NA,NA,NA,NA,NA,4,15,15,1,4,NA,2,48,1,1,5,2,6,2,4,2,5,1
"1210",0.73886927,"1210-91",1210,91212,20,91,2024,6,13,1,3,3,13,10,3,2,3,3,3,2,1,5,3,3,6,6,6,6,6,6,6,6,6,6,6,6,6,6,6,6,6,6,3,2,2,4,3,4,3,3,3,4,3,3,3,3,3,3,3,3,3,2,3,3,3,3,2,3,2,4,4,4,4,4,4,4,4,4,4,4,3,4,4,3,8,5,10,8,1,3,4,8,5,26,57,80,4,8,3,0,2,1,1,2,3,4,NA,2,1,3,6,1,2,2,2,5,2,3,3,1,3,3,1,-8,-8,-8,-8,NA,NA,NA,NA,5,3,NA,1,1,NA,2,30,1,2,NA,1,5,1,NA,2,1,9
"1211",1.05963152,"1211-91",1211,91281,7,91,2024,6,5,2,2,3,10,26,2,2,4,3,4,2,2,6,3,3,6,3,1,1,4,3,6,6,6,6,6,4,3,3,4,3,6,-8,4,1,4,1,1,4,4,3,3,3,2,3,3,3,3,3,3,3,3,2,1,3,4,3,2,2,1,4,4,3,5,4,4,3,2,4,4,4,4,4,3,3,10,-7,10,-7,NA,NA,NA,5,12,34,58,77,0,5,4,7,4,5,1,3,3,1,1,8,3,5,10,2,1,2,1,2,1,2,1,2,3,2,2,NA,NA,NA,NA,2,2,-8,4,3,15,14,1,3,NA,2,80,1,2,NA,2,3,2,4,7,1,1
"1212",0.7637547,"1212-91",1212,91183,20,91,2024,6,13,1,1,5,1,10,2,3,4,3,5,2,2,8,2,1,2,1,2,2,2,2,2,1,2,2,1,4,2,2,2,3,2,2,4,1,4,2,1,3,4,4,4,4,1,4,2,1,4,3,2,2,4,1,2,2,4,1,1,2,1,4,4,4,4,3,3,1,2,1,3,3,4,4,4,4,5,10,10,-7,NA,NA,NA,12,4,33,59,94,10,0,10,10,1,3,1,3,1,1,5,9,5,4,7,2,1,1,1,2,1,3,1,1,3,-8,-8,NA,NA,NA,NA,NA,NA,NA,NA,5,18,NA,1,2,NA,2,58,1,2,NA,2,8,2,10,8,7,1
"1213",3.35953864,"1213-91",1213,91045,6,91,2024,6,5,1,5,2,7,10,2,2,3,2,4,2,1,-8,3,2,6,6,6,2,6,6,6,6,6,6,6,2,6,6,6,2,6,6,1,-8,1,4,4,4,4,4,4,4,4,4,4,4,4,4,4,4,4,4,4,4,4,3,-8,3,3,5,5,5,5,5,5,5,5,5,5,5,5,5,5,1,10,0,10,0,2,NA,NA,1,32,37,54,82,0,0,2,10,3,5,-8,3,1,4,NA,1,6,9,0,2,4,4,4,3,1,-8,-8,2,3,3,-9,NA,NA,NA,NA,NA,NA,NA,NA,-9,15,15,2,NA,-8,1,30,1,2,NA,2,3,2,2,1,5,9
"1214",0.52335359,"1214-91",1214,91212,20,91,2024,6,13,1,3,1,3,10,3,2,3,3,4,2,2,6,3,3,6,2,3,3,4,3,6,3,3,6,6,4,3,3,4,3,3,2,3,1,4,2,2,2,4,3,3,3,3,4,4,2,4,3,3,2,4,2,2,2,3,1,1,2,1,2,3,2,2,2,2,2,1,2,2,2,2,2,-8,1,10,-7,10,-7,NA,NA,NA,9,11,36,63,78,6,5,10,0,2,4,1,2,3,5,NA,1,8,4,10,2,2,2,2,2,3,5,5,1,3,-8,-8,NA,NA,NA,NA,NA,NA,NA,NA,-8,15,15,1,1,NA,2,83,1,2,NA,2,2,2,2,7,5,1
"1215",0.6136561,"1215-91",1215,91126,16,91,2024,6,10,1,3,3,1,13,2,3,3,3,4,2,2,5,3,3,6,2,3,2,6,6,6,6,6,6,6,3,3,3,6,3,6,3,4,1,6,2,2,2,3,2,2,3,2,3,2,2,3,3,2,3,3,2,2,3,2,3,1,2,1,3,3,3,2,3,2,2,2,2,-8,3,2,2,-8,6,10,10,10,-7,NA,NA,NA,18,15,35,72,89,10,3,1,7,3,2,2,3,4,5,NA,2,10,1,10,2,1,1,1,2,3,3,3,2,3,-8,-8,NA,NA,NA,NA,NA,NA,NA,NA,5,15,15,1,2,NA,2,63,1,2,NA,2,4,2,3,8,5,1
"1216",0.59134133,"1216-91",1216,91125,16,91,2024,6,10,1,3,3,1,14,2,3,3,3,3,2,2,6,3,4,6,3,3,3,3,6,6,6,6,6,6,3,6,3,6,2,6,6,3,1,4,3,2,3,4,3,3,3,2,4,-8,3,3,3,-8,3,3,3,3,3,3,1,1,2,2,3,3,3,3,3,3,3,2,2,2,4,3,3,3,3,10,10,10,10,1,3,6,23,23,41,68,76,5,5,5,2,3,5,2,3,1,5,NA,2,10,1,10,5,1,1,1,1,3,5,4,1,3,2,-8,NA,NA,NA,NA,NA,NA,NA,NA,4,17,NA,1,1,NA,2,58,1,2,NA,2,4,2,3,2,2,1
"1217",0.19711378,"1217-91",1217,91125,16,91,2024,6,10,1,3,3,1,9,2,3,3,3,4,2,2,5,2,3,3,2,2,2,3,6,6,3,6,6,6,3,3,4,6,3,6,3,4,1,2,2,2,2,4,3,2,3,2,2,3,2,2,2,3,3,3,2,2,3,2,1,1,2,2,3,4,3,3,4,3,3,2,3,3,4,4,3,3,6,10,10,10,-7,NA,NA,NA,11,13,30,51,92,9,2,5,2,2,2,2,3,4,3,NA,10,11,2,9,2,1,1,1,1,1,3,3,1,3,2,-8,NA,NA,NA,NA,NA,NA,NA,NA,1,15,15,1,4,NA,2,62,1,2,NA,2,4,1,NA,1,3,1
"1218",0.42398379,"1218-91",1218,91126,16,91,2024,6,10,1,4,1,16,3,4,3,3,4,-8,2,1,5,4,2,6,6,4,2,6,6,6,6,6,6,6,2,6,6,6,2,6,6,4,1,4,4,1,3,4,4,4,3,3,4,4,3,3,3,4,3,-8,3,-8,1,1,3,1,2,1,5,1,2,2,2,2,-8,-8,3,1,2,3,4,-8,4,10,-7,10,-7,NA,NA,NA,12,4,33,59,94,3,6,7,1,3,4,2,2,3,-8,NA,4,1,11,10,1,1,2,2,5,5,5,5,1,2,-8,2,NA,NA,NA,NA,-8,-8,-8,-8,-8,15,15,1,4,NA,2,84,1,2,NA,2,2,1,NA,7,5,1
"1219",0.8236325,"1219-91",1219,91075,10,91,2024,6,7,1,3,14,3,9,2,2,3,3,4,2,2,6,1,3,6,1,1,1,3,6,4,4,6,6,1,4,6,5,6,3,6,3,5,1,6,4,2,4,4,4,2,3,2,4,2,2,3,4,2,3,3,2,2,2,3,1,1,2,1,4,4,3,4,4,4,2,2,2,1,4,4,4,4,1,10,-7,10,-7,NA,NA,NA,18,15,35,72,89,10,4,4,10,1,1,1,3,3,1,2,1,6,11,5,2,1,1,1,2,1,3,5,1,3,2,2,NA,NA,NA,NA,1,1,2,4,6,15,15,1,-9,NA,2,70,1,2,NA,2,2,2,3,7,5,9
"1220",1.08419462,"1220-91",1220,91283,9,91,2024,6,6,2,4,3,11,10,1,2,3,4,5,3,2,5,3,3,6,6,6,2,6,6,6,6,6,6,6,3,6,3,6,3,3,3,5,9,6,3,3,3,4,3,3,3,3,3,3,3,4,3,3,3,3,3,3,3,3,2,2,2,1,3,5,5,4,3,5,2,2,2,5,5,4,3,2,4,10,10,10,0,2,NA,NA,9,11,36,63,78,5,10,10,0,4,2,1,2,3,1,2,3,11,6,9,4,1,1,1,1,1,4,-9,2,3,3,-8,NA,NA,NA,NA,NA,NA,NA,NA,6,1,NA,1,1,NA,1,50,1,2,NA,2,4,1,NA,2,2,1
"1221",1.14734809,"1221-91",1221,91025,4,91,2024,6,4,1,2,14,3,10,4,2,4,3,4,2,2,7,3,3,6,2,2,3,4,3,1,1,6,6,1,4,3,3,4,2,6,2,4,1,2,4,2,3,4,3,3,3,2,4,3,2,3,4,3,3,3,1,2,3,4,1,1,2,2,3,3,4,3,4,2,2,1,3,1,3,3,2,2,1,7,8,6,7,1,2,6,16,19,39,62,86,4,7,0,8,2,2,2,2,3,3,NA,2,3,7,5,4,4,2,4,1,3,4,4,1,3,-8,-8,NA,NA,NA,NA,NA,NA,NA,NA,6,10,NA,1,1,NA,2,38,1,2,NA,2,9,1,NA,1,4,9
"1222",0.33650879,"1222-91",1222,91020,4,91,2024,6,4,1,2,13,26,10,3,1,3,3,4,2,2,5,3,3,6,3,2,3,5,6,6,6,6,6,6,4,4,3,6,2,6,6,3,5,4,4,2,4,4,3,3,4,3,2,3,3,4,4,3,4,4,4,2,4,4,3,1,3,1,4,4,5,5,5,4,4,4,2,5,5,5,2,3,1,10,10,9,10,2,NA,NA,6,17,40,52,84,10,5,5,10,2,2,2,3,3,4,NA,6,8,4,7,2,1,1,1,2,1,2,2,1,3,1,2,NA,NA,NA,NA,1,1,2,3,6,15,15,1,1,NA,2,55,1,2,NA,2,6,1,NA,1,4,1
"1223",0.4360915,"1223-91",1223,91020,4,91,2024,6,4,1,2,1,3,2,3,2,3,3,4,2,1,3,4,5,2,3,3,4,4,3,1,4,2,2,2,1,2,1,5,1,3,1,3,5,8,3,3,4,4,3,2,3,2,3,2,2,2,4,3,3,3,2,2,2,4,1,1,3,3,2,3,4,3,4,4,3,2,2,4,3,3,3,2,1,7,5,6,-7,NA,NA,NA,22,22,44,50,75,1,2,3,2,2,1,2,2,2,1,1,2,4,6,4,2,2,4,4,3,3,1,2,1,3,2,2,NA,NA,NA,NA,4,2,4,4,6,16,NA,1,1,NA,1,79,1,2,NA,2,8,1,NA,7,3,9
"1224",1.88557377,"1224-91",1224,91223,20,91,2024,6,13,1,3,5,10,1,3,1,1,2,3,2,2,1,3,4,6,6,2,3,6,6,6,6,6,6,6,3,3,6,6,2,6,6,3,1,2,1,2,2,3,2,2,2,2,2,4,2,3,3,3,2,3,2,3,2,3,2,2,2,1,3,4,3,2,3,5,4,4,1,1,3,1,3,1,3,10,10,10,10,2,NA,NA,17,1,48,67,90,0,0,5,0,3,5,2,2,1,2,1,1,6,11,7,5,1,2,2,2,1,4,5,2,3,3,1,4,1,4,2,NA,NA,NA,NA,4,15,15,1,1,NA,2,22,1,2,NA,1,5,2,0,4,1,2
"1225",0.74961595,"1225-91",1225,91221,20,91,2024,6,13,1,3,1,3,7,2,2,3,4,4,2,2,-8,2,4,6,6,4,2,6,6,6,6,6,6,6,2,6,6,6,2,6,-8,4,3,1,4,1,4,3,4,3,3,1,3,-8,3,3,4,-8,1,3,3,-8,3,3,2,1,3,3,3,4,3,3,-8,4,3,3,2,-8,-8,2,3,4,3,10,10,10,10,2,NA,NA,17,1,48,67,90,5,0,5,5,5,5,2,3,2,4,NA,2,6,11,10,2,1,1,1,1,3,2,1,1,2,-8,-8,NA,NA,NA,NA,NA,NA,NA,NA,4,15,15,1,1,NA,1,70,1,2,NA,2,1,1,NA,1,4,1
"1226",1.56334538,"1226-91",1226,91128,16,91,2024,6,10,1,3,3,9,13,2,2,3,2,4,3,2,4,2,6,6,6,6,2,6,6,6,6,6,6,6,4,3,6,6,3,3,6,3,6,2,3,2,3,4,2,3,3,3,3,3,3,3,3,3,3,3,2,4,4,3,3,2,2,3,4,4,3,3,4,4,3,3,3,2,3,3,3,3,3,7,6,9,9,1,3,5,4,6,27,66,91,5,2,3,5,3,4,2,2,1,2,2,1,6,11,4,5,2,2,2,2,3,3,3,2,3,3,1,4,2,2,4,NA,NA,NA,NA,1,10,NA,1,2,NA,1,43,1,2,NA,2,4,1,NA,1,5,1
"1227",0.87242924,"1227-91",1227,91128,16,91,2024,6,10,1,3,3,11,2,3,2,3,3,3,2,2,6,3,4,6,6,3,3,6,6,6,6,6,6,6,3,6,3,3,3,6,6,4,1,2,4,2,3,3,2,2,2,2,3,4,2,3,3,3,3,3,2,2,2,2,2,1,1,2,4,4,3,2,2,4,2,2,2,2,2,2,2,2,2,7,5,5,6,1,2,5,14,7,45,55,83,6,6,6,5,2,1,2,2,3,3,NA,1,10,2,5,2,2,2,2,1,3,3,3,2,3,3,1,4,4,3,3,NA,NA,NA,NA,3,17,NA,1,1,NA,2,41,1,2,NA,2,3,1,NA,1,2,2
"1228",1.56334538,"1228-91",1228,91128,16,91,2024,6,10,1,3,3,2,10,2,2,3,2,4,2,2,6,2,3,6,6,2,2,6,6,6,6,6,6,6,2,5,6,6,4,6,3,4,9,2,3,2,2,4,3,2,4,2,3,3,3,3,4,2,3,3,2,2,3,4,2,2,1,2,4,5,4,3,4,4,3,2,2,3,3,3,4,4,2,5,6,6,-7,NA,NA,NA,20,18,46,65,87,6,3,4,4,1,4,1,2,2,2,2,1,6,11,7,2,1,1,1,2,2,4,4,1,3,3,-8,NA,NA,NA,NA,NA,NA,NA,NA,1,18,NA,1,2,NA,1,30,1,2,NA,2,4,1,NA,1,4,2
"1229",0.61795637,"1229-91",1229,91128,16,91,2024,6,10,1,3,1,10,26,1,3,2,3,5,3,2,7,2,4,6,6,6,1,6,6,6,6,6,6,6,3,6,6,6,4,6,6,5,1,1,4,1,1,3,2,3,3,2,3,3,1,3,3,4,3,2,2,3,3,4,1,1,1,2,3,3,3,3,3,3,1,2,2,3,3,3,2,2,4,6,-7,4,-7,NA,NA,NA,20,18,46,65,87,-8,-8,-8,-8,2,5,2,3,3,5,NA,2,3,6,8,5,3,1,2,1,1,5,5,2,3,3,1,-8,2,4,4,NA,NA,NA,NA,3,17,NA,1,2,NA,2,71,1,2,NA,2,1,1,NA,7,8,2
"1230",0.35269425,"1230-91",1230,91057,6,91,2024,6,5,1,3,3,7,2,3,2,4,3,3,2,1,-9,3,3,6,6,6,3,6,6,6,6,6,6,6,2,6,6,6,4,6,6,3,10,8,1,4,1,3,3,4,4,4,4,4,4,4,4,4,4,4,4,4,3,4,1,2,2,1,5,5,4,5,5,4,5,5,5,4,4,4,4,5,2,6,5,10,5,1,2,6,21,21,38,49,93,5,5,1,10,2,5,2,2,1,5,NA,9,1,2,-9,2,2,2,2,2,1,3,1,1,3,2,-8,NA,NA,NA,NA,NA,NA,NA,NA,4,15,15,1,1,NA,2,55,1,2,NA,2,4,1,NA,10,8,2
"1231",2.44130912,"1231-91",1231,91124,16,91,2024,6,10,1,3,3,13,10,2,-8,2,-9,4,2,2,-9,1,2,6,6,6,2,6,-8,6,6,-8,6,6,4,6,2,4,-8,6,-8,5,-8,4,4,4,4,4,4,4,4,3,4,4,3,4,4,4,4,4,4,4,4,4,3,1,2,3,2,2,2,2,2,2,2,2,2,2,2,2,2,2,6,10,-7,10,-7,NA,NA,NA,18,15,35,72,89,10,0,0,10,2,5,1,3,3,5,NA,6,3,2,10,2,2,2,2,5,5,-9,-8,1,3,3,1,4,4,4,4,NA,NA,NA,NA,-8,15,15,1,2,NA,2,75,1,1,5,2,1,1,NA,7,5,1
"1232",1.22065456,"1232-91",1232,91124,16,91,2024,6,10,1,1,16,9,4,-8,1,4,-9,3,1,1,1,-9,-9,-9,-9,-9,-9,-9,-9,-9,-9,-9,-9,-9,-9,-9,-9,-9,-9,-9,-9,-9,-9,-9,-9,-9,-9,-9,-9,-9,-9,-9,-9,-9,-9,-9,-9,-9,-9,-9,-9,-9,-9,-9,1,1,3,3,2,2,2,2,2,2,2,2,2,2,2,2,2,2,1,0,-7,-8,-7,NA,NA,NA,1,32,37,54,82,-9,-9,-9,-9,4,-9,1,1,NA,1,6,5,-9,NA,-9,-9,4,4,4,4,3,-9,5,2,2,1,-8,NA,NA,NA,NA,NA,NA,NA,NA,-9,15,15,1,1,NA,2,82,1,2,NA,2,8,1,NA,7,4,9
"1233",0.43830167,"1233-91",1233,91129,16,91,2024,6,10,1,3,5,3,10,2,3,2,4,5,2,2,-8,-9,4,6,-8,-8,2,6,6,6,6,6,6,6,2,6,6,6,3,6,6,4,-8,1,4,4,3,4,4,3,4,4,4,-8,3,4,4,4,3,3,4,3,4,4,3,2,2,-8,4,4,4,4,4,4,4,4,4,4,4,4,4,4,-8,10,10,10,10,2,NA,NA,8,5,26,57,80,10,0,10,0,2,5,2,3,3,5,NA,6,7,3,10,2,2,2,2,1,1,-9,1,1,3,3,1,4,4,4,4,NA,NA,NA,NA,-8,15,15,1,4,NA,2,60,1,2,NA,2,2,2,4,3,1,2
"1234",1.47283967,"1234-91",1234,91133,16,91,2024,6,10,1,3,13,17,3,3,2,3,2,3,2,2,5,1,2,6,2,2,2,6,6,6,6,6,6,6,4,6,4,6,4,6,6,4,-8,2,3,2,3,3,2,3,2,3,3,3,2,4,2,3,3,3,1,3,3,3,3,2,1,1,4,5,5,5,5,5,3,3,5,5,5,5,4,5,2,6,10,10,-7,NA,NA,NA,22,22,44,50,75,0,0,0,10,4,5,1,3,1,5,NA,1,6,10,10,4,1,1,1,-9,1,-9,1,1,3,3,-8,NA,NA,NA,NA,NA,NA,NA,NA,3,15,15,1,-9,NA,2,27,1,1,5,2,4,2,4,3,3,2
"1235",0.28921926,"1235-91",1235,91129,16,91,2024,6,10,1,3,3,9,10,3,2,3,3,3,2,2,5,4,5,6,6,3,-9,6,6,6,2,6,6,3,2,6,6,-9,2,2,2,2,9,6,4,3,-9,4,2,3,4,1,3,2,3,3,4,3,3,3,2,3,3,3,1,1,2,1,4,4,4,4,4,4,4,4,4,4,4,4,4,4,6,10,10,10,10,1,3,4,23,23,41,68,76,10,10,0,0,4,1,2,2,2,5,NA,6,7,8,5,1,2,2,2,-8,1,-9,5,1,3,2,1,4,4,4,4,NA,NA,NA,NA,3,15,15,1,3,NA,2,47,1,2,NA,2,4,1,NA,2,1,2
"1236",2.25625317,"1236-91",1236,91057,6,91,2024,6,5,1,3,1,7,3,-8,-8,4,3,-8,2,3,-8,3,3,-8,6,6,6,-8,-8,6,6,6,6,6,2,6,6,-8,2,6,6,-8,2,1,3,4,3,4,3,4,4,3,4,3,4,3,3,4,4,4,4,4,4,3,3,2,3,1,5,5,5,5,5,5,5,5,5,5,5,5,5,5,1,8,4,9,0,2,NA,NA,10,8,25,60,85,3,5,5,1,2,5,-8,3,3,5,NA,1,6,2,-8,2,2,2,2,-8,1,-8,-8,1,3,3,-9,NA,NA,NA,NA,NA,NA,NA,NA,4,15,15,2,NA,3,1,20,1,2,NA,2,4,2,4,3,5,10
"1237",0.78968474,"1237-91",1237,91165,20,91,2024,6,13,1,3,14,17,3,2,2,3,2,3,2,2,5,1,2,6,2,3,2,3,6,3,6,6,6,4,5,6,4,6,4,6,2,5,2,6,4,2,3,4,3,3,3,3,3,3,3,4,4,3,3,4,2,3,3,4,1,1,3,1,5,5,5,5,4,5,3,3,3,4,5,5,5,4,1,8,8,10,1,2,NA,NA,4,6,27,66,91,5,10,4,10,3,5,2,3,2,4,NA,1,2,7,9,2,1,1,1,5,2,5,5,2,3,3,-8,NA,NA,NA,NA,NA,NA,NA,NA,4,15,15,2,NA,5,2,26,1,2,NA,2,4,1,NA,1,3,9
"1238",2.04891177,"1238-91",1238,91173,20,91,2024,6,13,1,4,16,8,2,3,1,3,2,3,1,1,5,3,5,6,4,4,3,6,3,6,6,6,6,6,1,6,3,6,1,6,4,2,4,6,3,3,3,3,3,3,3,3,4,4,3,4,4,4,3,3,3,4,4,4,1,1,3,1,4,4,4,4,4,5,4,5,4,5,5,4,4,5,1,10,7,9,10,2,NA,NA,11,13,30,51,92,8,2,6,2,5,5,2,2,2,4,NA,6,2,4,5,5,2,3,2,3,1,4,5,1,3,2,-8,NA,NA,NA,NA,NA,NA,NA,NA,4,17,NA,1,1,NA,2,23,1,2,NA,2,8,2,6,2,2,1
"1239",1.22481715,"1239-91",1239,91162,20,91,2024,6,13,1,2,3,5,10,3,3,4,2,5,2,2,6,1,3,6,1,2,1,4,6,6,3,6,6,6,4,3,4,3,4,2,2,5,9,4,4,3,3,4,4,3,4,4,3,3,2,4,4,4,4,4,3,3,3,4,1,1,1,1,4,5,5,5,4,5,3,3,3,4,5,5,4,4,6,10,10,10,10,2,NA,NA,13,14,29,70,96,2,10,5,4,4,5,1,2,4,5,NA,6,11,4,8,2,1,1,1,2,1,4,3,1,3,-8,-8,NA,NA,NA,NA,NA,NA,NA,NA,4,15,15,1,2,NA,2,29,1,2,NA,2,8,1,NA,1,7,9
"1240",1.26814921,"1240-91",1240,91030,6,91,2024,6,5,1,2,5,16,8,3,2,3,3,3,2,3,4,4,4,6,4,3,4,3,3,6,6,6,6,6,2,3,2,6,2,3,3,2,4,1,3,3,3,4,3,4,3,3,3,2,3,3,4,3,3,4,3,2,4,4,1,1,3,2,5,4,4,4,4,4,4,4,4,4,4,4,4,4,1,10,10,10,-7,NA,NA,NA,11,13,30,51,92,0,0,0,0,3,2,1,2,3,4,NA,6,9,8,5,2,2,2,1,1,2,5,4,1,3,3,-8,NA,NA,NA,NA,NA,NA,NA,NA,5,15,15,1,1,NA,2,38,1,2,NA,2,8,1,NA,1,4,9
"1241",0.21668184,"1241-91",1241,91030,6,91,2024,6,5,1,3,1,10,7,2,3,2,3,4,3,2,5,1,2,6,6,2,2,3,6,6,6,6,6,6,4,6,4,6,4,6,6,4,10,1,2,2,2,4,4,3,4,3,4,2,2,4,4,2,4,4,2,2,3,4,3,1,2,1,5,5,5,3,5,5,2,2,2,2,5,3,5,5,3,10,10,10,-7,NA,NA,NA,11,13,30,51,92,10,1,1,1,2,5,2,2,1,3,NA,11,2,1,5,6,1,1,1,2,1,3,4,1,3,3,1,-8,-8,-8,-8,NA,NA,NA,NA,4,15,15,1,2,NA,2,60,1,2,NA,2,1,1,NA,2,5,2
"1242",0.58012126,"1242-91",1242,91004,1,91,2024,6,1,1,2,3,9,2,1,3,1,4,5,3,2,5,1,1,6,1,1,1,1,6,6,6,6,6,6,5,3,4,3,5,6,4,5,1,4,2,1,4,4,3,2,2,2,4,4,1,4,4,4,2,4,1,3,4,1,3,2,2,1,5,5,5,5,5,5,5,5,5,5,5,5,5,5,1,10,10,10,10,1,2,4,17,1,48,67,90,0,0,0,0,1,5,2,3,2,1,2,1,10,2,10,2,1,1,1,2,1,3,3,1,3,3,-8,NA,NA,NA,NA,NA,NA,NA,NA,6,15,15,1,2,NA,2,68,1,2,NA,2,8,1,NA,7,4,1
"1243",1.05963152,"1243-91",1243,91281,7,91,2024,6,5,2,2,3,9,8,2,3,3,3,4,2,2,9,1,1,6,2,2,1,3,6,6,6,6,6,6,5,3,2,4,4,3,3,5,1,4,4,4,4,4,4,-8,4,4,4,-8,3,4,4,4,3,4,4,-8,4,4,2,1,2,1,4,4,4,4,4,4,3,3,2,3,4,4,4,3,3,10,-7,10,-7,NA,NA,NA,9,11,36,63,78,6,3,6,4,3,5,1,3,1,3,NA,2,1,11,10,5,1,1,1,2,1,3,5,2,3,-8,2,NA,NA,NA,NA,4,4,5,4,3,14,NA,1,2,NA,2,68,1,2,NA,2,3,2,3,8,2,1
"1244",1.01855764,"1244-91",1244,91003,1,91,2024,6,1,1,3,8,4,3,2,2,3,3,5,1,2,7,2,6,6,6,6,6,6,6,6,6,6,6,6,6,6,6,6,6,6,6,1,4,6,3,4,1,4,4,4,3,4,3,3,4,4,4,4,3,3,3,3,3,-8,1,2,2,1,5,5,5,4,4,4,5,5,1,2,3,4,3,3,6,5,10,10,5,1,3,4,15,9,31,64,79,10,5,0,8,1,5,1,3,1,5,NA,3,7,6,8,1,2,5,4,4,1,3,3,2,3,3,1,4,1,4,4,NA,NA,NA,NA,1,15,15,-9,NA,-9,2,22,2,2,NA,2,4,1,NA,8,NA,2
"1245",1.05963152,"1245-91",1245,91281,7,91,2024,6,5,2,4,3,14,1,1,3,5,5,5,3,2,-8,2,3,6,6,6,6,6,6,6,6,6,6,6,4,6,-8,6,6,6,6,5,9,1,4,1,1,4,4,4,4,4,4,4,1,4,4,4,4,4,3,-8,1,3,3,1,1,4,5,4,4,4,4,4,4,4,4,4,4,4,4,4,3,2,-7,4,-7,NA,NA,NA,16,19,39,62,86,1,5,0,0,1,5,3,3,3,2,5,1,2,11,4,5,4,4,4,2,5,5,5,2,3,3,-8,NA,NA,NA,NA,NA,NA,NA,NA,4,14,NA,2,NA,2,2,66,1,2,NA,2,2,1,NA,7,2,2
"1246",1.01855764,"1246-91",1246,91003,1,91,2024,6,1,1,3,3,9,6,1,3,3,3,1,3,2,7,1,4,1,6,1,3,1,1,6,6,1,1,6,6,6,1,6,1,6,6,1,8,6,4,1,1,4,4,3,4,2,4,4,4,4,3,4,1,4,3,1,4,4,1,2,2,1,4,1,4,2,5,5,1,4,5,5,2,2,3,5,6,10,8,10,10,2,NA,NA,12,4,33,59,94,6,3,10,2,4,4,2,3,4,3,NA,3,4,6,1,1,2,2,4,4,1,1,4,1,3,3,1,5,1,3,2,NA,NA,NA,NA,3,-8,15,2,NA,5,2,23,1,1,5,2,3,1,NA,8,7,2
"1247",0.88110553,"1247-91",1247,91281,7,91,2024,6,5,2,3,17,3,16,2,2,3,3,4,2,2,5,3,4,6,6,3,3,6,3,6,6,6,6,6,3,6,6,6,3,6,3,3,2,6,2,2,3,3,3,2,3,2,3,3,3,3,3,3,2,3,3,3,2,3,2,2,3,1,5,5,5,5,5,5,5,5,5,5,5,5,5,5,1,10,10,10,10,1,3,7,6,17,40,52,84,0,0,0,0,2,1,1,2,1,2,2,2,1,11,7,5,2,2,2,1,3,2,3,1,3,-8,2,NA,NA,NA,NA,4,4,4,4,4,14,NA,1,2,NA,1,36,1,2,NA,2,3,1,NA,1,3,1
"1248",0.62493176,"1248-91",1248,91224,20,91,2024,6,13,1,3,1,3,4,3,1,3,2,-8,2,2,-8,2,2,2,2,1,2,2,2,2,2,2,2,2,4,2,2,2,2,2,2,4,1,1,-8,-8,-8,-8,-8,-8,3,-8,4,-8,2,4,-8,-8,2,-8,-8,-8,-8,2,3,2,2,1,4,-8,-8,-8,-8,-8,-8,-8,-8,-8,-8,-8,-8,-8,1,10,10,10,0,2,NA,NA,11,13,30,51,92,1,1,2,1,2,1,1,3,3,5,NA,6,11,2,4,2,3,3,4,3,4,3,2,1,3,3,-8,NA,NA,NA,NA,NA,NA,NA,NA,4,15,15,1,4,NA,2,80,1,2,NA,2,4,2,4,1,1,1
"1249",0.55520462,"1249-91",1249,91247,20,91,2024,6,13,1,1,1,5,10,1,3,2,5,5,3,2,-8,1,5,4,2,-8,1,-8,3,6,4,6,6,6,4,5,5,-8,2,6,1,5,4,4,4,-8,3,4,4,4,3,3,4,2,2,4,4,1,3,4,2,2,3,3,3,1,2,1,5,5,5,5,5,5,1,2,3,5,5,2,2,3,1,10,10,7,10,1,2,5,1,32,37,54,82,0,10,0,0,4,5,1,3,3,4,NA,6,11,1,6,5,1,1,1,1,5,4,5,2,3,3,1,-8,1,1,1,NA,NA,NA,NA,5,15,15,1,3,NA,2,34,1,1,5,2,4,1,NA,2,1,9
"1250",0.75117402,"1250-91",1250,91247,20,91,2024,6,13,1,3,2,3,6,1,2,3,3,4,3,2,-8,2,3,6,6,2,2,3,6,3,6,6,3,3,6,4,4,6,-8,6,6,3,2,1,4,3,4,4,3,4,3,2,4,4,3,3,4,4,4,3,3,4,3,3,3,1,2,2,4,3,4,4,4,3,3,4,2,3,4,5,3,3,1,7,7,10,0,2,NA,NA,21,21,38,49,93,0,10,0,10,4,2,1,3,1,5,NA,1,3,6,5,2,1,1,1,2,1,5,4,2,3,3,-8,NA,NA,NA,NA,NA,NA,NA,NA,4,15,15,1,3,NA,2,50,1,2,NA,2,3,1,NA,1,2,1
"1251",0.56918897,"1251-91",1251,91247,20,91,2024,6,13,1,3,3,2,1,1,3,2,3,3,2,1,-8,4,4,6,6,6,1,6,6,6,6,6,6,6,2,6,6,6,2,6,6,4,7,1,1,4,4,4,4,4,2,-8,4,4,4,1,4,4,4,4,4,4,4,4,3,2,2,4,5,-8,4,1,4,4,4,1,4,2,5,5,1,4,5,10,10,10,10,2,NA,NA,7,3,20,53,88,10,0,10,0,5,5,1,2,1,1,3,6,8,11,10,1,1,1,1,1,1,3,1,2,3,3,-8,NA,NA,NA,NA,NA,NA,NA,NA,3,15,15,2,NA,3,2,57,1,1,5,2,4,1,NA,7,5,1
"1252",0.75117402,"1252-91",1252,91247,20,91,2024,6,13,1,3,3,10,26,2,1,3,2,5,2,2,-8,2,4,6,4,2,2,6,6,-8,-8,6,6,6,2,2,2,3,4,2,3,4,2,4,2,2,4,4,4,1,2,2,3,4,1,4,4,1,3,2,1,2,3,3,3,2,1,1,5,4,3,4,3,3,1,2,1,4,3,5,2,3,6,5,10,10,10,1,2,7,23,23,41,68,76,0,10,10,0,1,1,1,3,1,5,NA,11,4,6,10,1,1,1,1,2,1,2,3,1,3,3,-8,NA,NA,NA,NA,NA,NA,NA,NA,6,15,15,1,2,NA,2,49,1,2,NA,2,4,1,NA,1,1,1
"1253",0.30216081,"1253-91",1253,91240,20,91,2024,6,13,1,3,3,1,13,2,2,3,3,4,2,2,-8,2,3,6,6,2,2,6,6,6,6,2,6,6,4,4,5,6,2,6,3,5,2,1,4,4,4,4,4,4,4,4,4,4,4,4,4,4,4,4,4,4,3,4,1,2,3,1,5,5,4,1,4,5,3,4,4,4,5,4,4,4,4,10,10,10,10,2,NA,NA,18,15,35,72,89,10,0,0,0,4,5,1,2,1,5,NA,3,6,11,10,2,1,1,1,2,1,3,1,2,3,3,-8,NA,NA,NA,NA,NA,NA,NA,NA,4,15,15,1,1,NA,2,54,1,2,NA,2,4,1,NA,1,1,1
"1254",0.67837474,"1254-91",1254,91224,20,91,2024,6,13,1,3,14,3,5,2,1,3,3,5,3,2,5,2,1,2,1,1,1,6,2,2,3,3,2,2,5,3,4,2,4,3,2,3,6,7,3,1,4,4,4,4,4,2,3,3,1,4,4,3,4,4,3,3,3,4,2,1,2,1,4,5,5,4,5,5,2,4,4,4,4,5,4,5,1,10,10,10,10,2,NA,NA,22,22,44,50,75,1,1,2,10,1,3,2,3,3,4,NA,2,1,4,10,2,1,1,1,1,1,5,2,1,3,3,2,NA,NA,NA,NA,5,5,4,5,1,10,NA,1,1,NA,2,60,1,2,NA,2,4,2,4,1,2,1
"1255",0.24840896,"1255-91",1255,91117,14,91,2024,6,9,1,3,16,1,13,3,1,3,5,4,1,1,3,4,4,2,-8,-8,4,4,6,6,-8,6,6,6,2,6,6,6,1,-8,-8,3,7,4,1,3,4,3,3,-8,3,4,-8,4,1,1,4,4,3,4,4,2,2,4,1,-8,2,3,4,4,5,4,4,4,3,3,4,4,4,4,4,4,6,10,-7,0,-7,NA,NA,NA,18,15,35,72,89,10,0,10,10,2,5,1,1,NA,5,NA,6,3,8,10,2,2,2,2,5,1,5,5,2,3,3,2,NA,NA,NA,NA,-9,-9,-9,-9,4,19,NA,1,1,NA,2,70,1,2,NA,2,4,1,NA,7,2,1
"1256",1.17216732,"1256-91",1256,91224,20,91,2024,6,13,1,3,1,8,10,3,1,3,3,4,1,1,1,5,5,3,5,4,4,4,3,2,3,1,1,3,2,3,1,4,1,2,1,1,5,-8,4,4,4,4,4,4,4,3,2,3,3,2,3,4,3,3,2,2,3,3,1,1,3,4,4,3,3,3,3,3,3,3,3,3,3,3,3,3,5,10,10,10,-9,2,NA,NA,8,5,26,57,80,0,0,10,0,2,2,1,1,NA,1,5,1,4,5,5,2,5,5,5,2,3,1,5,2,3,2,2,NA,NA,NA,NA,5,2,5,5,1,16,NA,1,1,NA,1,65,1,2,NA,2,4,2,2,7,7,11
"1257",0.9398253,"1257-91",1257,91001,1,91,2024,6,1,1,2,9,3,2,1,3,1,5,5,2,2,1,1,1,1,1,1,1,1,1,1,1,1,1,1,5,1,5,1,5,2,1,4,1,1,4,4,4,4,4,4,4,4,4,4,4,4,4,4,4,4,4,4,4,4,2,2,3,1,5,4,4,4,4,4,4,4,4,4,4,4,4,4,5,10,10,10,10,2,NA,NA,6,17,40,52,84,0,0,0,0,4,4,1,3,4,1,2,1,3,9,10,2,1,1,1,1,5,5,5,1,3,3,1,4,3,4,2,NA,NA,NA,NA,8,13,NA,1,2,NA,1,40,1,2,NA,2,4,1,NA,3,5,9
"1258",0.73353512,"1258-91",1258,91256,20,91,2024,6,13,1,4,3,26,-8,2,-8,2,-8,4,-8,-8,-9,-8,-8,-8,-8,-8,-8,-8,-8,-8,-8,-8,-8,-8,-8,-8,-8,-8,-8,-8,-8,-8,-8,-8,4,-8,1,-8,2,-8,4,-8,4,-8,2,-8,4,4,4,3,2,-8,4,3,-8,-8,-8,1,-8,-8,-8,-8,-8,-8,-8,-8,-8,-8,-8,-8,-8,-8,-8,10,-8,10,-9,2,NA,NA,21,21,38,49,93,-8,-8,-8,-8,-8,-8,-8,-8,NA,-8,NA,-8,NA,NA,-8,-8,-8,-8,-8,-8,-9,-8,-8,-8,-8,-8,-8,NA,NA,NA,NA,NA,NA,NA,NA,-8,15,-8,-9,NA,-8,2,49,1,2,NA,-9,3,2,2,3,8,2
"1259",0.5558234,"1259-91",1259,91256,20,91,2024,6,13,1,3,6,10,11,1,2,2,3,3,2,-8,-9,2,4,6,6,2,6,6,6,6,6,6,6,6,6,6,6,6,6,6,6,4,2,-8,4,4,4,4,4,4,4,4,4,4,2,4,4,4,4,4,4,4,4,4,-8,-8,-8,1,5,-8,-8,-8,-8,-8,-8,-8,-8,-8,-8,-8,-8,-8,-8,10,10,10,10,2,NA,NA,20,18,46,65,87,5,5,5,10,-8,-8,-8,2,2,1,-8,2,10,6,10,7,2,1,1,5,1,-8,5,1,3,3,2,NA,NA,NA,NA,4,2,-8,4,4,15,15,1,-8,NA,2,57,1,1,5,2,1,2,1,1,2,1
"1260",0.8337351,"1260-91",1260,91256,20,91,2024,6,13,1,4,7,6,9,1,2,1,-8,5,3,2,-8,1,6,6,1,1,1,1,2,6,6,6,6,6,6,1,6,6,2,6,3,4,2,4,-8,2,2,4,-8,2,4,3,3,-8,3,2,4,4,4,3,-8,3,4,4,-8,1,1,1,5,4,4,-8,4,4,4,3,4,4,4,4,4,4,6,10,10,10,10,1,2,7,6,17,40,52,84,0,0,0,0,1,5,1,3,2,1,6,8,6,1,10,2,1,1,1,5,5,5,5,1,3,3,1,-8,-8,-8,5,NA,NA,NA,NA,5,15,15,2,NA,-8,2,56,1,2,NA,2,3,1,NA,8,1,9
"1261",1.07996247,"1261-91",1261,91020,4,91,2024,6,4,1,2,9,3,16,2,3,4,2,3,2,1,1,3,3,6,2,3,2,2,6,1,6,6,6,6,2,2,1,6,1,6,1,1,4,8,3,4,4,4,4,3,4,3,4,3,4,3,3,3,4,3,3,3,4,4,1,1,3,2,4,4,4,5,4,5,3,4,5,3,4,3,4,5,2,8,10,5,8,1,1,5,1,32,37,54,82,3,3,3,3,5,4,1,3,3,1,3,4,1,11,5,2,1,1,1,2,3,1,5,1,3,3,1,2,1,1,2,NA,NA,NA,NA,6,7,NA,1,1,NA,1,55,1,2,NA,1,9,2,9,1,7,1
"1262",0.48312662,"1262-91",1262,91020,4,91,2024,6,4,1,3,1,3,11,3,1,3,2,3,2,1,5,4,4,3,6,4,3,6,6,3,3,6,3,3,4,6,3,3,3,3,6,3,6,4,4,2,4,3,2,2,4,2,3,1,2,2,2,3,3,3,2,3,3,4,1,1,3,3,4,4,4,5,4,4,4,4,4,5,4,3,4,3,3,7,5,10,-7,NA,NA,NA,2,16,42,69,81,0,5,5,0,3,3,1,2,1,3,NA,9,3,2,6,2,2,2,2,2,2,2,4,2,3,3,-8,NA,NA,NA,NA,NA,NA,NA,NA,6,9,NA,2,NA,1,2,18,1,2,NA,2,4,2,1,10,5,1
"1263",1.03095186,"1263-91",1263,91291,15,91,2024,6,9,2,3,7,6,26,2,1,3,2,3,2,2,-9,3,3,4,2,4,3,5,3,6,3,6,6,6,4,5,4,4,2,1,5,5,1,4,3,2,2,4,4,4,3,3,4,3,2,3,3,3,4,4,2,3,3,3,3,1,1,1,4,3,3,3,5,4,2,2,3,4,3,5,3,4,6,8,6,4,-7,NA,NA,NA,17,1,48,67,90,10,6,7,2,2,5,2,2,1,5,NA,3,1,10,6,1,1,1,1,1,2,3,1,1,3,1,-8,NA,NA,NA,NA,NA,NA,NA,NA,3,15,15,-9,NA,5,1,45,1,1,5,2,2,1,NA,1,3,9
"1264",0.64541731,"1264-91",1264,91283,9,91,2024,6,6,2,4,3,10,5,1,2,2,2,5,2,2,5,2,4,6,6,6,2,6,6,2,6,4,6,6,4,4,2,6,4,6,6,5,4,2,4,2,4,4,4,3,4,3,4,4,2,4,4,3,4,4,2,3,3,3,1,2,2,1,5,4,4,4,4,4,1,1,1,4,4,2,4,4,1,10,10,10,10,1,3,5,10,8,25,60,85,5,5,0,5,1,5,1,3,3,3,NA,1,11,2,5,2,1,1,1,1,1,5,5,1,3,3,-8,NA,NA,NA,NA,NA,NA,NA,NA,1,18,NA,1,2,NA,1,30,1,2,NA,2,4,1,NA,1,2,1
"1265",0.92470015,"1265-91",1265,91097,12,91,2024,6,8,1,3,5,1,7,3,2,3,3,4,2,2,5,3,2,6,6,6,3,6,6,6,6,6,6,6,4,6,6,6,3,6,6,4,1,4,3,2,3,3,3,3,3,3,2,2,3,3,3,3,3,3,2,2,3,3,1,1,3,1,4,4,3,3,3,4,4,3,4,4,4,2,3,3,3,8,10,8,5,2,NA,NA,15,9,31,64,79,8,8,2,8,2,1,1,2,2,4,NA,1,2,7,8,2,2,2,2,2,3,3,4,1,3,-8,-8,NA,NA,NA,NA,NA,NA,NA,NA,4,15,15,1,2,NA,2,21,1,2,NA,1,7,2,7,7,5,1
"1266",3.19605124,"1266-91",1266,91111,14,91,2024,6,9,1,3,8,7,5,3,2,4,3,4,2,1,5,3,3,6,6,6,3,6,6,6,6,6,6,6,3,6,6,6,1,6,6,3,4,3,4,4,4,4,3,4,4,3,4,3,4,3,4,4,3,4,3,3,3,4,3,1,3,2,5,5,4,4,4,4,5,3,5,3,4,5,4,3,2,10,3,10,-7,NA,NA,NA,24,24,28,71,73,3,0,5,3,4,4,3,3,3,3,NA,5,11,2,5,2,3,2,2,3,1,4,4,1,3,3,2,NA,NA,NA,NA,2,1,2,2,4,15,15,1,1,NA,2,25,1,2,NA,2,10,2,10,2,4,9
"1267",0.67654379,"1267-91",1267,91123,16,91,2024,6,10,1,3,13,11,7,3,3,3,3,4,3,2,5,1,3,3,3,2,1,3,3,2,3,3,6,6,2,2,1,3,3,2,3,3,3,4,4,3,4,4,3,4,4,4,4,4,3,4,4,4,3,3,3,3,3,3,3,1,3,1,4,5,5,5,5,3,5,4,4,5,5,5,5,5,2,10,10,10,10,1,3,5,6,17,40,52,84,5,0,0,0,3,2,2,3,3,3,NA,6,1,3,6,1,1,1,1,2,3,3,3,1,3,2,-8,NA,NA,NA,NA,NA,NA,NA,NA,3,15,15,1,-9,NA,2,40,1,2,NA,2,4,1,NA,1,2,9
"1268",0.67654379,"1268-91",1268,91123,16,91,2024,6,10,1,3,10,26,3,2,3,3,4,4,2,2,5,1,3,6,2,6,2,6,6,6,6,6,6,6,4,6,6,6,4,6,2,5,3,6,4,1,4,4,4,4,4,4,3,2,1,4,4,1,4,4,3,1,4,3,2,1,3,1,4,5,5,4,5,5,2,2,2,1,5,4,5,2,5,6,2,10,-7,NA,NA,NA,17,1,48,67,90,10,5,7,3,1,5,2,-9,NA,4,NA,11,6,10,10,5,1,1,1,2,1,1,3,1,3,-8,2,NA,NA,NA,NA,5,3,5,5,4,18,NA,1,2,NA,2,39,1,1,1,2,8,1,NA,1,7,9
"1269",0.94401884,"1269-91",1269,91115,14,91,2024,6,9,1,3,2,13,10,1,1,4,2,3,2,1,5,3,4,6,6,4,3,6,6,6,6,6,6,6,2,6,4,6,1,6,6,4,1,4,3,3,3,3,2,3,3,3,2,3,3,2,2,3,3,2,2,2,2,3,1,1,3,1,3,5,3,4,4,3,3,4,4,4,3,2,3,3,1,10,10,10,-7,NA,NA,NA,19,10,43,61,74,2,10,5,3,3,3,1,1,NA,3,NA,4,2,3,5,1,3,3,1,4,1,5,4,1,3,2,2,NA,NA,NA,NA,5,5,2,5,4,15,15,1,1,NA,2,25,1,2,NA,1,7,2,4,1,2,9
"1270",1.85434403,"1270-91",1270,91236,20,91,2024,6,13,1,1,26,3,7,3,2,4,3,5,2,2,6,3,3,6,1,2,1,3,3,2,6,6,6,1,3,3,2,6,2,2,1,3,1,4,4,2,4,4,2,3,3,3,4,3,1,3,3,2,3,2,2,2,2,2,1,2,3,1,3,3,3,3,3,2,2,2,2,1,1,3,2,2,3,5,6,8,7,1,1,6,6,17,40,52,84,0,0,0,0,1,4,2,3,4,2,3,1,11,7,8,4,2,2,1,2,1,3,3,2,3,3,1,4,4,2,2,NA,NA,NA,NA,1,15,15,2,NA,2,1,41,1,2,NA,2,8,2,10,1,7,9
"1271",1.50408983,"1271-91",1271,91237,20,91,2024,6,13,1,1,1,5,3,1,2,3,3,5,2,1,5,4,3,6,3,3,3,3,3,3,6,6,6,3,4,6,3,6,3,6,6,3,1,1,3,2,3,3,3,3,3,3,3,3,2,3,3,3,3,3,2,3,2,3,1,1,2,1,4,4,4,4,4,4,2,2,2,4,4,4,4,4,2,10,10,10,10,1,3,5,13,14,29,70,96,0,10,5,0,1,4,1,2,1,5,NA,1,4,9,5,2,2,2,2,2,1,3,3,-8,3,3,2,NA,NA,NA,NA,-8,-8,-8,-8,-8,15,15,1,1,NA,2,39,1,2,NA,2,4,2,8,8,7,1
"1272",1.32204504,"1272-91",1272,91202,20,91,2024,6,13,1,1,3,2,9,3,2,4,3,4,2,1,5,3,4,6,4,4,4,6,4,2,6,6,3,3,2,5,2,5,1,3,2,2,4,7,2,2,3,3,2,2,2,1,3,4,1,2,2,3,2,2,2,1,2,4,1,1,2,1,3,2,2,2,3,2,2,1,1,3,2,3,2,1,3,10,10,6,0,2,NA,NA,22,22,44,50,75,0,0,0,5,2,4,2,2,4,2,2,3,1,4,6,2,1,1,2,2,2,4,5,1,3,2,2,NA,NA,NA,NA,2,1,2,2,1,9,NA,1,1,NA,1,64,8,2,NA,2,9,1,NA,1,4,1
"1273",0.73927933,"1273-91",1273,91202,20,91,2024,6,13,1,2,5,10,17,3,2,3,3,4,2,1,3,3,4,-9,6,6,6,6,6,6,6,6,6,6,3,6,6,-8,1,6,6,2,5,8,4,3,4,3,3,3,4,3,3,2,3,3,3,3,4,3,3,2,3,4,1,1,3,2,4,3,4,3,4,4,4,4,2,4,3,3,3,3,3,6,8,6,7,2,NA,NA,4,6,27,66,91,5,5,5,5,2,2,1,1,NA,3,NA,3,6,9,3,3,4,4,2,2,3,1,2,2,3,2,1,3,2,3,3,NA,NA,NA,NA,6,9,NA,2,NA,1,2,19,1,2,NA,1,7,2,10,4,7,9
"1274",0.30245589,"1274-91",1274,91261,20,91,2024,6,13,1,4,10,11,7,1,3,2,2,4,2,2,10,2,2,6,6,2,2,1,6,6,1,6,6,6,4,4,6,6,4,6,1,5,10,2,4,4,4,4,4,4,4,4,4,4,3,4,4,4,3,4,4,3,4,4,3,1,1,1,4,5,5,5,4,5,2,2,2,3,5,5,5,5,1,10,10,10,10,1,2,7,2,16,42,69,81,0,5,10,0,4,1,3,2,2,5,NA,4,5,10,10,5,1,1,1,1,3,5,5,2,3,3,-8,NA,NA,NA,NA,NA,NA,NA,NA,4,10,NA,1,2,NA,2,50,1,2,NA,2,1,1,NA,3,1,1
"1275",0.55837827,"1275-91",1275,91259,20,91,2024,6,13,1,4,26,3,14,1,3,3,4,4,3,-9,-9,6,6,6,6,4,6,6,6,6,6,6,6,6,6,6,6,6,6,6,6,6,-9,-9,4,4,4,3,4,4,4,3,4,4,4,3,4,3,4,4,4,4,3,4,1,2,1,1,5,4,5,4,4,5,5,5,5,4,5,5,5,4,1,10,10,10,10,2,NA,NA,8,5,26,57,80,5,5,4,5,5,5,1,3,3,5,NA,11,7,6,2,6,1,1,1,1,1,5,5,1,3,3,1,4,4,4,4,NA,NA,NA,NA,6,15,15,1,3,NA,2,79,1,2,NA,2,1,2,4,8,8,1
"1276",0.23625485,"1276-91",1276,91086,12,91,2024,6,8,1,4,26,1,5,2,2,2,3,4,2,2,7,1,4,6,1,2,1,1,4,4,3,6,2,6,5,6,4,6,2,1,4,5,1,1,4,1,4,4,4,2,2,2,4,4,1,4,4,3,3,4,2,2,4,4,3,1,2,1,3,4,2,4,2,3,2,2,2,2,2,4,3,3,1,10,10,10,1,2,NA,NA,18,15,35,72,89,10,0,5,10,1,5,2,3,1,4,NA,7,1,11,8,2,1,1,1,2,2,2,4,1,3,2,-8,NA,NA,NA,NA,NA,NA,NA,NA,4,15,10,1,1,NA,2,66,1,2,NA,2,3,1,NA,7,2,9
"1277",0.67914401,"1277-91",1277,91057,6,91,2024,6,5,1,4,1,6,3,3,2,4,3,3,2,3,-9,3,2,6,6,3,3,6,6,6,6,6,3,6,2,6,6,6,3,6,2,3,1,1,4,4,4,4,4,4,4,4,4,4,4,4,4,4,4,4,4,4,4,4,1,1,2,1,5,5,5,4,5,4,5,5,5,4,5,4,4,5,3,6,8,6,0,2,NA,NA,10,8,25,60,85,3,1,1,5,2,5,2,3,3,5,NA,1,2,9,-9,5,1,1,2,3,1,-8,-8,2,3,2,-8,NA,NA,NA,NA,NA,NA,NA,NA,4,15,15,1,1,NA,1,57,1,2,NA,2,4,1,NA,1,3,9
"1278",0.90736766,"1278-91",1278,91261,20,91,2024,6,13,1,4,14,5,4,2,2,2,3,5,2,2,8,1,1,6,1,1,1,6,-8,3,2,6,3,3,5,3,3,6,5,6,6,5,1,4,-8,4,4,-8,3,4,3,3,4,-8,3,4,3,4,4,4,3,4,4,-8,1,1,3,2,4,4,4,5,3,4,3,3,5,4,4,5,4,4,1,10,10,10,10,2,NA,NA,13,14,29,70,96,0,10,3,0,2,3,1,3,1,2,5,5,6,3,6,5,2,2,2,1,2,5,5,2,3,3,1,4,4,1,4,NA,NA,NA,NA,4,18,NA,1,2,NA,2,53,1,2,NA,2,5,1,NA,1,1,1
"1279",0.28752977,"1279-91",1279,91065,8,91,2024,6,6,1,3,3,26,7,3,2,3,1,3,3,2,5,2,4,1,2,1,1,4,4,2,4,1,2,4,4,4,2,4,1,2,2,5,2,2,3,1,2,3,2,3,3,3,3,3,4,3,3,3,4,3,3,2,3,3,1,1,1,1,5,5,5,5,5,5,5,3,3,3,5,5,5,5,2,6,8,10,8,2,NA,NA,22,22,44,50,75,0,0,0,10,1,5,3,2,2,1,5,11,2,7,7,1,1,1,1,5,1,1,1,1,3,1,2,NA,NA,NA,NA,3,4,4,2,1,4,NA,2,NA,3,1,45,1,2,NA,2,4,1,NA,3,2,2
"1280",1.76375548,"1280-91",1280,91055,6,91,2024,6,5,1,1,3,9,2,2,3,2,3,5,3,2,-9,1,1,-8,1,1,1,1,1,1,1,1,6,1,3,1,1,4,1,-8,1,3,1,2,4,3,4,4,4,3,4,3,4,4,2,4,4,3,3,3,2,3,2,3,2,1,3,1,4,5,4,4,4,3,3,2,2,3,4,4,3,2,1,10,10,10,10,1,2,6,13,14,29,70,96,5,5,5,0,2,5,2,3,5,4,NA,11,2,4,10,4,2,2,1,1,1,3,3,1,3,1,2,NA,NA,NA,NA,5,5,4,4,6,15,15,1,-9,NA,1,48,1,2,NA,2,6,1,NA,10,5,9
"1281",0.40044772,"1281-91",1281,91245,20,91,2024,6,13,1,3,14,3,10,1,3,4,3,5,3,2,5,1,2,6,3,3,2,6,6,6,6,6,6,6,5,4,4,3,3,6,2,4,5,7,4,3,4,4,3,3,3,2,4,2,1,4,4,2,3,4,2,2,4,3,1,1,3,4,4,4,4,4,4,5,3,4,3,3,4,3,4,3,1,10,10,9,-7,NA,NA,NA,3,2,47,56,95,5,10,0,10,1,5,1,3,4,3,NA,2,1,6,8,5,1,1,1,2,3,4,5,1,3,-8,1,4,-8,-8,4,NA,NA,NA,NA,6,15,15,-8,NA,4,2,63,1,2,NA,2,7,2,8,8,7,9
"1282",0.20022386,"1282-91",1282,91245,20,91,2024,6,13,1,3,5,3,10,3,3,2,3,4,2,2,-9,3,4,6,6,6,2,6,6,6,6,6,6,6,4,6,4,6,3,6,6,-8,1,4,4,3,4,4,3,2,3,2,3,-9,3,3,4,-8,1,3,3,1,3,4,3,-9,3,1,4,4,4,4,4,4,4,4,4,4,4,4,4,4,4,10,10,10,-7,NA,NA,NA,15,9,31,64,79,10,10,0,10,1,5,2,3,2,5,NA,6,1,3,10,2,1,1,1,2,3,5,1,2,3,2,1,1,1,1,1,NA,NA,NA,NA,3,-9,-9,1,1,NA,2,62,1,2,NA,2,4,1,NA,2,1,-9
"1283",0.86238588,"1283-91",1283,91245,20,91,2024,6,13,1,3,17,5,3,3,2,3,3,3,1,1,5,3,3,6,3,6,1,6,6,6,6,6,6,6,6,6,2,6,3,6,6,3,1,8,1,2,1,4,3,4,3,2,4,4,2,3,4,4,3,4,3,2,3,4,2,1,3,1,2,3,2,3,3,3,1,3,-8,-8,-8,3,-8,-8,4,10,10,10,-7,NA,NA,NA,9,11,36,63,78,5,5,5,5,3,5,1,2,3,4,NA,6,1,11,10,4,1,1,1,2,1,-8,5,1,3,3,1,4,4,4,4,NA,NA,NA,NA,5,15,15,1,-9,NA,2,25,1,2,NA,2,6,2,-9,-9,NA,11
"1284",0.79272247,"1284-91",1284,91245,20,91,2024,6,13,1,3,3,2,7,2,2,3,3,5,3,2,8,1,2,6,2,6,1,6,6,6,6,6,6,6,5,6,5,6,5,6,5,5,7,4,1,2,4,3,3,2,3,3,4,4,1,4,4,-8,3,2,1,2,4,3,2,1,2,1,5,5,3,3,4,3,3,1,3,-8,-8,5,3,3,3,10,10,10,-7,NA,NA,NA,3,2,47,56,95,10,10,10,10,1,5,3,2,4,4,NA,11,2,10,10,1,1,1,1,2,1,3,4,1,3,2,1,-8,-8,-8,-8,NA,NA,NA,NA,1,15,15,2,NA,2,2,54,4,2,NA,2,4,2,4,8,NA,1
"1285",0.40690467,"1285-91",1285,91113,14,91,2024,6,9,1,3,3,26,5,3,2,3,3,3,2,3,-9,3,3,6,6,6,3,6,6,6,6,6,6,6,3,6,6,6,2,6,6,4,4,6,3,2,3,3,3,3,4,2,3,2,2,3,3,3,2,2,2,2,2,3,3,1,3,1,3,4,4,2,2,2,3,3,2,3,3,3,4,4,6,9,10,10,-7,NA,NA,NA,13,14,29,70,96,0,5,5,0,4,5,1,2,2,5,NA,4,2,3,5,1,2,2,2,5,1,3,3,1,3,-8,2,NA,NA,NA,NA,3,2,3,2,6,15,15,2,NA,1,2,18,1,2,NA,2,4,2,3,1,NA,9
"1286",0.64541731,"1286-91",1286,91283,9,91,2024,6,6,2,4,3,9,2,2,3,2,3,5,2,3,5,2,4,6,2,2,2,6,6,4,6,2,6,6,4,6,4,6,4,6,4,4,1,1,3,2,3,3,3,3,3,3,2,3,3,3,3,3,3,3,2,3,3,3,3,2,2,1,5,5,5,5,5,5,5,5,5,5,5,5,5,5,6,10,10,10,10,1,3,5,24,24,28,71,73,10,0,5,6,3,5,2,2,2,5,NA,1,2,11,5,1,2,2,2,5,1,1,1,1,3,3,1,3,2,3,2,NA,NA,NA,NA,4,18,NA,1,2,NA,1,40,1,2,NA,2,4,1,NA,2,5,1
"1287",0.4987133,"1287-91",1287,91113,14,91,2024,6,9,1,3,3,9,10,2,3,4,3,4,3,2,-9,2,5,4,2,3,2,6,6,6,6,6,6,6,5,5,6,6,4,6,6,4,9,4,4,2,1,4,4,2,2,2,1,4,2,3,3,4,2,4,2,2,3,3,3,1,2,1,4,3,2,3,2,4,3,2,3,3,2,2,5,2,1,10,10,10,10,2,NA,NA,11,13,30,51,92,10,10,10,5,5,5,1,3,1,5,NA,4,6,2,5,2,2,2,2,1,3,3,3,2,3,3,2,NA,NA,NA,NA,5,5,5,4,6,15,15,1,2,NA,2,49,1,1,5,2,2,2,2,-9,NA,9
"1288",1.23741693,"1288-91",1288,91103,12,91,2024,6,8,1,3,3,5,6,3,2,3,2,4,2,2,3,3,4,3,3,3,3,3,3,3,4,3,2,3,4,3,3,3,2,3,4,3,5,5,3,3,3,3,3,3,3,3,3,2,3,3,3,3,3,3,3,3,3,3,1,1,3,1,3,3,3,3,3,3,3,3,3,3,3,4,3,3,3,10,10,10,-7,NA,NA,NA,11,13,30,51,92,10,1,3,5,1,3,2,2,3,4,NA,1,3,9,3,2,3,3,1,3,3,3,3,2,3,2,-8,NA,NA,NA,NA,NA,NA,NA,NA,4,9,NA,1,1,NA,2,25,1,2,NA,1,7,2,4,1,2,9
"1289",1.00434185,"1289-91",1289,91103,12,91,2024,6,8,1,4,3,10,1,2,3,2,3,4,2,2,5,3,3,6,3,3,3,6,3,6,6,6,6,6,3,6,3,6,2,6,6,3,1,1,4,4,1,4,4,3,3,1,4,2,3,3,4,4,3,4,3,3,4,3,1,1,2,1,4,4,4,4,4,4,4,4,4,4,4,4,4,4,6,10,10,10,-7,NA,NA,NA,11,13,30,51,92,10,0,0,7,1,5,-8,2,2,5,NA,1,10,11,7,5,1,1,1,2,4,4,4,1,3,3,-8,NA,NA,NA,NA,NA,NA,NA,NA,4,15,15,2,NA,4,1,31,-8,-8,NA,2,2,1,NA,1,1,9
"1290",0.48972026,"1290-91",1290,91113,14,91,2024,6,9,1,3,1,3,5,2,2,2,4,4,2,2,-9,2,4,4,6,2,2,2,2,2,6,6,6,2,4,2,2,2,2,2,4,5,1,2,4,4,2,4,1,-8,-8,-8,4,-8,1,3,4,1,1,2,1,1,1,3,1,1,1,1,4,4,2,3,2,2,1,1,1,2,4,4,2,2,2,10,10,10,-7,NA,NA,NA,10,8,25,60,85,0,10,10,10,2,5,2,3,2,5,NA,2,11,3,4,2,1,1,1,2,3,5,5,2,3,-8,-8,NA,NA,NA,NA,NA,NA,NA,NA,-8,15,15,1,2,NA,1,73,1,2,NA,2,1,1,NA,7,2,2
"1291",1.47333408,"1291-91",1291,91226,20,91,2024,6,13,1,2,5,8,10,3,2,4,3,3,3,3,5,3,3,6,2,3,3,4,6,6,6,6,6,6,4,3,3,3,2,6,3,4,5,1,2,2,4,4,2,2,3,3,3,3,2,3,3,3,3,2,2,2,2,3,1,1,3,2,4,4,4,4,4,4,4,4,4,4,4,3,4,4,3,10,10,10,10,2,NA,NA,9,11,36,63,78,9,9,9,6,4,1,1,3,2,1,1,3,9,1,7,2,3,2,3,3,3,1,5,1,3,-8,-8,NA,NA,NA,NA,NA,NA,NA,NA,6,15,15,2,NA,3,2,26,1,2,NA,1,7,2,7,1,2,1
"1292",1.47442759,"1292-91",1292,91113,14,91,2024,6,9,1,3,1,6,11,1,3,2,2,3,3,2,-8,1,4,3,2,3,3,3,5,6,6,6,6,6,5,4,4,3,5,6,3,5,1,1,3,2,2,4,3,3,3,3,4,3,2,4,4,4,4,3,3,3,3,3,3,2,2,2,4,4,5,2,3,3,3,3,3,4,5,4,4,2,1,10,10,10,10,1,2,6,18,15,35,72,89,0,5,0,10,4,2,2,2,1,2,3,1,2,11,10,5,1,1,1,1,1,4,3,1,3,3,1,5,5,5,5,NA,NA,NA,NA,5,15,15,1,2,NA,2,36,1,1,5,2,4,2,4,3,1,2
"1293",0.73666704,"1293-91",1293,91226,20,91,2024,6,13,1,1,3,5,10,3,2,4,3,3,2,1,5,4,3,6,3,3,3,6,6,6,4,6,6,6,3,3,2,6,1,6,6,3,1,1,2,3,3,4,3,3,4,3,3,2,2,2,3,3,2,3,2,3,3,3,1,1,3,1,4,4,4,4,4,4,4,4,4,4,4,4,4,4,1,8,8,10,5,2,NA,NA,19,10,43,61,74,0,0,9,8,1,2,1,3,2,2,2,1,2,6,8,2,4,2,2,3,2,3,4,1,3,-8,-8,NA,NA,NA,NA,NA,NA,NA,NA,1,15,15,1,1,NA,2,28,1,1,5,2,8,2,8,1,7,1
"1294",0.89575488,"1294-91",1294,91241,20,91,2024,6,13,1,3,9,14,3,4,1,4,3,3,1,1,-8,5,4,6,2,5,4,5,4,1,4,6,6,6,4,4,1,5,1,2,1,2,4,4,3,2,3,3,3,3,3,3,3,2,1,1,3,3,3,3,2,2,2,2,1,1,2,1,5,2,4,5,4,4,4,3,5,5,5,5,4,4,6,5,6,10,9,1,2,6,14,7,45,55,83,5,5,5,5,3,1,1,1,NA,4,NA,2,1,7,5,1,1,2,1,2,3,3,3,2,3,2,-8,NA,NA,NA,NA,NA,NA,NA,NA,5,15,15,1,1,NA,2,37,1,1,5,2,4,2,0,2,3,1
"1295",1.76830056,"1295-91",1295,91241,20,91,2024,6,13,1,3,2,3,4,2,1,4,3,3,1,1,-8,4,4,6,1,1,4,1,6,6,2,6,6,6,1,1,2,6,1,6,1,2,1,1,4,4,4,4,4,4,4,4,4,4,4,4,4,4,4,4,4,4,4,4,3,2,2,1,5,5,5,1,3,5,3,1,4,-8,-8,5,5,-8,6,10,5,10,10,1,2,5,4,6,27,66,91,0,10,0,10,2,5,1,3,1,4,NA,1,2,3,0,2,5,5,5,3,1,3,4,1,3,-8,-8,NA,NA,NA,NA,NA,NA,NA,NA,3,15,15,1,1,NA,1,60,1,2,NA,2,4,1,NA,1,2,9
"1296",0.60596379,"1296-91",1296,91241,20,91,2024,6,13,1,3,3,10,17,3,1,4,1,5,2,2,10,3,6,6,6,6,6,6,6,6,6,6,6,6,6,6,6,6,6,6,6,3,9,1,1,2,2,3,3,4,3,2,4,3,1,4,3,3,2,3,1,3,3,4,1,2,1,1,3,2,2,4,2,2,1,1,2,1,3,2,1,1,4,10,10,10,10,1,2,7,2,16,42,69,81,0,5,5,0,2,5,2,2,1,5,NA,3,5,9,5,2,1,1,1,1,5,4,5,1,2,-8,-8,NA,NA,NA,NA,NA,NA,NA,NA,3,15,15,2,NA,5,2,51,2,2,NA,2,4,1,NA,1,8,1
"1297",0.68873769,"1297-91",1297,91241,20,91,2024,6,13,1,3,26,9,8,1,3,2,2,5,2,2,5,2,4,6,6,6,6,6,6,6,6,6,6,6,4,4,4,6,4,6,6,5,1,3,3,3,3,3,3,3,3,3,3,3,3,3,3,3,4,3,3,3,3,3,3,1,3,1,4,3,4,4,3,2,2,4,2,2,2,3,2,3,7,10,10,10,10,2,NA,NA,12,4,33,59,94,0,0,10,0,1,4,2,3,1,5,NA,2,6,9,0,2,1,1,1,2,4,4,5,1,3,3,-8,NA,NA,NA,NA,NA,NA,NA,NA,4,15,15,2,NA,5,2,59,1,2,NA,2,1,1,NA,1,5,9
"1298",1.60514364,"1298-91",1298,91241,20,91,2024,6,13,1,3,3,6,7,2,3,3,3,4,3,2,-8,2,3,6,2,2,2,2,6,6,6,6,6,6,3,4,4,4,3,6,6,3,2,4,4,3,4,4,4,4,4,4,2,3,3,4,4,4,3,4,4,4,3,3,3,2,3,1,4,4,4,4,2,4,2,4,2,4,4,2,4,4,3,10,10,10,10,1,1,7,3,2,47,56,95,0,0,0,0,1,5,3,3,3,5,NA,1,6,9,10,3,1,1,1,3,1,2,2,2,3,3,1,1,1,1,1,NA,NA,NA,NA,3,15,15,1,1,NA,1,30,1,2,NA,2,3,1,NA,2,5,9
"1299",1.46468253,"1299-91",1299,91240,20,91,2024,6,13,1,3,5,4,2,3,2,4,2,3,2,3,-8,3,5,4,4,3,4,6,4,4,6,4,3,6,3,6,4,4,4,4,6,4,2,1,3,2,2,2,2,1,3,2,4,2,2,2,3,2,2,2,1,1,3,2,2,1,2,1,4,3,3,4,3,4,3,2,2,3,3,1,4,4,3,8,5,9,7,2,NA,NA,11,13,30,51,92,10,0,10,5,2,4,1,2,2,5,NA,2,11,1,6,5,4,2,2,2,4,3,5,1,3,3,1,4,2,4,4,NA,NA,NA,NA,5,15,15,1,2,NA,1,18,1,2,NA,1,5,2,4,4,5,2
"1300",0.97645502,"1300-91",1300,91240,20,91,2024,6,13,1,3,5,1,11,3,2,4,2,4,2,1,-8,4,3,6,6,6,3,6,3,6,6,6,6,3,2,6,6,3,1,6,3,1,4,1,4,4,4,4,3,1,4,2,4,2,4,3,4,3,2,4,4,1,4,4,1,2,3,1,5,4,4,4,4,4,5,4,4,4,3,3,4,4,3,8,10,8,6,2,NA,NA,21,21,38,49,93,5,0,10,10,1,4,1,3,1,5,NA,4,1,2,0,5,5,5,2,3,3,3,5,2,3,3,1,2,1,5,4,NA,NA,NA,NA,6,15,15,1,1,NA,1,22,1,2,NA,2,4,1,NA,1,2,9
"1301",0.99742659,"1301-91",1301,91113,14,91,2024,6,9,1,3,3,10,9,3,2,3,3,3,2,1,-8,3,2,4,3,2,3,-8,6,6,6,6,6,6,4,4,6,6,2,3,3,4,4,3,3,2,3,4,3,3,3,2,3,3,3,-8,3,3,2,3,2,3,3,3,2,1,2,2,3,4,4,3,3,4,3,2,3,3,3,4,3,3,1,10,8,10,10,2,NA,NA,5,12,34,58,77,0,10,0,10,2,5,2,2,3,5,NA,6,3,2,6,2,2,2,2,2,3,-8,2,2,3,3,2,NA,NA,NA,NA,-9,-9,-9,-9,3,15,15,1,1,NA,2,54,1,1,5,2,4,2,2,8,2,1
"1302",0.56683691,"1302-91",1302,91113,14,91,2024,6,9,1,3,8,9,3,3,2,3,3,4,2,3,5,3,3,2,2,2,2,6,3,6,-9,6,6,6,2,2,6,6,1,6,6,3,-8,4,-9,-9,-9,-9,-9,-9,-9,-9,-9,-9,-9,-9,-9,-9,-9,-9,-9,-9,-9,-9,2,2,2,1,4,4,4,4,4,4,4,4,4,4,4,4,4,4,2,-8,10,10,-7,NA,NA,NA,23,23,41,68,76,10,10,10,0,2,1,2,2,1,-9,NA,4,6,1,6,2,2,2,2,2,1,-9,5,1,3,3,2,NA,NA,NA,NA,-9,-9,-9,-9,6,15,15,1,1,NA,2,55,1,2,NA,2,6,2,6,8,4,2
"1303",0.45799082,"1303-91",1303,91065,8,91,2024,6,6,1,3,3,5,2,3,2,2,3,5,2,2,5,3,4,6,1,4,1,5,6,5,5,6,6,6,5,3,5,6,5,6,4,5,7,3,4,1,2,3,3,3,3,1,3,4,1,3,4,1,4,3,1,4,3,3,1,1,1,1,2,4,3,3,5,3,3,3,3,4,3,1,3,3,1,10,10,10,10,1,3,5,13,14,29,70,96,0,0,10,0,1,2,1,1,NA,4,NA,1,2,3,0,5,1,1,1,1,1,2,5,1,3,3,1,4,5,5,5,NA,NA,NA,NA,1,18,NA,1,2,NA,1,40,1,2,NA,2,8,1,NA,1,9,9
"1304",0.36471501,"1304-91",1304,91226,20,91,2024,6,13,1,2,11,5,6,2,3,3,1,5,3,2,-8,1,4,6,6,6,1,6,6,6,6,6,6,6,4,6,6,6,4,6,6,5,4,1,3,1,2,4,3,2,4,3,1,2,4,4,4,4,3,4,2,2,4,4,-8,1,3,1,5,5,4,5,4,4,5,3,5,5,4,4,4,4,3,10,10,10,10,2,NA,NA,2,16,42,69,81,0,0,8,3,1,5,2,3,1,5,NA,11,2,4,10,4,1,1,1,2,1,1,3,1,3,3,-8,NA,NA,NA,NA,NA,NA,NA,NA,5,15,15,1,2,NA,1,29,1,2,NA,1,5,1,NA,1,3,2
"1305",1.00490336,"1305-91",1305,91019,4,91,2024,6,4,1,3,3,26,16,3,2,3,4,3,2,1,5,4,4,6,6,6,4,6,6,6,6,6,6,6,3,6,6,3,2,6,6,3,4,2,3,3,3,3,3,3,3,3,3,2,3,3,3,3,3,3,2,2,3,3,1,1,3,3,4,4,3,3,4,3,4,2,3,3,4,2,3,3,3,7,7,9,-7,NA,NA,NA,2,16,42,69,81,1,4,5,0,2,4,1,2,4,3,NA,3,9,5,6,2,2,2,2,1,1,2,5,2,3,2,1,4,4,4,5,NA,NA,NA,NA,3,15,3,1,1,NA,2,26,1,2,NA,2,8,2,3,3,2,11
"1306",0.55946927,"1306-91",1306,91273,24,91,2024,6,15,1,4,7,2,9,2,3,2,4,5,3,2,-9,2,4,6,6,6,2,6,6,6,6,6,6,6,4,6,6,6,4,6,6,4,1,1,1,1,4,4,4,4,4,4,4,4,1,4,4,4,4,4,1,4,4,4,3,-9,1,2,5,5,5,5,5,5,2,2,2,5,2,2,3,2,6,10,-7,10,-7,NA,NA,NA,20,18,46,65,87,1,0,0,6,2,5,3,3,3,5,NA,11,8,3,10,6,1,1,1,2,5,5,2,2,3,3,1,2,2,2,2,NA,NA,NA,NA,4,15,15,1,2,NA,2,72,1,1,9,2,3,1,NA,7,2,1
"1307",1.800511,"1307-91",1307,91213,20,91,2024,6,13,1,3,1,5,3,3,2,3,2,4,1,2,5,3,3,6,3,3,3,3,3,2,3,3,6,6,3,4,4,4,2,3,2,4,1,1,3,3,3,4,4,2,3,2,3,1,3,3,3,3,2,3,1,2,3,3,2,1,3,2,3,3,4,2,3,3,4,4,4,3,3,4,3,3,3,10,10,10,10,1,2,6,4,6,27,66,91,1,4,0,4,4,5,2,2,1,2,1,1,6,11,5,4,1,1,1,1,1,3,3,1,3,3,1,-8,-8,-8,-8,NA,NA,NA,NA,4,15,15,1,1,NA,1,38,1,2,NA,2,4,2,8,2,3,2
"1308",0.75074558,"1308-91",1308,91226,20,91,2024,6,13,1,1,3,9,10,2,2,4,3,4,2,2,5,2,2,6,2,2,2,3,2,6,6,6,6,2,3,2,2,3,2,6,2,3,5,4,3,2,4,4,3,2,4,2,4,3,2,4,4,2,3,3,2,2,2,2,1,1,3,1,3,3,3,3,3,3,3,3,3,2,3,3,3,3,3,10,7,10,5,2,NA,NA,1,32,37,54,82,5,5,5,5,1,1,-8,3,2,2,2,2,1,7,8,4,2,2,2,2,1,2,5,1,3,-8,-8,NA,NA,NA,NA,NA,NA,NA,NA,4,20,NA,1,1,NA,1,46,1,2,NA,2,8,2,8,1,7,9
"1309",0.25558305,"1309-91",1309,91065,8,91,2024,6,6,1,3,3,14,7,3,2,4,2,4,2,2,5,3,4,3,3,2,2,6,3,2,3,6,6,4,4,3,2,2,3,6,3,3,1,8,3,2,3,3,3,3,4,2,4,2,2,3,3,2,3,3,2,2,2,3,2,1,2,1,4,3,4,4,4,2,2,2,3,2,3,2,3,2,6,10,10,10,10,1,3,5,24,24,28,71,73,10,0,0,5,1,5,1,1,NA,2,5,2,1,8,6,2,1,2,1,2,1,3,2,2,3,3,1,5,2,-8,5,NA,NA,NA,NA,6,9,NA,1,1,NA,2,40,1,2,NA,2,6,1,NA,1,2,1
"1310",0.54209731,"1310-91",1310,91283,9,91,2024,6,6,2,4,3,6,7,3,2,3,3,4,3,2,5,2,3,6,2,2,2,2,6,3,6,6,6,6,3,6,4,6,3,6,2,4,1,2,4,2,3,4,4,3,3,3,3,4,2,4,4,3,3,3,2,3,3,3,2,1,-8,1,4,4,4,4,4,4,4,2,2,4,4,4,4,4,1,10,10,10,8,2,NA,NA,13,14,29,70,96,0,10,0,0,4,5,2,3,3,5,NA,1,11,10,5,2,1,1,1,2,1,5,5,1,3,3,2,NA,NA,NA,NA,5,5,5,5,1,15,10,1,2,NA,1,47,1,2,NA,2,4,1,NA,1,NA,1
"1311",0.64541731,"1311-91",1311,91283,9,91,2024,6,6,2,4,3,13,6,3,3,3,2,4,3,2,5,2,4,6,1,2,2,2,6,6,6,6,6,6,4,6,6,6,5,6,6,4,1,4,1,2,3,3,3,3,3,3,3,3,1,3,3,3,3,3,1,3,2,3,3,1,2,1,4,4,5,3,4,4,2,2,2,2,3,4,4,3,6,10,10,10,10,1,3,5,16,19,39,62,86,10,10,5,5,3,1,1,2,1,4,NA,7,2,4,7,5,2,2,2,1,1,1,3,1,3,3,2,NA,NA,NA,NA,2,2,4,2,4,15,15,1,1,NA,1,42,1,2,NA,2,3,1,NA,3,2,1
"1312",0.95938769,"1312-91",1312,91189,20,91,2024,6,13,1,2,10,5,1,3,3,3,2,-9,-9,-9,-9,-9,-9,-9,-9,-9,-9,-9,-9,-9,-9,-9,-9,-9,-9,-9,-9,-9,-9,-9,-9,-9,-9,-9,-9,-9,-9,-9,-9,-9,-9,-9,-9,-9,-9,-9,-9,-9,-9,-9,-9,-9,-9,-9,-9,-9,2,5,-9,-9,-9,-9,-9,-9,-9,-9,-9,-9,-9,-9,-9,-9,-9,10,10,10,-7,NA,NA,NA,13,14,29,70,96,0,10,3,5,2,2,1,1,NA,4,NA,7,2,1,-9,2,1,1,1,1,3,5,5,2,3,-8,-8,NA,NA,NA,NA,NA,NA,NA,NA,5,15,15,1,-9,NA,2,63,1,2,NA,2,4,2,6,1,4,9
"1313",0.35907975,"1313-91",1313,91190,20,91,2024,6,13,1,2,3,9,11,1,2,3,4,5,2,2,-8,-9,1,-9,-9,-9,1,-9,-9,6,-9,-9,-9,-9,4,-9,-9,6,-9,6,-9,-9,1,1,-9,-9,-9,-9,-9,-9,-9,-9,-9,-9,-9,-9,-9,-9,-9,-9,-9,-9,-9,-9,2,-9,3,1,5,4,4,4,4,4,4,4,4,4,4,4,4,4,4,10,10,10,-7,NA,NA,NA,20,18,46,65,87,0,-8,0,10,2,1,1,3,3,5,NA,2,1,6,10,2,1,1,1,1,2,5,5,1,3,3,-8,NA,NA,NA,NA,NA,NA,NA,NA,3,15,15,2,NA,-9,2,80,1,2,NA,2,3,1,NA,7,2,1
"1314",0.36269155,"1314-91",1314,91246,20,91,2024,6,13,1,3,10,9,2,-8,2,3,3,4,2,3,-9,-8,-8,6,6,6,6,6,6,6,6,6,6,6,2,4,4,6,6,6,6,4,-8,1,-8,1,-8,3,3,-8,3,-8,3,-8,2,2,3,3,2,3,3,2,2,1,1,2,2,1,4,2,2,2,2,2,2,2,2,2,2,2,2,2,3,10,10,10,-7,NA,NA,NA,4,6,27,66,91,5,10,-8,10,2,5,-8,2,4,5,NA,1,6,4,5,2,2,2,2,1,1,5,5,1,3,-8,2,NA,NA,NA,NA,2,2,-8,2,2,15,15,1,-9,NA,2,68,1,2,NA,2,4,1,NA,8,2,9
"1315",0.69278316,"1315-91",1315,91246,20,91,2024,6,13,1,4,1,5,6,1,2,3,3,3,2,2,10,2,2,6,2,2,2,2,2,2,2,3,4,2,4,4,3,4,3,3,3,2,5,6,4,2,3,4,3,2,1,1,3,3,2,3,3,2,2,4,2,3,4,3,2,2,3,3,5,5,5,3,5,4,3,3,2,4,3,5,5,4,3,10,10,10,10,1,3,7,22,22,44,50,75,5,0,10,0,1,2,2,2,2,4,NA,3,8,11,10,2,1,1,1,1,1,1,1,2,3,2,1,-8,1,1,1,NA,NA,NA,NA,4,15,15,1,2,NA,2,49,1,2,NA,2,4,1,NA,8,2,9
"1316",0.7253831,"1316-91",1316,91246,20,91,2024,6,13,1,4,1,3,-8,1,-8,-8,2,-8,-8,2,-8,1,6,6,6,6,6,6,6,6,4,6,6,6,6,6,6,6,6,6,6,6,11,-8,-8,1,-8,-8,-8,-8,-8,-8,-8,-8,-8,-8,-8,-8,-8,-8,-8,-8,3,4,2,-8,2,3,-9,5,5,-9,5,5,-9,-9,2,-9,-9,-9,-9,-9,-8,0,-7,10,10,2,NA,NA,14,7,45,55,83,0,-8,-8,0,-8,-8,-8,3,-8,-8,NA,-8,NA,NA,-8,-8,-8,-8,-8,-8,1,1,-8,-8,3,3,-8,NA,NA,NA,NA,NA,NA,NA,NA,-8,15,15,-8,NA,-8,2,78,1,2,NA,2,3,1,NA,7,1,2
"1317",0.66733211,"1317-91",1317,91226,20,91,2024,6,13,1,1,3,9,17,3,1,4,3,3,2,1,4,4,4,6,6,3,3,6,6,6,6,6,6,6,4,6,6,6,1,6,6,3,4,4,4,3,4,4,2,4,4,3,4,2,2,2,3,3,2,2,2,1,2,4,1,1,3,2,2,2,2,1,1,1,2,1,2,3,2,1,1,1,3,8,8,8,-8,2,NA,NA,6,17,40,52,84,-9,-9,-9,-9,3,2,1,1,NA,2,5,2,11,3,5,1,2,2,2,3,5,5,4,1,3,3,1,-8,-8,-8,-8,NA,NA,NA,NA,4,14,NA,1,1,NA,2,35,1,2,NA,2,8,1,NA,1,7,11
"1318",0.4531451,"1318-91",1318,91213,20,91,2024,6,13,1,3,13,3,10,3,3,2,3,4,2,2,5,6,4,6,6,6,6,6,6,6,6,6,6,6,6,6,6,6,6,6,6,5,4,1,3,3,3,4,1,3,4,3,3,3,3,3,4,4,1,1,1,3,3,4,-8,-8,2,1,4,4,4,2,2,2,2,2,2,2,4,4,2,2,6,10,10,10,10,1,3,7,19,10,43,61,74,0,10,10,0,2,5,1,2,4,5,NA,1,6,2,5,3,1,3,2,1,1,-8,3,2,3,3,1,2,2,4,4,NA,NA,NA,NA,4,15,15,1,2,NA,2,48,4,2,NA,2,1,1,NA,3,2,1
"1319",0.40487601,"1319-91",1319,91273,24,91,2024,6,15,1,3,5,2,6,1,2,2,2,4,2,2,1,2,2,6,2,2,2,2,2,4,4,6,6,6,4,2,4,2,4,6,2,5,4,4,4,4,3,4,4,2,3,2,2,4,4,4,4,4,3,4,4,4,3,4,1,1,3,1,3,5,5,4,5,5,5,5,5,4,4,5,5,4,1,10,10,10,10,2,NA,NA,4,6,27,66,91,0,0,0,0,1,2,2,3,2,1,5,2,3,4,10,2,1,1,1,2,1,1,2,1,3,3,1,4,2,4,2,NA,NA,NA,NA,5,15,13,2,NA,5,2,57,1,2,NA,2,6,1,NA,3,1,1
"1320",0.43167833,"1320-91",1320,91273,24,91,2024,6,15,1,3,6,1,13,2,2,3,3,3,2,2,5,2,4,6,6,6,1,6,6,6,6,6,6,6,3,6,6,2,2,6,6,5,2,3,4,2,4,3,3,3,3,1,3,2,3,3,3,2,2,3,2,3,3,4,1,1,2,1,4,4,4,3,3,3,3,3,3,2,3,3,5,3,3,7,10,8,5,1,2,7,15,9,31,64,79,8,10,0,10,2,4,2,1,NA,4,NA,3,1,5,6,1,1,1,1,2,4,4,3,2,2,2,2,NA,NA,NA,NA,4,2,4,4,4,15,15,1,1,NA,1,25,1,2,NA,2,7,1,NA,3,1,9
"1321",0.21894851,"1321-91",1321,91283,9,91,2024,6,6,2,4,3,13,9,1,3,3,4,4,2,2,5,2,4,6,2,2,2,2,6,6,6,6,6,6,4,6,6,6,2,6,2,4,1,2,3,3,3,4,2,3,3,3,3,2,3,3,4,3,3,3,1,3,2,3,1,1,2,1,4,4,4,4,2,2,2,2,2,2,2,2,4,4,2,10,10,10,10,1,3,5,14,7,45,55,83,10,5,5,0,3,5,1,2,2,5,NA,2,1,8,5,2,1,2,1,2,1,5,2,1,3,3,2,NA,NA,NA,NA,2,1,2,2,3,15,17,1,4,NA,2,44,1,2,NA,2,4,1,NA,2,2,1
"1322",0.59791128,"1322-91",1322,91226,20,91,2024,6,13,1,2,2,3,5,4,1,4,2,2,1,1,5,3,5,6,4,3,4,4,3,1,6,6,6,6,2,3,1,6,1,6,1,2,5,1,4,3,4,4,3,3,4,3,3,3,3,2,3,3,3,3,2,2,3,3,1,1,2,2,4,2,2,2,3,3,3,3,3,3,3,2,3,2,2,9,7,2,6,2,NA,NA,21,21,38,49,93,5,0,0,9,2,3,1,2,4,4,NA,1,6,11,5,1,3,5,5,5,3,5,3,1,3,3,2,NA,NA,NA,NA,5,5,5,5,4,14,NA,1,1,NA,1,31,1,2,NA,2,3,1,NA,1,5,9
"1323",0.49770047,"1323-91",1323,91139,20,91,2024,6,13,1,2,10,26,3,3,2,4,3,3,1,1,4,4,3,6,6,3,3,6,3,6,6,6,6,6,4,6,6,6,1,6,6,3,1,4,3,2,4,4,4,1,2,2,4,3,3,2,4,3,3,3,2,2,1,3,1,1,3,1,4,4,5,4,5,5,4,3,3,4,4,2,4,3,1,7,10,10,10,2,NA,NA,5,12,34,58,77,0,5,2,8,2,1,2,2,3,2,6,2,1,11,6,4,4,3,3,3,2,4,3,1,3,3,1,-8,-8,-8,-8,NA,NA,NA,NA,1,15,23,1,1,NA,2,23,1,2,NA,1,7,2,8,1,6,1
"1324",0.50721208,"1324-91",1324,91139,20,91,2024,6,13,1,2,3,10,6,1,3,4,2,5,3,2,8,1,1,6,1,2,2,3,6,2,6,6,6,6,4,3,2,6,4,6,2,4,9,3,4,2,4,4,4,3,3,2,4,3,2,4,4,2,3,3,2,2,3,3,1,1,3,1,3,4,4,4,3,3,3,3,3,3,4,5,3,2,1,7,9,8,0,2,NA,NA,11,13,30,51,92,8,2,3,8,1,3,1,3,1,2,3,2,7,4,6,2,4,2,2,2,1,2,5,1,3,3,1,2,2,5,5,NA,NA,NA,NA,4,15,15,1,2,NA,1,54,1,2,NA,2,6,1,NA,1,7,9
"1325",0.4574963,"1325-91",1325,91139,20,91,2024,6,13,1,3,3,10,5,3,-8,4,1,-8,-8,-8,-8,3,6,6,6,6,6,6,6,6,6,6,6,6,6,6,6,6,6,6,6,6,9,-8,2,-8,-8,-8,-8,-8,-8,-8,1,-8,1,-8,-8,-8,1,-8,1,-8,-8,-8,3,1,1,1,-8,-8,-8,-8,-8,-8,-8,-8,-8,-8,-8,-8,-8,-8,-8,10,10,10,-9,2,NA,NA,3,2,47,56,95,3,0,0,0,2,1,-8,-8,NA,5,NA,4,6,1,10,1,1,1,1,1,1,5,5,1,-8,-8,-8,NA,NA,NA,NA,NA,NA,NA,NA,-8,15,15,2,NA,1,2,46,2,2,NA,2,3,1,NA,1,8,1
"1326",0.23110654,"1326-91",1326,91139,20,91,2024,6,13,1,3,16,14,13,1,3,2,3,4,2,2,10,1,4,6,6,6,6,6,6,6,6,6,6,6,6,6,6,6,4,6,6,4,2,3,4,2,3,4,3,3,4,3,3,3,2,4,4,3,3,3,2,3,3,4,1,2,1,2,5,5,5,5,2,3,2,2,2,3,5,5,3,5,6,10,10,10,10,2,NA,NA,17,1,48,67,90,5,5,5,5,-8,5,2,2,2,2,5,4,5,6,10,4,1,1,1,1,1,2,1,1,3,3,1,4,4,4,4,NA,NA,NA,NA,-8,15,15,1,2,NA,2,57,4,2,NA,2,4,2,5,1,3,1
"1327",0.22542851,"1327-91",1327,91139,20,91,2024,6,13,1,3,7,10,9,2,3,2,3,4,3,2,2,3,6,6,6,6,6,6,6,6,6,6,6,6,6,6,6,6,6,6,6,4,9,6,1,1,1,4,1,1,1,1,1,1,3,1,3,1,3,1,1,1,1,3,3,2,1,1,5,4,4,4,1,4,1,1,1,1,4,1,1,5,3,9,10,10,10,1,3,7,18,15,35,72,89,10,5,0,0,3,1,1,1,NA,1,5,3,7,5,3,3,2,2,4,3,2,2,1,1,3,-8,-8,NA,NA,NA,NA,NA,NA,NA,NA,3,24,NA,2,NA,2,2,40,4,2,NA,2,5,1,NA,8,8,1
"1328",1.71604154,"1328-91",1328,91061,8,91,2024,6,6,1,2,3,1,14,2,2,3,2,5,3,2,5,1,4,6,3,3,3,3,6,3,6,3,6,3,2,6,2,6,4,2,6,4,9,6,3,2,3,3,3,2,3,1,4,4,2,3,4,1,2,3,1,3,2,4,1,1,3,2,5,4,4,2,3,3,3,2,2,1,5,5,3,4,6,8,8,9,-7,NA,NA,NA,12,4,33,59,94,5,3,9,4,1,4,2,2,4,2,3,11,3,6,9,2,1,1,2,3,2,1,3,1,3,2,-8,NA,NA,NA,NA,NA,NA,NA,NA,4,18,NA,2,NA,2,1,18,1,2,NA,1,7,2,8,4,5,9
"1329",1.19582256,"1329-91",1329,91226,20,91,2024,6,13,1,2,1,3,14,4,2,4,3,3,1,1,3,5,5,3,5,5,5,5,5,1,3,3,2,3,3,4,3,5,2,3,2,3,1,5,4,3,4,2,3,2,3,2,2,2,3,2,2,3,2,2,2,2,3,3,1,-9,3,2,2,2,2,1,2,2,2,2,2,2,2,2,1,3,1,6,6,5,-9,2,NA,NA,18,15,35,72,89,10,3,5,5,2,1,1,1,NA,1,5,1,2,11,-8,1,4,4,4,2,4,1,5,1,3,3,-8,NA,NA,NA,NA,NA,NA,NA,NA,5,15,15,1,1,NA,1,35,1,2,NA,2,8,2,8,1,7,9
"1330",1.00959726,"1330-91",1330,91076,10,91,2024,6,7,1,3,2,3,7,1,1,3,2,4,2,2,6,3,3,6,6,-8,2,6,6,6,6,6,6,6,3,6,6,6,6,6,6,3,8,1,4,3,2,4,3,3,3,2,3,3,3,4,3,3,3,3,3,3,3,4,1,1,1,3,4,4,3,4,4,3,4,4,3,3,3,3,4,3,6,10,10,10,10,2,NA,NA,4,6,27,66,91,0,5,0,5,3,4,2,2,2,2,5,2,3,1,5,5,2,2,2,2,5,5,5,1,3,2,1,3,3,3,3,NA,NA,NA,NA,4,15,15,1,1,NA,2,21,1,2,NA,2,4,2,3,8,4,2
"1331",0.40196408,"1331-91",1331,91161,20,91,2024,6,13,1,2,3,13,9,1,2,2,3,5,3,2,5,2,1,6,1,1,1,2,2,6,6,6,6,6,4,4,4,4,3,2,2,4,1,1,4,2,4,4,4,3,4,3,4,3,3,4,4,3,3,4,3,3,3,3,2,1,2,2,5,5,5,5,4,5,3,4,3,4,5,5,5,4,5,10,10,10,10,1,1,6,3,2,47,56,95,8,9,4,9,1,5,1,3,4,4,NA,3,8,11,6,2,1,1,1,3,1,5,5,2,3,-8,2,NA,NA,NA,NA,2,2,4,2,5,15,15,1,2,NA,2,39,1,2,NA,2,8,1,NA,1,3,9
"1332",0.27192224,"1332-91",1332,91161,20,91,2024,6,13,1,3,16,3,9,1,2,2,3,4,3,2,9,1,3,6,3,2,1,6,2,3,3,6,6,3,4,3,3,3,4,2,3,4,7,4,3,2,4,4,3,3,3,2,3,4,2,4,2,3,3,3,2,2,4,3,2,1,3,1,5,5,4,5,5,5,4,2,3,2,5,5,5,4,1,9,9,9,9,1,2,4,4,6,27,66,91,0,0,0,7,2,5,1,3,2,3,NA,6,1,3,5,5,1,1,1,2,2,5,5,1,3,3,1,4,2,3,4,NA,NA,NA,NA,1,15,15,1,2,NA,2,50,1,2,NA,2,8,1,NA,1,2,1
"1333",0.53403762,"1333-91",1333,91161,20,91,2024,6,13,1,2,3,9,14,1,3,3,3,5,3,2,7,1,1,1,1,1,1,3,4,6,3,6,6,3,4,1,3,3,3,3,2,4,1,4,2,2,3,4,3,3,4,2,4,3,2,4,4,3,3,4,2,2,3,2,2,2,1,1,4,5,5,5,4,4,3,4,3,4,4,2,5,5,3,10,8,10,-7,NA,NA,NA,14,7,45,55,83,4,5,2,0,1,5,1,3,2,3,NA,1,11,2,7,2,2,2,2,2,1,2,3,2,3,3,-8,NA,NA,NA,NA,NA,NA,NA,NA,3,15,15,1,2,NA,1,65,1,2,NA,2,6,1,NA,1,3,9
"1334",0.72943001,"1334-91",1334,91226,20,91,2024,6,13,1,1,3,5,8,3,2,4,3,3,2,3,6,3,4,4,6,3,2,2,6,3,6,3,6,6,4,3,3,3,3,6,6,4,1,4,3,2,3,3,3,2,3,2,2,3,2,3,3,3,3,2,1,3,1,3,1,1,3,1,3,3,2,3,3,4,2,2,3,4,3,3,3,3,4,9,10,10,5,2,NA,NA,6,17,40,52,84,8,8,6,10,1,1,2,1,NA,2,2,1,2,7,7,1,1,2,1,2,2,1,2,1,3,3,-8,NA,NA,NA,NA,NA,NA,NA,NA,3,15,15,2,NA,5,1,18,1,2,NA,2,4,2,9,1,5,9
"1335",0.36137929,"1335-91",1335,91093,12,91,2024,6,8,1,3,7,10,6,2,2,3,3,3,2,2,6,4,4,6,3,4,3,4,2,3,6,1,6,6,3,3,6,3,2,2,2,3,9,1,3,3,4,2,3,1,4,4,3,2,3,1,3,3,2,2,3,3,3,4,1,1,2,2,4,3,5,5,5,2,4,3,3,4,3,5,2,4,3,10,10,4,9,1,2,7,18,15,35,72,89,10,0,2,5,2,2,2,3,2,3,NA,3,9,4,2,2,5,4,3,3,1,4,3,2,2,3,1,5,2,4,2,NA,NA,NA,NA,5,9,NA,1,1,NA,1,29,1,2,NA,2,6,1,NA,1,4,2
"1336",0.25227195,"1336-91",1336,91065,8,91,2024,6,6,1,3,3,8,6,5,1,4,1,2,1,2,1,4,4,4,2,6,2,4,2,4,4,4,4,4,4,4,2,4,6,4,4,4,9,1,1,1,4,1,4,1,4,4,4,1,4,1,1,4,4,1,4,1,4,4,2,2,2,1,4,5,5,5,5,5,5,5,5,5,5,5,5,5,2,8,10,10,10,2,NA,NA,3,2,47,56,95,7,8,0,10,2,5,3,3,2,3,NA,2,3,5,10,1,2,2,1,1,1,1,4,2,3,3,2,NA,NA,NA,NA,4,2,4,2,3,20,NA,1,1,NA,1,55,1,2,NA,2,2,1,NA,1,3,1
"1337",0.36137929,"1337-91",1337,91093,12,91,2024,6,8,1,4,7,2,5,1,3,1,5,3,2,1,4,3,3,6,6,6,6,6,6,6,6,6,6,6,1,6,1,6,1,6,6,2,-8,-8,4,4,4,4,4,4,4,4,3,4,4,4,4,4,4,4,4,3,2,4,3,1,3,2,5,2,1,5,5,4,5,2,5,5,5,5,3,3,7,9,10,10,7,2,NA,NA,8,5,26,57,80,5,0,5,10,5,3,2,2,3,1,4,8,1,3,0,1,5,5,5,3,4,3,1,1,3,1,2,NA,NA,NA,NA,5,1,5,5,4,7,NA,1,1,NA,1,22,1,2,NA,1,5,2,4,10,3,10
"1338",1.5206495,"1338-91",1338,91203,20,91,2024,6,13,1,4,26,3,9,1,3,4,5,4,3,2,10,1,2,6,6,2,6,6,6,6,6,6,6,6,4,4,6,6,6,6,6,5,1,-8,3,1,1,4,-9,-9,3,3,3,4,1,3,4,-9,3,2,1,2,3,3,-8,-8,1,1,-8,3,3,-9,4,3,3,3,3,1,-9,3,3,3,3,10,-7,10,-7,NA,NA,NA,6,17,40,52,84,10,-8,9,10,1,5,1,3,3,4,NA,3,5,6,8,2,1,1,1,5,1,-8,5,1,3,3,1,5,5,5,5,NA,NA,NA,NA,-8,15,15,-8,NA,-8,1,72,1,1,10,2,2,1,NA,1,NA,2
"1339",2.25949516,"1339-91",1339,91203,20,91,2024,6,13,1,4,3,10,9,1,1,3,2,5,3,2,1,2,4,2,6,6,6,6,6,6,6,2,2,6,5,3,6,2,6,6,2,4,2,3,1,3,1,1,1,4,1,1,4,3,2,2,1,1,4,2,1,2,2,3,1,1,1,1,4,5,2,4,5,2,2,1,2,1,5,3,4,4,6,10,10,10,10,2,NA,NA,17,1,48,67,90,9,10,10,9,1,4,1,3,4,5,NA,6,3,8,0,1,1,2,2,4,1,2,1,2,3,3,1,2,5,1,2,NA,NA,NA,NA,4,18,NA,2,NA,5,1,60,1,2,NA,2,1,2,1,2,9,9
"1340",0.77428707,"1340-91",1340,91203,20,91,2024,6,13,1,3,7,10,1,3,2,3,3,3,2,-9,5,3,3,6,6,3,3,3,1,2,3,6,6,6,6,4,3,4,6,6,2,3,1,3,4,3,4,4,4,4,2,2,3,3,3,4,4,2,3,4,3,2,2,4,1,2,3,2,4,3,3,3,3,3,3,3,3,3,3,3,3,3,3,10,10,10,10,1,1,5,14,7,45,55,83,9,10,8,1,1,4,2,2,1,4,NA,3,2,9,8,2,1,1,1,2,1,1,2,1,2,2,1,4,3,3,2,NA,NA,NA,NA,5,15,15,1,1,NA,2,48,1,1,5,2,3,1,NA,1,2,9
"1341",0.57228784,"1341-91",1341,91203,20,91,2024,6,13,1,4,7,2,9,3,3,1,3,3,3,1,2,4,3,6,3,3,4,-8,6,6,6,-8,6,6,3,3,6,-9,1,6,-8,3,2,7,4,3,4,4,4,3,4,4,4,3,4,4,4,3,3,4,4,2,3,4,2,-8,3,1,4,4,5,4,3,4,5,5,4,4,4,4,4,5,1,10,10,10,10,1,3,7,15,9,31,64,79,5,9,0,5,3,5,1,3,3,5,NA,2,4,11,7,1,1,1,1,1,2,3,3,2,3,3,1,-8,-8,-8,-8,NA,NA,NA,NA,3,9,NA,2,NA,1,2,30,4,2,NA,2,3,1,NA,2,1,1
"1342",0.37872976,"1342-91",1342,91050,6,91,2024,6,5,1,3,1,10,3,2,3,3,3,3,3,2,6,2,3,2,3,2,2,2,2,2,3,2,2,3,1,2,2,3,4,2,2,4,7,1,2,3,4,3,3,3,3,3,4,3,3,3,3,3,3,3,3,3,3,4,3,1,2,1,4,4,4,2,2,2,4,4,4,4,2,1,2,4,5,10,10,10,-7,NA,NA,NA,8,5,26,57,80,5,8,2,5,2,4,1,3,2,1,3,6,1,3,10,5,2,2,2,2,3,3,4,2,3,3,1,4,4,4,4,NA,NA,NA,NA,4,18,NA,1,1,NA,2,22,1,2,NA,2,7,1,NA,1,2,1
"1343",0.48602411,"1343-91",1343,91050,6,91,2024,6,5,1,2,3,5,7,3,3,3,3,3,2,1,5,3,5,-8,-8,5,1,-8,-8,1,-8,-8,-8,-8,5,6,-8,-8,4,-8,5,4,1,4,2,1,1,4,1,3,1,3,3,1,1,3,3,3,2,2,1,1,1,2,1,1,1,1,5,5,1,2,1,2,2,1,4,1,2,1,2,1,1,10,10,10,10,2,NA,NA,4,6,27,66,91,0,10,0,10,5,5,2,2,3,5,NA,6,7,2,10,2,1,1,1,2,5,5,5,1,3,3,1,1,1,1,1,NA,NA,NA,NA,3,9,NA,1,2,NA,2,70,1,2,NA,2,3,1,NA,7,2,1
"1344",0.75001823,"1344-91",1344,91050,6,91,2024,6,5,1,2,7,6,10,3,3,3,2,3,2,2,5,2,2,2,2,2,2,2,2,2,2,6,6,6,2,2,2,2,3,2,2,5,9,4,4,4,4,4,4,4,4,4,4,4,4,4,4,4,4,4,4,4,4,4,3,2,2,1,5,5,5,5,5,5,5,5,5,5,5,5,5,5,6,9,10,10,9,2,NA,NA,2,16,42,69,81,0,0,5,0,5,5,1,2,1,1,3,3,11,6,10,3,1,1,1,4,1,5,3,2,2,3,1,5,5,5,5,NA,NA,NA,NA,4,15,9,1,1,NA,1,28,1,2,NA,2,7,2,4,3,1,1
"1345",0.77842772,"1345-91",1345,91245,20,91,2024,6,13,1,3,1,26,3,2,2,3,3,4,2,1,5,3,1,6,2,2,3,2,3,2,4,2,6,6,2,4,1,4,2,6,2,3,1,1,2,4,4,4,3,2,3,1,4,3,1,2,4,2,3,2,2,1,2,3,2,2,1,3,3,4,2,2,4,2,1,1,4,2,3,2,1,1,6,10,9,10,-7,NA,NA,NA,20,18,46,65,87,5,5,4,5,2,5,2,2,2,4,NA,2,3,1,10,2,1,1,1,2,1,1,1,1,3,3,1,3,2,2,2,NA,NA,NA,NA,4,15,15,1,1,NA,1,84,1,2,NA,2,2,1,NA,7,1,1
"1346",0.6861676,"1346-91",1346,91050,6,91,2024,6,5,1,2,3,7,10,3,2,3,3,3,3,2,6,1,2,3,1,1,1,3,3,2,3,3,3,1,2,3,3,3,4,3,2,5,1,3,3,3,4,3,3,3,3,3,3,3,3,4,4,3,3,3,3,3,4,3,3,2,2,1,4,4,4,3,3,3,3,4,3,3,4,4,4,4,5,10,10,10,10,1,2,7,22,22,44,50,75,0,5,5,8,3,1,1,2,1,3,NA,1,6,11,4,2,2,2,2,4,2,1,3,2,3,2,1,4,4,4,4,NA,NA,NA,NA,3,18,NA,2,NA,2,2,39,1,2,NA,2,5,2,3,8,1,1
"1347",1.35308758,"1347-91",1347,91123,16,91,2024,6,10,1,2,3,9,14,1,3,3,3,4,2,2,6,3,3,6,2,2,2,4,3,3,3,6,3,2,4,3,4,3,3,6,3,4,1,6,2,2,2,4,3,3,4,2,3,2,3,3,3,2,4,3,3,2,3,2,3,1,2,2,3,2,3,3,3,3,3,2,2,3,3,3,3,2,3,10,10,10,-7,NA,NA,NA,15,9,31,64,79,10,9,2,10,2,2,2,3,4,2,2,1,2,10,10,2,1,1,1,2,2,2,3,1,3,2,-8,NA,NA,NA,NA,NA,NA,NA,NA,4,15,15,1,2,NA,2,33,1,2,NA,2,8,1,NA,1,7,1
"1348",0.79992571,"1348-91",1348,91259,20,91,2024,6,13,1,3,2,9,26,3,3,3,3,3,3,2,4,3,4,6,2,4,6,3,6,6,3,6,3,6,3,3,6,6,5,3,6,4,9,2,1,4,3,3,4,2,2,3,3,4,4,2,3,3,3,4,4,3,4,-8,2,1,3,1,4,4,4,3,3,3,3,4,4,3,4,2,3,4,1,10,6,10,10,2,NA,NA,5,12,34,58,77,0,2,0,10,1,4,1,2,1,4,NA,6,3,2,10,5,1,1,1,1,1,5,5,1,3,3,1,4,3,3,2,NA,NA,NA,NA,4,18,NA,1,2,NA,2,50,1,2,NA,2,4,1,NA,1,3,1
"1349",0.77810429,"1349-91",1349,91259,20,91,2024,6,13,1,3,14,13,3,3,3,1,4,4,3,1,5,4,4,3,3,4,4,2,4,2,3,3,3,2,1,4,2,6,2,3,4,2,8,6,3,3,3,4,3,4,2,4,3,4,3,2,2,3,3,3,3,3,4,2,2,1,3,1,5,4,4,4,5,4,5,4,5,4,5,5,5,5,1,10,5,10,-7,NA,NA,NA,17,1,48,67,90,5,2,3,3,2,2,1,2,2,5,NA,4,7,6,8,2,1,1,1,4,1,5,5,1,3,3,-8,NA,NA,NA,NA,NA,NA,NA,NA,4,5,NA,1,1,NA,1,57,1,2,NA,2,4,1,NA,6,5,1
"1350",1.04657796,"1350-91",1350,91182,20,91,2024,6,13,1,2,8,14,1,3,2,3,3,4,2,2,5,4,3,3,4,3,2,6,3,3,6,6,6,6,4,6,4,3,3,3,2,4,5,4,3,2,3,3,4,4,4,2,3,3,2,2,4,2,4,3,2,3,3,3,1,1,3,1,4,4,4,4,4,2,2,2,2,4,2,4,4,4,1,10,10,10,-7,NA,NA,NA,12,4,33,59,94,0,0,10,0,1,4,1,2,1,1,2,1,7,6,6,2,2,1,2,2,1,3,5,1,3,-8,2,NA,NA,NA,NA,4,4,4,4,4,15,15,1,2,NA,1,67,1,2,NA,2,7,1,NA,1,4,1
"1351",0.4153702,"1351-91",1351,91238,20,91,2024,6,13,1,1,3,14,1,3,2,3,3,3,2,1,4,4,3,6,3,3,5,6,6,6,6,6,6,6,3,6,2,6,1,6,6,3,1,4,3,3,3,3,3,3,3,3,3,3,3,3,3,3,3,3,3,3,3,3,1,1,3,2,3,3,3,2,3,3,3,2,2,3,2,3,3,3,2,7,10,10,-7,NA,NA,NA,21,21,38,49,93,8,3,8,8,2,5,2,2,1,5,NA,6,2,1,5,2,1,1,1,1,3,3,3,1,3,2,2,NA,NA,NA,NA,3,3,4,4,4,15,15,1,1,NA,2,33,1,2,NA,2,8,1,NA,1,5,9
"1352",1.567789,"1352-91",1352,91055,6,91,2024,6,5,1,1,16,14,5,2,2,3,4,4,1,1,3,3,4,6,5,4,4,6,6,2,6,6,3,6,2,2,2,3,1,6,2,3,5,4,4,4,4,4,4,4,4,3,4,3,3,3,3,3,3,3,3,2,4,3,1,1,3,3,5,5,5,5,5,5,5,5,5,5,5,5,5,5,3,10,10,10,10,1,2,4,4,6,27,66,91,2,9,10,10,2,4,2,3,1,1,2,5,2,4,1,2,2,2,4,4,3,5,5,2,3,1,2,NA,NA,NA,NA,5,5,5,5,6,15,3,1,1,NA,2,43,1,2,NA,2,6,1,NA,8,7,9
"1353",1.16153552,"1353-91",1353,91021,4,91,2024,6,4,1,3,14,13,10,1,3,1,4,4,2,2,-8,2,1,6,6,2,2,6,6,2,4,6,6,6,4,6,6,6,6,6,6,5,2,4,3,3,4,4,3,1,1,1,3,3,-9,4,3,4,3,3,3,3,4,1,2,2,1,1,4,5,3,3,4,2,5,2,5,3,4,1,4,2,3,10,9,10,-7,NA,NA,NA,21,21,38,49,93,10,0,0,10,1,4,1,3,4,1,5,6,1,11,10,1,1,1,1,5,4,3,5,2,3,3,-8,NA,NA,NA,NA,NA,NA,NA,NA,6,15,15,1,4,NA,2,64,1,2,NA,2,2,2,2,1,2,1
"1354",1.04894425,"1354-91",1354,91001,1,91,2024,6,1,1,2,3,2,9,1,3,2,4,4,3,2,5,1,2,6,3,4,1,6,1,6,6,6,3,3,4,6,3,3,4,3,1,3,4,4,3,1,3,3,4,1,3,3,3,3,3,4,3,3,4,3,3,2,3,3,2,1,3,3,4,4,4,4,4,4,4,4,1,4,4,4,4,4,3,10,10,10,10,1,2,6,12,4,33,59,94,5,5,5,5,3,1,2,3,1,2,3,1,3,9,5,2,3,1,1,2,1,3,3,2,3,3,1,2,2,4,2,NA,NA,NA,NA,1,15,15,1,2,NA,2,31,1,2,NA,2,6,1,NA,1,3,1
"1355",0.44827446,"1355-91",1355,91283,9,91,2024,6,6,2,4,3,9,2,1,3,2,5,5,2,2,10,2,2,6,2,2,2,4,6,1,2,6,6,6,5,4,5,6,4,6,2,4,1,1,4,2,4,4,3,2,1,2,2,3,2,4,4,3,3,3,3,2,4,2,1,1,2,1,4,5,5,4,2,4,2,4,3,3,4,4,5,3,3,10,10,10,10,1,3,6,7,3,20,53,88,5,5,10,10,1,5,1,3,4,2,3,1,11,2,7,2,1,1,1,1,1,2,3,2,3,3,2,NA,NA,NA,NA,2,4,4,4,4,15,15,1,1,NA,2,48,1,2,NA,2,4,2,4,1,1,1
"1356",1.26907065,"1356-91",1356,91237,20,91,2024,6,13,1,1,3,14,5,4,2,4,2,4,1,1,5,3,3,6,2,2,3,4,3,3,2,3,2,2,3,4,1,3,4,2,1,4,3,1,4,3,4,4,3,4,4,3,3,4,3,3,4,3,4,3,4,3,3,4,3,-9,3,4,4,4,4,3,4,3,3,3,3,3,4,5,3,3,1,3,4,4,3,2,NA,NA,5,12,34,58,77,2,10,3,5,2,1,2,2,3,4,NA,5,3,9,5,4,4,2,3,5,1,3,1,2,2,2,2,NA,NA,NA,NA,5,4,4,4,5,15,15,1,-9,NA,1,52,1,2,NA,2,6,1,NA,1,8,9
"1357",0.79902918,"1357-91",1357,91237,20,91,2024,6,13,1,1,3,9,5,3,2,3,3,4,2,2,4,3,3,6,3,4,2,4,2,3,4,3,3,1,4,3,3,3,1,3,3,4,3,4,3,1,3,3,3,3,3,1,4,3,1,3,4,2,1,3,2,2,3,4,1,1,3,1,4,2,3,2,3,3,2,1,2,2,4,4,2,2,3,7,7,10,-7,NA,NA,NA,14,7,45,55,83,10,3,10,0,1,2,2,2,3,2,2,4,2,6,2,4,3,2,2,2,3,4,4,2,3,3,-8,NA,NA,NA,NA,NA,NA,NA,NA,5,15,1,1,2,NA,2,77,1,2,NA,2,8,2,8,8,7,1
"1358",1.64405137,"1358-91",1358,91237,20,91,2024,6,13,1,1,2,3,14,3,3,4,3,4,2,2,7,3,3,3,3,6,2,3,6,6,6,6,6,6,4,3,3,6,3,6,6,3,7,2,3,2,3,3,3,3,3,-8,4,-8,2,2,3,2,4,-8,2,2,3,3,1,1,2,1,4,2,2,2,5,3,3,2,2,3,2,2,3,-8,3,8,5,8,-7,NA,NA,NA,24,24,28,71,73,4,2,6,8,1,-9,-9,-9,NA,3,NA,11,2,4,6,5,3,4,2,1,1,2,5,2,3,2,2,NA,NA,NA,NA,2,1,5,5,8,10,NA,1,2,NA,1,21,1,2,NA,1,7,2,10,4,7,11
"1359",0.87476454,"1359-91",1359,91285,11,91,2024,6,7,2,3,1,2,26,4,1,3,3,4,1,1,2,5,6,6,5,5,6,6,4,1,5,2,2,4,5,5,1,5,1,4,1,3,2,4,3,1,1,4,4,2,2,3,4,3,4,3,4,3,1,3,2,2,2,1,1,2,2,1,5,2,4,2,4,4,2,2,5,3,4,3,4,3,3,10,-7,7,9,2,NA,NA,21,21,38,49,93,8,2,6,2,4,1,2,1,NA,4,NA,3,5,9,7,1,5,5,5,1,2,3,5,2,3,2,2,NA,NA,NA,NA,2,1,1,5,4,9,NA,1,1,NA,1,70,1,2,NA,2,3,1,NA,7,4,9
"1360",1.56995132,"1360-91",1360,91061,8,91,2024,6,6,1,2,3,10,13,3,2,3,2,4,2,2,7,3,4,6,3,4,3,6,3,3,3,6,6,6,5,3,3,6,3,6,3,4,1,1,4,2,4,3,3,2,2,2,3,2,3,3,3,2,3,3,3,2,3,3,1,1,3,1,5,4,4,4,4,3,4,4,4,3,4,3,4,4,1,9,8,9,10,1,2,6,9,11,36,63,78,10,5,8,0,2,5,2,2,1,3,NA,1,6,9,7,5,1,1,1,1,3,3,4,1,3,2,2,NA,NA,NA,NA,2,2,2,2,4,15,15,1,2,NA,2,30,1,2,NA,2,5,2,8,1,5,9
"1361",0.61044504,"1361-91",1361,91080,10,91,2024,6,7,1,3,10,3,13,2,2,2,4,4,2,2,6,-8,4,6,6,6,2,6,6,6,6,6,6,6,-8,6,6,6,6,6,6,2,1,1,4,1,3,4,4,1,1,4,4,4,2,4,4,1,4,4,1,1,4,2,3,1,2,3,4,-8,-8,-8,-8,-8,2,3,2,-8,4,-8,-8,-8,3,10,-7,10,-7,NA,NA,NA,5,12,34,58,77,5,4,1,7,4,5,2,3,3,5,NA,3,6,2,10,2,2,2,2,5,5,-8,5,2,3,3,2,NA,NA,NA,NA,-8,4,4,4,4,15,15,1,1,NA,1,65,1,2,NA,2,1,1,NA,7,1,1
"1362",0.38796277,"1362-91",1362,91200,20,91,2024,6,13,1,1,3,2,1,2,3,3,3,4,2,2,10,2,2,6,2,3,2,2,6,6,6,6,6,6,4,4,4,6,4,6,2,1,10,4,3,1,1,3,3,3,3,3,3,3,1,3,3,2,3,3,2,2,3,3,1,2,1,1,4,4,2,3,3,3,2,1,1,3,3,4,2,2,3,10,10,10,10,2,NA,NA,18,15,35,72,89,5,5,0,5,1,5,1,3,1,1,2,1,2,4,0,1,1,1,1,1,1,1,5,1,3,3,1,2,2,4,4,NA,NA,NA,NA,3,15,24,1,2,NA,1,55,1,2,NA,2,8,1,NA,1,7,9
"1363",0.62057688,"1363-91",1363,91177,20,91,2024,6,13,1,3,3,2,9,2,2,3,3,3,2,2,6,2,3,3,6,6,2,6,6,6,3,6,3,6,3,3,4,6,3,6,6,3,5,2,3,3,3,3,4,2,4,4,4,3,4,4,3,3,1,3,2,4,2,3,2,1,2,1,2,5,3,3,2,3,3,3,4,4,4,2,4,2,6,6,-7,10,9,2,NA,NA,14,7,45,55,83,4,5,4,0,1,2,2,1,NA,2,3,2,4,3,7,2,2,4,4,2,4,3,4,2,3,3,2,NA,NA,NA,NA,1,2,1,1,3,15,15,1,1,NA,1,25,1,2,NA,2,5,2,4,10,8,10
"1364",1.16409221,"1364-91",1364,91177,20,91,2024,6,13,1,1,5,8,16,2,2,4,3,3,2,2,1,3,4,6,4,5,5,5,4,2,5,3,1,2,2,3,2,5,1,4,2,3,3,5,3,3,3,3,3,3,4,1,4,2,2,2,4,3,3,2,3,1,3,4,1,1,3,1,4,3,4,3,3,3,4,3,3,2,3,4,2,4,1,10,10,10,8,2,NA,NA,14,7,45,55,83,5,10,5,0,5,2,1,3,1,1,5,9,11,6,5,2,2,4,2,2,2,5,5,1,3,-8,2,NA,NA,NA,NA,1,2,1,5,5,9,NA,1,1,NA,2,55,1,2,NA,2,10,2,10,2,7,9
"1365",0.29102305,"1365-91",1365,91177,20,91,2024,6,13,1,1,3,9,14,2,2,4,3,4,3,2,5,2,3,3,1,3,2,4,2,3,3,3,3,2,5,5,3,3,4,3,5,5,1,2,3,2,2,4,3,2,2,2,3,4,1,4,2,2,3,3,2,2,4,4,2,1,2,1,3,4,2,4,4,2,1,2,1,1,3,3,2,2,6,8,10,8,1,2,NA,NA,9,11,36,63,78,5,10,10,10,1,2,2,3,1,1,5,1,2,6,5,2,1,2,2,2,1,5,4,1,3,2,1,3,2,5,5,NA,NA,NA,NA,1,10,NA,1,2,NA,2,58,1,2,NA,2,7,2,8,2,7,1
"1366",1.47044745,"1366-91",1366,91243,20,91,2024,6,13,1,2,14,1,5,4,1,3,2,3,1,1,3,5,4,3,1,3,4,6,6,6,2,6,6,6,3,6,2,6,1,6,6,2,4,4,3,4,3,3,3,2,3,2,1,3,4,2,3,3,3,2,2,3,3,3,1,1,3,1,3,3,3,3,2,3,3,2,3,3,2,1,2,2,1,9,10,7,7,2,NA,NA,23,23,41,68,76,6,7,8,2,2,2,2,2,2,3,NA,11,3,5,5,5,3,3,2,2,1,3,3,2,3,-8,2,NA,NA,NA,NA,4,2,3,4,4,9,NA,2,NA,1,2,20,1,2,NA,1,7,2,4,2,5,1
"1367",0.83205078,"1367-91",1367,91239,20,91,2024,6,13,1,4,1,10,14,1,2,1,3,3,3,1,1,4,6,6,2,4,2,6,6,6,6,6,6,2,2,3,2,6,6,6,2,2,3,8,2,3,3,4,4,3,4,3,3,3,4,3,3,3,4,3,3,2,4,4,3,2,3,3,5,4,4,4,4,3,4,3,4,3,4,4,4,3,4,10,10,10,-7,NA,NA,NA,3,2,47,56,95,0,5,10,5,1,5,2,2,2,2,1,1,2,4,10,5,2,2,1,4,5,3,1,2,3,2,-8,NA,NA,NA,NA,NA,NA,NA,NA,2,19,NA,1,1,NA,2,62,1,2,NA,2,2,1,NA,7,2,1
"1368",0.86231371,"1368-91",1368,91239,20,91,2024,6,13,1,4,3,10,6,1,3,2,4,4,2,2,4,1,2,6,6,3,1,6,6,6,6,6,6,6,1,3,4,6,6,6,6,5,2,1,4,4,2,4,4,3,3,4,-8,4,4,4,4,3,4,4,3,1,4,4,-8,2,1,1,5,5,4,-8,1,4,3,4,3,3,2,2,3,4,7,7,6,10,-7,NA,NA,NA,15,9,31,64,79,0,0,0,5,5,5,2,2,1,4,NA,1,11,6,10,2,1,1,1,2,4,4,3,1,3,2,1,-8,1,2,2,NA,NA,NA,NA,1,15,15,1,2,NA,2,65,1,2,NA,2,1,1,NA,8,1,2
"1369",0.88436979,"1369-91",1369,91200,20,91,2024,6,13,1,1,16,5,2,3,1,3,2,4,2,1,2,3,4,1,3,3,3,3,2,1,2,3,1,3,1,2,1,3,1,2,1,1,3,8,4,4,4,3,3,4,4,4,4,3,4,3,3,4,4,3,3,2,3,4,1,1,3,5,3,2,4,3,5,3,4,3,4,5,3,4,3,2,6,9,7,2,9,2,NA,NA,6,17,40,52,84,5,8,3,8,4,2,2,2,5,4,NA,9,3,-9,0,-9,5,5,5,3,4,2,3,2,-8,-8,-8,NA,NA,NA,NA,NA,NA,NA,NA,5,7,NA,1,1,NA,1,48,1,2,NA,2,10,1,NA,2,4,9
"1370",0.3430838,"1370-91",1370,91050,6,91,2024,6,5,1,2,3,13,6,3,3,3,3,3,3,3,5,3,3,6,3,5,1,6,6,6,6,6,6,6,3,4,3,4,2,6,3,4,1,1,3,1,4,3,3,2,2,2,1,1,1,3,3,1,3,3,2,3,3,1,2,1,2,1,4,4,4,4,4,4,3,3,4,4,4,3,4,4,6,10,10,10,10,1,2,6,24,24,28,71,73,4,4,5,6,1,2,1,3,3,4,NA,7,6,2,5,4,1,1,1,2,5,5,5,1,3,3,1,5,5,5,5,NA,NA,NA,NA,3,15,15,1,1,NA,2,32,1,2,NA,2,8,1,NA,1,2,1
"1371",1.84738598,"1371-91",1371,91189,20,91,2024,6,13,1,3,5,7,13,3,3,3,3,3,2,2,-9,-9,-9,6,6,6,-9,6,-9,-9,6,-9,6,6,-9,-9,6,6,6,6,6,3,1,4,4,4,4,4,4,4,4,4,4,4,4,4,4,4,4,4,4,4,4,4,3,-9,2,1,5,5,5,5,5,5,5,5,5,5,5,5,5,5,3,10,10,10,10,1,3,5,9,11,36,63,78,10,10,10,2,3,2,2,3,3,4,NA,7,1,11,8,2,1,1,1,2,4,5,5,2,3,3,-8,NA,NA,NA,NA,NA,NA,NA,NA,6,15,15,-9,NA,-9,1,58,1,1,5,2,4,1,NA,1,5,9
"1372",0.6732042,"1372-91",1372,91188,20,91,2024,6,13,1,2,1,8,5,3,2,3,3,2,1,3,-9,3,4,6,-8,1,3,-9,3,2,3,-8,-8,3,4,1,3,3,2,-8,2,3,1,4,3,-8,3,3,3,3,3,3,4,3,2,3,3,2,-8,3,2,2,2,3,1,1,2,1,4,4,4,3,4,3,2,2,2,2,3,3,3,2,3,10,5,10,-7,NA,NA,NA,4,6,27,66,91,5,10,10,10,2,1,1,1,NA,1,1,3,2,7,7,2,4,4,5,2,3,5,5,1,3,3,-8,NA,NA,NA,NA,NA,NA,NA,NA,6,15,15,1,1,NA,1,78,1,2,NA,2,7,1,NA,7,4,1
"1373",0.29941717,"1373-91",1373,91030,6,91,2024,6,5,1,3,11,7,9,2,2,3,-8,4,2,-8,-8,3,3,6,6,6,6,6,6,6,6,6,6,6,3,6,6,6,3,6,6,4,1,6,4,4,4,4,4,4,4,4,4,4,4,4,4,4,4,4,4,4,4,4,3,2,2,1,5,5,5,5,5,5,5,5,5,5,5,5,5,5,1,10,10,10,-7,NA,NA,NA,11,13,30,51,92,7,3,3,3,2,5,2,3,2,4,NA,1,11,2,-8,2,1,2,2,1,1,-8,-8,2,3,-9,2,NA,NA,NA,NA,-9,-8,-8,-8,4,15,15,-9,NA,-9,2,65,1,2,NA,2,3,1,NA,7,5,9
"1374",1.78050732,"1374-91",1374,91230,20,91,2024,6,13,1,3,13,5,17,2,1,2,4,4,2,2,6,3,2,6,6,2,3,6,2,4,6,6,6,6,4,4,-8,6,2,6,4,4,1,2,1,1,3,3,3,3,1,3,3,3,1,3,4,2,2,4,1,2,3,3,1,2,3,1,3,3,4,2,3,4,1,1,4,2,2,2,1,4,5,10,-7,10,-7,NA,NA,NA,4,6,27,66,91,0,0,0,10,4,4,2,3,2,3,NA,7,10,8,10,2,2,1,2,3,1,1,1,2,3,1,2,NA,NA,NA,NA,4,4,5,-8,-8,10,NA,1,2,NA,1,83,1,2,NA,2,3,1,NA,10,5,1
"1375",0.78610967,"1375-91",1375,91200,20,91,2024,6,13,1,1,3,10,17,2,3,4,2,4,3,-8,-8,1,3,6,6,6,3,6,6,6,6,6,6,6,6,6,6,6,5,6,6,5,5,4,2,3,4,-8,4,4,4,2,1,4,2,4,4,3,-8,4,2,1,1,3,1,1,2,1,4,4,4,4,3,3,3,3,4,3,4,2,4,3,3,0,0,10,0,2,NA,NA,19,10,43,61,74,5,-8,10,0,1,5,1,-8,NA,1,-8,2,1,11,10,2,1,1,1,-8,5,3,5,2,3,2,-8,NA,NA,NA,NA,NA,NA,NA,NA,4,15,15,1,2,NA,2,36,2,2,NA,2,8,2,8,1,7,1
"1376",1.40866544,"1376-91",1376,91200,20,91,2024,6,13,1,1,3,5,2,3,-8,5,2,4,2,3,6,3,4,6,2,3,3,3,6,2,6,6,6,6,4,4,2,6,3,6,4,4,1,3,3,2,3,3,3,2,2,2,3,3,2,3,3,2,4,3,2,2,2,3,1,1,2,1,4,4,4,3,5,3,3,2,3,2,3,3,3,3,3,10,10,9,10,2,NA,NA,13,14,29,70,96,2,9,2,2,2,2,1,1,NA,3,NA,1,3,6,7,4,2,2,1,2,1,2,4,1,3,-8,-8,NA,NA,NA,NA,NA,NA,NA,NA,1,15,15,1,4,NA,1,30,1,2,NA,1,8,1,NA,1,7,9
"1377",0.3576799,"1377-91",1377,91165,20,91,2024,6,13,1,3,3,14,17,3,2,3,3,4,2,2,5,1,2,6,2,2,1,6,6,1,3,6,6,6,5,6,5,6,5,6,6,5,8,6,4,3,2,4,3,3,4,3,3,4,3,4,4,3,3,4,3,3,3,3,3,1,2,1,3,5,5,5,5,5,4,5,5,5,5,4,5,5,3,10,10,10,10,1,3,6,8,5,26,57,80,5,3,6,3,1,5,1,3,3,3,NA,2,1,11,5,2,1,1,1,2,1,1,3,1,3,3,1,5,5,5,5,NA,NA,NA,NA,5,13,NA,1,2,NA,2,40,1,2,NA,2,4,1,NA,2,2,2
"1378",4.05756646,"1378-91",1378,91173,20,91,2024,6,13,1,4,3,9,2,3,1,3,1,2,2,2,4,3,3,3,3,3,3,3,3,3,3,3,6,3,3,6,3,3,3,3,3,3,1,6,4,4,4,3,3,4,3,3,4,4,4,4,4,3,3,3,4,4,4,4,1,1,3,2,4,5,5,5,5,5,4,5,5,4,5,4,4,4,1,10,7,10,-7,NA,NA,NA,13,14,29,70,96,0,10,0,0,2,5,1,2,2,5,NA,1,6,2,5,5,2,2,2,2,1,5,5,-8,3,3,-8,NA,NA,NA,NA,NA,NA,NA,NA,4,15,15,2,NA,1,1,19,1,2,NA,2,4,2,4,1,5,9
"1379",0.37484644,"1379-91",1379,91063,8,91,2024,6,6,1,4,1,10,9,2,2,2,3,4,2,1,5,4,4,6,4,4,3,4,4,2,3,6,6,3,3,4,2,4,1,3,2,3,3,4,3,3,3,4,4,4,3,3,3,4,2,2,4,3,3,3,2,2,1,1,1,1,3,1,3,3,3,3,3,4,3,3,3,3,3,4,3,4,6,10,9,8,-7,NA,NA,NA,7,3,20,53,88,1,7,9,1,1,5,1,2,3,3,NA,4,5,11,8,5,2,4,2,2,2,5,5,2,3,-8,-8,NA,NA,NA,NA,NA,NA,NA,NA,6,1,NA,1,1,NA,2,67,1,2,NA,2,7,1,NA,7,2,1
"1380",0.1356342,"1380-91",1380,91063,8,91,2024,6,6,1,4,1,6,10,2,3,3,2,5,3,2,7,2,4,6,5,2,3,6,6,6,6,6,6,6,4,3,4,6,4,6,3,3,1,1,3,3,2,4,3,3,3,3,3,2,2,3,3,3,1,3,2,1,4,3,3,1,2,2,4,4,4,3,2,2,3,5,2,5,5,2,4,2,3,10,10,10,-7,NA,NA,NA,16,19,39,62,86,5,10,0,1,4,1,1,3,1,5,NA,1,7,3,0,4,1,1,3,2,1,5,1,1,3,3,1,-8,-8,-8,4,NA,NA,NA,NA,4,15,18,1,2,NA,2,61,1,2,NA,2,4,1,NA,3,2,2
"1381",2.40068133,"1381-91",1381,91213,20,91,2024,6,13,1,3,3,6,11,2,2,3,3,4,2,2,5,2,4,6,3,3,2,6,6,6,6,6,6,6,4,6,4,6,4,6,6,4,3,2,2,2,3,4,3,4,4,3,2,3,3,3,4,3,3,3,2,3,2,2,2,2,3,2,3,2,3,2,2,2,3,3,3,3,3,2,2,2,2,10,10,10,8,2,NA,NA,16,19,39,62,86,10,10,0,0,1,5,1,1,NA,3,NA,11,6,1,7,5,1,1,1,2,4,4,3,2,3,3,-8,NA,NA,NA,NA,NA,NA,NA,NA,3,15,15,1,2,NA,1,31,4,2,NA,2,6,2,5,1,5,1
"1382",0.50447981,"1382-91",1382,91283,9,91,2024,6,6,2,4,26,9,4,2,2,3,3,4,2,3,6,2,3,4,6,2,2,3,6,3,3,6,6,6,4,6,3,4,4,6,3,4,1,2,3,2,3,3,3,2,3,2,3,2,2,3,3,2,3,3,2,2,3,3,1,1,2,1,4,4,3,2,2,3,3,2,3,2,3,4,4,4,2,6,6,7,6,2,NA,NA,5,12,34,58,77,3,5,3,8,2,4,1,2,1,2,2,3,2,7,5,1,2,2,2,2,3,3,5,1,3,2,-8,NA,NA,NA,NA,NA,NA,NA,NA,1,18,NA,1,2,NA,1,20,1,2,NA,1,7,2,4,1,3,1
"1383",0.39910589,"1383-91",1383,91044,6,91,2024,6,5,1,4,3,7,9,2,3,1,4,5,3,2,5,3,5,6,6,6,6,6,6,6,6,6,6,6,6,6,6,6,6,6,6,4,9,4,4,4,4,4,4,4,4,2,4,-8,1,4,4,4,2,4,-8,-8,4,4,-8,2,3,1,5,5,5,5,5,5,3,5,5,5,5,5,5,5,1,10,10,10,10,1,3,7,9,11,36,63,78,5,5,5,0,2,5,2,3,3,4,NA,1,2,6,10,2,1,1,1,2,1,-8,3,2,3,3,1,5,5,5,5,NA,NA,NA,NA,3,14,NA,1,4,NA,2,54,1,2,NA,2,2,1,NA,8,1,9
"1384",0.23723426,"1384-91",1384,91213,20,91,2024,6,13,1,3,1,6,17,1,3,2,2,4,2,2,3,3,4,6,5,4,6,6,4,6,6,6,6,3,5,6,6,2,6,4,4,5,2,1,3,3,4,4,3,3,3,1,4,4,3,4,-8,3,4,3,2,3,3,3,2,2,3,4,4,4,4,4,4,2,2,4,3,1,4,2,2,2,6,10,-7,4,10,2,NA,NA,4,6,27,66,91,0,5,5,10,5,4,2,1,NA,3,NA,1,3,6,10,1,2,2,1,1,3,5,3,1,3,3,2,NA,NA,NA,NA,4,4,5,4,1,15,15,1,1,NA,2,72,1,2,NA,2,2,1,NA,7,5,1
"1385",1.13111613,"1385-91",1385,91236,20,91,2024,6,13,1,1,7,3,13,3,1,4,3,3,1,1,5,4,4,3,6,6,4,3,3,6,6,6,4,6,3,6,6,3,3,6,6,4,6,4,2,1,2,2,2,2,2,3,2,1,1,1,1,1,1,1,1,1,2,2,1,1,3,1,4,3,4,4,3,2,3,2,2,4,3,1,2,3,3,7,8,9,-7,NA,NA,NA,20,18,46,65,87,1,1,4,6,2,1,1,1,NA,1,5,3,1,7,6,4,2,1,2,4,2,4,5,2,3,1,2,NA,NA,NA,NA,3,5,5,5,1,4,NA,2,NA,2,1,20,1,2,NA,1,7,2,8,4,7,8
"1386",0.68489979,"1386-91",1386,91062,8,91,2024,6,6,1,3,10,9,26,3,1,3,2,4,3,2,8,2,4,4,4,4,2,4,2,4,4,2,2,4,2,4,4,2,2,4,4,4,7,4,4,2,1,2,1,3,2,1,3,3,1,4,1,3,4,4,2,4,2,1,2,2,1,3,1,3,3,1,4,2,1,1,4,1,2,1,5,4,2,7,5,8,5,1,1,6,1,32,37,54,82,7,10,5,5,2,1,2,2,3,3,NA,10,9,6,10,4,2,2,2,2,1,3,5,1,1,1,2,NA,NA,NA,NA,4,4,4,1,3,3,NA,1,1,NA,1,42,1,2,NA,2,4,2,4,2,3,1
"1387",0.21772327,"1387-91",1387,91185,20,91,2024,6,13,1,4,3,17,2,2,3,2,3,4,3,2,7,2,4,3,6,6,2,6,6,6,3,6,6,6,4,6,6,6,2,6,6,4,1,4,2,3,4,3,4,3,3,3,3,3,3,4,3,3,4,3,2,3,3,3,1,2,2,1,4,4,4,4,4,4,4,4,4,4,4,4,4,4,1,10,-7,10,-7,NA,NA,NA,18,15,35,72,89,10,5,3,8,3,5,1,2,1,2,2,2,1,11,5,2,1,1,1,1,2,5,5,1,3,3,-8,NA,NA,NA,NA,NA,NA,NA,NA,-8,15,15,1,1,NA,2,68,1,2,NA,2,4,1,NA,1,2,1
"1388",0.604831,"1388-91",1388,91044,6,91,2024,6,5,1,3,3,9,14,1,2,3,3,4,2,2,5,1,3,6,6,2,2,4,6,2,6,6,6,6,5,6,6,6,3,6,4,4,1,8,4,3,4,4,4,4,4,2,4,1,1,4,4,3,4,4,3,3,4,4,1,2,2,2,4,3,4,4,4,5,4,4,4,3,4,5,4,4,1,10,10,10,-7,NA,NA,NA,3,2,47,56,95,2,4,4,4,4,1,2,3,1,5,NA,1,2,10,5,2,2,2,1,2,1,2,5,2,3,-8,2,NA,NA,NA,NA,4,5,4,4,4,14,NA,1,1,NA,2,63,1,1,3,2,4,1,NA,1,4,9
"1389",0.78381803,"1389-91",1389,91044,6,91,2024,6,5,1,4,26,11,3,1,3,4,2,5,2,2,7,1,5,6,6,4,1,6,3,6,6,6,6,6,5,6,4,4,4,6,2,5,3,4,1,1,1,4,3,-8,4,2,4,-8,2,4,4,4,4,3,1,1,1,2,1,1,2,1,5,3,4,4,3,4,4,3,3,3,3,3,3,3,6,0,-7,2,-7,NA,NA,NA,6,17,40,52,84,1,5,1,1,2,1,2,2,3,4,NA,1,2,6,4,2,2,1,1,2,1,5,5,1,3,2,2,NA,NA,NA,NA,4,-8,4,3,1,14,NA,1,2,NA,1,68,1,2,NA,2,4,1,NA,1,5,1
"1390",1.85818623,"1390-91",1390,91142,20,91,2024,6,13,1,3,1,3,5,3,2,3,3,3,2,1,5,5,5,4,4,5,4,4,3,1,5,3,1,3,3,3,3,4,1,4,1,3,1,4,3,3,3,3,3,1,3,3,1,3,3,3,3,3,3,3,3,1,3,4,1,1,3,3,4,2,2,2,2,2,2,2,2,2,2,2,2,2,2,10,10,10,10,2,NA,NA,21,21,38,49,93,10,0,10,10,3,4,1,2,1,3,NA,3,6,9,0,2,3,2,2,1,3,5,5,2,3,2,1,5,5,5,5,NA,NA,NA,NA,3,9,NA,1,1,NA,1,38,1,2,NA,1,8,1,NA,4,3,1
"1391",1.85818623,"1391-91",1391,91142,20,91,2024,6,13,1,3,16,3,17,4,2,3,3,3,2,2,5,3,3,6,3,4,3,6,6,2,6,6,3,6,6,6,3,6,4,6,3,5,9,1,3,2,2,3,2,2,3,1,4,3,1,2,2,3,2,2,1,2,3,4,1,2,1,3,3,3,2,2,2,2,1,1,2,2,2,3,3,2,3,10,8,9,7,1,3,5,15,9,31,64,79,10,5,2,7,2,5,1,2,2,2,3,1,7,11,2,5,2,2,2,2,2,5,5,1,3,2,1,4,4,4,4,NA,NA,NA,NA,6,15,15,2,NA,4,1,42,3,2,NA,2,4,1,NA,1,4,1
"1392",0.25437315,"1392-91",1392,91237,20,91,2024,6,13,1,1,10,5,7,3,2,4,2,4,2,2,3,4,5,6,2,4,4,4,5,3,6,6,6,6,5,4,4,5,1,6,4,5,1,4,4,4,3,4,3,3,3,1,2,3,2,3,4,3,4,3,3,2,4,4,1,1,2,1,4,4,4,4,4,2,2,3,3,4,4,2,4,3,3,8,10,8,2,1,1,6,6,17,40,52,84,8,6,5,10,1,1,2,3,4,1,2,9,11,3,2,2,1,1,1,1,1,5,5,1,3,3,2,NA,NA,NA,NA,1,1,1,2,4,9,NA,1,1,NA,2,45,8,2,NA,2,10,1,NA,2,7,1
"1393",0.23209068,"1393-91",1393,91050,6,91,2024,6,5,1,3,9,26,16,3,2,4,3,3,2,2,5,3,4,6,3,3,4,4,6,6,3,6,6,6,4,4,2,4,3,6,2,4,1,1,3,2,4,3,3,3,3,3,4,3,3,3,3,2,3,3,2,2,3,3,1,1,3,1,4,3,4,3,4,4,3,3,3,3,3,3,4,3,1,8,10,10,8,1,3,5,19,10,43,61,74,1,3,7,1,3,5,1,2,3,4,NA,9,3,4,7,5,2,3,2,3,3,5,3,1,3,3,2,NA,NA,NA,NA,4,2,4,3,4,9,NA,1,1,NA,2,47,1,2,NA,2,6,1,NA,1,2,1
"1394",0.75001823,"1394-91",1394,91050,6,91,2024,6,5,1,3,26,5,7,3,2,4,2,3,2,2,2,4,4,6,4,3,4,3,3,1,6,6,6,6,2,2,1,4,1,6,2,3,3,6,4,2,4,3,3,2,3,2,3,3,2,2,3,3,3,3,1,2,2,3,1,1,3,1,4,4,4,4,4,3,2,3,3,3,4,4,3,3,6,9,10,10,-7,NA,NA,NA,17,1,48,67,90,5,1,5,1,2,5,1,2,2,3,NA,6,2,1,7,5,2,3,2,3,3,2,4,1,3,3,1,3,2,4,4,NA,NA,NA,NA,6,16,NA,1,1,NA,1,28,1,2,NA,2,9,1,NA,1,4,9
"1395",0.90660194,"1395-91",1395,91230,20,91,2024,6,13,1,3,5,13,10,3,1,3,3,3,1,1,5,3,3,6,3,4,4,4,6,6,6,6,6,6,3,3,1,3,2,6,1,3,1,1,4,3,4,4,3,3,4,4,4,3,2,2,4,3,4,4,3,2,3,4,1,2,2,1,5,3,4,3,5,4,4,4,4,5,4,3,4,4,1,10,10,10,10,1,2,6,11,13,30,51,92,10,0,0,0,1,1,1,2,1,1,2,1,3,2,5,4,1,1,2,2,2,5,5,1,3,3,2,NA,NA,NA,NA,5,-8,4,5,6,15,15,1,1,NA,2,48,1,2,NA,2,6,1,NA,1,7,9
"1396",1.13435547,"1396-91",1396,91201,20,91,2024,6,13,1,3,1,2,5,1,2,2,3,5,3,2,-8,1,2,6,1,2,1,6,2,2,2,6,2,6,4,2,4,2,2,6,2,4,1,1,3,2,4,4,4,4,4,2,4,4,1,4,4,3,4,4,1,4,4,4,3,2,1,1,5,4,5,5,5,4,1,1,1,1,4,5,5,5,6,10,10,10,10,2,NA,NA,18,15,35,72,89,10,0,0,10,2,5,2,3,1,5,NA,1,4,2,10,1,1,1,1,1,5,1,5,2,3,3,-8,NA,NA,NA,NA,NA,NA,NA,NA,2,15,15,1,2,NA,1,83,1,2,NA,2,4,1,NA,7,4,9
"1397",0.58354816,"1397-91",1397,91201,20,91,2024,6,13,1,3,2,3,13,3,2,3,3,4,2,3,-8,2,4,6,2,2,2,2,2,2,2,6,2,2,2,4,1,4,2,6,2,3,1,4,4,3,4,4,3,3,4,3,4,-8,3,3,4,4,4,3,3,3,3,3,1,1,2,1,4,3,4,4,5,4,4,3,4,2,3,5,3,3,1,8,9,10,0,2,NA,NA,21,21,38,49,93,5,5,5,5,4,5,3,2,3,4,NA,1,4,11,6,2,3,4,4,3,5,5,5,1,3,2,-8,NA,NA,NA,NA,NA,NA,NA,NA,5,15,15,1,1,NA,2,61,1,2,NA,2,3,2,2,8,4,2
"1398",0.58354816,"1398-91",1398,91201,20,91,2024,6,13,1,4,3,10,11,2,1,2,3,-8,2,-8,-8,-8,-8,6,6,2,2,6,6,6,6,6,6,6,4,-8,4,6,4,6,4,4,1,4,4,-8,4,4,3,-8,4,-8,-8,-8,3,-8,-8,4,3,4,4,4,3,3,1,1,2,1,-8,-8,-8,-8,4,-8,-8,-8,-8,-8,-8,-8,-8,-8,1,10,10,10,0,2,NA,NA,4,6,27,66,91,5,10,5,0,2,5,1,3,1,4,NA,1,2,6,10,5,1,1,1,2,1,5,3,2,3,-8,-8,NA,NA,NA,NA,NA,NA,NA,NA,5,15,15,1,-9,NA,2,61,1,2,NA,2,1,1,NA,8,1,9
"1399",0.62217837,"1399-91",1399,91201,20,91,2024,6,13,1,3,3,6,1,2,3,2,4,5,3,2,6,1,2,6,1,1,1,3,6,6,6,6,6,6,4,3,3,6,3,6,4,3,3,4,3,2,2,4,3,2,3,2,4,3,2,4,3,3,3,3,2,3,3,3,2,2,2,1,4,4,5,3,5,3,3,3,4,3,4,3,4,3,1,10,5,10,10,2,NA,NA,23,23,41,68,76,3,5,9,0,2,1,1,3,4,2,2,1,2,5,7,2,2,2,2,1,2,2,4,2,3,3,-8,NA,NA,NA,NA,NA,NA,NA,NA,4,15,18,1,2,NA,1,28,1,2,NA,2,8,1,NA,2,5,2
"1400",1.00063201,"1400-91",1400,91086,12,91,2024,6,8,1,2,10,2,3,2,2,4,2,4,3,2,7,1,4,3,1,3,1,2,6,4,4,2,6,6,5,4,5,6,2,6,4,5,3,2,4,1,4,4,4,4,3,4,3,3,1,4,4,3,3,4,2,2,3,4,1,1,2,1,4,4,4,4,3,4,1,1,1,2,3,5,4,4,3,9,10,10,10,1,3,5,21,21,38,49,93,5,5,2,10,1,1,2,2,1,4,NA,6,7,10,10,1,1,1,1,1,3,3,3,2,3,1,2,NA,NA,NA,NA,-8,-8,-8,-8,3,10,NA,1,4,NA,2,32,1,2,NA,2,6,1,NA,1,3,9
"1401",0.40271987,"1401-91",1401,91087,12,91,2024,6,8,1,3,1,5,7,2,2,2,3,4,2,2,7,1,4,6,1,3,1,2,3,2,6,6,6,3,4,4,3,6,2,6,3,5,1,4,4,2,3,4,4,4,3,4,3,4,2,4,4,3,3,4,2,2,4,4,1,1,2,1,3,3,3,3,3,3,3,3,2,3,3,3,3,3,2,10,10,10,10,2,NA,NA,16,19,39,62,86,0,5,0,5,1,1,2,2,1,4,NA,1,2,11,5,5,1,1,1,1,1,1,5,2,3,3,-8,NA,NA,NA,NA,NA,NA,NA,NA,4,15,15,1,1,NA,2,52,1,2,NA,2,4,1,NA,1,2,1
"1402",0.22198989,"1402-91",1402,91069,8,91,2024,6,6,1,3,3,9,14,2,3,2,4,4,3,2,5,2,4,6,6,2,2,6,6,4,6,6,6,6,4,4,5,6,5,6,4,5,1,2,4,3,4,3,3,3,4,3,2,3,3,3,3,3,3,3,2,2,3,3,1,1,2,1,5,2,2,2,2,2,2,2,2,2,2,2,2,2,2,10,10,10,10,2,NA,NA,2,16,42,69,81,0,0,5,0,1,5,2,-8,NA,5,NA,1,11,3,5,5,3,3,3,5,1,5,4,-8,3,3,1,3,2,4,2,NA,NA,NA,NA,4,18,NA,1,2,NA,1,46,1,2,NA,2,4,1,NA,-8,NA,1
"1403",0.37484644,"1403-91",1403,91063,8,91,2024,6,6,1,3,10,1,5,3,2,3,3,4,2,1,1,4,5,6,5,3,5,4,3,1,3,6,6,4,2,3,3,5,1,2,2,2,4,5,4,4,4,3,4,4,3,4,4,4,4,2,3,4,4,4,3,2,3,4,1,1,3,5,4,2,2,2,3,4,4,2,4,3,4,3,3,2,2,10,10,10,-7,NA,NA,NA,11,13,30,51,92,5,5,5,10,4,2,1,1,NA,1,2,1,3,11,-9,3,4,4,4,3,5,5,5,1,3,-8,-8,NA,NA,NA,NA,NA,NA,NA,NA,5,3,NA,1,1,NA,2,78,1,1,5,2,4,1,NA,8,5,9
"1404",0.17577229,"1404-91",1404,91063,8,91,2024,6,6,1,4,8,16,4,4,1,4,1,2,1,1,-9,4,4,6,6,6,6,6,6,6,6,6,6,6,6,6,6,6,-9,6,6,4,-9,-9,1,1,-9,2,1,-9,2,2,3,1,1,1,1,1,2,1,1,1,1,-9,1,-9,2,1,-9,-9,-9,-9,-9,-9,-9,-9,-9,-9,-9,-9,-9,-9,-9,10,-7,10,-7,NA,NA,NA,20,18,46,65,87,9,1,5,9,4,-9,1,1,NA,-9,NA,-9,NA,NA,-9,-9,2,2,2,5,3,-9,-9,1,-9,-9,-9,NA,NA,NA,NA,NA,NA,NA,NA,-9,15,15,2,NA,-9,1,69,2,2,NA,1,7,1,NA,2,2,1
"1405",0.2712684,"1405-91",1405,91063,8,91,2024,6,6,1,4,7,14,6,2,3,2,4,5,2,2,-9,2,4,6,6,2,2,6,6,6,6,6,6,6,4,4,6,6,6,6,4,4,1,4,2,3,1,3,4,3,2,1,2,3,2,3,3,3,1,4,3,2,1,2,3,2,2,1,4,-8,2,3,2,5,2,2,2,3,3,4,4,3,3,10,10,10,9,2,NA,NA,3,2,47,56,95,1,9,2,9,4,5,1,3,3,5,NA,1,2,3,0,5,1,2,2,1,3,-8,5,-8,3,3,-8,NA,NA,NA,NA,NA,NA,NA,NA,3,15,15,1,1,NA,2,57,1,2,NA,2,4,1,NA,10,3,1
"1406",0.86767815,"1406-91",1406,91063,8,91,2024,6,6,1,4,3,5,2,3,1,3,3,4,2,1,5,4,3,6,3,6,3,6,6,6,3,6,6,6,3,6,6,3,3,3,6,3,4,1,2,1,2,3,1,3,3,1,3,2,1,1,1,2,2,1,1,2,2,2,1,1,2,1,2,1,2,1,1,1,3,1,1,2,2,2,1,1,2,7,5,8,-7,NA,NA,NA,12,4,33,59,94,5,0,9,1,2,1,1,-8,NA,5,NA,1,3,6,3,1,1,3,1,5,4,3,5,2,3,-8,-8,NA,NA,NA,NA,NA,NA,NA,NA,6,9,NA,2,NA,1,1,19,1,2,NA,2,4,2,4,8,5,1
"1407",0.48520056,"1407-91",1407,91227,20,91,2024,6,13,1,2,1,7,10,1,2,3,3,2,2,2,5,3,3,6,6,6,2,6,6,6,6,6,6,6,4,6,6,6,3,6,6,3,4,1,4,3,3,4,3,3,3,3,3,4,3,4,4,4,3,3,2,3,4,3,3,2,3,1,5,5,5,4,4,4,4,4,4,5,4,4,5,5,1,10,10,10,10,1,3,7,24,24,28,71,73,0,0,10,10,1,5,2,3,2,3,NA,1,3,9,5,2,1,1,1,1,1,4,3,2,3,3,1,4,4,4,4,NA,NA,NA,NA,1,15,15,2,NA,4,2,30,1,2,NA,1,5,2,2,7,3,9
"1408",0.59826801,"1408-91",1408,91051,6,91,2024,6,5,1,3,1,9,14,2,3,3,4,4,3,2,5,1,2,6,2,1,1,1,6,6,6,6,6,6,5,2,2,6,2,6,3,3,9,4,4,4,4,4,4,4,4,4,4,3,4,4,4,4,4,4,4,3,4,4,3,2,2,1,4,5,5,5,5,5,5,5,5,5,5,5,5,5,3,10,9,10,10,1,2,7,24,24,28,71,73,0,3,2,7,2,5,3,2,4,4,NA,1,11,6,10,2,1,1,1,1,1,4,5,1,3,3,-8,NA,NA,NA,NA,NA,NA,NA,NA,4,14,NA,1,4,NA,2,50,1,2,NA,2,4,1,NA,1,2,1
"1409",1.76875746,"1409-91",1409,91051,6,91,2024,6,5,1,2,3,7,14,3,3,3,3,3,2,2,5,3,3,6,6,6,3,6,6,6,6,6,6,6,6,6,6,6,3,6,6,3,4,1,3,1,3,3,3,2,3,2,3,3,3,3,3,3,3,3,3,1,3,3,2,1,2,1,4,4,3,4,3,4,3,3,3,3,4,3,3,3,6,8,8,10,8,1,2,7,11,13,30,51,92,5,5,6,5,2,5,1,2,3,3,NA,6,11,4,6,2,3,2,3,4,4,5,4,1,2,2,2,NA,NA,NA,NA,4,3,4,4,4,15,14,2,NA,5,2,38,2,2,NA,2,8,2,8,1,3,1
"1410",2.90002106,"1410-91",1410,91051,6,91,2024,6,5,1,2,2,3,6,2,-8,3,2,4,2,2,5,3,2,6,6,6,6,6,6,6,6,6,6,6,3,6,6,6,1,6,6,2,5,6,3,2,3,4,3,3,3,2,3,2,3,4,4,4,3,3,2,3,3,4,1,2,2,1,4,5,4,5,3,4,5,2,3,5,3,2,3,3,1,9,8,10,-7,NA,NA,NA,6,17,40,52,84,10,10,5,10,1,2,2,2,2,5,NA,2,3,8,4,2,2,2,2,1,2,1,4,2,3,3,2,NA,NA,NA,NA,3,2,4,3,4,14,NA,1,1,NA,1,19,1,2,NA,1,7,2,4,4,NA,11
"1411",0.88437873,"1411-91",1411,91051,6,91,2024,6,5,1,3,3,10,5,1,3,3,1,5,3,2,5,3,4,-8,6,6,6,6,6,6,6,6,6,6,6,6,6,6,6,6,6,3,-8,-8,4,4,4,4,4,4,4,4,4,4,4,4,4,4,4,4,4,4,4,4,3,1,3,1,5,5,5,5,5,5,5,5,5,5,5,5,5,5,-8,10,10,10,10,1,3,1,10,8,25,60,85,0,0,0,0,4,4,3,3,4,5,NA,1,4,6,-8,2,2,2,2,2,1,-8,3,2,3,3,-8,NA,NA,NA,NA,NA,NA,NA,NA,-8,14,NA,1,-9,NA,2,40,1,2,NA,2,8,1,NA,1,5,9
"1412",0.97040112,"1412-91",1412,91227,20,91,2024,6,13,1,2,1,5,10,2,2,4,3,3,3,1,1,5,4,6,4,4,3,6,6,6,3,6,6,3,1,2,2,4,1,6,3,2,3,4,3,3,4,3,2,4,4,4,3,3,3,2,4,3,3,3,3,3,3,3,3,2,3,1,4,4,4,4,4,4,4,4,4,4,4,4,4,4,2,10,10,10,10,2,NA,NA,5,12,34,58,77,0,1,0,10,1,5,1,2,1,2,5,1,6,2,7,2,1,1,1,3,3,5,5,1,3,3,2,NA,NA,NA,NA,4,4,2,4,-8,15,3,1,1,NA,2,37,1,2,NA,2,8,2,4,7,7,1
"1413",0.43565395,"1413-91",1413,91069,8,91,2024,6,6,1,3,2,26,3,1,3,3,3,5,2,2,4,2,2,6,6,2,2,3,3,6,3,6,6,6,3,6,4,6,4,6,3,4,1,2,4,3,4,4,3,3,3,3,4,3,3,4,4,3,3,4,3,3,3,3,3,2,2,1,5,5,5,3,4,5,2,3,2,4,4,5,3,3,6,10,10,10,10,2,NA,NA,8,5,26,57,80,5,0,5,1,1,5,1,2,4,5,NA,6,1,3,4,1,1,1,1,5,1,4,5,1,3,3,-8,NA,NA,NA,NA,NA,NA,NA,NA,6,15,15,2,NA,2,2,26,1,2,NA,2,4,1,NA,1,3,9
"1414",0.97040112,"1414-91",1414,91227,20,91,2024,6,13,1,2,14,7,2,1,1,3,3,3,3,3,5,3,4,6,3,5,2,3,6,6,6,6,6,6,5,4,4,4,3,6,3,5,3,4,2,1,3,4,4,2,3,1,3,2,1,4,4,1,3,3,1,2,3,4,1,1,2,2,4,3,5,3,3,2,2,2,2,3,3,3,4,2,1,10,10,10,10,1,3,6,3,2,47,56,95,3,7,0,8,5,1,1,3,3,4,NA,2,7,1,10,4,1,1,1,2,3,5,3,1,3,2,1,5,5,5,5,NA,NA,NA,NA,4,13,NA,1,2,NA,2,37,1,2,NA,2,4,1,NA,1,4,1
"1415",5.96426922,"1415-91",1415,91017,3,91,2024,6,3,1,3,1,10,14,2,2,2,3,4,2,2,5,1,2,6,-8,6,1,6,6,6,6,6,6,6,4,6,6,6,6,6,6,4,1,2,4,2,4,3,3,3,4,3,4,3,3,3,4,4,4,4,3,3,3,3,2,1,2,1,4,5,4,4,4,3,4,2,1,2,2,2,4,5,3,10,10,5,10,1,3,4,5,12,34,58,77,10,0,0,10,2,1,2,2,3,5,NA,1,11,2,6,2,1,1,1,2,1,5,3,2,3,3,-8,NA,NA,NA,NA,NA,NA,NA,NA,6,14,NA,1,4,NA,1,35,1,2,NA,2,2,2,3,6,1,9
"1416",2.72924207,"1416-91",1416,91227,20,91,2024,6,13,1,3,1,17,5,1,3,2,4,5,2,2,5,2,1,6,2,2,2,2,2,2,4,1,4,2,4,4,1,2,2,6,2,4,9,4,2,1,-8,4,4,3,4,4,4,4,4,4,4,4,3,4,2,1,4,3,3,1,3,1,5,5,5,5,5,5,5,4,4,4,4,4,5,5,6,10,10,10,10,1,2,7,16,19,39,62,86,0,0,0,1,5,1,1,3,1,3,NA,6,10,5,0,5,2,1,1,1,4,4,5,1,3,3,1,5,5,5,5,NA,NA,NA,NA,5,15,15,1,4,NA,1,49,1,2,NA,2,6,1,NA,1,3,7
"1417",1.43871689,"1417-91",1417,91071,8,91,2024,6,6,1,3,1,5,10,1,3,2,5,5,2,2,7,2,4,6,6,2,1,6,6,4,6,2,2,6,4,4,5,6,5,6,4,5,4,1,3,2,3,3,3,3,3,3,2,3,2,3,3,3,3,3,2,2,3,2,3,1,1,1,1,2,2,2,2,2,2,2,1,2,2,2,2,1,6,10,10,10,10,1,3,5,17,1,48,67,90,0,0,5,0,3,4,2,2,3,5,NA,7,8,1,7,2,2,2,2,3,1,4,3,1,2,2,1,3,3,3,3,NA,NA,NA,NA,3,9,NA,1,1,NA,1,38,1,2,NA,2,2,1,NA,1,5,2
"1418",2.32995213,"1418-91",1418,91194,20,91,2024,6,13,1,2,3,9,17,3,1,4,3,4,2,2,6,3,3,6,2,3,2,6,6,6,6,6,6,6,3,6,-8,3,2,6,6,2,1,6,4,2,4,4,4,2,3,2,3,4,4,3,4,4,3,4,3,3,3,4,2,1,3,3,3,4,4,4,4,3,4,3,3,4,3,3,4,4,3,7,8,8,-7,NA,NA,NA,16,19,39,62,86,0,5,1,2,2,1,2,3,4,2,5,11,6,1,6,2,2,2,1,1,1,4,4,2,3,1,-8,NA,NA,NA,NA,NA,NA,NA,NA,5,24,NA,1,1,NA,1,20,1,2,NA,2,4,2,4,1,5,11
"1419",2.30668427,"1419-91",1419,91193,20,91,2024,6,13,1,3,3,7,10,3,1,3,2,3,2,2,5,3,2,6,6,6,3,6,6,6,6,6,6,6,3,6,6,6,2,6,6,1,1,6,3,3,3,3,3,3,3,3,3,3,3,3,3,3,3,3,3,2,3,3,1,2,3,1,3,3,3,3,3,3,3,3,3,3,3,3,3,3,3,5,7,7,-7,NA,NA,NA,7,3,20,53,88,5,5,5,5,2,5,2,2,1,3,NA,3,1,6,5,2,3,3,3,3,3,3,4,2,3,2,-8,NA,NA,NA,NA,NA,NA,NA,NA,1,15,15,2,NA,1,1,18,1,2,NA,1,4,2,7,2,NA,9
"1420",1.79456757,"1420-91",1420,91188,20,91,2024,6,13,1,3,10,5,13,1,2,3,4,4,2,2,-9,-9,-9,-9,-9,-9,-9,-9,-9,-9,-9,-9,-9,-9,-9,-9,-9,-9,-9,-9,-9,3,1,4,3,-8,4,4,4,-8,-8,3,-8,-8,2,4,4,-8,-8,4,2,-8,4,3,3,-8,3,1,-8,-9,5,-9,-9,-9,-9,-9,-9,-9,-9,-9,-9,-9,4,10,0,10,-7,NA,NA,NA,9,11,36,63,78,-8,-8,-8,-8,-8,1,1,3,1,5,NA,1,6,2,10,2,1,1,1,2,3,5,5,1,3,-8,-8,NA,NA,NA,NA,NA,NA,NA,NA,4,15,15,1,-9,NA,2,68,1,2,NA,2,3,2,3,7,1,1
"1421",0.57896409,"1421-91",1421,91001,1,91,2024,6,1,1,2,6,3,2,3,3,3,3,4,2,3,1,3,4,6,6,2,3,6,6,6,6,6,6,2,2,2,2,6,2,6,2,2,3,8,3,4,4,4,4,2,3,3,3,4,4,4,4,3,3,4,3,3,4,4,1,1,3,1,4,4,5,5,5,4,5,4,4,4,3,1,4,4,1,10,9,9,9,1,3,5,20,18,46,65,87,5,7,5,10,4,2,2,3,3,3,NA,11,5,1,2,3,1,1,1,3,3,5,5,1,3,3,1,4,4,4,4,NA,NA,NA,NA,1,15,9,1,1,NA,2,26,1,2,NA,2,8,1,NA,2,1,1
"1422",0.48960306,"1422-91",1422,91214,20,91,2024,6,13,1,2,10,3,13,2,2,3,3,3,2,2,-8,2,4,6,3,3,3,-8,6,3,6,6,6,6,4,4,4,6,2,6,2,3,1,1,2,2,2,3,3,3,3,1,3,3,2,4,3,3,3,3,2,3,3,2,3,1,3,1,3,2,3,4,3,4,3,2,2,2,2,4,3,2,1,10,10,10,0,2,NA,NA,15,9,31,64,79,5,5,0,0,4,5,2,2,3,2,3,1,11,3,10,4,2,2,2,1,5,5,4,1,3,2,1,4,3,3,5,NA,NA,NA,NA,3,15,15,1,1,NA,1,72,1,2,NA,2,3,1,NA,7,7,1
"1423",0.74789092,"1423-91",1423,91214,20,91,2024,6,13,1,3,9,13,26,1,2,2,2,5,2,2,5,2,2,6,3,4,3,6,6,6,6,6,6,6,4,6,6,6,3,6,6,5,1,4,1,2,3,4,2,-8,3,1,3,-8,2,3,3,4,2,-8,2,2,4,3,2,1,1,1,4,2,4,3,4,4,3,2,2,4,4,2,4,4,3,10,10,10,10,1,3,7,4,6,27,66,91,0,5,0,5,4,5,1,3,1,5,NA,1,2,11,10,1,1,1,1,2,5,5,5,2,3,3,-8,NA,NA,NA,NA,NA,NA,NA,NA,4,15,15,1,1,NA,2,45,1,2,NA,2,3,2,2,2,1,1
"1424",1.22042188,"1424-91",1424,91214,20,91,2024,6,13,1,3,8,10,26,2,2,2,3,1,2,2,-8,3,2,6,6,2,6,6,6,6,6,6,6,6,3,6,6,6,3,6,6,3,9,1,3,1,4,3,4,3,3,1,3,4,3,4,3,4,3,3,2,3,3,3,3,2,3,1,4,5,4,3,4,5,3,2,4,5,5,2,5,4,6,10,10,10,10,2,NA,NA,6,17,40,52,84,0,0,0,0,4,4,2,2,1,5,NA,9,6,3,0,5,1,1,1,1,3,4,3,2,3,3,1,3,2,4,2,NA,NA,NA,NA,6,15,15,2,NA,-9,2,19,1,2,NA,1,4,2,4,4,5,1
"1425",0.26102801,"1425-91",1425,91214,20,91,2024,6,13,1,3,10,5,6,2,3,1,4,4,3,2,-8,3,4,6,3,3,3,3,6,6,6,6,6,6,3,3,2,6,2,6,2,2,1,-9,4,3,4,4,4,3,4,3,4,3,3,3,3,3,3,3,3,3,4,4,1,1,3,5,2,2,2,2,-8,2,2,-8,-8,2,2,-8,2,2,1,5,10,10,0,2,NA,NA,13,14,29,70,96,0,10,0,0,4,1,3,3,5,5,NA,6,2,5,-8,7,1,1,1,-9,4,5,5,1,3,3,-8,NA,NA,NA,NA,NA,NA,NA,NA,5,15,15,1,-9,NA,2,71,1,2,NA,2,4,1,NA,7,1,9
"1426",0.26102801,"1426-91",1426,91214,20,91,2024,6,13,1,3,3,14,1,2,2,3,2,3,3,3,-8,3,2,6,6,-8,6,6,6,6,6,6,6,6,6,4,6,6,6,6,6,3,1,4,3,3,4,4,4,4,4,4,4,3,3,3,4,4,3,3,4,-8,4,3,3,1,3,1,3,4,4,4,5,4,3,3,3,4,5,4,3,3,3,10,10,10,10,2,NA,NA,7,3,20,53,88,0,0,10,5,2,1,1,3,4,5,NA,2,1,6,10,1,1,1,1,1,1,1,4,2,3,-8,-8,NA,NA,NA,NA,NA,NA,NA,NA,1,15,15,1,4,NA,2,74,1,2,NA,2,4,1,NA,7,2,1
"1427",0.53180634,"1427-91",1427,91166,20,91,2024,6,13,1,3,5,10,12,2,3,2,3,3,2,-9,-9,3,3,3,3,3,3,3,3,3,3,3,3,3,3,3,3,3,3,3,3,3,1,1,3,4,3,4,3,3,4,4,4,4,4,4,3,4,3,3,4,4,3,3,-9,-9,2,1,4,5,4,5,4,5,5,4,4,5,5,4,4,5,3,10,10,10,10,1,1,7,24,24,28,71,73,0,0,8,8,3,5,1,3,3,1,1,2,1,6,5,2,2,2,2,2,2,5,5,1,3,2,-8,NA,NA,NA,NA,NA,NA,NA,NA,3,15,15,1,-9,NA,2,57,1,2,NA,2,7,2,-9,3,5,1
"1428",1.14527378,"1428-91",1428,91166,20,91,2024,6,13,1,3,3,13,9,3,2,4,2,3,2,1,3,3,4,3,3,3,3,2,3,2,3,3,6,3,3,3,4,3,2,3,3,3,2,6,2,3,2,3,3,3,4,3,4,2,3,2,2,2,4,2,2,1,3,3,2,1,3,1,3,4,4,4,4,3,4,3,3,4,4,3,3,3,3,7,7,7,7,1,3,6,4,6,27,66,91,3,8,6,7,1,5,3,2,4,3,NA,7,3,2,10,2,1,1,1,2,1,2,2,1,3,2,1,5,3,5,5,NA,NA,NA,NA,3,15,15,1,1,NA,2,28,1,2,NA,2,8,2,1,1,4,1
"1429",0.87574762,"1429-91",1429,91008,2,91,2024,6,2,1,4,5,8,6,3,2,3,3,3,2,2,6,3,4,6,6,6,2,6,6,6,6,6,6,6,4,6,6,6,4,6,6,4,2,1,3,3,3,3,3,3,3,3,3,3,3,3,3,3,3,3,3,3,3,3,3,1,3,1,1,3,3,3,3,3,3,3,3,3,3,3,3,3,5,6,7,7,7,1,1,7,19,10,43,61,74,5,6,5,6,4,4,3,3,1,3,NA,1,3,10,4,2,2,2,2,1,3,3,1,2,3,3,1,4,2,4,4,NA,NA,NA,NA,3,15,15,1,2,NA,2,32,1,2,NA,2,5,1,NA,1,2,9
"1430",1.91447884,"1430-91",1430,91008,2,91,2024,6,2,1,4,17,3,14,1,3,3,3,5,3,2,5,2,4,6,6,3,2,6,6,6,6,6,6,6,2,6,6,6,3,6,6,4,1,2,2,2,-8,4,2,4,4,2,4,2,1,4,4,4,4,4,2,1,4,4,1,1,1,1,4,5,5,5,2,1,1,1,1,5,5,1,5,5,1,10,10,10,10,2,NA,NA,6,17,40,52,84,5,5,5,5,1,3,2,3,3,1,2,1,4,6,10,2,3,1,1,2,3,3,5,1,3,3,2,NA,NA,NA,NA,4,4,4,4,3,13,NA,1,2,NA,1,26,1,2,NA,2,4,1,NA,1,2,1
"1431",1.07303969,"1431-91",1431,91165,20,91,2024,6,13,1,4,17,3,10,3,3,3,3,4,2,2,5,2,2,6,6,3,2,4,6,3,3,2,1,6,4,3,2,4,2,6,2,4,3,4,4,4,4,4,4,4,3,1,4,3,4,4,4,4,4,4,3,3,4,4,1,1,2,1,5,5,5,5,5,5,5,5,5,5,5,5,5,5,6,10,10,10,10,1,1,4,2,16,42,69,81,1,5,1,4,2,1,1,3,4,1,3,2,11,7,0,1,1,1,1,1,1,3,5,2,3,2,2,NA,NA,NA,NA,5,2,5,5,6,2,NA,1,-9,NA,2,34,2,2,NA,2,7,2,8,1,1,1
"1432",1.28341166,"1432-91",1432,91165,20,91,2024,6,13,1,2,14,10,7,2,2,3,3,2,1,1,2,4,4,3,2,2,4,3,3,3,3,3,3,2,2,3,1,3,1,3,3,1,1,4,2,3,4,3,3,3,3,3,3,1,3,2,4,3,3,3,3,3,4,3,1,2,3,1,2,3,5,5,4,5,4,3,4,4,4,4,4,4,1,0,7,2,0,2,NA,NA,21,21,38,49,93,6,0,6,10,4,2,1,3,2,4,NA,1,3,11,2,2,4,5,3,5,1,5,5,1,3,2,-8,NA,NA,NA,NA,NA,NA,NA,NA,4,9,NA,1,1,NA,2,62,1,1,1,2,9,1,NA,1,4,9
"1433",0.55003357,"1433-91",1433,91165,20,91,2024,6,13,1,2,3,2,10,3,2,3,2,-9,3,2,-9,3,3,6,3,3,3,3,2,3,2,3,3,3,3,4,3,-8,3,2,3,3,3,4,4,4,3,4,3,4,3,3,3,3,3,4,4,4,4,4,4,3,4,4,1,1,2,1,4,5,4,5,5,4,5,5,4,5,5,4,5,5,1,10,10,10,10,2,NA,NA,10,8,25,60,85,3,8,2,7,3,5,1,2,3,4,NA,6,2,4,9,2,2,2,2,2,1,5,5,1,3,2,-8,NA,NA,NA,NA,NA,NA,NA,NA,5,15,15,1,1,NA,2,61,1,2,NA,2,8,2,8,-9,5,1
"1434",0.7153598,"1434-91",1434,91165,20,91,2024,6,13,1,2,3,14,26,2,2,2,3,4,2,2,-9,5,3,4,3,3,2,3,4,3,5,4,5,3,2,4,4,2,3,3,4,4,2,6,4,4,4,4,4,4,4,4,4,4,4,4,4,4,4,4,4,4,4,4,1,1,3,1,5,5,5,5,5,5,5,5,5,5,5,5,5,5,1,10,10,10,10,1,2,6,17,1,48,67,90,4,0,4,0,2,5,1,3,3,4,NA,2,1,6,9,2,2,2,2,2,1,4,4,1,3,2,-8,NA,NA,NA,NA,NA,NA,NA,NA,4,15,15,1,1,NA,2,33,1,2,NA,2,8,1,NA,2,5,1
"1435",0.34294211,"1435-91",1435,91190,20,91,2024,6,13,1,2,3,8,5,2,2,4,2,-9,2,-9,-9,-9,-9,-9,-9,-9,-9,-9,-9,-9,-9,-9,-9,-9,-9,-9,-9,-9,-9,-9,-9,-9,-9,-9,-9,-9,-9,-9,-9,-9,-9,-9,-9,-9,-9,-9,-9,-9,-9,-9,-9,-9,-9,-9,1,-9,3,3,-9,-9,-9,-9,-9,-9,-9,-9,-9,-9,-9,-9,-9,-9,-9,5,0,10,5,2,NA,NA,13,14,29,70,96,0,10,9,5,3,2,1,3,3,2,2,1,5,6,5,2,-9,-9,-9,-9,5,5,5,1,3,-8,-8,NA,NA,NA,NA,NA,NA,NA,NA,5,15,15,1,-9,NA,2,45,1,2,NA,2,8,1,NA,1,NA,-9
"1436",1.04256916,"1436-91",1436,91181,20,91,2024,6,13,1,1,3,1,9,4,1,4,3,3,1,1,3,4,5,6,4,5,5,5,4,1,4,6,6,3,3,3,1,4,3,3,1,2,1,2,3,3,3,3,2,3,3,2,4,2,3,2,3,3,4,2,2,2,2,4,1,1,3,1,3,2,3,1,4,2,2,2,3,3,2,3,2,1,4,8,10,7,-7,NA,NA,NA,13,14,29,70,96,5,4,8,3,3,2,2,1,NA,2,2,11,1,3,6,1,4,3,4,1,2,3,5,1,3,2,1,5,4,5,5,NA,NA,NA,NA,5,9,NA,1,1,NA,1,29,1,2,NA,2,8,2,9,1,7,11
"1437",0.73337809,"1437-91",1437,91181,20,91,2024,6,13,1,1,1,3,6,1,3,5,3,3,2,1,4,4,4,6,4,4,4,4,6,6,6,6,6,6,3,3,4,3,1,6,4,4,1,1,3,2,4,3,3,1,2,2,1,3,3,2,2,3,1,3,3,2,4,3,1,1,2,1,4,4,4,4,4,3,4,4,4,4,3,4,3,4,2,10,10,10,10,2,NA,NA,1,32,37,54,82,0,0,0,0,2,3,1,3,1,4,NA,6,2,3,10,1,1,1,1,1,1,1,1,2,3,-8,-8,NA,NA,NA,NA,NA,NA,NA,NA,3,3,NA,1,1,NA,2,56,1,2,NA,2,8,1,NA,1,4,1
"1438",1.40866544,"1438-91",1438,91200,20,91,2024,6,13,1,1,3,1,10,3,1,4,1,5,2,1,1,4,4,6,5,3,5,5,4,1,4,3,3,2,2,4,1,5,1,2,1,2,1,8,4,2,4,3,2,4,4,4,4,3,3,2,4,3,4,2,2,2,2,4,1,1,3,2,3,2,4,3,4,2,3,3,3,2,3,4,2,1,2,8,6,7,8,2,NA,NA,10,8,25,60,85,5,8,0,0,2,2,3,1,NA,2,2,3,9,11,7,4,4,2,2,3,2,3,4,1,3,3,1,3,3,5,5,NA,NA,NA,NA,1,15,15,1,1,NA,1,36,1,2,NA,1,9,1,NA,1,7,10
"1439",0.40734783,"1439-91",1439,91152,20,91,2024,6,13,1,3,3,9,14,2,2,2,3,4,3,2,-9,1,3,6,2,2,2,3,6,6,6,6,6,6,4,4,3,6,4,6,3,4,1,3,3,3,3,3,4,3,3,4,-8,3,1,4,4,2,3,4,2,3,4,3,1,1,2,1,5,5,5,5,5,5,5,5,5,5,5,5,5,5,1,10,10,10,10,2,NA,NA,19,10,43,61,74,0,8,9,0,2,5,1,3,3,4,NA,2,7,1,-8,2,1,1,1,2,3,5,5,1,3,3,2,NA,NA,NA,NA,2,2,2,4,1,15,15,-9,NA,-9,2,59,1,2,NA,2,3,1,NA,8,3,1
"1440",1.30294136,"1440-91",1440,91152,20,91,2024,6,13,1,3,13,3,11,3,2,3,2,4,2,2,-8,2,4,6,6,6,6,6,6,6,6,6,6,6,4,6,6,6,2,6,6,4,2,2,3,1,3,4,4,3,3,3,3,4,3,3,3,4,3,4,3,2,3,4,-9,-8,2,1,4,3,5,-8,4,3,4,4,4,-8,4,4,5,4,1,10,10,10,-7,NA,NA,NA,16,19,39,62,86,9,1,1,1,2,5,2,2,1,2,2,2,3,5,8,2,2,2,2,1,2,3,3,1,3,-8,2,NA,NA,NA,NA,4,2,2,4,6,-9,-8,2,NA,-9,1,25,1,2,NA,2,3,2,3,2,8,-9
"1441",2.23502698,"1441-91",1441,91152,20,91,2024,6,13,1,3,3,9,14,2,2,3,2,4,2,2,6,2,2,6,2,3,2,3,3,3,6,6,2,3,4,3,3,6,2,3,2,4,11,9,4,4,3,4,4,3,3,2,2,4,3,3,3,3,2,-8,2,3,3,4,2,1,3,1,4,3,4,3,5,4,3,4,3,3,3,5,3,4,4,10,10,10,10,2,NA,NA,22,22,44,50,75,0,0,2,10,1,1,2,2,4,2,1,1,3,4,5,2,1,3,2,2,1,5,4,1,3,3,2,NA,NA,NA,NA,2,1,1,1,1,15,15,1,1,NA,1,50,1,2,NA,2,7,1,NA,7,7,9
"1442",0.40734783,"1442-91",1442,91152,20,91,2024,6,13,1,1,6,10,3,1,2,3,3,5,2,1,10,2,2,6,4,4,2,4,6,4,2,6,6,2,6,4,4,2,2,6,4,5,2,9,2,1,1,4,4,-8,1,1,3,4,2,3,2,1,4,4,3,3,4,1,2,2,3,1,4,4,2,5,3,5,1,1,2,1,-8,2,2,-8,5,10,10,10,-9,2,NA,NA,9,11,36,63,78,-8,-8,-8,0,1,2,1,3,3,4,NA,1,6,10,8,2,1,1,1,1,1,5,4,1,3,-8,2,NA,NA,NA,NA,1,1,1,2,4,15,15,1,2,NA,2,64,1,2,NA,2,4,2,4,1,2,2
"1443",1.40866544,"1443-91",1443,91200,20,91,2024,6,13,1,1,3,8,17,4,1,4,3,5,2,2,7,1,3,3,3,3,1,2,3,4,6,6,6,6,5,2,3,3,2,6,3,4,1,1,3,3,3,4,3,3,3,3,4,3,3,3,4,4,3,3,3,2,3,3,1,1,2,2,3,4,3,4,4,4,3,3,3,3,4,4,4,3,2,10,10,10,0,2,NA,NA,15,9,31,64,79,4,6,4,5,3,5,2,3,4,1,2,6,2,1,3,1,1,1,1,2,4,4,5,1,3,3,-8,NA,NA,NA,NA,NA,NA,NA,NA,6,18,NA,1,1,NA,1,41,5,2,NA,2,10,1,NA,1,7,1
"1444",0.38796277,"1444-91",1444,91200,20,91,2024,6,13,1,3,3,9,2,2,2,3,3,3,2,3,5,3,2,6,2,3,3,2,6,6,6,6,6,2,3,3,4,3,2,6,2,4,5,4,4,1,4,4,3,2,3,1,3,4,1,3,3,3,2,3,3,2,3,4,1,2,3,1,2,3,2,1,1,2,1,1,1,1,2,4,3,2,3,10,10,10,10,2,NA,NA,21,21,38,49,93,10,0,5,10,1,5,1,2,3,1,5,4,6,1,5,5,1,2,1,2,5,5,5,1,3,3,-8,NA,NA,NA,NA,NA,NA,NA,NA,7,15,15,1,3,NA,1,57,1,2,NA,2,4,1,NA,1,2,9
"1445",0.7465507,"1445-91",1445,91139,20,91,2024,6,13,1,3,14,4,10,3,-8,3,1,2,1,2,3,4,6,6,6,6,6,6,6,6,6,6,6,4,6,6,6,6,6,6,6,5,9,4,1,1,1,3,1,1,3,3,3,3,3,3,3,3,3,1,1,1,1,1,3,2,1,1,4,2,2,1,1,1,1,1,2,1,1,1,1,1,7,10,5,1,10,1,-8,7,18,15,35,72,89,8,10,5,10,1,4,1,2,2,3,NA,6,1,4,10,3,1,1,1,2,1,1,1,1,2,3,-8,NA,NA,NA,NA,NA,NA,NA,NA,3,4,NA,2,NA,2,2,20,2,2,NA,2,7,1,NA,1,8,9
"1446",0.24885023,"1446-91",1446,91139,20,91,2024,6,13,1,3,14,10,9,3,1,3,1,3,2,1,5,3,6,6,6,6,6,6,6,6,6,6,6,6,6,6,6,6,6,6,6,3,3,4,3,3,3,3,3,3,3,3,4,3,3,3,3,3,3,3,3,2,3,3,3,2,3,1,4,4,4,4,4,4,3,4,3,3,3,4,4,3,6,9,9,9,9,2,NA,NA,4,6,27,66,91,5,10,7,5,2,2,1,1,NA,5,NA,6,1,3,10,4,2,2,3,1,2,3,3,2,3,3,2,NA,NA,NA,NA,-8,-8,-8,-8,1,19,NA,2,NA,1,2,22,7,2,NA,2,4,1,NA,10,8,1
"1447",2.00720729,"1447-91",1447,91143,20,91,2024,6,13,1,2,7,14,2,2,3,3,5,5,3,2,10,1,2,4,3,2,3,6,3,6,3,6,6,6,4,2,4,2,4,3,6,5,1,2,4,3,4,4,4,4,4,4,1,3,4,4,4,3,4,4,4,4,4,4,3,2,2,1,5,4,5,3,5,5,2,4,5,5,3,2,5,5,3,10,10,10,10,1,2,5,13,14,29,70,96,1,3,5,5,1,1,2,3,4,2,4,1,9,8,10,2,1,1,1,2,1,2,1,2,3,3,1,2,2,5,5,NA,NA,NA,NA,4,10,NA,1,3,NA,1,48,14,2,NA,2,8,1,NA,1,5,9
"1448",0.90171403,"1448-91",1448,91139,20,91,2024,6,13,1,2,1,9,16,3,2,2,2,3,2,3,5,3,4,6,5,6,3,6,6,6,6,6,6,6,3,6,6,6,2,6,6,4,1,1,4,2,3,3,3,3,4,2,3,3,4,4,3,3,3,3,1,2,3,3,3,1,3,2,4,4,4,3,3,4,5,3,3,4,3,4,4,4,2,7,5,4,5,1,2,6,24,24,28,71,73,5,2,4,7,2,3,1,2,1,3,NA,3,5,6,8,2,2,4,2,4,2,4,3,1,3,-8,-8,NA,NA,NA,NA,NA,NA,NA,NA,1,15,15,1,1,NA,2,31,1,2,NA,2,4,2,3,1,1,9
"1449",0.62203364,"1449-91",1449,91182,20,91,2024,6,13,1,1,14,8,1,1,2,3,3,4,2,2,5,2,4,6,2,2,2,6,6,6,4,6,6,1,4,4,4,4,2,6,2,4,1,2,3,1,3,4,1,3,1,2,3,3,1,3,3,2,3,1,1,1,3,3,2,1,2,1,2,4,4,4,2,2,2,1,2,1,5,2,5,2,1,9,7,9,8,1,3,6,14,7,45,55,83,5,5,7,1,2,5,3,3,4,2,1,2,7,1,7,5,1,1,1,1,1,5,5,1,3,2,-8,NA,NA,NA,NA,NA,NA,NA,NA,6,15,15,1,3,NA,1,59,1,2,NA,2,6,1,NA,3,3,1
"1450",0.78610967,"1450-91",1450,91200,20,91,2024,6,13,1,1,5,16,3,4,1,5,3,4,3,1,4,5,4,6,4,4,4,5,3,1,3,3,1,2,3,5,2,4,1,4,1,4,5,3,2,3,3,3,2,2,4,2,4,2,2,1,3,3,3,2,2,1,3,4,1,1,3,1,3,1,4,2,4,2,2,2,3,4,2,2,3,1,2,10,10,6,10,2,NA,NA,1,32,37,54,82,0,5,2,3,5,2,3,3,3,4,NA,4,9,2,5,2,3,2,4,2,3,4,5,2,3,-8,-8,NA,NA,NA,NA,NA,NA,NA,NA,4,20,NA,1,1,NA,2,36,1,2,NA,2,10,1,NA,1,7,1
"1451",0.92869691,"1451-91",1451,91187,20,91,2024,6,13,1,1,3,14,9,2,2,3,3,5,3,2,8,1,2,6,1,2,1,4,3,4,3,3,4,1,5,4,4,4,4,3,3,5,3,4,4,1,4,3,2,1,2,1,3,4,1,4,3,1,2,2,1,1,2,2,2,1,2,1,2,3,3,3,3,3,2,1,2,2,3,3,3,2,4,10,8,10,10,1,1,7,15,9,31,64,79,10,10,0,10,2,1,1,2,3,2,1,1,6,11,1,2,2,1,1,2,1,1,4,-8,3,-8,-8,NA,NA,NA,NA,NA,NA,NA,NA,4,10,NA,1,2,NA,2,49,1,2,NA,2,8,1,NA,1,4,9
"1452",0.4958627,"1452-91",1452,91266,22,91,2024,6,14,1,3,17,6,13,3,2,3,3,3,1,1,-8,4,3,6,2,3,4,6,6,6,6,6,6,6,4,6,6,6,1,6,6,4,4,4,4,3,2,4,4,3,4,4,4,3,3,3,3,3,3,4,3,3,2,3,1,1,3,3,4,4,5,4,4,5,4,4,5,5,4,4,4,4,3,6,5,6,3,1,3,5,24,24,28,71,73,9,9,9,9,2,5,1,-8,NA,5,NA,3,8,6,5,5,1,1,2,-8,1,4,5,2,3,-8,-8,NA,NA,NA,NA,NA,NA,NA,NA,6,15,15,1,1,NA,2,30,1,2,NA,1,6,1,NA,1,3,2
"1453",0.51947693,"1453-91",1453,91122,16,91,2024,6,10,1,3,3,14,4,1,3,3,3,3,2,2,5,2,5,6,3,2,2,3,3,3,3,6,3,6,5,3,3,4,2,4,2,5,1,4,3,3,3,4,3,4,1,3,4,4,3,3,3,3,3,4,3,3,3,1,2,1,3,1,4,5,5,4,4,4,4,4,3,5,5,4,5,5,5,7,9,9,-7,NA,NA,NA,17,1,48,67,90,5,0,7,4,1,5,3,2,4,1,5,6,7,8,10,2,1,1,1,2,1,1,2,1,3,3,-8,NA,NA,NA,NA,NA,NA,NA,NA,4,15,15,1,1,NA,2,64,1,2,NA,2,3,1,NA,8,5,1
"1454",0.19711378,"1454-91",1454,91125,16,91,2024,6,10,1,3,3,9,14,2,2,2,3,4,2,2,5,3,3,6,2,3,2,3,6,6,3,2,6,2,3,3,3,6,3,6,3,4,1,6,3,3,3,4,4,3,4,2,4,3,3,3,3,3,3,3,3,3,3,3,1,1,3,2,3,4,3,3,3,3,3,2,3,3,3,4,4,3,6,10,10,10,-7,NA,NA,NA,11,13,30,51,92,5,3,4,2,3,2,2,2,1,2,5,1,10,2,9,2,1,1,1,1,1,1,3,1,3,2,-8,NA,NA,NA,NA,NA,NA,NA,NA,6,15,15,1,1,NA,2,63,1,2,NA,2,3,1,NA,2,5,1
"1455",0.51947693,"1455-91",1455,91122,16,91,2024,6,10,1,3,1,3,14,1,3,3,3,4,2,2,5,2,3,6,2,3,2,6,6,6,3,6,6,6,3,6,6,6,3,6,6,4,1,4,3,2,3,4,4,2,4,2,3,3,3,3,3,3,4,3,2,3,3,2,2,1,3,1,3,4,2,3,3,3,3,2,2,3,3,4,3,3,1,10,10,10,-7,NA,NA,NA,15,9,31,64,79,9,9,1,9,2,2,2,3,2,2,2,2,7,10,10,2,1,1,1,1,2,2,3,2,3,3,-8,NA,NA,NA,NA,NA,NA,NA,NA,6,15,15,1,1,NA,2,64,1,2,NA,2,3,1,NA,8,5,1
"1456",0.37792593,"1456-91",1456,91180,20,91,2024,6,13,1,1,3,14,17,3,2,3,3,3,1,2,5,3,3,6,3,4,3,3,6,3,3,6,6,3,4,3,3,3,3,3,3,3,10,4,3,2,3,4,3,4,3,3,3,3,3,3,3,3,3,3,2,2,3,3,1,1,3,2,4,4,4,3,4,4,2,2,2,4,4,4,4,4,5,10,10,10,10,1,3,5,18,15,35,72,89,5,5,2,10,3,4,1,3,2,5,NA,9,3,2,6,4,2,2,2,1,3,5,5,1,3,-8,-8,NA,NA,NA,NA,NA,NA,NA,NA,4,15,15,1,1,NA,2,33,1,2,NA,2,6,2,4,2,4,1
"1457",0.47886069,"1457-91",1457,91242,20,91,2024,6,13,1,3,14,9,2,2,2,3,4,4,2,2,7,2,3,3,6,2,1,6,3,3,3,6,6,6,5,4,5,4,3,3,4,4,1,4,2,2,2,4,3,2,3,2,3,3,2,3,3,3,2,3,2,2,3,4,3,1,2,1,3,3,3,2,3,4,2,2,2,3,2,4,2,3,6,10,7,10,-7,NA,NA,NA,10,8,25,60,85,0,9,0,5,2,5,2,1,NA,2,2,4,5,10,7,2,1,1,1,2,2,4,4,1,3,3,2,NA,NA,NA,NA,2,-8,2,4,3,10,NA,1,4,NA,2,74,1,2,NA,2,8,2,3,7,5,1
"1458",0.60067158,"1458-91",1458,91245,20,91,2024,6,13,1,3,10,1,16,4,1,3,3,4,1,1,5,5,5,6,4,5,4,5,5,1,4,6,6,6,2,2,1,5,1,3,1,1,3,5,4,4,4,4,4,4,4,4,2,2,3,1,4,3,4,3,3,4,1,4,1,1,3,1,4,4,4,4,4,4,4,4,4,4,4,5,4,4,4,10,10,6,10,2,NA,NA,23,23,41,68,76,0,0,0,0,5,1,1,1,NA,4,NA,2,1,11,7,2,4,4,4,5,3,5,5,1,3,2,-8,NA,NA,NA,NA,NA,NA,NA,NA,6,15,15,1,1,NA,2,64,1,2,NA,2,4,1,NA,7,1,9
"1459",0.40196408,"1459-91",1459,91161,20,91,2024,6,13,1,3,14,17,3,3,3,4,3,4,2,2,10,2,4,6,6,6,3,6,6,6,3,6,6,6,3,6,6,6,4,6,6,5,9,1,3,2,3,4,1,3,1,1,3,3,1,3,3,3,2,1,1,1,3,3,1,1,2,1,4,5,4,5,1,2,2,3,2,4,3,1,3,4,6,10,5,10,-7,NA,NA,NA,19,10,43,61,74,0,10,10,0,4,1,1,2,4,5,NA,5,6,1,0,1,1,1,1,1,1,1,4,1,3,-8,2,NA,NA,NA,NA,4,5,4,4,3,15,15,2,NA,2,2,34,2,2,NA,2,8,1,NA,1,1,1
"1460",0.3101894,"1460-91",1460,91160,20,91,2024,6,13,1,3,3,14,5,2,3,3,3,5,3,2,-9,1,1,6,1,1,1,2,1,1,2,6,3,2,2,2,3,2,3,1,2,4,1,1,3,1,3,4,4,3,4,3,2,4,1,4,4,3,4,4,2,3,2,2,1,-9,2,1,4,5,4,4,4,5,2,2,2,1,4,5,5,4,3,10,-7,10,-7,NA,NA,NA,9,11,36,63,78,10,0,10,8,2,5,1,3,3,2,6,6,1,10,5,2,1,1,1,2,1,3,1,2,3,3,-8,NA,NA,NA,NA,NA,NA,NA,NA,6,-9,-9,1,2,NA,2,68,1,2,NA,2,4,1,NA,7,7,1
"1461",1.52814717,"1461-91",1461,91147,20,91,2024,6,13,1,3,1,3,10,1,3,3,3,5,3,2,-9,2,3,6,6,3,1,6,6,6,6,6,6,6,3,6,6,6,3,6,6,5,1,6,3,4,3,3,4,3,3,3,4,4,3,4,3,4,3,3,3,3,3,4,1,-8,2,2,4,4,4,4,4,4,3,4,4,4,4,4,4,4,3,10,10,10,-7,NA,NA,NA,19,10,43,61,74,2,5,10,2,2,5,1,3,1,4,NA,1,5,6,-8,5,1,1,1,5,-9,-8,-8,-8,3,-8,-8,NA,NA,NA,NA,NA,NA,NA,NA,-8,15,15,1,-9,NA,2,70,1,2,NA,2,6,1,NA,7,5,2
"1462",1.54971756,"1462-91",1462,91031,6,91,2024,6,5,1,4,6,2,3,3,2,3,2,3,2,3,-9,2,2,6,6,6,2,6,6,6,6,6,6,6,2,6,6,6,2,6,6,2,8,1,1,4,4,4,4,4,4,4,4,4,4,4,4,4,3,4,4,1,3,3,1,-8,3,1,5,5,5,4,5,5,5,4,5,5,5,5,5,4,1,5,3,7,0,2,NA,NA,2,16,42,69,81,0,2,0,0,1,5,1,2,1,4,NA,1,6,11,5,1,1,4,1,2,1,-8,3,-8,3,2,-8,NA,NA,NA,NA,NA,NA,NA,NA,4,15,15,2,NA,-8,1,25,1,2,NA,2,8,2,4,1,5,1
"1463",1.14655269,"1463-91",1463,91001,1,91,2024,6,1,1,2,3,6,10,3,1,4,3,3,2,3,4,3,3,6,2,2,3,6,6,6,2,6,6,6,2,6,2,6,1,6,6,3,3,1,3,3,3,4,3,3,4,3,4,3,4,3,4,3,3,4,2,2,3,3,1,2,3,1,3,5,4,3,4,2,3,2,3,4,4,4,4,4,3,6,8,7,-7,NA,NA,NA,7,3,20,53,88,5,5,6,4,4,3,1,3,1,5,NA,3,9,1,0,2,1,2,1,2,1,3,2,2,3,3,2,NA,NA,NA,NA,3,2,3,5,3,3,NA,1,1,NA,1,21,1,2,NA,2,4,1,NA,1,1,1
"1464",0.26237665,"1464-91",1464,91058,6,91,2024,6,5,1,4,13,3,1,2,2,2,3,-8,2,2,-9,3,3,6,6,6,6,6,6,6,6,6,6,6,6,6,6,6,6,6,6,3,1,1,2,3,3,4,4,3,3,3,4,3,2,3,4,3,4,4,2,3,4,3,1,1,2,1,5,3,4,3,3,3,3,3,4,3,3,3,3,3,1,5,10,10,-7,NA,NA,NA,11,13,30,51,92,10,0,5,5,1,-8,1,2,3,5,NA,1,9,6,-8,2,2,2,2,2,1,3,4,-8,3,-8,-8,NA,NA,NA,NA,NA,NA,NA,NA,4,15,15,2,NA,5,2,75,1,2,NA,2,2,1,NA,7,5,1
"1465",0.79902918,"1465-91",1465,91237,20,91,2024,6,13,1,1,1,14,10,3,2,3,3,3,2,1,4,3,3,6,3,3,3,6,6,6,6,6,6,6,6,6,3,6,2,6,6,3,1,1,3,3,4,4,3,3,3,3,4,3,3,3,3,3,4,3,3,3,3,3,1,1,2,1,2,3,2,2,2,2,2,2,2,2,2,2,2,2,3,2,-7,6,-7,NA,NA,NA,15,9,31,64,79,5,5,5,5,2,3,2,2,3,5,NA,1,5,6,5,2,2,2,2,2,5,5,5,-8,3,-8,2,NA,NA,NA,NA,3,3,3,3,-8,15,15,1,1,NA,2,79,1,2,NA,2,8,2,8,7,7,1
"1466",3.41836146,"1466-91",1466,91181,20,91,2024,6,13,1,1,26,5,7,3,2,4,4,4,3,2,6,2,3,6,2,4,2,2,3,2,3,6,6,6,3,6,4,2,3,6,6,4,4,4,2,2,2,3,3,1,2,1,4,2,2,3,2,1,2,2,2,2,2,4,1,1,2,2,4,3,2,4,2,3,2,2,2,2,2,4,3,2,4,10,10,10,-7,NA,NA,NA,14,7,45,55,83,9,9,10,5,1,5,1,3,2,1,3,10,1,3,8,5,1,2,1,2,2,5,5,2,3,-8,-8,NA,NA,NA,NA,NA,NA,NA,NA,1,15,15,2,NA,2,1,36,2,2,NA,2,10,1,NA,1,7,1
"1467",0.26769132,"1467-91",1467,91180,20,91,2024,6,13,1,3,3,1,17,1,1,3,-8,2,3,1,1,4,5,6,4,5,5,6,6,1,3,6,6,6,3,3,3,5,1,6,3,2,3,8,1,3,4,3,1,3,1,1,1,-8,1,1,1,4,1,4,1,1,1,4,1,1,3,1,5,3,3,5,3,5,2,3,5,1,2,1,2,3,4,10,-7,10,-7,NA,NA,NA,10,8,25,60,85,0,0,0,0,4,1,1,-8,NA,3,NA,11,1,2,10,7,1,1,1,1,1,3,3,2,3,3,-8,NA,NA,NA,NA,NA,NA,NA,NA,3,15,15,1,1,NA,2,72,1,2,NA,2,4,1,NA,10,2,1
"1468",7.14904567,"1468-91",1468,91235,20,91,2024,6,13,1,1,3,5,2,4,1,5,3,2,1,1,1,5,4,3,4,4,5,4,3,4,4,3,6,3,2,3,4,3,1,6,4,1,6,4,2,1,4,2,2,2,3,2,3,2,2,1,1,2,2,1,2,1,2,3,1,1,3,2,2,2,2,2,2,2,2,2,2,2,2,2,2,2,1,2,1,5,-7,NA,NA,NA,2,16,42,69,81,5,2,5,3,2,1,1,2,3,4,NA,2,1,11,3,2,5,5,5,3,1,3,3,1,3,-8,2,NA,NA,NA,NA,-8,-8,-8,-8,-8,15,15,1,1,NA,1,21,1,2,NA,1,7,2,10,4,7,9
"1469",0.59669767,"1469-91",1469,91171,20,91,2024,6,13,1,4,16,13,10,2,2,1,5,5,1,2,10,2,3,3,2,2,3,6,3,3,3,3,3,6,4,6,6,3,4,3,3,4,1,4,4,4,4,4,4,4,4,4,4,4,4,4,4,4,4,4,4,4,4,4,1,1,1,1,5,5,5,5,5,5,5,5,5,5,5,5,5,5,6,10,10,10,0,2,NA,NA,8,5,26,57,80,10,0,10,1,1,1,1,3,3,4,NA,1,6,4,8,2,1,1,1,1,1,4,3,1,3,3,-8,NA,NA,NA,NA,NA,NA,NA,NA,4,15,15,1,1,NA,1,62,1,2,NA,2,3,1,NA,1,NA,2
"1470",0.80315994,"1470-91",1470,91171,20,91,2024,6,13,1,3,14,3,9,2,2,3,3,4,3,2,5,2,1,3,2,3,3,3,3,4,5,3,3,3,3,4,3,3,4,2,3,3,1,4,4,3,4,4,4,4,4,4,4,4,3,4,4,4,4,4,3,4,4,4,1,1,2,2,4,3,3,5,4,4,5,3,5,5,4,5,3,4,1,10,10,10,10,1,2,6,10,8,25,60,85,2,9,2,8,2,5,1,3,2,4,NA,6,5,4,7,2,1,1,1,1,1,5,5,1,3,3,-8,NA,NA,NA,NA,NA,NA,NA,NA,4,15,1,1,-9,NA,1,68,1,1,5,2,3,1,NA,7,4,9
"1471",0.9043364,"1471-91",1471,91267,22,91,2024,6,14,1,2,14,1,3,3,2,3,3,3,2,2,5,3,3,6,6,3,-9,-9,6,6,6,6,6,6,2,2,6,6,2,6,2,3,1,1,4,4,4,4,4,4,4,3,4,4,4,4,4,4,4,4,4,4,4,4,2,1,3,4,4,4,4,4,4,4,4,4,4,4,4,4,4,4,6,9,10,7,-7,NA,NA,NA,12,4,33,59,94,2,7,7,2,3,5,1,3,1,5,NA,3,8,2,7,1,1,2,1,2,5,5,5,1,3,-8,-8,NA,NA,NA,NA,NA,NA,NA,NA,4,15,15,1,2,NA,1,65,1,2,NA,2,4,1,NA,1,2,2
"1472",0.54738218,"1472-91",1472,91266,22,91,2024,6,14,1,3,3,16,17,3,2,3,3,4,2,1,5,4,3,6,6,2,3,3,6,6,6,6,6,6,2,6,6,6,3,6,6,4,4,4,2,3,2,3,3,3,4,2,3,3,3,2,4,3,2,4,2,2,2,3,1,1,3,2,3,4,5,2,2,3,3,2,4,5,5,2,3,3,4,7,5,5,-7,NA,NA,NA,4,6,27,66,91,3,3,3,3,4,3,2,1,NA,5,NA,1,2,11,6,1,2,2,2,3,3,-9,4,2,3,2,2,NA,NA,NA,NA,-9,-9,-9,-9,3,15,15,2,NA,1,2,24,1,1,5,1,7,2,2,4,2,2
"1473",0.81790887,"1473-91",1473,91171,20,91,2024,6,13,1,3,5,14,3,2,2,3,4,3,2,2,7,2,4,3,3,4,3,3,3,3,6,3,4,3,4,3,3,3,2,3,3,4,2,4,1,3,2,3,3,3,2,3,2,4,3,4,2,2,2,4,3,1,3,4,1,1,2,2,4,5,4,4,4,4,5,4,5,5,5,5,4,5,1,9,10,9,7,1,3,4,5,12,34,58,77,0,2,0,8,1,5,1,3,2,4,NA,3,6,5,6,1,1,2,2,2,1,5,2,1,3,2,1,4,5,4,4,NA,NA,NA,NA,6,9,NA,1,-9,NA,2,53,1,2,NA,2,4,1,NA,1,3,1
"1474",0.66733922,"1474-91",1474,91171,20,91,2024,6,13,1,4,3,7,1,2,3,3,3,4,2,1,1,3,3,6,6,6,2,6,6,6,6,6,6,6,6,6,6,6,6,6,6,3,3,4,4,4,4,3,4,4,3,3,4,4,4,4,3,3,3,4,3,3,4,4,1,2,3,1,5,5,5,5,5,5,4,4,4,4,5,4,5,5,1,10,10,1,10,1,2,7,6,17,40,52,84,2,4,7,6,2,5,1,3,1,5,NA,4,2,6,6,1,1,1,1,5,2,2,3,2,2,2,-8,NA,NA,NA,NA,NA,NA,NA,NA,4,-8,15,1,1,NA,2,27,1,2,NA,2,6,1,NA,1,5,2
"1475",1.35308758,"1475-91",1475,91123,16,91,2024,6,10,1,3,10,26,11,3,3,3,3,3,3,2,5,1,3,3,6,6,2,3,6,3,3,3,6,6,3,3,6,6,4,6,6,5,3,1,3,4,2,3,3,3,3,3,3,3,2,4,4,3,3,3,3,3,3,4,3,2,2,2,2,4,4,3,4,2,2,2,3,3,3,3,4,2,-8,10,10,10,10,2,NA,NA,23,23,41,68,76,7,2,5,2,3,4,2,3,4,3,NA,6,3,1,8,2,2,2,2,1,3,3,3,1,3,3,2,NA,NA,NA,NA,3,3,-8,4,3,15,15,1,2,NA,2,37,1,2,NA,2,6,1,NA,1,2,1
"1476",0.26013636,"1476-91",1476,91125,16,91,2024,6,10,1,3,3,10,17,2,3,2,4,5,3,2,6,1,3,6,2,3,1,6,6,6,6,6,6,6,5,6,6,6,4,6,1,5,1,4,4,1,4,4,3,4,4,3,4,3,1,4,4,1,3,3,2,1,3,4,2,1,3,2,4,4,5,5,4,4,2,2,2,4,4,5,5,4,1,8,1,10,-7,NA,NA,NA,1,32,37,54,82,0,10,5,10,2,5,2,3,5,4,NA,7,8,6,10,1,1,1,1,2,1,1,3,1,-8,-8,-8,NA,NA,NA,NA,NA,NA,NA,NA,5,15,15,1,2,NA,2,52,1,2,NA,2,6,1,NA,1,4,9
"1477",1.23738952,"1477-91",1477,91076,10,91,2024,6,7,1,2,2,1,3,3,2,3,3,5,2,2,5,2,3,6,1,3,1,2,6,6,6,3,6,6,4,3,6,6,2,6,3,3,7,4,2,2,4,4,3,3,4,2,4,3,2,3,4,2,3,3,2,3,2,4,1,1,2,1,4,5,4,4,4,4,3,3,3,3,4,3,3,3,3,7,8,6,0,2,NA,NA,23,23,41,68,76,-8,-8,-8,-8,1,5,2,1,NA,3,NA,2,5,7,5,2,2,2,2,-8,2,5,5,1,3,3,-8,NA,NA,NA,NA,NA,NA,NA,NA,1,15,15,1,1,NA,2,50,1,2,NA,2,6,1,NA,1,NA,1
"1478",0.21917694,"1478-91",1478,91115,14,91,2024,6,9,1,3,10,3,1,4,2,3,2,3,2,-9,-9,-9,-9,-9,-9,-9,-9,-9,-9,-9,-9,-9,-9,-9,-9,-9,-9,-9,-9,-9,-9,-9,-9,-9,2,2,3,-9,3,3,3,3,3,-9,3,-9,3,3,3,3,2,2,3,3,-9,1,-9,3,-9,-9,-9,-9,-9,-9,-9,-9,-9,-9,-9,-9,-9,-9,-9,10,9,10,9,2,NA,NA,6,17,40,52,84,10,0,5,5,3,1,1,-8,NA,5,NA,-9,NA,NA,-9,5,3,3,3,-9,1,-8,5,-9,3,2,-8,NA,NA,NA,NA,NA,NA,NA,NA,-8,15,15,1,-9,NA,2,60,1,2,NA,2,8,2,1,2,5,1
