"fecha","anio","mes","latitud","longitud","profundidad","magnitud","categoria_magnitud","categoria_profundidad","sismo_mayor_5","sismo_mayor_6","region_asignada","metodo_asignacion_region","macrozona","region_id"
2024-06-01,2024,6,-21.34,-68.95,117,5.3,"5.0 a 5.9","Profundo",1,0,"Antofagasta","Dentro del polígono regional","Norte","region_1"
2024-06-08,2024,6,-19.49,-69.44,92,5,"5.0 a 5.9","Profundo",1,0,"Tarapacá","Dentro del polígono regional","Norte","region_15"
2024-06-26,2024,6,-26.09,-70.97,46,5,"5.0 a 5.9","Intermedio",1,0,"Atacama","Región más cercana","Norte","region_4"
2024-06-29,2024,6,-23.97,-70.25,44,5,"5.0 a 5.9","Intermedio",1,0,"Antofagasta","Dentro del polígono regional","Norte","region_1"
2023-08-13,2023,8,-30.18,-71.21,63,4,"4.0 a 4.9","Intermedio",0,0,"Coquimbo","Dentro del polígono regional","Norte","region_7"
2023-10-20,2023,10,-30.27,-71.66,62,4.1,"4.0 a 4.9","Intermedio",0,0,"Coquimbo","Región más cercana","Norte","region_7"
2023-11-03,2023,11,-30.08,-71.84,58,4.6,"4.0 a 4.9","Intermedio",0,0,"Coquimbo","Región más cercana","Norte","region_7"
2023-11-21,2023,11,-30.22,-71.22,71,4.4,"4.0 a 4.9","Profundo",0,0,"Coquimbo","Dentro del polígono regional","Norte","region_7"
2024-03-04,2024,3,-30.03,-71.61,40,4.5,"4.0 a 4.9","Intermedio",0,0,"Coquimbo","Región más cercana","Norte","region_7"
2024-03-21,2024,3,-30.08,-71.58,42,4.4,"4.0 a 4.9","Intermedio",0,0,"Coquimbo","Región más cercana","Norte","region_7"
2024-03-24,2024,3,-30.05,-71.62,43,3.9,"Menor a 4","Intermedio",0,0,"Coquimbo","Región más cercana","Norte","region_7"
2022-08-11,2022,8,-25.77,-70.64,53,4.6,"4.0 a 4.9","Intermedio",0,0,"Antofagasta","Dentro del polígono regional","Norte","region_1"
2024-01-01,2024,1,-25.3,-70.5,25,4,"4.0 a 4.9","Superficial",0,0,"Antofagasta","Región más cercana","Norte","region_1"
2021-11-07,2021,11,-25.47,-69.72,84,4.2,"4.0 a 4.9","Profundo",0,0,"Antofagasta","Dentro del polígono regional","Norte","region_1"
2022-04-08,2022,4,-25.5,-70.93,37,4.2,"4.0 a 4.9","Intermedio",0,0,"Antofagasta","Región más cercana","Norte","region_1"
2022-04-19,2022,4,-24.67,-67.24,189,4.6,"4.0 a 4.9","Profundo",0,0,"Antofagasta","Región más cercana","Norte","region_1"
2022-05-15,2022,5,-25.89,-70.34,75,4.1,"4.0 a 4.9","Profundo",0,0,"Antofagasta","Dentro del polígono regional","Norte","region_1"
2022-09-28,2022,9,-25.72,-70.37,79,4.2,"4.0 a 4.9","Profundo",0,0,"Antofagasta","Dentro del polígono regional","Norte","region_1"
2023-01-11,2023,1,-25.61,-70.81,54,4,"4.0 a 4.9","Intermedio",0,0,"Antofagasta","Región más cercana","Norte","region_1"
2023-03-22,2023,3,-23.51,-66.72,228,5.3,"5.0 a 5.9","Profundo",1,0,"Antofagasta","Región más cercana","Norte","region_1"
2023-07-08,2023,7,-25.51,-70.84,31,3.6,"Menor a 4","Intermedio",0,0,"Antofagasta","Región más cercana","Norte","region_1"
2023-08-28,2023,8,-25.92,-70.76,67,4.2,"4.0 a 4.9","Intermedio",0,0,"Antofagasta","Región más cercana","Norte","region_1"
2023-11-02,2023,11,-24.95,-70.97,48,4,"4.0 a 4.9","Intermedio",0,0,"Antofagasta","Región más cercana","Norte","region_1"
2023-12-09,2023,12,-25.52,-70.77,36,3.8,"Menor a 4","Intermedio",0,0,"Antofagasta","Región más cercana","Norte","region_1"
2021-12-18,2021,12,-25.59,-70.34,28,3,"Menor a 4","Superficial",0,0,"Antofagasta","Dentro del polígono regional","Norte","region_1"
2023-10-13,2023,10,-25.18,-70.82,50,3.4,"Menor a 4","Intermedio",0,0,"Antofagasta","Región más cercana","Norte","region_1"
2024-01-29,2024,1,-25.53,-71.05,26,3.6,"Menor a 4","Superficial",0,0,"Antofagasta","Región más cercana","Norte","region_1"
2024-07-03,2024,7,-23.05,-68.97,132,5.5,"5.0 a 5.9","Profundo",1,0,"Antofagasta","Dentro del polígono regional","Norte","region_1"
2024-07-19,2024,7,-23.12,-68.07,145,7.4,"6.0 o más","Profundo",1,1,"Antofagasta","Dentro del polígono regional","Norte","region_1"
2024-02-15,2024,2,-29.2,-71.93,38,4.8,"4.0 a 4.9","Intermedio",0,0,"Coquimbo","Región más cercana","Norte","region_7"
2024-03-08,2024,3,-29.23,-71.29,55,4.6,"4.0 a 4.9","Intermedio",0,0,"Coquimbo","Dentro del polígono regional","Norte","region_7"
2024-05-14,2024,5,-28.76,-71.64,25,4.8,"4.0 a 4.9","Superficial",0,0,"Atacama","Región más cercana","Norte","region_4"
2023-07-09,2023,7,-30.21,-71.26,58,4.1,"4.0 a 4.9","Intermedio",0,0,"Coquimbo","Dentro del polígono regional","Norte","region_7"
2023-08-27,2023,8,-30.23,-71.22,57,3.9,"Menor a 4","Intermedio",0,0,"Coquimbo","Dentro del polígono regional","Norte","region_7"
2023-09-07,2023,9,-30.35,-71.41,47,4.3,"4.0 a 4.9","Intermedio",0,0,"Coquimbo","Dentro del polígono regional","Norte","region_7"
2023-10-29,2023,10,-30.01,-71.27,72,4.3,"4.0 a 4.9","Profundo",0,0,"Coquimbo","Dentro del polígono regional","Norte","region_7"
2023-11-10,2023,11,-28.79,-71.42,51,4.6,"4.0 a 4.9","Intermedio",0,0,"Atacama","Región más cercana","Norte","region_4"
2023-12-03,2023,12,-29.83,-71.13,49,4,"4.0 a 4.9","Intermedio",0,0,"Coquimbo","Dentro del polígono regional","Norte","region_7"
2024-02-23,2024,2,-29.93,-71.47,42,3.9,"Menor a 4","Intermedio",0,0,"Coquimbo","Región más cercana","Norte","region_7"
2023-03-05,2023,3,-30.73,-71.41,40,4,"4.0 a 4.9","Intermedio",0,0,"Coquimbo","Dentro del polígono regional","Norte","region_7"
2023-12-21,2023,12,-30.77,-71.36,49,4.5,"4.0 a 4.9","Intermedio",0,0,"Coquimbo","Dentro del polígono regional","Norte","region_7"
2024-05-06,2024,5,-30.64,-71.29,60,4.4,"4.0 a 4.9","Intermedio",0,0,"Coquimbo","Dentro del polígono regional","Norte","region_7"
2023-10-24,2023,10,-29.28,-71.28,65,3.8,"Menor a 4","Intermedio",0,0,"Coquimbo","Dentro del polígono regional","Norte","region_7"
2024-01-07,2024,1,-29.14,-71.55,44,3.8,"Menor a 4","Intermedio",0,0,"Atacama","Región más cercana","Norte","region_4"
2023-11-12,2023,11,-29.66,-71.32,53,3.9,"Menor a 4","Intermedio",0,0,"Coquimbo","Región más cercana","Norte","region_7"
2023-11-20,2023,11,-32.23,-70.28,116,4.5,"4.0 a 4.9","Profundo",0,0,"Coquimbo","Región más cercana","Norte","region_7"
2023-12-12,2023,12,-31.67,-71.52,26,3.9,"Menor a 4","Superficial",0,0,"Coquimbo","Dentro del polígono regional","Norte","region_7"
2024-03-10,2024,3,-31.54,-71.52,49,4.2,"4.0 a 4.9","Intermedio",0,0,"Coquimbo","Dentro del polígono regional","Norte","region_7"
2023-07-21,2023,7,-32.44,-70.78,80,4.2,"4.0 a 4.9","Profundo",0,0,"Valparaíso","Dentro del polígono regional","Centro","region_16"
2024-02-16,2024,2,-32.73,-70.64,91,4.2,"4.0 a 4.9","Profundo",0,0,"Valparaíso","Dentro del polígono regional","Centro","region_16"
2023-07-03,2023,7,-30.63,-71.64,34,4.2,"4.0 a 4.9","Intermedio",0,0,"Coquimbo","Dentro del polígono regional","Norte","region_7"
2024-02-29,2024,2,-30.39,-71.46,39,4.4,"4.0 a 4.9","Intermedio",0,0,"Coquimbo","Dentro del polígono regional","Norte","region_7"
2023-11-27,2023,11,-30.94,-71.51,60,3.9,"Menor a 4","Intermedio",0,0,"Coquimbo","Dentro del polígono regional","Norte","region_7"
2024-02-25,2024,2,-31.16,-71.21,59,3.8,"Menor a 4","Intermedio",0,0,"Coquimbo","Dentro del polígono regional","Norte","region_7"
2024-03-31,2024,3,-31.05,-71.34,66,4.5,"4.0 a 4.9","Intermedio",0,0,"Coquimbo","Dentro del polígono regional","Norte","region_7"
2024-06-16,2024,6,-31.55,-71.52,43,3.8,"Menor a 4","Intermedio",0,0,"Coquimbo","Dentro del polígono regional","Norte","region_7"
2024-04-13,2024,4,-32.56,-71.51,61,4.2,"4.0 a 4.9","Intermedio",0,0,"Valparaíso","Región más cercana","Centro","region_16"
2023-05-15,2023,5,-32.5,-71.69,43,3.7,"Menor a 4","Intermedio",0,0,"Valparaíso","Región más cercana","Centro","region_16"
2024-05-11,2024,5,-32.66,-71.81,36,4,"4.0 a 4.9","Intermedio",0,0,"Valparaíso","Región más cercana","Centro","region_16"
2023-10-30,2023,10,-32.82,-70.25,124,4.4,"4.0 a 4.9","Profundo",0,0,"Valparaíso","Dentro del polígono regional","Centro","region_16"
2024-05-18,2024,5,-32.91,-70.86,80,4.4,"4.0 a 4.9","Profundo",0,0,"Valparaíso","Dentro del polígono regional","Centro","region_16"
2022-06-20,2022,6,-20.29,-68.75,113,4.6,"4.0 a 4.9","Profundo",0,0,"Tarapacá","Dentro del polígono regional","Norte","region_15"
2022-07-25,2022,7,-20.09,-68.92,115,4.5,"4.0 a 4.9","Profundo",0,0,"Tarapacá","Dentro del polígono regional","Norte","region_15"
2022-10-19,2022,10,-20.63,-69.25,98,4.5,"4.0 a 4.9","Profundo",0,0,"Tarapacá","Dentro del polígono regional","Norte","region_15"
2022-12-02,2022,12,-20.62,-68.85,110,4.4,"4.0 a 4.9","Profundo",0,0,"Tarapacá","Dentro del polígono regional","Norte","region_15"
2023-01-20,2023,1,-20.46,-69.08,104,3.7,"Menor a 4","Profundo",0,0,"Tarapacá","Dentro del polígono regional","Norte","region_15"
2023-03-03,2023,3,-20.18,-69.1,103,3.8,"Menor a 4","Profundo",0,0,"Tarapacá","Dentro del polígono regional","Norte","region_15"
2023-05-19,2023,5,-20.33,-69.07,99,4.6,"4.0 a 4.9","Profundo",0,0,"Tarapacá","Dentro del polígono regional","Norte","region_15"
2023-06-20,2023,6,-20.4,-69.05,104,4.3,"4.0 a 4.9","Profundo",0,0,"Tarapacá","Dentro del polígono regional","Norte","region_15"
2023-08-28,2023,8,-20.63,-69.43,98,4.2,"4.0 a 4.9","Profundo",0,0,"Tarapacá","Dentro del polígono regional","Norte","region_15"
2023-09-06,2023,9,-20.31,-69.16,104,4,"4.0 a 4.9","Profundo",0,0,"Tarapacá","Dentro del polígono regional","Norte","region_15"
2023-09-15,2023,9,-20.78,-69.12,110,4.4,"4.0 a 4.9","Profundo",0,0,"Tarapacá","Dentro del polígono regional","Norte","region_15"
2023-09-26,2023,9,-20.2,-69.23,92,4.7,"4.0 a 4.9","Profundo",0,0,"Tarapacá","Dentro del polígono regional","Norte","region_15"
2023-10-14,2023,10,-20.77,-70.24,66,4.5,"4.0 a 4.9","Intermedio",0,0,"Tarapacá","Región más cercana","Norte","region_15"
2023-10-20,2023,10,-20.4,-68.94,112,4.4,"4.0 a 4.9","Profundo",0,0,"Tarapacá","Dentro del polígono regional","Norte","region_15"
2023-10-28,2023,10,-20.08,-68.95,108,4.3,"4.0 a 4.9","Profundo",0,0,"Tarapacá","Dentro del polígono regional","Norte","region_15"
2023-11-20,2023,11,-20.02,-69.29,114,4.2,"4.0 a 4.9","Profundo",0,0,"Tarapacá","Dentro del polígono regional","Norte","region_15"
2023-12-01,2023,12,-19.77,-69.14,114,4.6,"4.0 a 4.9","Profundo",0,0,"Tarapacá","Dentro del polígono regional","Norte","region_15"
2023-12-30,2023,12,-20.21,-69.23,97,4.2,"4.0 a 4.9","Profundo",0,0,"Tarapacá","Dentro del polígono regional","Norte","region_15"
2024-01-22,2024,1,-20.67,-69.44,71,4.8,"4.0 a 4.9","Profundo",0,0,"Tarapacá","Dentro del polígono regional","Norte","region_15"
2024-01-31,2024,1,-20.94,-70.51,53,4.3,"4.0 a 4.9","Intermedio",0,0,"Tarapacá","Región más cercana","Norte","region_15"
2024-02-14,2024,2,-21,-69.62,72,3.9,"Menor a 4","Profundo",0,0,"Tarapacá","Dentro del polígono regional","Norte","region_15"
2024-03-18,2024,3,-20.35,-69.25,110,4.4,"4.0 a 4.9","Profundo",0,0,"Tarapacá","Dentro del polígono regional","Norte","region_15"
2024-03-18,2024,3,-20.72,-69.25,85,4.1,"4.0 a 4.9","Profundo",0,0,"Tarapacá","Dentro del polígono regional","Norte","region_15"
2024-04-11,2024,4,-20.39,-69.09,107,4,"4.0 a 4.9","Profundo",0,0,"Tarapacá","Dentro del polígono regional","Norte","region_15"
2024-04-28,2024,4,-20.6,-68.84,115,4.8,"4.0 a 4.9","Profundo",0,0,"Tarapacá","Dentro del polígono regional","Norte","region_15"
2024-05-06,2024,5,-20.82,-68.9,106,4.7,"4.0 a 4.9","Profundo",0,0,"Tarapacá","Dentro del polígono regional","Norte","region_15"
2024-06-06,2024,6,-20.55,-69.25,97,4.7,"4.0 a 4.9","Profundo",0,0,"Tarapacá","Dentro del polígono regional","Norte","region_15"
2024-06-30,2024,6,-20.52,-69.17,92,3.6,"Menor a 4","Profundo",0,0,"Tarapacá","Dentro del polígono regional","Norte","region_15"
2022-06-26,2022,6,-19.76,-69.38,92,4.1,"4.0 a 4.9","Profundo",0,0,"Tarapacá","Dentro del polígono regional","Norte","region_15"
2022-07-19,2022,7,-19.47,-69.47,89,4.5,"4.0 a 4.9","Profundo",0,0,"Tarapacá","Dentro del polígono regional","Norte","region_15"
2022-12-09,2022,12,-19.61,-69.23,105,4,"4.0 a 4.9","Profundo",0,0,"Tarapacá","Dentro del polígono regional","Norte","region_15"
2023-01-27,2023,1,-19.67,-69.15,113,4.4,"4.0 a 4.9","Profundo",0,0,"Tarapacá","Dentro del polígono regional","Norte","region_15"
2023-06-24,2023,6,-19.44,-69.39,99,4.5,"4.0 a 4.9","Profundo",0,0,"Tarapacá","Dentro del polígono regional","Norte","region_15"
2023-08-18,2023,8,-20.18,-69.23,94,4.2,"4.0 a 4.9","Profundo",0,0,"Tarapacá","Dentro del polígono regional","Norte","region_15"
2023-09-14,2023,9,-19.93,-69.72,66,3.4,"Menor a 4","Intermedio",0,0,"Tarapacá","Dentro del polígono regional","Norte","region_15"
2023-09-23,2023,9,-19.78,-69.31,98,3.9,"Menor a 4","Profundo",0,0,"Tarapacá","Dentro del polígono regional","Norte","region_15"
2023-10-24,2023,10,-20.26,-69.37,104,3.9,"Menor a 4","Profundo",0,0,"Tarapacá","Dentro del polígono regional","Norte","region_15"
2023-07-27,2023,7,-26.77,-71.09,29,4.8,"4.0 a 4.9","Superficial",0,0,"Atacama","Región más cercana","Norte","region_4"
2023-09-11,2023,9,-27.2,-71.22,30,5.3,"5.0 a 5.9","Intermedio",1,0,"Atacama","Región más cercana","Norte","region_4"
2023-04-04,2023,4,-27.43,-70.93,56,4.1,"4.0 a 4.9","Intermedio",0,0,"Atacama","Región más cercana","Norte","region_4"
2023-07-26,2023,7,-27.21,-70.87,28,3.7,"Menor a 4","Superficial",0,0,"Atacama","Dentro del polígono regional","Norte","region_4"
2023-09-06,2023,9,-27.59,-70.96,27,3.7,"Menor a 4","Superficial",0,0,"Atacama","Región más cercana","Norte","region_4"
2023-11-16,2023,11,-27.42,-70.89,45,3.7,"Menor a 4","Intermedio",0,0,"Atacama","Dentro del polígono regional","Norte","region_4"
2023-09-21,2023,9,-28.51,-71.28,36,3.8,"Menor a 4","Intermedio",0,0,"Atacama","Región más cercana","Norte","region_4"
2023-10-02,2023,10,-28.62,-71.24,51,4.3,"4.0 a 4.9","Intermedio",0,0,"Atacama","Dentro del polígono regional","Norte","region_4"
2023-10-20,2023,10,-28.16,-71.18,51,4,"4.0 a 4.9","Intermedio",0,0,"Atacama","Región más cercana","Norte","region_4"
2022-05-04,2022,5,-26.15,-69.72,123,3.9,"Menor a 4","Profundo",0,0,"Atacama","Dentro del polígono regional","Norte","region_4"
2024-01-15,2024,1,-26.29,-69.08,89,4.1,"4.0 a 4.9","Profundo",0,0,"Atacama","Dentro del polígono regional","Norte","region_4"
2024-02-23,2024,2,-25.57,-69.73,90,4.3,"4.0 a 4.9","Profundo",0,0,"Antofagasta","Dentro del polígono regional","Norte","region_1"
2023-04-23,2023,4,-27.16,-70.16,99,3.9,"Menor a 4","Profundo",0,0,"Atacama","Dentro del polígono regional","Norte","region_4"
2021-06-20,2021,6,-28.66,-69.98,106,4.2,"4.0 a 4.9","Profundo",0,0,"Atacama","Dentro del polígono regional","Norte","region_4"
2021-08-24,2021,8,-28.46,-70.36,104,3.8,"Menor a 4","Profundo",0,0,"Atacama","Dentro del polígono regional","Norte","region_4"
2021-09-18,2021,9,-28.66,-70.42,87,3.3,"Menor a 4","Profundo",0,0,"Atacama","Dentro del polígono regional","Norte","region_4"
2023-03-15,2023,3,-28.3,-70.51,74,4,"4.0 a 4.9","Profundo",0,0,"Atacama","Dentro del polígono regional","Norte","region_4"
2023-04-20,2023,4,-29.04,-71.47,58,4,"4.0 a 4.9","Intermedio",0,0,"Atacama","Dentro del polígono regional","Norte","region_4"
2023-10-08,2023,10,-28.62,-71.25,43,4.1,"4.0 a 4.9","Intermedio",0,0,"Atacama","Dentro del polígono regional","Norte","region_4"
2023-10-26,2023,10,-28.69,-70.33,101,4,"4.0 a 4.9","Profundo",0,0,"Atacama","Dentro del polígono regional","Norte","region_4"
2023-11-10,2023,11,-28.61,-69.86,106,4.2,"4.0 a 4.9","Profundo",0,0,"Atacama","Dentro del polígono regional","Norte","region_4"
2023-12-27,2023,12,-28.8,-70.45,108,3.9,"Menor a 4","Profundo",0,0,"Atacama","Dentro del polígono regional","Norte","region_4"
2024-01-03,2024,1,-28.42,-69.2,159,5.5,"5.0 a 5.9","Profundo",1,0,"Atacama","Región más cercana","Norte","region_4"
2024-03-21,2024,3,-28.38,-70.6,62,3.8,"Menor a 4","Intermedio",0,0,"Atacama","Dentro del polígono regional","Norte","region_4"
2024-03-23,2024,3,-28.93,-70.41,108,4.4,"4.0 a 4.9","Profundo",0,0,"Atacama","Dentro del polígono regional","Norte","region_4"
2024-06-08,2024,6,-28.76,-70.32,104,4,"4.0 a 4.9","Profundo",0,0,"Atacama","Dentro del polígono regional","Norte","region_4"
2021-07-09,2021,7,-29.02,-69.83,128,4,"4.0 a 4.9","Profundo",0,0,"Atacama","Dentro del polígono regional","Norte","region_4"
2021-02-18,2021,2,-30.67,-71.31,55,3.4,"Menor a 4","Intermedio",0,0,"Coquimbo","Dentro del polígono regional","Norte","region_7"
2021-11-24,2021,11,-30.7,-71.36,47,3.5,"Menor a 4","Intermedio",0,0,"Coquimbo","Dentro del polígono regional","Norte","region_7"
2023-10-18,2023,10,-29.24,-71.14,56,3.5,"Menor a 4","Intermedio",0,0,"Atacama","Dentro del polígono regional","Norte","region_4"
2023-11-24,2023,11,-29.57,-71.22,54,3,"Menor a 4","Intermedio",0,0,"Coquimbo","Dentro del polígono regional","Norte","region_7"
2024-01-15,2024,1,-31.75,-71.39,59,3.4,"Menor a 4","Intermedio",0,0,"Coquimbo","Dentro del polígono regional","Norte","region_7"
2023-11-10,2023,11,-31.03,-71.29,62,3.3,"Menor a 4","Intermedio",0,0,"Coquimbo","Dentro del polígono regional","Norte","region_7"
2024-06-12,2024,6,-30.04,-71.25,47,4.5,"4.0 a 4.9","Intermedio",0,0,"Coquimbo","Dentro del polígono regional","Norte","region_7"
2023-10-20,2023,10,-30.64,-71.33,53,3.7,"Menor a 4","Intermedio",0,0,"Coquimbo","Dentro del polígono regional","Norte","region_7"
2023-12-19,2023,12,-32.74,-71.75,31,3.1,"Menor a 4","Intermedio",0,0,"Valparaíso","Región más cercana","Centro","region_16"
2023-11-14,2023,11,-33.12,-71.75,38,3,"Menor a 4","Intermedio",0,0,"Valparaíso","Región más cercana","Centro","region_16"
2024-05-11,2024,5,-27.05,-70.76,42,3.3,"Menor a 4","Intermedio",0,0,"Atacama","Dentro del polígono regional","Norte","region_4"
2023-09-26,2023,9,-27.55,-71.17,55,4.4,"4.0 a 4.9","Intermedio",0,0,"Atacama","Región más cercana","Norte","region_4"
2023-04-22,2023,4,-28.68,-71,59,3.6,"Menor a 4","Intermedio",0,0,"Atacama","Dentro del polígono regional","Norte","region_4"
2022-01-30,2022,1,-25.98,-69.94,80,4.2,"4.0 a 4.9","Profundo",0,0,"Atacama","Dentro del polígono regional","Norte","region_4"
2023-01-12,2023,1,-29,-71.25,54,3.6,"Menor a 4","Intermedio",0,0,"Atacama","Dentro del polígono regional","Norte","region_4"
2021-12-20,2021,12,-28.97,-70.63,108,4.2,"4.0 a 4.9","Profundo",0,0,"Atacama","Dentro del polígono regional","Norte","region_4"
2017-11-23,2017,11,-29.92,-71.37,44,3.5,"Menor a 4","Intermedio",0,0,"Coquimbo","Región más cercana","Norte","region_7"
2018-02-24,2018,2,-29.76,-71.54,45,3.7,"Menor a 4","Intermedio",0,0,"Coquimbo","Región más cercana","Norte","region_7"
2023-02-25,2023,2,-21.61,-70.25,35,4.2,"4.0 a 4.9","Intermedio",0,0,"Antofagasta","Región más cercana","Norte","region_1"
2024-02-28,2024,2,-21.99,-69.23,85,4.7,"4.0 a 4.9","Profundo",0,0,"Antofagasta","Dentro del polígono regional","Norte","region_1"
2024-04-18,2024,4,-21.32,-70.28,36,4.5,"4.0 a 4.9","Intermedio",0,0,"Antofagasta","Región más cercana","Norte","region_1"
2024-03-16,2024,3,-21.4,-69.84,42,3.8,"Menor a 4","Intermedio",0,0,"Tarapacá","Dentro del polígono regional","Norte","region_15"
2024-04-10,2024,4,-21.27,-69.95,50,4.5,"4.0 a 4.9","Intermedio",0,0,"Tarapacá","Región más cercana","Norte","region_15"
2024-08-11,2024,8,-30.77,-71.52,70,5.1,"5.0 a 5.9","Profundo",1,0,"Coquimbo","Dentro del polígono regional","Norte","region_7"
2024-08-26,2024,8,-32.24,-71.5,76,5,"5.0 a 5.9","Profundo",1,0,"Valparaíso","Región más cercana","Centro","region_16"
2024-08-31,2024,8,-29.84,-71.69,32,5.1,"5.0 a 5.9","Intermedio",1,0,"Coquimbo","Región más cercana","Norte","region_7"
2022-08-21,2022,8,-19.16,-69.46,94,4.2,"4.0 a 4.9","Profundo",0,0,"Tarapacá","Dentro del polígono regional","Norte","region_15"
2022-09-05,2022,9,-19.57,-69.3,105,3.5,"Menor a 4","Profundo",0,0,"Tarapacá","Dentro del polígono regional","Norte","region_15"
2022-09-25,2022,9,-19.48,-69.36,105,3.8,"Menor a 4","Profundo",0,0,"Tarapacá","Dentro del polígono regional","Norte","region_15"
2022-09-27,2022,9,-19.48,-70.05,66,4.6,"4.0 a 4.9","Intermedio",0,0,"Tarapacá","Dentro del polígono regional","Norte","region_15"
2022-10-02,2022,10,-19.68,-69.54,88,3.8,"Menor a 4","Profundo",0,0,"Tarapacá","Dentro del polígono regional","Norte","region_15"
2022-10-05,2022,10,-20.32,-69.3,90,4.3,"4.0 a 4.9","Profundo",0,0,"Tarapacá","Dentro del polígono regional","Norte","region_15"
2022-10-26,2022,10,-19.49,-69.43,93,3.8,"Menor a 4","Profundo",0,0,"Tarapacá","Dentro del polígono regional","Norte","region_15"
2022-12-08,2022,12,-19.29,-69.37,110,4.4,"4.0 a 4.9","Profundo",0,0,"Tarapacá","Dentro del polígono regional","Norte","region_15"
2022-12-09,2022,12,-19.13,-69.8,81,4,"4.0 a 4.9","Profundo",0,0,"Tarapacá","Dentro del polígono regional","Norte","region_15"
2023-01-09,2023,1,-20.04,-69.44,119,3.9,"Menor a 4","Profundo",0,0,"Tarapacá","Dentro del polígono regional","Norte","region_15"
2023-02-08,2023,2,-19.23,-69.43,100,3.6,"Menor a 4","Profundo",0,0,"Tarapacá","Dentro del polígono regional","Norte","region_15"
2021-09-05,2021,9,-20.14,-70.46,34,4.1,"4.0 a 4.9","Intermedio",0,0,"Tarapacá","Región más cercana","Norte","region_15"
2022-09-16,2022,9,-19.96,-70.06,47,4.2,"4.0 a 4.9","Intermedio",0,0,"Tarapacá","Dentro del polígono regional","Norte","region_15"
2023-02-19,2023,2,-19.93,-71.12,36,5.3,"5.0 a 5.9","Intermedio",1,0,"Tarapacá","Región más cercana","Norte","region_15"
2023-04-07,2023,4,-20.76,-69.67,62,3.8,"Menor a 4","Intermedio",0,0,"Tarapacá","Dentro del polígono regional","Norte","region_15"
2023-04-20,2023,4,-20.77,-69.14,98,4.3,"4.0 a 4.9","Profundo",0,0,"Tarapacá","Dentro del polígono regional","Norte","region_15"
2024-01-25,2024,1,-21.84,-68.55,131,5,"5.0 a 5.9","Profundo",1,0,"Antofagasta","Dentro del polígono regional","Norte","region_1"
2024-02-08,2024,2,-19.83,-69.17,95,3.9,"Menor a 4","Profundo",0,0,"Tarapacá","Dentro del polígono regional","Norte","region_15"
2024-07-15,2024,7,-21.19,-68.72,114,4.5,"4.0 a 4.9","Profundo",0,0,"Antofagasta","Dentro del polígono regional","Norte","region_1"
2022-09-16,2022,9,-19.25,-70.11,56,3.9,"Menor a 4","Intermedio",0,0,"Tarapacá","Dentro del polígono regional","Norte","region_15"
2022-10-13,2022,10,-19.75,-70.14,49,3.8,"Menor a 4","Intermedio",0,0,"Tarapacá","Dentro del polígono regional","Norte","region_15"
2022-07-05,2022,7,-19.97,-70.08,50,3,"Menor a 4","Intermedio",0,0,"Tarapacá","Dentro del polígono regional","Norte","region_15"
2024-04-16,2024,4,-18.62,-70.63,31,4,"4.0 a 4.9","Intermedio",0,0,"Arica y Parinacota","Región más cercana","Norte","region_3"
2023-10-11,2023,10,-19.19,-69.4,102,4.8,"4.0 a 4.9","Profundo",0,0,"Tarapacá","Dentro del polígono regional","Norte","region_15"
2024-02-04,2024,2,-19.38,-69.62,104,4.7,"4.0 a 4.9","Profundo",0,0,"Tarapacá","Dentro del polígono regional","Norte","region_15"
2024-02-01,2024,2,-18.27,-70.28,57,3.7,"Menor a 4","Intermedio",0,0,"Arica y Parinacota","Región más cercana","Norte","region_3"
2024-08-18,2024,8,-18.9,-69.62,96,4.6,"4.0 a 4.9","Profundo",0,0,"Arica y Parinacota","Dentro del polígono regional","Norte","region_3"
2022-09-17,2022,9,-18.42,-69.84,117,4.4,"4.0 a 4.9","Profundo",0,0,"Arica y Parinacota","Dentro del polígono regional","Norte","region_3"
2024-06-08,2024,6,-32.42,-70.89,80,4.4,"4.0 a 4.9","Profundo",0,0,"Valparaíso","Dentro del polígono regional","Centro","region_16"
2022-12-06,2022,12,-32.28,-70.71,96,4.2,"4.0 a 4.9","Profundo",0,0,"Valparaíso","Dentro del polígono regional","Centro","region_16"
2024-06-21,2024,6,-32.47,-71.87,39,3.7,"Menor a 4","Intermedio",0,0,"Valparaíso","Región más cercana","Centro","region_16"
2024-07-02,2024,7,-31.75,-71.73,32,4.4,"4.0 a 4.9","Intermedio",0,0,"Coquimbo","Región más cercana","Norte","region_7"
2024-08-01,2024,8,-32.02,-71.47,46,3.8,"Menor a 4","Intermedio",0,0,"Coquimbo","Dentro del polígono regional","Norte","region_7"
2024-08-01,2024,8,-32.49,-71,76,3.9,"Menor a 4","Profundo",0,0,"Valparaíso","Dentro del polígono regional","Centro","region_16"
2024-07-27,2024,7,-32.96,-71.93,36,3.6,"Menor a 4","Intermedio",0,0,"Valparaíso","Región más cercana","Centro","region_16"
2023-09-30,2023,9,-32.19,-71.89,37,4.3,"4.0 a 4.9","Intermedio",0,0,"Valparaíso","Región más cercana","Centro","region_16"
2023-11-02,2023,11,-32.62,-71.61,61,3.8,"Menor a 4","Intermedio",0,0,"Valparaíso","Región más cercana","Centro","region_16"
2023-11-05,2023,11,-32.57,-71.69,38,3.4,"Menor a 4","Intermedio",0,0,"Valparaíso","Región más cercana","Centro","region_16"
2024-02-01,2024,2,-32.92,-71.22,59,3.7,"Menor a 4","Intermedio",0,0,"Valparaíso","Dentro del polígono regional","Centro","region_16"
2024-07-07,2024,7,-33.36,-71.8,36,3.9,"Menor a 4","Intermedio",0,0,"Valparaíso","Región más cercana","Centro","region_16"
2024-07-07,2024,7,-33.36,-71.78,31,4.4,"4.0 a 4.9","Intermedio",0,0,"Valparaíso","Región más cercana","Centro","region_16"
2024-07-20,2024,7,-33.38,-71.9,24,3.7,"Menor a 4","Superficial",0,0,"Valparaíso","Región más cercana","Centro","region_16"
2023-02-26,2023,2,-18.56,-70.67,44,3.8,"Menor a 4","Intermedio",0,0,"Arica y Parinacota","Región más cercana","Norte","region_3"
2023-05-16,2023,5,-20.84,-70.26,40,3.8,"Menor a 4","Intermedio",0,0,"Tarapacá","Región más cercana","Norte","region_15"
2023-05-02,2023,5,-32.44,-71.06,56,3.6,"Menor a 4","Intermedio",0,0,"Valparaíso","Dentro del polígono regional","Centro","region_16"
2023-10-27,2023,10,-32.49,-71.38,58,3.5,"Menor a 4","Intermedio",0,0,"Valparaíso","Dentro del polígono regional","Centro","region_16"
2024-01-31,2024,1,-32.12,-71.2,89,3.7,"Menor a 4","Profundo",0,0,"Coquimbo","Dentro del polígono regional","Norte","region_7"
2024-06-26,2024,6,-31.02,-71.56,71,4.6,"4.0 a 4.9","Profundo",0,0,"Coquimbo","Dentro del polígono regional","Norte","region_7"
2024-07-25,2024,7,-32.42,-71.44,39,3.1,"Menor a 4","Intermedio",0,0,"Valparaíso","Región más cercana","Centro","region_16"
2024-01-22,2024,1,-33.34,-71.71,21,3.1,"Menor a 4","Superficial",0,0,"Valparaíso","Región más cercana","Centro","region_16"
2024-05-17,2024,5,-33,-71.49,55,3,"Menor a 4","Intermedio",0,0,"Valparaíso","Dentro del polígono regional","Centro","region_16"
2023-01-21,2023,1,-18.9,-70.67,39,3.1,"Menor a 4","Intermedio",0,0,"Arica y Parinacota","Región más cercana","Norte","region_3"
2023-09-30,2023,9,-18.95,-70.53,39,3.4,"Menor a 4","Intermedio",0,0,"Arica y Parinacota","Región más cercana","Norte","region_3"
2024-07-16,2024,7,-20.79,-70.17,35,3.8,"Menor a 4","Intermedio",0,0,"Tarapacá","Región más cercana","Norte","region_15"
2024-09-05,2024,9,-19.13,-67.65,245,5.5,"5.0 a 5.9","Profundo",1,0,"Tarapacá","Región más cercana","Norte","region_15"
2024-09-06,2024,9,-28.69,-69.56,128,5.7,"5.0 a 5.9","Profundo",1,0,"Atacama","Región más cercana","Norte","region_4"
2024-09-22,2024,9,-32.04,-71.46,60,5.2,"5.0 a 5.9","Intermedio",1,0,"Coquimbo","Dentro del polígono regional","Norte","region_7"
2024-09-23,2024,9,-29.73,-71.19,65,5.5,"5.0 a 5.9","Intermedio",1,0,"Coquimbo","Dentro del polígono regional","Norte","region_7"
2024-09-24,2024,9,-25.93,-71.15,50,5.3,"5.0 a 5.9","Intermedio",1,0,"Antofagasta","Región más cercana","Norte","region_1"
2023-09-01,2023,9,-32.75,-70.46,107,4.6,"4.0 a 4.9","Profundo",0,0,"Valparaíso","Dentro del polígono regional","Centro","region_16"
2021-11-27,2021,11,-27.86,-71.04,39,4.8,"4.0 a 4.9","Intermedio",0,0,"Atacama","Dentro del polígono regional","Norte","region_4"
2022-03-28,2022,3,-27.67,-70.72,72,4.2,"4.0 a 4.9","Profundo",0,0,"Atacama","Dentro del polígono regional","Norte","region_4"
2022-04-15,2022,4,-27.23,-70.62,50,3.4,"Menor a 4","Intermedio",0,0,"Atacama","Dentro del polígono regional","Norte","region_4"
2021-09-24,2021,9,-26.69,-70.73,55,3.9,"Menor a 4","Intermedio",0,0,"Atacama","Región más cercana","Norte","region_4"
2021-08-31,2021,8,-28.15,-70.74,75,4.4,"4.0 a 4.9","Profundo",0,0,"Atacama","Dentro del polígono regional","Norte","region_4"
2022-04-15,2022,4,-27.23,-70.63,50,4.2,"4.0 a 4.9","Intermedio",0,0,"Atacama","Dentro del polígono regional","Norte","region_4"
2021-07-14,2021,7,-33.18,-70.31,117,4.8,"4.0 a 4.9","Profundo",0,0,"Región Metropolitana","Dentro del polígono regional","Centro","region_14"
2022-06-28,2022,6,-18.25,-71.06,49,5,"5.0 a 5.9","Intermedio",1,0,"Arica y Parinacota","Región más cercana","Norte","region_3"
2022-01-13,2022,1,-26.91,-71.22,28,5,"5.0 a 5.9","Superficial",1,0,"Atacama","Región más cercana","Norte","region_4"
2021-06-07,2021,6,-25.93,-71.17,35,4.1,"4.0 a 4.9","Intermedio",0,0,"Antofagasta","Región más cercana","Norte","region_1"
2021-07-11,2021,7,-25.82,-70.27,63,4.4,"4.0 a 4.9","Intermedio",0,0,"Antofagasta","Dentro del polígono regional","Norte","region_1"
2021-10-14,2021,10,-27.64,-70.91,46,4.1,"4.0 a 4.9","Intermedio",0,0,"Atacama","Dentro del polígono regional","Norte","region_4"
2021-06-27,2021,6,-27.26,-70.28,89,3.6,"Menor a 4","Profundo",0,0,"Atacama","Dentro del polígono regional","Norte","region_4"
2022-01-13,2022,1,-27.48,-70.43,80,4,"4.0 a 4.9","Profundo",0,0,"Atacama","Dentro del polígono regional","Norte","region_4"
2021-03-02,2021,3,-25.82,-70.91,38,3.5,"Menor a 4","Intermedio",0,0,"Antofagasta","Región más cercana","Norte","region_1"
2022-04-14,2022,4,-26.43,-70.8,32,3.8,"Menor a 4","Intermedio",0,0,"Atacama","Región más cercana","Norte","region_4"
2022-06-09,2022,6,-24.04,-69.69,68,5.4,"5.0 a 5.9","Intermedio",1,0,"Antofagasta","Dentro del polígono regional","Norte","region_1"
2022-06-03,2022,6,-23.16,-68.46,118,5.4,"5.0 a 5.9","Profundo",1,0,"Antofagasta","Dentro del polígono regional","Norte","region_1"
2021-07-24,2021,7,-27.07,-70.99,44,3.5,"Menor a 4","Intermedio",0,0,"Atacama","Región más cercana","Norte","region_4"
2022-03-30,2022,3,-25.69,-70.02,91,4.7,"4.0 a 4.9","Profundo",0,0,"Antofagasta","Dentro del polígono regional","Norte","region_1"
2021-10-24,2021,10,-26.29,-70.78,41,3.2,"Menor a 4","Intermedio",0,0,"Atacama","Región más cercana","Norte","region_4"
2021-12-22,2021,12,-25.49,-70.39,55,4.4,"4.0 a 4.9","Intermedio",0,0,"Antofagasta","Dentro del polígono regional","Norte","region_1"
2021-11-05,2021,11,-28.7,-71.14,49,4.7,"4.0 a 4.9","Intermedio",0,0,"Atacama","Dentro del polígono regional","Norte","region_4"
2022-01-08,2022,1,-26.71,-71.15,34,5.2,"5.0 a 5.9","Intermedio",1,0,"Atacama","Región más cercana","Norte","region_4"
2021-09-16,2021,9,-26.34,-70.95,25,4.3,"4.0 a 4.9","Superficial",0,0,"Atacama","Región más cercana","Norte","region_4"
2021-08-06,2021,8,-27.2,-70.96,32,4,"4.0 a 4.9","Intermedio",0,0,"Atacama","Dentro del polígono regional","Norte","region_4"
2022-02-08,2022,2,-25.8,-70.58,64,4.6,"4.0 a 4.9","Intermedio",0,0,"Antofagasta","Dentro del polígono regional","Norte","region_1"
2021-06-11,2021,6,-28.18,-70.33,105,3.9,"Menor a 4","Profundo",0,0,"Atacama","Dentro del polígono regional","Norte","region_4"
2021-09-06,2021,9,-33.07,-70.17,110,4.3,"4.0 a 4.9","Profundo",0,0,"Valparaíso","Dentro del polígono regional","Centro","region_16"
2021-10-26,2021,10,-32.82,-70.66,94,4.8,"4.0 a 4.9","Profundo",0,0,"Valparaíso","Dentro del polígono regional","Centro","region_16"
2022-03-12,2022,3,-27.5,-71.19,36,4.7,"4.0 a 4.9","Intermedio",0,0,"Atacama","Región más cercana","Norte","region_4"
2021-09-06,2021,9,-27.65,-69.66,134,4.3,"4.0 a 4.9","Profundo",0,0,"Atacama","Dentro del polígono regional","Norte","region_4"
2022-03-05,2022,3,-28.33,-70.75,87,4.1,"4.0 a 4.9","Profundo",0,0,"Atacama","Dentro del polígono regional","Norte","region_4"
2021-11-10,2021,11,-26,-70.87,37,3.9,"Menor a 4","Intermedio",0,0,"Antofagasta","Región más cercana","Norte","region_1"
2021-10-11,2021,10,-27.29,-70.55,66,3.8,"Menor a 4","Intermedio",0,0,"Atacama","Dentro del polígono regional","Norte","region_4"
2021-12-19,2021,12,-27.3,-71.2,58,4.2,"4.0 a 4.9","Intermedio",0,0,"Atacama","Región más cercana","Norte","region_4"
2022-03-06,2022,3,-28.51,-69.07,146,5.3,"5.0 a 5.9","Profundo",1,0,"Atacama","Región más cercana","Norte","region_4"
2021-06-10,2021,6,-28.1,-70.71,55,4.3,"4.0 a 4.9","Intermedio",0,0,"Atacama","Dentro del polígono regional","Norte","region_4"
2021-02-14,2021,2,-26.75,-71.04,34,3.6,"Menor a 4","Intermedio",0,0,"Atacama","Región más cercana","Norte","region_4"
2021-11-10,2021,11,-32.84,-71.24,69,4.7,"4.0 a 4.9","Intermedio",0,0,"Valparaíso","Dentro del polígono regional","Centro","region_16"
2020-09-07,2020,9,-31.82,-71.6,67,4.2,"4.0 a 4.9","Intermedio",0,0,"Coquimbo","Región más cercana","Norte","region_7"
2022-03-05,2022,3,-22.47,-66.53,293,5.6,"5.0 a 5.9","Profundo",1,0,"Antofagasta","Región más cercana","Norte","region_1"
2019-02-28,2019,2,-20.63,-69.38,98,3.9,"Menor a 4","Profundo",0,0,"Tarapacá","Dentro del polígono regional","Norte","region_15"
2020-05-20,2020,5,-20.52,-69.14,98,4,"4.0 a 4.9","Profundo",0,0,"Tarapacá","Dentro del polígono regional","Norte","region_15"
2019-10-29,2019,10,-18.97,-69.33,110,4.2,"4.0 a 4.9","Profundo",0,0,"Arica y Parinacota","Dentro del polígono regional","Norte","region_3"
2022-06-01,2022,6,-20.08,-69.22,102,3.9,"Menor a 4","Profundo",0,0,"Tarapacá","Dentro del polígono regional","Norte","region_15"
2021-03-08,2021,3,-19.01,-69.25,117,3.9,"Menor a 4","Profundo",0,0,"Arica y Parinacota","Dentro del polígono regional","Norte","region_3"
2022-02-25,2022,2,-20.66,-69.23,90,3.9,"Menor a 4","Profundo",0,0,"Tarapacá","Dentro del polígono regional","Norte","region_15"
2021-01-07,2021,1,-29.83,-71.58,34,4.2,"4.0 a 4.9","Intermedio",0,0,"Coquimbo","Región más cercana","Norte","region_7"
2019-09-28,2019,9,-19.14,-69.35,106,4.1,"4.0 a 4.9","Profundo",0,0,"Tarapacá","Dentro del polígono regional","Norte","region_15"
2021-08-12,2021,8,-30.29,-71.49,51,4.3,"4.0 a 4.9","Intermedio",0,0,"Coquimbo","Dentro del polígono regional","Norte","region_7"
2019-02-23,2019,2,-19.67,-69.53,89,3.7,"Menor a 4","Profundo",0,0,"Tarapacá","Dentro del polígono regional","Norte","region_15"
2021-07-04,2021,7,-28.8,-71.55,31,4.6,"4.0 a 4.9","Intermedio",0,0,"Atacama","Región más cercana","Norte","region_4"
2019-12-27,2019,12,-19.26,-69.36,107,3.3,"Menor a 4","Profundo",0,0,"Tarapacá","Dentro del polígono regional","Norte","region_15"
2022-04-13,2022,4,-19.39,-69.04,121,4.4,"4.0 a 4.9","Profundo",0,0,"Tarapacá","Dentro del polígono regional","Norte","region_15"
2019-09-29,2019,9,-21.14,-69.04,109,4.3,"4.0 a 4.9","Profundo",0,0,"Tarapacá","Dentro del polígono regional","Norte","region_15"
2019-09-21,2019,9,-29.62,-71.26,58,3.5,"Menor a 4","Intermedio",0,0,"Coquimbo","Dentro del polígono regional","Norte","region_7"
2019-01-20,2019,1,-30.14,-71.27,63,3.4,"Menor a 4","Intermedio",0,0,"Coquimbo","Dentro del polígono regional","Norte","region_7"
2022-05-25,2022,5,-21.88,-69.74,64,4.8,"4.0 a 4.9","Intermedio",0,0,"Antofagasta","Dentro del polígono regional","Norte","region_1"
2021-10-09,2021,10,-31.53,-71.72,27,3.4,"Menor a 4","Superficial",0,0,"Coquimbo","Región más cercana","Norte","region_7"
2020-05-09,2020,5,-19.13,-69.14,120,4.5,"4.0 a 4.9","Profundo",0,0,"Tarapacá","Dentro del polígono regional","Norte","region_15"
2021-08-25,2021,8,-19.39,-69.38,92,3.9,"Menor a 4","Profundo",0,0,"Tarapacá","Dentro del polígono regional","Norte","region_15"
2019-08-19,2019,8,-20.58,-68.84,112,4.4,"4.0 a 4.9","Profundo",0,0,"Tarapacá","Dentro del polígono regional","Norte","region_15"
2022-07-27,2022,7,-22.22,-68.73,120,6,"6.0 o más","Profundo",1,1,"Antofagasta","Dentro del polígono regional","Norte","region_1"
2019-06-24,2019,6,-19.38,-69.44,100,3.3,"Menor a 4","Profundo",0,0,"Tarapacá","Dentro del polígono regional","Norte","region_15"
2021-09-03,2021,9,-20.16,-69.27,99,3.1,"Menor a 4","Profundo",0,0,"Tarapacá","Dentro del polígono regional","Norte","region_15"
2022-05-05,2022,5,-18.97,-69.94,52,3.4,"Menor a 4","Intermedio",0,0,"Arica y Parinacota","Dentro del polígono regional","Norte","region_3"
2020-01-20,2020,1,-19.36,-69.3,109,4.3,"4.0 a 4.9","Profundo",0,0,"Tarapacá","Dentro del polígono regional","Norte","region_15"
2019-02-05,2019,2,-30.25,-71.25,70,3.9,"Menor a 4","Profundo",0,0,"Coquimbo","Dentro del polígono regional","Norte","region_7"
2021-09-03,2021,9,-30.03,-71.66,28,3.1,"Menor a 4","Superficial",0,0,"Coquimbo","Región más cercana","Norte","region_7"
2021-07-27,2021,7,-19.58,-69.4,112,3.4,"Menor a 4","Profundo",0,0,"Tarapacá","Dentro del polígono regional","Norte","region_15"
2021-12-11,2021,12,-29.59,-71.27,54,3.7,"Menor a 4","Intermedio",0,0,"Coquimbo","Dentro del polígono regional","Norte","region_7"
2021-07-02,2021,7,-29.84,-71.2,53,3.4,"Menor a 4","Intermedio",0,0,"Coquimbo","Dentro del polígono regional","Norte","region_7"
2022-05-12,2022,5,-20.03,-69.2,98,4,"4.0 a 4.9","Profundo",0,0,"Tarapacá","Dentro del polígono regional","Norte","region_15"
2022-03-28,2022,3,-30.37,-71.36,41,3.8,"Menor a 4","Intermedio",0,0,"Coquimbo","Dentro del polígono regional","Norte","region_7"
2019-01-20,2019,1,-30.14,-71.23,66,3.7,"Menor a 4","Intermedio",0,0,"Coquimbo","Dentro del polígono regional","Norte","region_7"
2022-03-04,2022,3,-29.86,-71.52,65,3.6,"Menor a 4","Intermedio",0,0,"Coquimbo","Región más cercana","Norte","region_7"
2021-02-24,2021,2,-29.86,-71.71,44,3.8,"Menor a 4","Intermedio",0,0,"Coquimbo","Región más cercana","Norte","region_7"
2021-07-20,2021,7,-19.19,-69.61,115,3.6,"Menor a 4","Profundo",0,0,"Tarapacá","Dentro del polígono regional","Norte","region_15"
2022-02-25,2022,2,-20.49,-69.15,92,4.5,"4.0 a 4.9","Profundo",0,0,"Tarapacá","Dentro del polígono regional","Norte","region_15"
2021-12-05,2021,12,-29.79,-71.67,65,4.4,"4.0 a 4.9","Intermedio",0,0,"Coquimbo","Región más cercana","Norte","region_7"
2019-01-20,2019,1,-30.06,-71.29,70,3.7,"Menor a 4","Profundo",0,0,"Coquimbo","Dentro del polígono regional","Norte","region_7"
2020-08-15,2020,8,-19.95,-69.17,96,4.4,"4.0 a 4.9","Profundo",0,0,"Tarapacá","Dentro del polígono regional","Norte","region_15"
2022-01-23,2022,1,-31.55,-71.5,50,4.2,"4.0 a 4.9","Intermedio",0,0,"Coquimbo","Dentro del polígono regional","Norte","region_7"
2019-01-22,2019,1,-30.14,-71.24,61,3.5,"Menor a 4","Intermedio",0,0,"Coquimbo","Dentro del polígono regional","Norte","region_7"
2022-02-23,2022,2,-21.27,-69.49,6,4.3,"4.0 a 4.9","Superficial",0,0,"Tarapacá","Dentro del polígono regional","Norte","region_15"
2022-03-04,2022,3,-29.54,-71.6,32,4.4,"4.0 a 4.9","Intermedio",0,0,"Coquimbo","Región más cercana","Norte","region_7"
2019-01-20,2019,1,-30.06,-71.24,62,3.8,"Menor a 4","Intermedio",0,0,"Coquimbo","Dentro del polígono regional","Norte","region_7"
2018-09-04,2018,9,-19.41,-69.27,109,4,"4.0 a 4.9","Profundo",0,0,"Tarapacá","Dentro del polígono regional","Norte","region_15"
2021-04-24,2021,4,-19.65,-69.28,98,3.7,"Menor a 4","Profundo",0,0,"Tarapacá","Dentro del polígono regional","Norte","region_15"
2021-12-31,2021,12,-19.36,-69.87,75,3.8,"Menor a 4","Profundo",0,0,"Tarapacá","Dentro del polígono regional","Norte","region_15"
2021-01-09,2021,1,-21.01,-69.38,89,4.1,"4.0 a 4.9","Profundo",0,0,"Tarapacá","Dentro del polígono regional","Norte","region_15"
2021-02-16,2021,2,-31.97,-71.67,23,4,"4.0 a 4.9","Superficial",0,0,"Coquimbo","Región más cercana","Norte","region_7"
2022-04-14,2022,4,-32.16,-71.43,50,4.9,"4.0 a 4.9","Intermedio",0,0,"Coquimbo","Dentro del polígono regional","Norte","region_7"
2019-08-18,2019,8,-20.1,-68.88,105,4.2,"4.0 a 4.9","Profundo",0,0,"Tarapacá","Dentro del polígono regional","Norte","region_15"
2021-10-25,2021,10,-29.57,-71.26,54,3.7,"Menor a 4","Intermedio",0,0,"Coquimbo","Dentro del polígono regional","Norte","region_7"
2020-12-20,2020,12,-19.61,-69.27,108,3.7,"Menor a 4","Profundo",0,0,"Tarapacá","Dentro del polígono regional","Norte","region_15"
2022-02-03,2022,2,-30.6,-71.39,65,4.2,"4.0 a 4.9","Intermedio",0,0,"Coquimbo","Dentro del polígono regional","Norte","region_7"
2021-09-05,2021,9,-30.02,-71.66,32,4,"4.0 a 4.9","Intermedio",0,0,"Coquimbo","Región más cercana","Norte","region_7"
2022-02-06,2022,2,-22.17,-68.7,115,5.3,"5.0 a 5.9","Profundo",1,0,"Antofagasta","Dentro del polígono regional","Norte","region_1"
2019-09-27,2019,9,-21.11,-69.07,99,4.6,"4.0 a 4.9","Profundo",0,0,"Tarapacá","Dentro del polígono regional","Norte","region_15"
2022-05-04,2022,5,-32.25,-71.91,31,5,"5.0 a 5.9","Intermedio",1,0,"Valparaíso","Región más cercana","Centro","region_16"
2019-05-25,2019,5,-29.85,-71.54,38,3.5,"Menor a 4","Intermedio",0,0,"Coquimbo","Región más cercana","Norte","region_7"
2020-08-11,2020,8,-29.96,-71.63,38,4.3,"4.0 a 4.9","Intermedio",0,0,"Coquimbo","Región más cercana","Norte","region_7"
2019-04-11,2019,4,-19.64,-69.42,100,3.7,"Menor a 4","Profundo",0,0,"Tarapacá","Dentro del polígono regional","Norte","region_15"
2021-09-16,2021,9,-19.17,-69.3,110,3.7,"Menor a 4","Profundo",0,0,"Tarapacá","Dentro del polígono regional","Norte","region_15"
2020-04-25,2020,4,-18.6,-69.77,94,4,"4.0 a 4.9","Profundo",0,0,"Arica y Parinacota","Dentro del polígono regional","Norte","region_3"
2019-10-26,2019,10,-19.63,-69.32,103,3.7,"Menor a 4","Profundo",0,0,"Tarapacá","Dentro del polígono regional","Norte","region_15"
2020-08-24,2020,8,-19.57,-69.22,106,3.7,"Menor a 4","Profundo",0,0,"Tarapacá","Dentro del polígono regional","Norte","region_15"
2021-06-23,2021,6,-30.82,-71.61,27,4.4,"4.0 a 4.9","Superficial",0,0,"Coquimbo","Dentro del polígono regional","Norte","region_7"
2021-11-01,2021,11,-31.33,-71.83,43,4,"4.0 a 4.9","Intermedio",0,0,"Coquimbo","Región más cercana","Norte","region_7"
2022-01-10,2022,1,-30.8,-71.4,45,4.9,"4.0 a 4.9","Intermedio",0,0,"Coquimbo","Dentro del polígono regional","Norte","region_7"
2021-05-10,2021,5,-30.11,-71.32,66,3.7,"Menor a 4","Intermedio",0,0,"Coquimbo","Dentro del polígono regional","Norte","region_7"
2018-09-09,2018,9,-19.42,-69.44,98,3.6,"Menor a 4","Profundo",0,0,"Tarapacá","Dentro del polígono regional","Norte","region_15"
2022-02-16,2022,2,-19.23,-70.06,56,3.9,"Menor a 4","Intermedio",0,0,"Tarapacá","Dentro del polígono regional","Norte","region_15"
2022-04-16,2022,4,-30.01,-71.55,56,4.4,"4.0 a 4.9","Intermedio",0,0,"Coquimbo","Región más cercana","Norte","region_7"
2020-08-03,2020,8,-20.49,-69.25,92,3.8,"Menor a 4","Profundo",0,0,"Tarapacá","Dentro del polígono regional","Norte","region_15"
2020-10-09,2020,10,-20.77,-69.08,102,4.3,"4.0 a 4.9","Profundo",0,0,"Tarapacá","Dentro del polígono regional","Norte","region_15"
2019-06-19,2019,6,-19.23,-69.43,100,3.5,"Menor a 4","Profundo",0,0,"Tarapacá","Dentro del polígono regional","Norte","region_15"
2018-12-30,2018,12,-19.62,-69.29,96,3.7,"Menor a 4","Profundo",0,0,"Tarapacá","Dentro del polígono regional","Norte","region_15"
2022-03-03,2022,3,-20.57,-68.97,105,3.8,"Menor a 4","Profundo",0,0,"Tarapacá","Dentro del polígono regional","Norte","region_15"
2019-12-21,2019,12,-19.49,-69.82,74,3.7,"Menor a 4","Profundo",0,0,"Tarapacá","Dentro del polígono regional","Norte","region_15"
2022-05-27,2022,5,-20.09,-69.29,98,3.8,"Menor a 4","Profundo",0,0,"Tarapacá","Dentro del polígono regional","Norte","region_15"
2022-02-09,2022,2,-29.57,-71.18,50,3.9,"Menor a 4","Intermedio",0,0,"Coquimbo","Dentro del polígono regional","Norte","region_7"
2022-03-15,2022,3,-18.62,-70.31,42,3.8,"Menor a 4","Intermedio",0,0,"Arica y Parinacota","Dentro del polígono regional","Norte","region_3"
2020-04-17,2020,4,-19.64,-69.32,99,3.3,"Menor a 4","Profundo",0,0,"Tarapacá","Dentro del polígono regional","Norte","region_15"
2022-05-23,2022,5,-18.79,-70.15,58,3.7,"Menor a 4","Intermedio",0,0,"Arica y Parinacota","Dentro del polígono regional","Norte","region_3"
2021-12-22,2021,12,-29.56,-71.25,52,3.9,"Menor a 4","Intermedio",0,0,"Coquimbo","Dentro del polígono regional","Norte","region_7"
2021-10-09,2021,10,-21.11,-68.89,121,4.9,"4.0 a 4.9","Profundo",0,0,"Tarapacá","Dentro del polígono regional","Norte","region_15"
2019-10-25,2019,10,-19.04,-69.25,123,4.3,"4.0 a 4.9","Profundo",0,0,"Arica y Parinacota","Dentro del polígono regional","Norte","region_3"
2022-03-22,2022,3,-29.2,-71.29,40,3.9,"Menor a 4","Intermedio",0,0,"Coquimbo","Dentro del polígono regional","Norte","region_7"
2019-10-25,2019,10,-18.12,-69.49,137,3.6,"Menor a 4","Profundo",0,0,"Arica y Parinacota","Dentro del polígono regional","Norte","region_3"
2022-01-18,2022,1,-19.66,-69.37,115,4,"4.0 a 4.9","Profundo",0,0,"Tarapacá","Dentro del polígono regional","Norte","region_15"
2022-04-03,2022,4,-29.56,-71.25,52,3.9,"Menor a 4","Intermedio",0,0,"Coquimbo","Dentro del polígono regional","Norte","region_7"
2021-09-26,2021,9,-30.04,-71.3,56,4.2,"4.0 a 4.9","Intermedio",0,0,"Coquimbo","Dentro del polígono regional","Norte","region_7"
2019-01-20,2019,1,-30.16,-71.23,60,3.7,"Menor a 4","Intermedio",0,0,"Coquimbo","Dentro del polígono regional","Norte","region_7"
2021-06-11,2021,6,-20.22,-69.33,96,3.2,"Menor a 4","Profundo",0,0,"Tarapacá","Dentro del polígono regional","Norte","region_15"
2020-11-11,2020,11,-29.98,-71.43,48,4.1,"4.0 a 4.9","Intermedio",0,0,"Coquimbo","Región más cercana","Norte","region_7"
2019-08-11,2019,8,-29.91,-71.39,49,3.1,"Menor a 4","Intermedio",0,0,"Coquimbo","Región más cercana","Norte","region_7"
2018-11-27,2018,11,-19.42,-69.22,110,4.4,"4.0 a 4.9","Profundo",0,0,"Tarapacá","Dentro del polígono regional","Norte","region_15"
2022-02-04,2022,2,-20.42,-69.08,103,3.6,"Menor a 4","Profundo",0,0,"Tarapacá","Dentro del polígono regional","Norte","region_15"
2022-07-28,2022,7,-21.95,-70.33,55,6,"6.0 o más","Intermedio",1,1,"Antofagasta","Región más cercana","Norte","region_1"
2021-03-24,2021,3,-29.88,-71.55,40,3.6,"Menor a 4","Intermedio",0,0,"Coquimbo","Región más cercana","Norte","region_7"
2019-11-30,2019,11,-29.86,-71.67,51,3.5,"Menor a 4","Intermedio",0,0,"Coquimbo","Región más cercana","Norte","region_7"
2019-06-10,2019,6,-30.02,-71.78,31,4,"4.0 a 4.9","Intermedio",0,0,"Coquimbo","Región más cercana","Norte","region_7"
2021-05-17,2021,5,-21.26,-68.84,117,4.9,"4.0 a 4.9","Profundo",0,0,"Tarapacá","Dentro del polígono regional","Norte","region_15"
2022-06-14,2022,6,-19.62,-69.02,114,4.1,"4.0 a 4.9","Profundo",0,0,"Tarapacá","Dentro del polígono regional","Norte","region_15"
2018-12-05,2018,12,-19.03,-69.89,38,3.6,"Menor a 4","Intermedio",0,0,"Arica y Parinacota","Dentro del polígono regional","Norte","region_3"
2022-05-21,2022,5,-20.52,-69.2,98,4.3,"4.0 a 4.9","Profundo",0,0,"Tarapacá","Dentro del polígono regional","Norte","region_15"
2022-03-21,2022,3,-21.06,-69.88,41,4.5,"4.0 a 4.9","Intermedio",0,0,"Tarapacá","Región más cercana","Norte","region_15"
2021-11-24,2021,11,-31.94,-71.5,49,4.3,"4.0 a 4.9","Intermedio",0,0,"Coquimbo","Dentro del polígono regional","Norte","region_7"
2021-08-31,2021,8,-29.79,-71.47,61,4.1,"4.0 a 4.9","Intermedio",0,0,"Coquimbo","Región más cercana","Norte","region_7"
2022-02-27,2022,2,-29.83,-71.17,62,3.7,"Menor a 4","Intermedio",0,0,"Coquimbo","Dentro del polígono regional","Norte","region_7"
2020-08-18,2020,8,-32.11,-71.67,16,3.6,"Menor a 4","Superficial",0,0,"Coquimbo","Región más cercana","Norte","region_7"
2022-01-18,2022,1,-19.8,-69.25,121,4.1,"4.0 a 4.9","Profundo",0,0,"Tarapacá","Dentro del polígono regional","Norte","region_15"
2022-02-16,2022,2,-29.82,-71.07,85,4.2,"4.0 a 4.9","Profundo",0,0,"Coquimbo","Dentro del polígono regional","Norte","region_7"
2022-05-31,2022,5,-20.45,-68.94,98,4.2,"4.0 a 4.9","Profundo",0,0,"Tarapacá","Dentro del polígono regional","Norte","region_15"
2020-01-03,2020,1,-29.75,-71.24,62,3.8,"Menor a 4","Intermedio",0,0,"Coquimbo","Dentro del polígono regional","Norte","region_7"
2019-01-27,2019,1,-30.17,-71.28,70,3.9,"Menor a 4","Profundo",0,0,"Coquimbo","Dentro del polígono regional","Norte","region_7"
2022-04-04,2022,4,-30.19,-71.25,57,4.2,"4.0 a 4.9","Intermedio",0,0,"Coquimbo","Dentro del polígono regional","Norte","region_7"
2021-07-08,2021,7,-19.74,-69.38,105,3.9,"Menor a 4","Profundo",0,0,"Tarapacá","Dentro del polígono regional","Norte","region_15"
2020-08-12,2020,8,-30.36,-71.44,55,4,"4.0 a 4.9","Intermedio",0,0,"Coquimbo","Dentro del polígono regional","Norte","region_7"
2021-05-03,2021,5,-19.45,-69.42,96,3.7,"Menor a 4","Profundo",0,0,"Tarapacá","Dentro del polígono regional","Norte","region_15"
2021-12-26,2021,12,-30.16,-71.31,64,3.9,"Menor a 4","Intermedio",0,0,"Coquimbo","Dentro del polígono regional","Norte","region_7"
2019-07-08,2019,7,-18.59,-69.88,86,4,"4.0 a 4.9","Profundo",0,0,"Arica y Parinacota","Dentro del polígono regional","Norte","region_3"
2022-06-11,2022,6,-21.14,-68.37,136,4.8,"4.0 a 4.9","Profundo",0,0,"Antofagasta","Dentro del polígono regional","Norte","region_1"
2020-06-30,2020,6,-30.07,-71.4,50,3.4,"Menor a 4","Intermedio",0,0,"Coquimbo","Región más cercana","Norte","region_7"
2021-11-05,2021,11,-19.2,-69.66,87,4.1,"4.0 a 4.9","Profundo",0,0,"Tarapacá","Dentro del polígono regional","Norte","region_15"
2022-02-09,2022,2,-19.53,-69.27,5,3.5,"Menor a 4","Superficial",0,0,"Tarapacá","Dentro del polígono regional","Norte","region_15"
2022-01-02,2022,1,-29.92,-71.38,50,3.5,"Menor a 4","Intermedio",0,0,"Coquimbo","Región más cercana","Norte","region_7"
2022-03-23,2022,3,-19.45,-69.37,97,4.3,"4.0 a 4.9","Profundo",0,0,"Tarapacá","Dentro del polígono regional","Norte","region_15"
2021-05-27,2021,5,-19.19,-69.46,100,4.1,"4.0 a 4.9","Profundo",0,0,"Tarapacá","Dentro del polígono regional","Norte","region_15"
2021-01-30,2021,1,-32.3,-71.58,58,4.2,"4.0 a 4.9","Intermedio",0,0,"Valparaíso","Región más cercana","Centro","region_16"
2021-03-26,2021,3,-32.13,-71.68,34,4.1,"4.0 a 4.9","Intermedio",0,0,"Coquimbo","Región más cercana","Norte","region_7"
2019-08-23,2019,8,-30.16,-71.3,66,3.5,"Menor a 4","Intermedio",0,0,"Coquimbo","Dentro del polígono regional","Norte","region_7"
2021-05-26,2021,5,-20,-69.15,96,3.8,"Menor a 4","Profundo",0,0,"Tarapacá","Dentro del polígono regional","Norte","region_15"
2019-08-21,2019,8,-19.46,-69.62,17,3.5,"Menor a 4","Superficial",0,0,"Tarapacá","Dentro del polígono regional","Norte","region_15"
2021-10-07,2021,10,-29.38,-71.08,80,3.9,"Menor a 4","Profundo",0,0,"Coquimbo","Dentro del polígono regional","Norte","region_7"
2019-12-28,2019,12,-29.85,-71.42,42,3.6,"Menor a 4","Intermedio",0,0,"Coquimbo","Región más cercana","Norte","region_7"
2021-05-17,2021,5,-30.19,-71.3,64,3.4,"Menor a 4","Intermedio",0,0,"Coquimbo","Dentro del polígono regional","Norte","region_7"
2019-01-20,2019,1,-30.26,-71.24,60,3.9,"Menor a 4","Intermedio",0,0,"Coquimbo","Dentro del polígono regional","Norte","region_7"
2022-05-04,2022,5,-32.23,-71.85,33,5.3,"5.0 a 5.9","Intermedio",1,0,"Valparaíso","Región más cercana","Centro","region_16"
2022-06-15,2022,6,-20.4,-69.07,97,3.8,"Menor a 4","Profundo",0,0,"Tarapacá","Dentro del polígono regional","Norte","region_15"
2019-01-14,2019,1,-29.69,-71.59,31,3.8,"Menor a 4","Intermedio",0,0,"Coquimbo","Región más cercana","Norte","region_7"
2020-06-28,2020,6,-18.93,-69.63,112,3.9,"Menor a 4","Profundo",0,0,"Arica y Parinacota","Dentro del polígono regional","Norte","region_3"
2019-01-26,2019,1,-30.09,-71.29,71,3.8,"Menor a 4","Profundo",0,0,"Coquimbo","Dentro del polígono regional","Norte","region_7"
2019-12-24,2019,12,-18.7,-69.24,128,4.6,"4.0 a 4.9","Profundo",0,0,"Arica y Parinacota","Dentro del polígono regional","Norte","region_3"
2019-03-17,2019,3,-20.37,-68.51,129,4.9,"4.0 a 4.9","Profundo",0,0,"Tarapacá","Región más cercana","Norte","region_15"
2019-07-11,2019,7,-29.82,-71.57,38,4.4,"4.0 a 4.9","Intermedio",0,0,"Coquimbo","Región más cercana","Norte","region_7"
2022-05-21,2022,5,-18.83,-69.76,59,3,"Menor a 4","Intermedio",0,0,"Arica y Parinacota","Dentro del polígono regional","Norte","region_3"
2022-06-11,2022,6,-20.22,-69.13,104,4.3,"4.0 a 4.9","Profundo",0,0,"Tarapacá","Dentro del polígono regional","Norte","region_15"
2022-04-24,2022,4,-31.22,-71.49,52,3.4,"Menor a 4","Intermedio",0,0,"Coquimbo","Dentro del polígono regional","Norte","region_7"
2021-12-21,2021,12,-19.53,-69.24,7,3,"Menor a 4","Superficial",0,0,"Tarapacá","Dentro del polígono regional","Norte","region_15"
2021-04-26,2021,4,-30.34,-71.25,28,3.3,"Menor a 4","Superficial",0,0,"Coquimbo","Dentro del polígono regional","Norte","region_7"
2019-04-01,2019,4,-18.16,-67.57,323,4.8,"4.0 a 4.9","Profundo",0,0,"Arica y Parinacota","Región más cercana","Norte","region_3"
2021-05-17,2021,5,-20.02,-69.31,100,3.5,"Menor a 4","Profundo",0,0,"Tarapacá","Dentro del polígono regional","Norte","region_15"
2021-07-01,2021,7,-32.31,-71.5,39,4,"4.0 a 4.9","Intermedio",0,0,"Valparaíso","Región más cercana","Centro","region_16"
2020-11-02,2020,11,-29.7,-71.19,62,3.1,"Menor a 4","Intermedio",0,0,"Coquimbo","Dentro del polígono regional","Norte","region_7"
2022-06-03,2022,6,-19.17,-69.31,107,4.2,"4.0 a 4.9","Profundo",0,0,"Tarapacá","Dentro del polígono regional","Norte","region_15"
2021-08-13,2021,8,-19.86,-69.9,62,4,"4.0 a 4.9","Intermedio",0,0,"Tarapacá","Dentro del polígono regional","Norte","region_15"
2021-09-24,2021,9,-19.33,-70.07,56,3.8,"Menor a 4","Intermedio",0,0,"Tarapacá","Dentro del polígono regional","Norte","region_15"
2021-12-16,2021,12,-20.77,-69.18,108,4.2,"4.0 a 4.9","Profundo",0,0,"Tarapacá","Dentro del polígono regional","Norte","region_15"
2020-11-03,2020,11,-32.02,-71.65,35,3.8,"Menor a 4","Intermedio",0,0,"Coquimbo","Región más cercana","Norte","region_7"
2020-10-16,2020,10,-30.36,-71.23,25,3.5,"Menor a 4","Superficial",0,0,"Coquimbo","Dentro del polígono regional","Norte","region_7"
2022-03-16,2022,3,-20.14,-69.19,97,4.2,"4.0 a 4.9","Profundo",0,0,"Tarapacá","Dentro del polígono regional","Norte","region_15"
2022-05-04,2022,5,-32.23,-71.9,32,4.9,"4.0 a 4.9","Intermedio",0,0,"Valparaíso","Región más cercana","Centro","region_16"
2022-06-02,2022,6,-21.82,-69.92,58,4.7,"4.0 a 4.9","Intermedio",0,0,"Antofagasta","Dentro del polígono regional","Norte","region_1"
2022-04-19,2022,4,-20.07,-69.36,112,3.7,"Menor a 4","Profundo",0,0,"Tarapacá","Dentro del polígono regional","Norte","region_15"
2021-09-03,2021,9,-19.51,-69.37,96,3.6,"Menor a 4","Profundo",0,0,"Tarapacá","Dentro del polígono regional","Norte","region_15"
2020-03-04,2020,3,-20.33,-69.15,114,3.9,"Menor a 4","Profundo",0,0,"Tarapacá","Dentro del polígono regional","Norte","region_15"
2019-01-21,2019,1,-30.15,-71.22,61,3.9,"Menor a 4","Intermedio",0,0,"Coquimbo","Dentro del polígono regional","Norte","region_7"
2020-12-16,2020,12,-30.74,-71.42,52,4.6,"4.0 a 4.9","Intermedio",0,0,"Coquimbo","Dentro del polígono regional","Norte","region_7"
2021-12-14,2021,12,-29.65,-71.17,56,3.5,"Menor a 4","Intermedio",0,0,"Coquimbo","Dentro del polígono regional","Norte","region_7"
2021-11-18,2021,11,-29.57,-71.25,55,3.9,"Menor a 4","Intermedio",0,0,"Coquimbo","Dentro del polígono regional","Norte","region_7"
2021-12-22,2021,12,-30.08,-71.57,33,3.7,"Menor a 4","Intermedio",0,0,"Coquimbo","Región más cercana","Norte","region_7"
2020-07-07,2020,7,-19.08,-69.5,120,4.3,"4.0 a 4.9","Profundo",0,0,"Tarapacá","Dentro del polígono regional","Norte","region_15"
2021-12-07,2021,12,-18.57,-71.02,31,5.1,"5.0 a 5.9","Intermedio",1,0,"Arica y Parinacota","Región más cercana","Norte","region_3"
2020-07-31,2020,7,-30.31,-71.58,39,4,"4.0 a 4.9","Intermedio",0,0,"Coquimbo","Dentro del polígono regional","Norte","region_7"
2021-09-04,2021,9,-29.86,-71.18,63,3.8,"Menor a 4","Intermedio",0,0,"Coquimbo","Dentro del polígono regional","Norte","region_7"
2021-11-28,2021,11,-32.13,-71.62,35,3.9,"Menor a 4","Intermedio",0,0,"Coquimbo","Región más cercana","Norte","region_7"
2019-03-17,2019,3,-29.96,-71.94,34,4,"4.0 a 4.9","Intermedio",0,0,"Coquimbo","Región más cercana","Norte","region_7"
2022-04-27,2022,4,-19.87,-69.14,101,4.5,"4.0 a 4.9","Profundo",0,0,"Tarapacá","Dentro del polígono regional","Norte","region_15"
2019-12-27,2019,12,-19.13,-69.48,97,4,"4.0 a 4.9","Profundo",0,0,"Tarapacá","Dentro del polígono regional","Norte","region_15"
2018-09-26,2018,9,-30.11,-71.25,45,3.6,"Menor a 4","Intermedio",0,0,"Coquimbo","Dentro del polígono regional","Norte","region_7"
2021-04-21,2021,4,-19.79,-69.06,106,3.9,"Menor a 4","Profundo",0,0,"Tarapacá","Dentro del polígono regional","Norte","region_15"
2022-04-01,2022,4,-29.53,-71.25,54,3.4,"Menor a 4","Intermedio",0,0,"Coquimbo","Dentro del polígono regional","Norte","region_7"
2020-06-13,2020,6,-20.52,-69.1,96,3.7,"Menor a 4","Profundo",0,0,"Tarapacá","Dentro del polígono regional","Norte","region_15"
2019-11-02,2019,11,-21.11,-68.89,108,4.3,"4.0 a 4.9","Profundo",0,0,"Tarapacá","Dentro del polígono regional","Norte","region_15"
2022-04-11,2022,4,-19.16,-70.06,59,4.4,"4.0 a 4.9","Intermedio",0,0,"Tarapacá","Dentro del polígono regional","Norte","region_15"
2022-01-26,2022,1,-18.86,-70.13,80,4.2,"4.0 a 4.9","Profundo",0,0,"Arica y Parinacota","Dentro del polígono regional","Norte","region_3"
2021-11-09,2021,11,-19.64,-69.42,106,3.8,"Menor a 4","Profundo",0,0,"Tarapacá","Dentro del polígono regional","Norte","region_15"
2019-11-09,2019,11,-19.31,-69.39,95,3.8,"Menor a 4","Profundo",0,0,"Tarapacá","Dentro del polígono regional","Norte","region_15"
2020-11-01,2020,11,-18.61,-69.81,79,4.4,"4.0 a 4.9","Profundo",0,0,"Arica y Parinacota","Dentro del polígono regional","Norte","region_3"
2019-06-08,2019,6,-19.55,-69.39,112,3.5,"Menor a 4","Profundo",0,0,"Tarapacá","Dentro del polígono regional","Norte","region_15"
2018-08-17,2018,8,-30.14,-71.59,37,3.7,"Menor a 4","Intermedio",0,0,"Coquimbo","Región más cercana","Norte","region_7"
2023-01-01,2023,1,-22.99,-68.96,106,5.2,"5.0 a 5.9","Profundo",1,0,"Antofagasta","Dentro del polígono regional","Norte","region_1"
2023-01-04,2023,1,-19.18,-69.08,126,5.1,"5.0 a 5.9","Profundo",1,0,"Tarapacá","Dentro del polígono regional","Norte","region_15"
2023-01-12,2023,1,-30.64,-71.31,54,5.8,"5.0 a 5.9","Intermedio",1,0,"Coquimbo","Dentro del polígono regional","Norte","region_7"
2019-09-14,2019,9,-36.41,-72.92,29,3.9,"Menor a 4","Superficial",0,0,"Ñuble","Región más cercana","Sur","region_13"
2020-08-24,2020,8,-36.66,-73.08,21,3.6,"Menor a 4","Superficial",0,0,"Biobío","Región más cercana","Sur","region_6"
2021-02-20,2021,2,-37.47,-72.28,94,4.6,"4.0 a 4.9","Profundo",0,0,"Biobío","Dentro del polígono regional","Sur","region_6"
2022-01-24,2022,1,-36.76,-71.73,21,3.8,"Menor a 4","Superficial",0,0,"Ñuble","Dentro del polígono regional","Sur","region_13"
2022-07-16,2022,7,-37.5,-72.15,76,4.5,"4.0 a 4.9","Profundo",0,0,"Biobío","Dentro del polígono regional","Sur","region_6"
2022-05-17,2022,5,-36.86,-71.38,17,4,"4.0 a 4.9","Superficial",0,0,"Ñuble","Dentro del polígono regional","Sur","region_13"
2021-02-09,2021,2,-37.47,-72.28,68,3.7,"Menor a 4","Intermedio",0,0,"Biobío","Dentro del polígono regional","Sur","region_6"
2022-11-13,2022,11,-37.55,-73.69,27,5,"5.0 a 5.9","Superficial",1,0,"Biobío","Región más cercana","Sur","region_6"
2021-11-09,2021,11,-38.45,-72.41,55,4.1,"4.0 a 4.9","Intermedio",0,0,"Araucanía","Dentro del polígono regional","Sur","region_2"
2022-03-22,2022,3,-36.86,-72.81,35,3.1,"Menor a 4","Intermedio",0,0,"Biobío","Dentro del polígono regional","Sur","region_6"
2023-02-05,2023,2,-29.69,-71.25,78,5.5,"5.0 a 5.9","Profundo",1,0,"Coquimbo","Dentro del polígono regional","Norte","region_7"
2021-06-15,2021,6,-34,-72.11,27,4.6,"4.0 a 4.9","Superficial",0,0,"O'Higgins","Región más cercana","Centro","region_8"
2022-03-27,2022,3,-33.55,-72.19,16,4.3,"4.0 a 4.9","Superficial",0,0,"Valparaíso","Región más cercana","Centro","region_16"
2025-04-08,2025,4,-21.05,-68.56,126,5.2,"5.0 a 5.9","Profundo",1,0,"Tarapacá","Dentro del polígono regional","Norte","region_15"
2025-04-18,2025,4,-23.47,-68.22,139,6,"6.0 o más","Profundo",1,1,"Antofagasta","Dentro del polígono regional","Norte","region_1"
2025-04-24,2025,4,-30.76,-71.9,31,5.4,"5.0 a 5.9","Intermedio",1,0,"Coquimbo","Región más cercana","Norte","region_7"
2025-02-19,2025,2,-19.31,-70.15,54,4.9,"4.0 a 4.9","Intermedio",0,0,"Tarapacá","Dentro del polígono regional","Norte","region_15"
2025-01-17,2025,1,-35.15,-72.17,38,4.6,"4.0 a 4.9","Intermedio",0,0,"Maule","Dentro del polígono regional","Centro","region_12"
2023-08-28,2023,8,-43.77,-73.65,52,5,"5.0 a 5.9","Intermedio",1,0,"Aysén","Región más cercana","Austral","region_5"
2024-08-26,2024,8,-44.87,-73.92,49,5.1,"5.0 a 5.9","Intermedio",1,0,"Aysén","Región más cercana","Austral","region_5"
2024-06-19,2024,6,-24.61,-70.09,49,4.4,"4.0 a 4.9","Intermedio",0,0,"Antofagasta","Dentro del polígono regional","Norte","region_1"
2024-08-05,2024,8,-25.8,-70.4,49,4.1,"4.0 a 4.9","Intermedio",0,0,"Antofagasta","Dentro del polígono regional","Norte","region_1"
2024-10-19,2024,10,-26.27,-69.17,145,4.6,"4.0 a 4.9","Profundo",0,0,"Atacama","Dentro del polígono regional","Norte","region_4"
2024-11-11,2024,11,-25.68,-69.88,85,3.9,"Menor a 4","Profundo",0,0,"Antofagasta","Dentro del polígono regional","Norte","region_1"
2025-02-04,2025,2,-25.01,-70.89,46,4.1,"4.0 a 4.9","Intermedio",0,0,"Antofagasta","Región más cercana","Norte","region_1"
2025-02-13,2025,2,-24.95,-70.73,48,4.6,"4.0 a 4.9","Intermedio",0,0,"Antofagasta","Región más cercana","Norte","region_1"
2024-12-17,2024,12,-26.14,-69.92,52,4.5,"4.0 a 4.9","Intermedio",0,0,"Atacama","Dentro del polígono regional","Norte","region_4"
2024-06-29,2024,6,-24.96,-70.65,66,3.4,"Menor a 4","Intermedio",0,0,"Antofagasta","Región más cercana","Norte","region_1"
2024-09-30,2024,9,-25.19,-70.48,34,3.9,"Menor a 4","Intermedio",0,0,"Antofagasta","Región más cercana","Norte","region_1"
2019-08-01,2019,8,-34.31,-72.42,21,5.4,"5.0 a 5.9","Superficial",1,0,"O'Higgins","Región más cercana","Centro","region_8"
2019-08-01,2019,8,-34.28,-72.51,13,6.6,"6.0 o más","Superficial",1,1,"O'Higgins","Región más cercana","Centro","region_8"
2019-08-02,2019,8,-34.17,-72.12,21,5.4,"5.0 a 5.9","Superficial",1,0,"O'Higgins","Región más cercana","Centro","region_8"
2019-08-28,2019,8,-23.13,-69.23,108,5.2,"5.0 a 5.9","Profundo",1,0,"Antofagasta","Dentro del polígono regional","Norte","region_1"
2019-08-14,2019,8,-20.74,-70.11,30,4.2,"4.0 a 4.9","Intermedio",0,0,"Tarapacá","Región más cercana","Norte","region_15"
2019-08-09,2019,8,-32.14,-70.96,92,5.1,"5.0 a 5.9","Profundo",1,0,"Valparaíso","Dentro del polígono regional","Centro","region_16"
2019-08-12,2019,8,-19.23,-69.73,86,4.2,"4.0 a 4.9","Profundo",0,0,"Tarapacá","Dentro del polígono regional","Norte","region_15"
2019-08-24,2019,8,-31.11,-71.39,67,5.3,"5.0 a 5.9","Intermedio",1,0,"Coquimbo","Dentro del polígono regional","Norte","region_7"
2019-01-31,2019,1,-20.46,-69,102,4,"4.0 a 4.9","Profundo",0,0,"Tarapacá","Dentro del polígono regional","Norte","region_15"
2018-07-02,2018,7,-37.75,-72.74,40,4.3,"4.0 a 4.9","Intermedio",0,0,"Araucanía","Dentro del polígono regional","Sur","region_2"
2018-01-21,2018,1,-36.07,-73.29,32,4.2,"4.0 a 4.9","Intermedio",0,0,"Ñuble","Región más cercana","Sur","region_13"
2019-09-26,2019,9,-40.83,-72.29,140,6,"6.0 o más","Profundo",1,1,"Los Lagos","Dentro del polígono regional","Sur","region_9"
2018-10-02,2018,10,-20.28,-69.3,89,4.1,"4.0 a 4.9","Profundo",0,0,"Tarapacá","Dentro del polígono regional","Norte","region_15"
2019-09-05,2019,9,-36.09,-73.99,20,5,"5.0 a 5.9","Superficial",1,0,"Biobío","Región más cercana","Sur","region_6"
2018-01-21,2018,1,-35.98,-73.46,19,4.7,"4.0 a 4.9","Superficial",0,0,"Ñuble","Región más cercana","Sur","region_13"
2018-12-15,2018,12,-19.88,-71.01,35,4.7,"4.0 a 4.9","Intermedio",0,0,"Tarapacá","Región más cercana","Norte","region_15"
2019-04-24,2019,4,-21.49,-68.52,137,5.3,"5.0 a 5.9","Profundo",1,0,"Antofagasta","Dentro del polígono regional","Norte","region_1"
2018-07-02,2018,7,-36.8,-73.6,28,4.3,"4.0 a 4.9","Superficial",0,0,"Biobío","Región más cercana","Sur","region_6"
2019-09-26,2019,9,-29.88,-71.31,46,5.4,"5.0 a 5.9","Intermedio",1,0,"Coquimbo","Región más cercana","Norte","region_7"
2019-01-28,2019,1,-35.62,-72.97,28,5,"5.0 a 5.9","Superficial",1,0,"Maule","Región más cercana","Centro","region_12"
2018-02-25,2018,2,-37.72,-73.03,45,4.5,"4.0 a 4.9","Intermedio",0,0,"Biobío","Dentro del polígono regional","Sur","region_6"
2019-03-21,2019,3,-36.19,-72.7,67,4.4,"4.0 a 4.9","Intermedio",0,0,"Ñuble","Dentro del polígono regional","Sur","region_13"
2019-03-27,2019,3,-19.27,-70.28,35,4.2,"4.0 a 4.9","Intermedio",0,0,"Tarapacá","Dentro del polígono regional","Norte","region_15"
2019-02-06,2019,2,-19.89,-71.14,37,5,"5.0 a 5.9","Intermedio",1,0,"Tarapacá","Región más cercana","Norte","region_15"
2018-07-05,2018,7,-36.47,-73.24,11,4,"4.0 a 4.9","Superficial",0,0,"Biobío","Región más cercana","Sur","region_6"
2018-12-21,2018,12,-21.05,-68.94,103,4.6,"4.0 a 4.9","Profundo",0,0,"Tarapacá","Dentro del polígono regional","Norte","region_15"
2019-09-11,2019,9,-18.11,-70.13,71,4.5,"4.0 a 4.9","Profundo",0,0,"Arica y Parinacota","Región más cercana","Norte","region_3"
2019-02-07,2019,2,-37.24,-72.78,56,4.3,"4.0 a 4.9","Intermedio",0,0,"Biobío","Dentro del polígono regional","Sur","region_6"
2018-02-08,2018,2,-37.45,-74.22,32,5.1,"5.0 a 5.9","Intermedio",1,0,"Biobío","Región más cercana","Sur","region_6"
2018-10-26,2018,10,-35.64,-73.1,33,4.5,"4.0 a 4.9","Intermedio",0,0,"Maule","Región más cercana","Centro","region_12"
2018-12-10,2018,12,-19.13,-70.42,30,4,"4.0 a 4.9","Intermedio",0,0,"Arica y Parinacota","Región más cercana","Norte","region_3"
2018-10-22,2018,10,-20.55,-69.09,100,4.1,"4.0 a 4.9","Profundo",0,0,"Tarapacá","Dentro del polígono regional","Norte","region_15"
2019-09-30,2019,9,-22.19,-68.82,116,5.6,"5.0 a 5.9","Profundo",1,0,"Antofagasta","Dentro del polígono regional","Norte","region_1"
2018-07-03,2018,7,-37.55,-73,25,4.4,"4.0 a 4.9","Superficial",0,0,"Biobío","Dentro del polígono regional","Sur","region_6"
2019-09-07,2019,9,-19.77,-69.29,94,4.1,"4.0 a 4.9","Profundo",0,0,"Tarapacá","Dentro del polígono regional","Norte","region_15"
2019-09-29,2019,9,-35.47,-73.18,31,6.6,"6.0 o más","Intermedio",1,1,"Maule","Región más cercana","Centro","region_12"
2019-03-14,2019,3,-20.27,-69.15,114,4.1,"4.0 a 4.9","Profundo",0,0,"Tarapacá","Dentro del polígono regional","Norte","region_15"
2019-06-02,2019,6,-23.67,-69.36,86,4.5,"4.0 a 4.9","Profundo",0,0,"Antofagasta","Dentro del polígono regional","Norte","region_1"
2018-08-03,2018,8,-37.53,-73.83,26,4.1,"4.0 a 4.9","Superficial",0,0,"Biobío","Región más cercana","Sur","region_6"
2019-08-01,2019,8,-34.2,-72.19,18,4.6,"4.0 a 4.9","Superficial",0,0,"O'Higgins","Región más cercana","Centro","region_8"
2018-04-06,2018,4,-34.47,-72.54,39,4,"4.0 a 4.9","Intermedio",0,0,"O'Higgins","Región más cercana","Centro","region_8"
2019-06-04,2019,6,-32.16,-71.75,37,4.6,"4.0 a 4.9","Intermedio",0,0,"Valparaíso","Región más cercana","Centro","region_16"
2016-06-12,2016,6,-37.86,-73.65,35,4.5,"4.0 a 4.9","Intermedio",0,0,"Biobío","Región más cercana","Sur","region_6"
2017-09-21,2017,9,-37.93,-73.95,43,4.7,"4.0 a 4.9","Intermedio",0,0,"Biobío","Región más cercana","Sur","region_6"
2018-07-30,2018,7,-34.76,-71.7,46,4.5,"4.0 a 4.9","Intermedio",0,0,"O'Higgins","Dentro del polígono regional","Centro","region_8"
2019-05-23,2019,5,-34.8,-71.81,42,4.2,"4.0 a 4.9","Intermedio",0,0,"O'Higgins","Dentro del polígono regional","Centro","region_8"
2019-03-22,2019,3,-22.9,-68.75,106,4.3,"4.0 a 4.9","Profundo",0,0,"Antofagasta","Dentro del polígono regional","Norte","region_1"
2018-12-08,2018,12,-33.31,-70.36,96,4.2,"4.0 a 4.9","Profundo",0,0,"Región Metropolitana","Dentro del polígono regional","Centro","region_14"
2016-05-10,2016,5,-37.95,-74.38,28,4.8,"4.0 a 4.9","Superficial",0,0,"Biobío","Región más cercana","Sur","region_6"
2019-06-02,2019,6,-32.15,-71.7,30,4.3,"4.0 a 4.9","Intermedio",0,0,"Valparaíso","Región más cercana","Centro","region_16"
2018-10-12,2018,10,-34.73,-71.83,43,4.6,"4.0 a 4.9","Intermedio",0,0,"O'Higgins","Dentro del polígono regional","Centro","region_8"
2016-11-21,2016,11,-37.43,-73.9,42,4.9,"4.0 a 4.9","Intermedio",0,0,"Biobío","Región más cercana","Sur","region_6"
2017-02-19,2017,2,-37.53,-74.05,35,4.4,"4.0 a 4.9","Intermedio",0,0,"Biobío","Región más cercana","Sur","region_6"
2018-06-01,2018,6,-34.96,-71.65,49,4.2,"4.0 a 4.9","Intermedio",0,0,"Maule","Dentro del polígono regional","Centro","region_12"
2018-02-01,2018,2,-37.54,-73.96,26,5.1,"5.0 a 5.9","Superficial",1,0,"Biobío","Región más cercana","Sur","region_6"
2019-03-11,2019,3,-34.34,-70.58,108,4.4,"4.0 a 4.9","Profundo",0,0,"O'Higgins","Dentro del polígono regional","Centro","region_8"
2019-05-06,2019,5,-22.79,-69.15,114,4.9,"4.0 a 4.9","Profundo",0,0,"Antofagasta","Dentro del polígono regional","Norte","region_1"
2017-09-17,2017,9,-35.72,-71.64,88,4.2,"4.0 a 4.9","Profundo",0,0,"Maule","Dentro del polígono regional","Centro","region_12"
2019-04-12,2019,4,-32.24,-71.63,61,4,"4.0 a 4.9","Intermedio",0,0,"Valparaíso","Región más cercana","Centro","region_16"
2017-09-24,2017,9,-35.18,-71.83,45,4.6,"4.0 a 4.9","Intermedio",0,0,"Maule","Dentro del polígono regional","Centro","region_12"
2017-12-26,2017,12,-32.77,-70.2,112,4.2,"4.0 a 4.9","Profundo",0,0,"Valparaíso","Dentro del polígono regional","Centro","region_16"
2019-04-29,2019,4,-32.65,-71.68,29,4.2,"4.0 a 4.9","Superficial",0,0,"Valparaíso","Región más cercana","Centro","region_16"
2019-01-17,2019,1,-22.19,-68.86,95,4.2,"4.0 a 4.9","Profundo",0,0,"Antofagasta","Dentro del polígono regional","Norte","region_1"
2018-08-22,2018,8,-23.41,-69.55,70,4.2,"4.0 a 4.9","Profundo",0,0,"Antofagasta","Dentro del polígono regional","Norte","region_1"
2018-10-17,2018,10,-23.39,-69.81,48,4.4,"4.0 a 4.9","Intermedio",0,0,"Antofagasta","Dentro del polígono regional","Norte","region_1"
2015-06-20,2015,6,-36.24,-73.97,23,6,"6.0 o más","Superficial",1,1,"Biobío","Región más cercana","Sur","region_6"
2017-09-19,2017,9,-37.22,-74.26,26,4.9,"4.0 a 4.9","Superficial",0,0,"Biobío","Región más cercana","Sur","region_6"
2017-11-08,2017,11,-33.2,-70.45,99,4,"4.0 a 4.9","Profundo",0,0,"Región Metropolitana","Dentro del polígono regional","Centro","region_14"
2017-02-20,2017,2,-37.59,-73.63,43,4,"4.0 a 4.9","Intermedio",0,0,"Biobío","Dentro del polígono regional","Sur","region_6"
2017-12-06,2017,12,-37.43,-74.35,22,4.3,"4.0 a 4.9","Superficial",0,0,"Biobío","Región más cercana","Sur","region_6"
2017-02-19,2017,2,-37.47,-74.05,38,4.3,"4.0 a 4.9","Intermedio",0,0,"Biobío","Región más cercana","Sur","region_6"
2017-03-30,2017,3,-37.07,-74.21,19,4.7,"4.0 a 4.9","Superficial",0,0,"Biobío","Región más cercana","Sur","region_6"
2019-03-24,2019,3,-22.79,-68.86,105,4.4,"4.0 a 4.9","Profundo",0,0,"Antofagasta","Dentro del polígono regional","Norte","region_1"
2018-10-18,2018,10,-22.62,-68.62,116,4.8,"4.0 a 4.9","Profundo",0,0,"Antofagasta","Dentro del polígono regional","Norte","region_1"
2016-05-28,2016,5,-37.52,-74.03,36,4.2,"4.0 a 4.9","Intermedio",0,0,"Biobío","Región más cercana","Sur","region_6"
2019-01-21,2019,1,-33.87,-70.36,116,4.6,"4.0 a 4.9","Profundo",0,0,"Región Metropolitana","Dentro del polígono regional","Centro","region_14"
2017-01-14,2017,1,-37.56,-73.61,37,4.3,"4.0 a 4.9","Intermedio",0,0,"Biobío","Dentro del polígono regional","Sur","region_6"
2018-06-03,2018,6,-34.2,-72.23,31,4.3,"4.0 a 4.9","Intermedio",0,0,"O'Higgins","Región más cercana","Centro","region_8"
2019-01-17,2019,1,-33.32,-70.23,111,4.1,"4.0 a 4.9","Profundo",0,0,"Región Metropolitana","Dentro del polígono regional","Centro","region_14"
2018-12-31,2018,12,-22.19,-68.72,114,4.5,"4.0 a 4.9","Profundo",0,0,"Antofagasta","Dentro del polígono regional","Norte","region_1"
2017-05-03,2017,5,-37.74,-73.9,15,4,"4.0 a 4.9","Superficial",0,0,"Biobío","Región más cercana","Sur","region_6"
2017-02-01,2017,2,-37.34,-73.66,45,4.4,"4.0 a 4.9","Intermedio",0,0,"Biobío","Dentro del polígono regional","Sur","region_6"
2018-06-03,2018,6,-23.51,-69.25,107,4.4,"4.0 a 4.9","Profundo",0,0,"Antofagasta","Dentro del polígono regional","Norte","region_1"
2018-12-13,2018,12,-23.2,-69.26,86,4.1,"4.0 a 4.9","Profundo",0,0,"Antofagasta","Dentro del polígono regional","Norte","region_1"
2019-08-02,2019,8,-34.25,-72.33,12,4.3,"4.0 a 4.9","Superficial",0,0,"O'Higgins","Región más cercana","Centro","region_8"
2018-12-11,2018,12,-34.98,-71.13,101,4.6,"4.0 a 4.9","Profundo",0,0,"Maule","Dentro del polígono regional","Centro","region_12"
2017-02-19,2017,2,-37.59,-73.73,32,4,"4.0 a 4.9","Intermedio",0,0,"Biobío","Región más cercana","Sur","region_6"
2017-11-06,2017,11,-34.68,-70.79,99,4.4,"4.0 a 4.9","Profundo",0,0,"O'Higgins","Dentro del polígono regional","Centro","region_8"
2019-07-14,2019,7,-33.13,-70.56,97,4.5,"4.0 a 4.9","Profundo",0,0,"Región Metropolitana","Dentro del polígono regional","Centro","region_14"
2017-09-26,2017,9,-37.44,-74.14,32,4.7,"4.0 a 4.9","Intermedio",0,0,"Biobío","Región más cercana","Sur","region_6"
2019-02-05,2019,2,-23,-69.36,87,4.4,"4.0 a 4.9","Profundo",0,0,"Antofagasta","Dentro del polígono regional","Norte","region_1"
2018-11-10,2018,11,-24.07,-69.05,115,4.7,"4.0 a 4.9","Profundo",0,0,"Antofagasta","Dentro del polígono regional","Norte","region_1"
2019-04-07,2019,4,-33.77,-72.62,10,4.8,"4.0 a 4.9","Superficial",0,0,"O'Higgins","Región más cercana","Centro","region_8"
2019-03-21,2019,3,-22.71,-68.61,110,4.4,"4.0 a 4.9","Profundo",0,0,"Antofagasta","Dentro del polígono regional","Norte","region_1"
2018-01-26,2018,1,-37.49,-74.26,22,5.1,"5.0 a 5.9","Superficial",1,0,"Biobío","Región más cercana","Sur","region_6"
2019-06-10,2019,6,-22.33,-68.67,103,4.6,"4.0 a 4.9","Profundo",0,0,"Antofagasta","Dentro del polígono regional","Norte","region_1"
2019-01-25,2019,1,-33.55,-70.3,113,4.3,"4.0 a 4.9","Profundo",0,0,"Región Metropolitana","Dentro del polígono regional","Centro","region_14"
2018-08-05,2018,8,-34.59,-71.7,41,4.1,"4.0 a 4.9","Intermedio",0,0,"O'Higgins","Dentro del polígono regional","Centro","region_8"
2018-04-17,2018,4,-34.06,-70.48,106,4.5,"4.0 a 4.9","Profundo",0,0,"O'Higgins","Dentro del polígono regional","Centro","region_8"
2017-02-01,2017,2,-37.31,-73.44,60,4.9,"4.0 a 4.9","Intermedio",0,0,"Biobío","Dentro del polígono regional","Sur","region_6"
2018-09-17,2018,9,-22.77,-68.89,100,4.2,"4.0 a 4.9","Profundo",0,0,"Antofagasta","Dentro del polígono regional","Norte","region_1"
2017-12-06,2017,12,-37.49,-74.62,35,4.7,"4.0 a 4.9","Intermedio",0,0,"Biobío","Región más cercana","Sur","region_6"
2019-01-24,2019,1,-35,-71.81,49,4.1,"4.0 a 4.9","Intermedio",0,0,"Maule","Dentro del polígono regional","Centro","region_12"
2018-02-06,2018,2,-34.79,-71.7,51,4.4,"4.0 a 4.9","Intermedio",0,0,"O'Higgins","Dentro del polígono regional","Centro","region_8"
2016-10-14,2016,10,-37.53,-73.86,50,5,"5.0 a 5.9","Intermedio",1,0,"Biobío","Región más cercana","Sur","region_6"
2017-02-19,2017,2,-37.55,-73.95,40,4.8,"4.0 a 4.9","Intermedio",0,0,"Biobío","Región más cercana","Sur","region_6"
2018-08-10,2018,8,-35.63,-71.49,87,4,"4.0 a 4.9","Profundo",0,0,"Maule","Dentro del polígono regional","Centro","region_12"
2019-04-19,2019,4,-22.91,-69.02,90,4.2,"4.0 a 4.9","Profundo",0,0,"Antofagasta","Dentro del polígono regional","Norte","region_1"
2017-09-16,2017,9,-37.21,-74.32,27,4.8,"4.0 a 4.9","Superficial",0,0,"Biobío","Región más cercana","Sur","region_6"
2018-05-06,2018,5,-34.29,-72.26,35,5,"5.0 a 5.9","Intermedio",1,0,"O'Higgins","Región más cercana","Centro","region_8"
2017-02-19,2017,2,-37.52,-74.01,39,4.7,"4.0 a 4.9","Intermedio",0,0,"Biobío","Región más cercana","Sur","region_6"
2018-01-26,2018,1,-37.58,-73.93,21,4.8,"4.0 a 4.9","Superficial",0,0,"Biobío","Región más cercana","Sur","region_6"
2019-03-02,2019,3,-33.67,-72.5,16,5.3,"5.0 a 5.9","Superficial",1,0,"O'Higgins","Región más cercana","Centro","region_8"
2019-06-14,2019,6,-32.98,-70.72,85,4.4,"4.0 a 4.9","Profundo",0,0,"Región Metropolitana","Dentro del polígono regional","Centro","region_14"
2017-02-19,2017,2,-37.44,-74.18,24,4.5,"4.0 a 4.9","Superficial",0,0,"Biobío","Región más cercana","Sur","region_6"
2019-05-16,2019,5,-34.47,-71.96,28,4,"4.0 a 4.9","Superficial",0,0,"O'Higgins","Dentro del polígono regional","Centro","region_8"
2018-12-31,2018,12,-23.13,-69.12,89,4.1,"4.0 a 4.9","Profundo",0,0,"Antofagasta","Dentro del polígono regional","Norte","region_1"
2019-04-03,2019,4,-32.89,-70.39,97,4.1,"4.0 a 4.9","Profundo",0,0,"Valparaíso","Dentro del polígono regional","Centro","region_16"
2019-02-09,2019,2,-22.83,-68.72,110,4.6,"4.0 a 4.9","Profundo",0,0,"Antofagasta","Dentro del polígono regional","Norte","region_1"
2017-02-20,2017,2,-37.55,-73.74,44,4.2,"4.0 a 4.9","Intermedio",0,0,"Biobío","Región más cercana","Sur","region_6"
2019-10-08,2019,10,-18.1,-69.75,128,4.6,"4.0 a 4.9","Profundo",0,0,"Arica y Parinacota","Dentro del polígono regional","Norte","region_3"
2019-10-21,2019,10,-38.95,-72.85,60,5,"5.0 a 5.9","Intermedio",1,0,"Araucanía","Dentro del polígono regional","Sur","region_2"
2019-10-06,2019,10,-21.9,-68.61,114,5.7,"5.0 a 5.9","Profundo",1,0,"Antofagasta","Dentro del polígono regional","Norte","region_1"
2019-10-28,2019,10,-30.23,-69.16,28,5.4,"5.0 a 5.9","Superficial",1,0,"Coquimbo","Región más cercana","Norte","region_7"
2018-05-22,2018,5,-41.38,-73.75,50,4.1,"4.0 a 4.9","Intermedio",0,0,"Los Lagos","Dentro del polígono regional","Sur","region_9"
2019-11-29,2019,11,-21.34,-68.93,121,5.1,"5.0 a 5.9","Profundo",1,0,"Antofagasta","Dentro del polígono regional","Norte","region_1"
2019-11-03,2019,11,-30.73,-72.11,14,5.3,"5.0 a 5.9","Superficial",1,0,"Coquimbo","Región más cercana","Norte","region_7"
2015-12-10,2015,12,-35.83,-73.74,20,4,"4.0 a 4.9","Superficial",0,0,"Maule","Región más cercana","Centro","region_12"
2019-11-04,2019,11,-21.39,-70.44,42,4.9,"4.0 a 4.9","Intermedio",0,0,"Antofagasta","Región más cercana","Norte","region_1"
2019-11-04,2019,11,-31.81,-71.34,56,6.1,"6.0 o más","Intermedio",1,1,"Coquimbo","Dentro del polígono regional","Norte","region_7"
2018-10-16,2018,10,-42.09,-72.85,88,4.1,"4.0 a 4.9","Profundo",0,0,"Los Lagos","Región más cercana","Sur","region_9"
2019-01-18,2019,1,-40.57,-73.05,51,4,"4.0 a 4.9","Intermedio",0,0,"Los Lagos","Dentro del polígono regional","Sur","region_9"
2016-02-09,2016,2,-36.83,-73.77,26,4.3,"4.0 a 4.9","Superficial",0,0,"Biobío","Región más cercana","Sur","region_6"
2019-11-07,2019,11,-20.48,-69.05,108,4.4,"4.0 a 4.9","Profundo",0,0,"Tarapacá","Dentro del polígono regional","Norte","region_15"
2018-09-19,2018,9,-39.8,-72.99,65,4.4,"4.0 a 4.9","Intermedio",0,0,"Los Ríos","Dentro del polígono regional","Sur","region_10"
2018-08-07,2018,8,-38.3,-73.65,54,4.1,"4.0 a 4.9","Intermedio",0,0,"Biobío","Región más cercana","Sur","region_6"
2019-11-22,2019,11,-32.72,-70.17,113,5.3,"5.0 a 5.9","Profundo",1,0,"Valparaíso","Dentro del polígono regional","Centro","region_16"
2018-09-04,2018,9,-39.79,-71.76,142,4.7,"4.0 a 4.9","Profundo",0,0,"Los Ríos","Dentro del polígono regional","Sur","region_10"
2019-05-22,2019,5,-40.48,-72.94,46,4.8,"4.0 a 4.9","Intermedio",0,0,"Los Lagos","Dentro del polígono regional","Sur","region_9"
2019-02-28,2019,2,-42.75,-74.32,39,4.5,"4.0 a 4.9","Intermedio",0,0,"Los Lagos","Región más cercana","Sur","region_9"
2019-08-24,2019,8,-43.24,-74.18,36,4.8,"4.0 a 4.9","Intermedio",0,0,"Los Lagos","Dentro del polígono regional","Sur","region_9"
2017-12-08,2017,12,-40.34,-72.59,81,4,"4.0 a 4.9","Profundo",0,0,"Los Ríos","Dentro del polígono regional","Sur","region_10"
2019-09-21,2019,9,-22.11,-68.61,125,4.6,"4.0 a 4.9","Profundo",0,0,"Antofagasta","Dentro del polígono regional","Norte","region_1"
2019-09-12,2019,9,-22.13,-68.64,114,4.6,"4.0 a 4.9","Profundo",0,0,"Antofagasta","Dentro del polígono regional","Norte","region_1"
2019-11-05,2019,11,-20.18,-69.2,91,4,"4.0 a 4.9","Profundo",0,0,"Tarapacá","Dentro del polígono regional","Norte","region_15"
2019-12-26,2019,12,-21.05,-70.39,53,4.2,"4.0 a 4.9","Intermedio",0,0,"Tarapacá","Región más cercana","Norte","region_15"
2019-08-12,2019,8,-20.71,-69.22,107,4.9,"4.0 a 4.9","Profundo",0,0,"Tarapacá","Dentro del polígono regional","Norte","region_15"
2019-12-03,2019,12,-18.53,-70.72,44,6,"6.0 o más","Intermedio",1,1,"Arica y Parinacota","Región más cercana","Norte","region_3"
2019-10-29,2019,10,-21.25,-68.87,119,4.5,"4.0 a 4.9","Profundo",0,0,"Tarapacá","Dentro del polígono regional","Norte","region_15"
2019-09-08,2019,9,-20.32,-70.03,74,4.4,"4.0 a 4.9","Profundo",0,0,"Tarapacá","Dentro del polígono regional","Norte","region_15"
2019-08-28,2019,8,-20.56,-70.36,32,4.9,"4.0 a 4.9","Intermedio",0,0,"Tarapacá","Región más cercana","Norte","region_15"
2019-12-18,2019,12,-20.25,-69.16,95,5.2,"5.0 a 5.9","Profundo",1,0,"Tarapacá","Dentro del polígono regional","Norte","region_15"
2019-11-27,2019,11,-20.35,-70.41,43,4.3,"4.0 a 4.9","Intermedio",0,0,"Tarapacá","Región más cercana","Norte","region_15"
2022-10-04,2022,10,-22.22,-68.8,111,5,"5.0 a 5.9","Profundo",1,0,"Antofagasta","Dentro del polígono regional","Norte","region_1"
2022-10-18,2022,10,-30.7,-71.38,42,5.5,"5.0 a 5.9","Intermedio",1,0,"Coquimbo","Dentro del polígono regional","Norte","region_7"
2022-10-23,2022,10,-21.98,-68.92,112,5.2,"5.0 a 5.9","Profundo",1,0,"Antofagasta","Dentro del polígono regional","Norte","region_1"
2021-09-28,2021,9,-29.43,-71.27,50,4,"4.0 a 4.9","Intermedio",0,0,"Coquimbo","Dentro del polígono regional","Norte","region_7"
2021-10-30,2021,10,-30.27,-71.28,63,3.9,"Menor a 4","Intermedio",0,0,"Coquimbo","Dentro del polígono regional","Norte","region_7"
2021-12-14,2021,12,-29.63,-71.28,57,3.9,"Menor a 4","Intermedio",0,0,"Coquimbo","Dentro del polígono regional","Norte","region_7"
2022-01-31,2022,1,-29.95,-71.94,35,4.4,"4.0 a 4.9","Intermedio",0,0,"Coquimbo","Región más cercana","Norte","region_7"
2022-06-25,2022,6,-29.57,-71.36,70,4.9,"4.0 a 4.9","Profundo",0,0,"Coquimbo","Región más cercana","Norte","region_7"
2022-08-19,2022,8,-28.79,-71.35,49,4.8,"4.0 a 4.9","Intermedio",0,0,"Atacama","Dentro del polígono regional","Norte","region_4"
2022-08-20,2022,8,-30.1,-71.2,72,4.3,"4.0 a 4.9","Profundo",0,0,"Coquimbo","Dentro del polígono regional","Norte","region_7"
2022-08-27,2022,8,-29.55,-71.32,76,4,"4.0 a 4.9","Profundo",0,0,"Coquimbo","Dentro del polígono regional","Norte","region_7"
2022-08-27,2022,8,-28.77,-71.01,50,4.7,"4.0 a 4.9","Intermedio",0,0,"Atacama","Dentro del polígono regional","Norte","region_4"
2020-10-06,2020,10,-32.23,-70.82,94,4.2,"4.0 a 4.9","Profundo",0,0,"Valparaíso","Dentro del polígono regional","Centro","region_16"
2022-08-08,2022,8,-32.68,-71.88,32,4.9,"4.0 a 4.9","Intermedio",0,0,"Valparaíso","Región más cercana","Centro","region_16"
2022-08-29,2022,8,-33.57,-70.8,91,4.5,"4.0 a 4.9","Profundo",0,0,"Región Metropolitana","Dentro del polígono regional","Centro","region_14"
2022-09-11,2022,9,-33.21,-70.96,74,4.6,"4.0 a 4.9","Profundo",0,0,"Región Metropolitana","Dentro del polígono regional","Centro","region_14"
2022-01-29,2022,1,-33.55,-70.39,20,3,"Menor a 4","Superficial",0,0,"Región Metropolitana","Dentro del polígono regional","Centro","region_14"
2022-03-03,2022,3,-33.49,-70.47,105,4.5,"4.0 a 4.9","Profundo",0,0,"Región Metropolitana","Dentro del polígono regional","Centro","region_14"
2019-12-04,2019,12,-33,-70.05,9,3.3,"Menor a 4","Superficial",0,0,"Valparaíso","Dentro del polígono regional","Centro","region_16"
2020-08-15,2020,8,-33.22,-70.06,16,3.4,"Menor a 4","Superficial",0,0,"Región Metropolitana","Dentro del polígono regional","Centro","region_14"
2020-08-16,2020,8,-33.19,-70.03,16,3.5,"Menor a 4","Superficial",0,0,"Región Metropolitana","Región más cercana","Centro","region_14"
2020-08-17,2020,8,-33.19,-70.02,20,3.8,"Menor a 4","Superficial",0,0,"Región Metropolitana","Región más cercana","Centro","region_14"
2021-05-28,2021,5,-32.81,-70.18,114,4.4,"4.0 a 4.9","Profundo",0,0,"Valparaíso","Dentro del polígono regional","Centro","region_16"
2022-09-05,2022,9,-33.48,-72.21,23,4.7,"4.0 a 4.9","Superficial",0,0,"Valparaíso","Región más cercana","Centro","region_16"
2022-09-19,2022,9,-33.31,-71.72,40,4,"4.0 a 4.9","Intermedio",0,0,"Valparaíso","Región más cercana","Centro","region_16"
2022-03-30,2022,3,-33.49,-70.04,20,3.7,"Menor a 4","Superficial",0,0,"Región Metropolitana","Dentro del polígono regional","Centro","region_14"
2022-08-22,2022,8,-34.78,-71.7,43,4.2,"4.0 a 4.9","Intermedio",0,0,"O'Higgins","Dentro del polígono regional","Centro","region_8"
2022-08-28,2022,8,-35.12,-71.88,45,4.7,"4.0 a 4.9","Intermedio",0,0,"Maule","Dentro del polígono regional","Centro","region_12"
2022-08-21,2022,8,-35.34,-72.03,70,4.2,"4.0 a 4.9","Profundo",0,0,"Maule","Dentro del polígono regional","Centro","region_12"
2022-08-31,2022,8,-36.24,-71.85,71,4.7,"4.0 a 4.9","Profundo",0,0,"Maule","Dentro del polígono regional","Centro","region_12"
2019-12-11,2019,12,-34.81,-72.46,22,4.3,"4.0 a 4.9","Superficial",0,0,"Maule","Región más cercana","Centro","region_12"
2021-05-20,2021,5,-34.91,-71.84,44,3.8,"Menor a 4","Intermedio",0,0,"Maule","Dentro del polígono regional","Centro","region_12"
2020-04-26,2020,4,-35.16,-70.65,20,3.2,"Menor a 4","Superficial",0,0,"Maule","Dentro del polígono regional","Centro","region_12"
2019-03-02,2019,3,-36.07,-72.19,60,3.7,"Menor a 4","Intermedio",0,0,"Maule","Dentro del polígono regional","Centro","region_12"
2021-08-26,2021,8,-36.29,-71.61,98,4.4,"4.0 a 4.9","Profundo",0,0,"Maule","Dentro del polígono regional","Centro","region_12"
2021-08-03,2021,8,-30,-71.28,56,3,"Menor a 4","Intermedio",0,0,"Coquimbo","Dentro del polígono regional","Norte","region_7"
2021-09-01,2021,9,-30.06,-71.3,64,3.1,"Menor a 4","Intermedio",0,0,"Coquimbo","Dentro del polígono regional","Norte","region_7"
2021-09-28,2021,9,-29.41,-71.31,45,3.5,"Menor a 4","Intermedio",0,0,"Coquimbo","Dentro del polígono regional","Norte","region_7"
2022-08-09,2022,8,-29.45,-71.21,58,4.2,"4.0 a 4.9","Intermedio",0,0,"Coquimbo","Dentro del polígono regional","Norte","region_7"
2022-09-01,2022,9,-29.71,-71.18,46,3.1,"Menor a 4","Intermedio",0,0,"Coquimbo","Dentro del polígono regional","Norte","region_7"
2021-06-14,2021,6,-33.91,-71.44,51,3.5,"Menor a 4","Intermedio",0,0,"Región Metropolitana","Dentro del polígono regional","Centro","region_14"
2021-06-04,2021,6,-35.15,-70.62,19,3,"Menor a 4","Superficial",0,0,"Maule","Dentro del polígono regional","Centro","region_12"
2022-11-02,2022,11,-22.33,-68.88,119,5.3,"5.0 a 5.9","Profundo",1,0,"Antofagasta","Dentro del polígono regional","Norte","region_1"
2022-11-08,2022,11,-33.66,-70.77,92,5.3,"5.0 a 5.9","Profundo",1,0,"Región Metropolitana","Dentro del polígono regional","Centro","region_14"
2022-11-13,2022,11,-37.53,-73.82,45,5.3,"5.0 a 5.9","Intermedio",1,0,"Biobío","Región más cercana","Sur","region_6"
2022-11-13,2022,11,-37.56,-73.69,24,6.1,"6.0 o más","Superficial",1,1,"Biobío","Región más cercana","Sur","region_6"
2022-11-23,2022,11,-35.37,-71.37,84,5.1,"5.0 a 5.9","Profundo",1,0,"Maule","Dentro del polígono regional","Centro","region_12"
2021-06-17,2021,6,-40.07,-72.43,11,3.4,"Menor a 4","Superficial",0,0,"Los Ríos","Dentro del polígono regional","Sur","region_10"
2021-02-14,2021,2,-39.79,-71.95,4,3.8,"Menor a 4","Superficial",0,0,"Los Ríos","Dentro del polígono regional","Sur","region_10"
2021-02-14,2021,2,-39.78,-71.94,4,3.1,"Menor a 4","Superficial",0,0,"Los Ríos","Dentro del polígono regional","Sur","region_10"
2020-11-16,2020,11,-40.07,-72.41,11,3.1,"Menor a 4","Superficial",0,0,"Los Ríos","Dentro del polígono regional","Sur","region_10"
2023-04-04,2023,4,-27.46,-71.01,53,5.7,"5.0 a 5.9","Intermedio",1,0,"Atacama","Región más cercana","Norte","region_4"
2023-04-27,2023,4,-35.61,-71.45,93,5.1,"5.0 a 5.9","Profundo",1,0,"Maule","Dentro del polígono regional","Centro","region_12"
2022-08-02,2022,8,-29.96,-71.98,38,4,"4.0 a 4.9","Intermedio",0,0,"Coquimbo","Región más cercana","Norte","region_7"
2022-08-14,2022,8,-30.73,-71.33,47,4.6,"4.0 a 4.9","Intermedio",0,0,"Coquimbo","Dentro del polígono regional","Norte","region_7"
2022-10-15,2022,10,-32.71,-71.25,60,4.8,"4.0 a 4.9","Intermedio",0,0,"Valparaíso","Dentro del polígono regional","Centro","region_16"
2022-11-19,2022,11,-33.26,-71.11,77,4.4,"4.0 a 4.9","Profundo",0,0,"Región Metropolitana","Dentro del polígono regional","Centro","region_14"
2022-11-19,2022,11,-32.4,-71.73,29,4.6,"4.0 a 4.9","Superficial",0,0,"Valparaíso","Región más cercana","Centro","region_16"
2022-12-03,2022,12,-32.83,-71.85,40,4.4,"4.0 a 4.9","Intermedio",0,0,"Valparaíso","Región más cercana","Centro","region_16"
2022-12-31,2022,12,-32.28,-71.52,49,4.7,"4.0 a 4.9","Intermedio",0,0,"Valparaíso","Región más cercana","Centro","region_16"
2023-01-05,2023,1,-32.7,-71.24,62,4.2,"4.0 a 4.9","Intermedio",0,0,"Valparaíso","Dentro del polígono regional","Centro","region_16"
2023-01-14,2023,1,-32.92,-71.69,32,3.2,"Menor a 4","Intermedio",0,0,"Valparaíso","Región más cercana","Centro","region_16"
2023-02-05,2023,2,-32.74,-71.68,36,4,"4.0 a 4.9","Intermedio",0,0,"Valparaíso","Región más cercana","Centro","region_16"
2022-08-08,2022,8,-30.14,-71.32,64,3.2,"Menor a 4","Intermedio",0,0,"Coquimbo","Dentro del polígono regional","Norte","region_7"
2023-01-08,2023,1,-33.04,-71.35,59,4.2,"4.0 a 4.9","Intermedio",0,0,"Valparaíso","Dentro del polígono regional","Centro","region_16"
2019-06-08,2019,6,-39.37,-72.39,84,4.4,"4.0 a 4.9","Profundo",0,0,"Araucanía","Dentro del polígono regional","Sur","region_2"
2020-01-16,2020,1,-19.89,-69.24,96,4.8,"4.0 a 4.9","Profundo",0,0,"Tarapacá","Dentro del polígono regional","Norte","region_15"
2020-01-12,2020,1,-20.86,-70.17,53,4.9,"4.0 a 4.9","Intermedio",0,0,"Tarapacá","Región más cercana","Norte","region_15"
2020-01-13,2020,1,-26.24,-70.61,56,5,"5.0 a 5.9","Intermedio",1,0,"Atacama","Dentro del polígono regional","Norte","region_4"
2020-01-08,2020,1,-20.43,-68.93,116,5.2,"5.0 a 5.9","Profundo",1,0,"Tarapacá","Dentro del polígono regional","Norte","region_15"
2019-06-24,2019,6,-38.67,-73.18,35,4.4,"4.0 a 4.9","Intermedio",0,0,"Araucanía","Dentro del polígono regional","Sur","region_2"
2019-11-30,2019,11,-32.73,-71.77,29,4.1,"4.0 a 4.9","Superficial",0,0,"Valparaíso","Región más cercana","Centro","region_16"
2020-02-18,2020,2,-20.75,-69.32,87,4.7,"4.0 a 4.9","Profundo",0,0,"Tarapacá","Dentro del polígono regional","Norte","region_15"
2020-02-25,2020,2,-22.96,-69.44,85,4.6,"4.0 a 4.9","Profundo",0,0,"Antofagasta","Dentro del polígono regional","Norte","region_1"
2019-04-02,2019,4,-51.22,-72.2,3,4.6,"4.0 a 4.9","Superficial",0,0,"Magallanes y Antártica Chilena","Región más cercana","Austral","region_11"
2020-02-13,2020,2,-29.68,-71.43,67,5,"5.0 a 5.9","Intermedio",1,0,"Coquimbo","Región más cercana","Norte","region_7"
2017-02-01,2017,2,-20.43,-69.14,96,4,"4.0 a 4.9","Profundo",0,0,"Tarapacá","Dentro del polígono regional","Norte","region_15"
2017-02-01,2017,2,-30.11,-71.27,86,4,"4.0 a 4.9","Profundo",0,0,"Coquimbo","Dentro del polígono regional","Norte","region_7"
2019-11-29,2019,11,-32.73,-71.77,37,4.7,"4.0 a 4.9","Intermedio",0,0,"Valparaíso","Región más cercana","Centro","region_16"
2020-02-23,2020,2,-30.44,-71.63,36,5,"5.0 a 5.9","Intermedio",1,0,"Coquimbo","Dentro del polígono regional","Norte","region_7"
2019-04-03,2019,4,-51.2,-72.2,10,4,"4.0 a 4.9","Superficial",0,0,"Magallanes y Antártica Chilena","Región más cercana","Austral","region_11"
2020-02-27,2020,2,-29.52,-71.06,74,5,"5.0 a 5.9","Profundo",1,0,"Coquimbo","Dentro del polígono regional","Norte","region_7"
2020-02-16,2020,2,-21.91,-68.73,130,5.4,"5.0 a 5.9","Profundo",1,0,"Antofagasta","Dentro del polígono regional","Norte","region_1"
2020-02-08,2020,2,-20.84,-68.7,110,5.2,"5.0 a 5.9","Profundo",1,0,"Tarapacá","Dentro del polígono regional","Norte","region_15"
2020-02-13,2020,2,-22.71,-69.09,85,4.5,"4.0 a 4.9","Profundo",0,0,"Antofagasta","Dentro del polígono regional","Norte","region_1"
2020-03-13,2020,3,-19.96,-69.44,112,5.4,"5.0 a 5.9","Profundo",1,0,"Tarapacá","Dentro del polígono regional","Norte","region_15"
2019-02-12,2019,2,-20.27,-69.93,53,3.3,"Menor a 4","Intermedio",0,0,"Tarapacá","Dentro del polígono regional","Norte","region_15"
2019-02-18,2019,2,-23.3,-70.87,49,3.7,"Menor a 4","Intermedio",0,0,"Antofagasta","Región más cercana","Norte","region_1"
2019-04-03,2019,4,-20.84,-69.98,72,3.8,"Menor a 4","Profundo",0,0,"Tarapacá","Dentro del polígono regional","Norte","region_15"
2019-08-20,2019,8,-23.37,-69.62,67,4.4,"4.0 a 4.9","Intermedio",0,0,"Antofagasta","Dentro del polígono regional","Norte","region_1"
2018-09-10,2018,9,-20.13,-70.02,54,3.7,"Menor a 4","Intermedio",0,0,"Tarapacá","Dentro del polígono regional","Norte","region_15"
2020-03-23,2020,3,-18.86,-70.04,67,4.6,"4.0 a 4.9","Intermedio",0,0,"Arica y Parinacota","Dentro del polígono regional","Norte","region_3"
2019-12-04,2019,12,-22.54,-69.19,81,4.1,"4.0 a 4.9","Profundo",0,0,"Antofagasta","Dentro del polígono regional","Norte","region_1"
2019-06-15,2019,6,-20.12,-69.22,91,3.9,"Menor a 4","Profundo",0,0,"Tarapacá","Dentro del polígono regional","Norte","region_15"
2019-09-17,2019,9,-19.33,-70.19,42,3.7,"Menor a 4","Intermedio",0,0,"Tarapacá","Dentro del polígono regional","Norte","region_15"
2018-09-13,2018,9,-20.82,-69.44,90,3.8,"Menor a 4","Profundo",0,0,"Tarapacá","Dentro del polígono regional","Norte","region_15"
2020-02-17,2020,2,-22.59,-69.9,42,3.8,"Menor a 4","Intermedio",0,0,"Antofagasta","Dentro del polígono regional","Norte","region_1"
2019-04-16,2019,4,-20.13,-70.12,45,3.3,"Menor a 4","Intermedio",0,0,"Tarapacá","Región más cercana","Norte","region_15"
2020-02-11,2020,2,-24.77,-70.76,55,5.1,"5.0 a 5.9","Intermedio",1,0,"Antofagasta","Región más cercana","Norte","region_1"
2019-10-30,2019,10,-19.2,-70.15,56,3.7,"Menor a 4","Intermedio",0,0,"Tarapacá","Dentro del polígono regional","Norte","region_15"
2019-09-10,2019,9,-19.83,-70.25,76,3.9,"Menor a 4","Profundo",0,0,"Tarapacá","Región más cercana","Norte","region_15"
2019-09-18,2019,9,-19.14,-70.22,71,4.5,"4.0 a 4.9","Profundo",0,0,"Arica y Parinacota","Dentro del polígono regional","Norte","region_3"
2019-11-19,2019,11,-19.47,-70.12,37,3.2,"Menor a 4","Intermedio",0,0,"Tarapacá","Dentro del polígono regional","Norte","region_15"
2020-03-25,2020,3,-18.49,-69.14,4,3.1,"Menor a 4","Superficial",0,0,"Arica y Parinacota","Dentro del polígono regional","Norte","region_3"
2019-07-12,2019,7,-20.77,-70.42,28,4.7,"4.0 a 4.9","Superficial",0,0,"Tarapacá","Región más cercana","Norte","region_15"
2019-08-07,2019,8,-20.5,-68.91,102,4.1,"4.0 a 4.9","Profundo",0,0,"Tarapacá","Dentro del polígono regional","Norte","region_15"
2019-12-27,2019,12,-23.1,-69.71,117,4.4,"4.0 a 4.9","Profundo",0,0,"Antofagasta","Dentro del polígono regional","Norte","region_1"
2019-10-30,2019,10,-19.02,-69.31,115,4.3,"4.0 a 4.9","Profundo",0,0,"Arica y Parinacota","Dentro del polígono regional","Norte","region_3"
2020-01-14,2020,1,-21.73,-68.48,124,5.1,"5.0 a 5.9","Profundo",1,0,"Antofagasta","Dentro del polígono regional","Norte","region_1"
2020-03-06,2020,3,-21.29,-69.88,53,4.6,"4.0 a 4.9","Intermedio",0,0,"Tarapacá","Dentro del polígono regional","Norte","region_15"
2019-09-16,2019,9,-19.06,-69.54,92,4.4,"4.0 a 4.9","Profundo",0,0,"Tarapacá","Dentro del polígono regional","Norte","region_15"
2019-07-31,2019,7,-19.37,-70.06,74,3.6,"Menor a 4","Profundo",0,0,"Tarapacá","Dentro del polígono regional","Norte","region_15"
2020-01-29,2020,1,-21.56,-69.62,48,3.5,"Menor a 4","Intermedio",0,0,"Antofagasta","Dentro del polígono regional","Norte","region_1"
2019-10-29,2019,10,-23.13,-70.67,37,4.8,"4.0 a 4.9","Intermedio",0,0,"Antofagasta","Región más cercana","Norte","region_1"
2019-10-17,2019,10,-23.7,-68.99,92,4.3,"4.0 a 4.9","Profundo",0,0,"Antofagasta","Dentro del polígono regional","Norte","region_1"
2020-03-17,2020,3,-20.14,-69.23,94,4.1,"4.0 a 4.9","Profundo",0,0,"Tarapacá","Dentro del polígono regional","Norte","region_15"
2019-09-27,2019,9,-23.17,-69.11,111,4.8,"4.0 a 4.9","Profundo",0,0,"Antofagasta","Dentro del polígono regional","Norte","region_1"
2019-07-31,2019,7,-20.07,-69.76,73,3.8,"Menor a 4","Profundo",0,0,"Tarapacá","Dentro del polígono regional","Norte","region_15"
2020-01-09,2020,1,-19.64,-70.06,46,4.3,"4.0 a 4.9","Intermedio",0,0,"Tarapacá","Dentro del polígono regional","Norte","region_15"
2019-07-12,2019,7,-19.69,-69.73,75,3.3,"Menor a 4","Profundo",0,0,"Tarapacá","Dentro del polígono regional","Norte","region_15"
2020-02-18,2020,2,-19.12,-70.44,63,3.9,"Menor a 4","Intermedio",0,0,"Arica y Parinacota","Región más cercana","Norte","region_3"
2020-03-10,2020,3,-22.15,-68.11,157,5,"5.0 a 5.9","Profundo",1,0,"Antofagasta","Dentro del polígono regional","Norte","region_1"
2019-05-24,2019,5,-20.03,-69.14,94,3.7,"Menor a 4","Profundo",0,0,"Tarapacá","Dentro del polígono regional","Norte","region_15"
2019-09-14,2019,9,-25.19,-70.67,19,4.2,"4.0 a 4.9","Superficial",0,0,"Antofagasta","Región más cercana","Norte","region_1"
2019-09-30,2019,9,-20.29,-70.23,42,3.5,"Menor a 4","Intermedio",0,0,"Tarapacá","Región más cercana","Norte","region_15"
2020-03-02,2020,3,-18.2,-70.41,57,4.8,"4.0 a 4.9","Intermedio",0,0,"Arica y Parinacota","Región más cercana","Norte","region_3"
2019-10-29,2019,10,-19.55,-69.38,98,4.4,"4.0 a 4.9","Profundo",0,0,"Tarapacá","Dentro del polígono regional","Norte","region_15"
2019-07-04,2019,7,-19.31,-69.41,94,4.2,"4.0 a 4.9","Profundo",0,0,"Tarapacá","Dentro del polígono regional","Norte","region_15"
2019-12-03,2019,12,-20.88,-70.84,23,5.2,"5.0 a 5.9","Superficial",1,0,"Tarapacá","Región más cercana","Norte","region_15"
2019-12-27,2019,12,-19.84,-70.17,38,3.7,"Menor a 4","Intermedio",0,0,"Tarapacá","Región más cercana","Norte","region_15"
2020-03-30,2020,3,-21.42,-69.47,28,4.6,"4.0 a 4.9","Superficial",0,0,"Tarapacá","Dentro del polígono regional","Norte","region_15"
2019-04-23,2019,4,-22.16,-70.44,34,3.9,"Menor a 4","Intermedio",0,0,"Antofagasta","Región más cercana","Norte","region_1"
2019-07-16,2019,7,-20.79,-69.72,58,3.7,"Menor a 4","Intermedio",0,0,"Tarapacá","Dentro del polígono regional","Norte","region_15"
2019-09-03,2019,9,-19.24,-70.13,55,3.5,"Menor a 4","Intermedio",0,0,"Tarapacá","Dentro del polígono regional","Norte","region_15"
2020-04-04,2020,4,-22.07,-70.13,72,3.8,"Menor a 4","Profundo",0,0,"Antofagasta","Dentro del polígono regional","Norte","region_1"
2020-04-15,2020,4,-20.2,-69.19,97,4.5,"4.0 a 4.9","Profundo",0,0,"Tarapacá","Dentro del polígono regional","Norte","region_15"
2019-08-05,2019,8,-25.41,-70.72,26,3.8,"Menor a 4","Superficial",0,0,"Antofagasta","Región más cercana","Norte","region_1"
2020-04-15,2020,4,-19.63,-70.38,64,4.6,"4.0 a 4.9","Intermedio",0,0,"Tarapacá","Región más cercana","Norte","region_15"
2020-04-02,2020,4,-18.52,-70.46,38,4.1,"4.0 a 4.9","Intermedio",0,0,"Arica y Parinacota","Región más cercana","Norte","region_3"
2020-04-09,2020,4,-18.23,-69.51,149,4.8,"4.0 a 4.9","Profundo",0,0,"Arica y Parinacota","Dentro del polígono regional","Norte","region_3"
2019-01-02,2019,1,-25.48,-70.36,52,4.1,"4.0 a 4.9","Intermedio",0,0,"Antofagasta","Dentro del polígono regional","Norte","region_1"
2020-04-01,2020,4,-22.73,-70.27,36,4.2,"4.0 a 4.9","Intermedio",0,0,"Antofagasta","Dentro del polígono regional","Norte","region_1"
2020-04-30,2020,4,-22.67,-68.22,127,5.3,"5.0 a 5.9","Profundo",1,0,"Antofagasta","Dentro del polígono regional","Norte","region_1"
2020-04-26,2020,4,-19.89,-70.07,53,3.7,"Menor a 4","Intermedio",0,0,"Tarapacá","Dentro del polígono regional","Norte","region_15"
2019-08-13,2019,8,-25.54,-70.87,47,3.8,"Menor a 4","Intermedio",0,0,"Antofagasta","Región más cercana","Norte","region_1"
2019-04-01,2019,4,-25.36,-70.87,55,3.5,"Menor a 4","Intermedio",0,0,"Antofagasta","Región más cercana","Norte","region_1"
2019-11-04,2019,11,-25.87,-70.62,67,4.1,"4.0 a 4.9","Intermedio",0,0,"Antofagasta","Dentro del polígono regional","Norte","region_1"
2020-04-14,2020,4,-33.88,-70.52,114,5.1,"5.0 a 5.9","Profundo",1,0,"Región Metropolitana","Dentro del polígono regional","Centro","region_14"
2020-01-01,2020,1,-25.64,-70.52,53,3.5,"Menor a 4","Intermedio",0,0,"Antofagasta","Dentro del polígono regional","Norte","region_1"
2019-12-28,2019,12,-25.57,-70.72,44,3.5,"Menor a 4","Intermedio",0,0,"Antofagasta","Región más cercana","Norte","region_1"
2020-04-21,2020,4,-22.06,-70.44,31,4,"4.0 a 4.9","Intermedio",0,0,"Antofagasta","Región más cercana","Norte","region_1"
2020-04-05,2020,4,-20.15,-70.09,52,4.4,"4.0 a 4.9","Intermedio",0,0,"Tarapacá","Dentro del polígono regional","Norte","region_15"
2020-03-05,2020,3,-23.86,-69.81,65,4.9,"4.0 a 4.9","Intermedio",0,0,"Antofagasta","Dentro del polígono regional","Norte","region_1"
2020-04-16,2020,4,-37.96,-73.7,28,5,"5.0 a 5.9","Superficial",1,0,"Biobío","Región más cercana","Sur","region_6"
2019-08-11,2019,8,-25.05,-70.81,32,3.9,"Menor a 4","Intermedio",0,0,"Antofagasta","Región más cercana","Norte","region_1"
2018-10-30,2018,10,-25.14,-70.72,46,3.7,"Menor a 4","Intermedio",0,0,"Antofagasta","Región más cercana","Norte","region_1"
2018-11-15,2018,11,-25.14,-70.71,43,3.5,"Menor a 4","Intermedio",0,0,"Antofagasta","Región más cercana","Norte","region_1"
2019-01-07,2019,1,-25.42,-70.89,26,3.6,"Menor a 4","Superficial",0,0,"Antofagasta","Región más cercana","Norte","region_1"
2019-03-30,2019,3,-24,-70.17,43,4.4,"4.0 a 4.9","Intermedio",0,0,"Antofagasta","Dentro del polígono regional","Norte","region_1"
2020-05-23,2020,5,-33.5,-70.01,118,5.2,"5.0 a 5.9","Profundo",1,0,"Región Metropolitana","Dentro del polígono regional","Centro","region_14"
2020-05-22,2020,5,-22.93,-69.04,91,5.2,"5.0 a 5.9","Profundo",1,0,"Antofagasta","Dentro del polígono regional","Norte","region_1"
2020-05-24,2020,5,-19.65,-69.45,99,3.9,"Menor a 4","Profundo",0,0,"Tarapacá","Dentro del polígono regional","Norte","region_15"
2020-05-12,2020,5,-20.21,-69.2,102,4.5,"4.0 a 4.9","Profundo",0,0,"Tarapacá","Dentro del polígono regional","Norte","region_15"
2020-05-04,2020,5,-20.53,-69.21,95,4.6,"4.0 a 4.9","Profundo",0,0,"Tarapacá","Dentro del polígono regional","Norte","region_15"
2020-05-06,2020,5,-19.32,-70.42,74,5.1,"5.0 a 5.9","Profundo",1,0,"Tarapacá","Región más cercana","Norte","region_15"
2020-05-08,2020,5,-23.16,-68.92,98,5,"5.0 a 5.9","Profundo",1,0,"Antofagasta","Dentro del polígono regional","Norte","region_1"
2020-05-06,2020,5,-29.58,-71.11,68,5.2,"5.0 a 5.9","Intermedio",1,0,"Coquimbo","Dentro del polígono regional","Norte","region_7"
2020-05-29,2020,5,-27.58,-69.28,127,5.2,"5.0 a 5.9","Profundo",1,0,"Atacama","Dentro del polígono regional","Norte","region_4"
2020-05-10,2020,5,-22.76,-68.22,139,5.4,"5.0 a 5.9","Profundo",1,0,"Antofagasta","Dentro del polígono regional","Norte","region_1"
2020-05-18,2020,5,-19.91,-70.05,51,4.9,"4.0 a 4.9","Intermedio",0,0,"Tarapacá","Dentro del polígono regional","Norte","region_15"
2021-03-16,2021,3,-34.8,-71.8,42,5,"5.0 a 5.9","Intermedio",1,0,"O'Higgins","Dentro del polígono regional","Centro","region_8"
2020-11-05,2020,11,-40.57,-73.3,41,3.9,"Menor a 4","Intermedio",0,0,"Los Lagos","Dentro del polígono regional","Sur","region_9"
2020-01-13,2020,1,-40.25,-71.52,174,4.7,"4.0 a 4.9","Profundo",0,0,"Los Ríos","Región más cercana","Sur","region_10"
2020-12-29,2020,12,-39.4,-72,103,5.2,"5.0 a 5.9","Profundo",1,0,"Araucanía","Dentro del polígono regional","Sur","region_2"
2021-03-08,2021,3,-32.22,-70.09,128,5.3,"5.0 a 5.9","Profundo",1,0,"Valparaíso","Región más cercana","Centro","region_16"
2021-04-10,2021,4,-37.95,-73.72,39,5.3,"5.0 a 5.9","Intermedio",1,0,"Biobío","Región más cercana","Sur","region_6"
2020-09-04,2020,9,-33.37,-71.34,56,3.8,"Menor a 4","Intermedio",0,0,"Valparaíso","Dentro del polígono regional","Centro","region_16"
2020-11-24,2020,11,-33.68,-70.38,107,4.3,"4.0 a 4.9","Profundo",0,0,"Región Metropolitana","Dentro del polígono regional","Centro","region_14"
2021-02-19,2021,2,-33.24,-70.22,115,4.7,"4.0 a 4.9","Profundo",0,0,"Región Metropolitana","Dentro del polígono regional","Centro","region_14"
2020-11-23,2020,11,-27.32,-70.66,61,3.4,"Menor a 4","Intermedio",0,0,"Atacama","Dentro del polígono regional","Norte","region_4"
2020-05-12,2020,5,-33.76,-70.12,15,3,"Menor a 4","Superficial",0,0,"Región Metropolitana","Dentro del polígono regional","Centro","region_14"
2020-10-10,2020,10,-26.7,-70.66,55,3.8,"Menor a 4","Intermedio",0,0,"Atacama","Dentro del polígono regional","Norte","region_4"
2020-10-13,2020,10,-26.16,-71.05,30,4.9,"4.0 a 4.9","Intermedio",0,0,"Atacama","Región más cercana","Norte","region_4"
2021-01-26,2021,1,-25.83,-70.8,40,4.7,"4.0 a 4.9","Intermedio",0,0,"Antofagasta","Región más cercana","Norte","region_1"
2020-10-18,2020,10,-27.35,-70.84,42,4.4,"4.0 a 4.9","Intermedio",0,0,"Atacama","Dentro del polígono regional","Norte","region_4"
2021-04-19,2021,4,-34.02,-72.42,39,5.3,"5.0 a 5.9","Intermedio",1,0,"O'Higgins","Región más cercana","Centro","region_8"
2020-12-09,2020,12,-21.12,-68.86,118,4.6,"4.0 a 4.9","Profundo",0,0,"Tarapacá","Dentro del polígono regional","Norte","region_15"
2021-03-21,2021,3,-22.03,-70.35,25,3.1,"Menor a 4","Superficial",0,0,"Antofagasta","Región más cercana","Norte","region_1"
2019-08-14,2019,8,-18.62,-69.48,114,4,"4.0 a 4.9","Profundo",0,0,"Arica y Parinacota","Dentro del polígono regional","Norte","region_3"
2021-02-23,2021,2,-20.11,-68.95,96,4,"4.0 a 4.9","Profundo",0,0,"Tarapacá","Dentro del polígono regional","Norte","region_15"
2019-04-23,2019,4,-18.38,-70.13,73,3.9,"Menor a 4","Profundo",0,0,"Arica y Parinacota","Dentro del polígono regional","Norte","region_3"
2021-05-11,2021,5,-20.15,-69.12,101,3.8,"Menor a 4","Profundo",0,0,"Tarapacá","Dentro del polígono regional","Norte","region_15"
2020-09-22,2020,9,-21.91,-68.41,126,4.7,"4.0 a 4.9","Profundo",0,0,"Antofagasta","Dentro del polígono regional","Norte","region_1"
2021-02-15,2021,2,-20.07,-70.26,44,3.4,"Menor a 4","Intermedio",0,0,"Tarapacá","Región más cercana","Norte","region_15"
2020-09-19,2020,9,-21,-68.73,129,4.9,"4.0 a 4.9","Profundo",0,0,"Tarapacá","Dentro del polígono regional","Norte","region_15"
2020-12-20,2020,12,-22.66,-68.81,111,4.9,"4.0 a 4.9","Profundo",0,0,"Antofagasta","Dentro del polígono regional","Norte","region_1"
2018-09-29,2018,9,-19,-69.53,96,4.3,"4.0 a 4.9","Profundo",0,0,"Arica y Parinacota","Dentro del polígono regional","Norte","region_3"
2021-01-12,2021,1,-21.76,-68.69,110,4.6,"4.0 a 4.9","Profundo",0,0,"Antofagasta","Dentro del polígono regional","Norte","region_1"
2021-03-27,2021,3,-19.85,-69.91,64,4.6,"4.0 a 4.9","Intermedio",0,0,"Tarapacá","Dentro del polígono regional","Norte","region_15"
2018-11-02,2018,11,-18.23,-70.03,105,3.9,"Menor a 4","Profundo",0,0,"Arica y Parinacota","Región más cercana","Norte","region_3"
2021-02-14,2021,2,-21.4,-69.78,49,3.9,"Menor a 4","Intermedio",0,0,"Tarapacá","Dentro del polígono regional","Norte","region_15"
2020-11-08,2020,11,-27.82,-71.11,28,4.2,"4.0 a 4.9","Superficial",0,0,"Atacama","Región más cercana","Norte","region_4"
2021-02-15,2021,2,-19.76,-69.38,95,4.3,"4.0 a 4.9","Profundo",0,0,"Tarapacá","Dentro del polígono regional","Norte","region_15"
2020-10-22,2020,10,-21.36,-69.84,50,4.1,"4.0 a 4.9","Intermedio",0,0,"Tarapacá","Dentro del polígono regional","Norte","region_15"
2020-12-05,2020,12,-21.42,-68.8,120,4.2,"4.0 a 4.9","Profundo",0,0,"Antofagasta","Dentro del polígono regional","Norte","region_1"
2021-05-02,2021,5,-30.12,-71.56,38,5.9,"5.0 a 5.9","Intermedio",1,0,"Coquimbo","Región más cercana","Norte","region_7"
2021-04-27,2021,4,-20.04,-69.31,100,4,"4.0 a 4.9","Profundo",0,0,"Tarapacá","Dentro del polígono regional","Norte","region_15"
2021-03-21,2021,3,-20.12,-70.51,44,3.9,"Menor a 4","Intermedio",0,0,"Tarapacá","Región más cercana","Norte","region_15"
2021-04-14,2021,4,-20.07,-69.88,69,3.6,"Menor a 4","Intermedio",0,0,"Tarapacá","Dentro del polígono regional","Norte","region_15"
2019-05-11,2019,5,-41.98,-74.21,46,4.2,"4.0 a 4.9","Intermedio",0,0,"Los Lagos","Región más cercana","Sur","region_9"
2021-06-27,2021,6,-22.27,-69.98,65,3.9,"Menor a 4","Intermedio",0,0,"Antofagasta","Dentro del polígono regional","Norte","region_1"
2021-02-25,2021,2,-33.89,-72.13,34,3.7,"Menor a 4","Intermedio",0,0,"O'Higgins","Región más cercana","Centro","region_8"
2020-01-19,2020,1,-41.73,-74.17,39,4.6,"4.0 a 4.9","Intermedio",0,0,"Los Lagos","Región más cercana","Sur","region_9"
2020-12-05,2020,12,-27.55,-71.1,22,3.3,"Menor a 4","Superficial",0,0,"Atacama","Región más cercana","Norte","region_4"
2021-06-24,2021,6,-20.01,-69.16,92,4.5,"4.0 a 4.9","Profundo",0,0,"Tarapacá","Dentro del polígono regional","Norte","region_15"
2021-05-04,2021,5,-33.9,-72.54,20,4.4,"4.0 a 4.9","Superficial",0,0,"O'Higgins","Región más cercana","Centro","region_8"
2021-05-27,2021,5,-27.04,-70.73,69,4.3,"4.0 a 4.9","Intermedio",0,0,"Atacama","Dentro del polígono regional","Norte","region_4"
2020-05-21,2020,5,-41.75,-74.06,40,3.9,"Menor a 4","Intermedio",0,0,"Los Lagos","Región más cercana","Sur","region_9"
2021-06-25,2021,6,-22.08,-70.1,43,3.8,"Menor a 4","Intermedio",0,0,"Antofagasta","Dentro del polígono regional","Norte","region_1"
2019-01-14,2019,1,-41.6,-73.21,70,3.6,"Menor a 4","Profundo",0,0,"Los Lagos","Dentro del polígono regional","Sur","region_9"
2021-04-24,2021,4,-27.53,-71.19,31,4.2,"4.0 a 4.9","Intermedio",0,0,"Atacama","Región más cercana","Norte","region_4"
2020-09-29,2020,9,-41.72,-73.98,36,3.5,"Menor a 4","Intermedio",0,0,"Los Lagos","Región más cercana","Sur","region_9"
2019-03-26,2019,3,-42.63,-74.2,35,4,"4.0 a 4.9","Intermedio",0,0,"Los Lagos","Región más cercana","Sur","region_9"
2021-05-05,2021,5,-41.81,-73.74,38,3.3,"Menor a 4","Intermedio",0,0,"Los Lagos","Región más cercana","Sur","region_9"
2021-06-22,2021,6,-22.49,-70.32,36,4.3,"4.0 a 4.9","Intermedio",0,0,"Antofagasta","Región más cercana","Norte","region_1"
2020-03-21,2020,3,-42.92,-74.14,39,4.2,"4.0 a 4.9","Intermedio",0,0,"Los Lagos","Dentro del polígono regional","Sur","region_9"
2019-12-20,2019,12,-26.39,-70.44,54,4,"4.0 a 4.9","Intermedio",0,0,"Atacama","Dentro del polígono regional","Norte","region_4"
2020-07-28,2020,7,-34.79,-71.71,46,4.3,"4.0 a 4.9","Intermedio",0,0,"O'Higgins","Dentro del polígono regional","Centro","region_8"
2021-04-19,2021,4,-34,-72.3,34,5,"5.0 a 5.9","Intermedio",1,0,"O'Higgins","Región más cercana","Centro","region_8"
2021-04-19,2021,4,-33.99,-72.26,38,4.3,"4.0 a 4.9","Intermedio",0,0,"O'Higgins","Región más cercana","Centro","region_8"
2020-07-02,2020,7,-34.17,-72.23,32,4.9,"4.0 a 4.9","Intermedio",0,0,"O'Higgins","Región más cercana","Centro","region_8"
2021-06-04,2021,6,-21.44,-70.49,61,4.8,"4.0 a 4.9","Intermedio",0,0,"Antofagasta","Región más cercana","Norte","region_1"
2021-06-22,2021,6,-32.1,-71.19,77,5.3,"5.0 a 5.9","Profundo",1,0,"Coquimbo","Dentro del polígono regional","Norte","region_7"
2021-04-19,2021,4,-34.01,-72.34,38,5,"5.0 a 5.9","Intermedio",1,0,"O'Higgins","Región más cercana","Centro","region_8"
2020-03-07,2020,3,-42.88,-74.3,22,4.4,"4.0 a 4.9","Superficial",0,0,"Los Lagos","Región más cercana","Sur","region_9"
2021-03-22,2021,3,-34.13,-71.16,71,4.2,"4.0 a 4.9","Profundo",0,0,"Región Metropolitana","Dentro del polígono regional","Centro","region_14"
2021-04-09,2021,4,-33.81,-70.29,114,4.5,"4.0 a 4.9","Profundo",0,0,"Región Metropolitana","Dentro del polígono regional","Centro","region_14"
2021-04-22,2021,4,-33.99,-72.43,34,5.2,"5.0 a 5.9","Intermedio",1,0,"O'Higgins","Región más cercana","Centro","region_8"
2019-07-21,2019,7,-41.73,-74.11,41,3.1,"Menor a 4","Intermedio",0,0,"Los Lagos","Región más cercana","Sur","region_9"
2019-11-09,2019,11,-34.22,-71.88,42,3.9,"Menor a 4","Intermedio",0,0,"O'Higgins","Dentro del polígono regional","Centro","region_8"
2019-11-14,2019,11,-43.18,-74.34,20,3.8,"Menor a 4","Superficial",0,0,"Los Lagos","Dentro del polígono regional","Sur","region_9"
2021-05-05,2021,5,-41.78,-73.92,36,3.1,"Menor a 4","Intermedio",0,0,"Los Lagos","Región más cercana","Sur","region_9"
2021-01-10,2021,1,-34.69,-71.85,51,4.5,"4.0 a 4.9","Intermedio",0,0,"O'Higgins","Dentro del polígono regional","Centro","region_8"
2020-10-13,2020,10,-34.04,-72.24,32,4.1,"4.0 a 4.9","Intermedio",0,0,"O'Higgins","Región más cercana","Centro","region_8"
2019-09-14,2019,9,-33.88,-72.09,24,3.7,"Menor a 4","Superficial",0,0,"O'Higgins","Región más cercana","Centro","region_8"
2021-04-19,2021,4,-34.02,-72.26,37,4.9,"4.0 a 4.9","Intermedio",0,0,"O'Higgins","Región más cercana","Centro","region_8"
2019-09-14,2019,9,-33.9,-72.11,38,3.2,"Menor a 4","Intermedio",0,0,"O'Higgins","Región más cercana","Centro","region_8"
2021-03-25,2021,3,-30.44,-71.58,28,4.4,"4.0 a 4.9","Superficial",0,0,"Coquimbo","Dentro del polígono regional","Norte","region_7"
2020-11-16,2020,11,-31.5,-71.76,27,3.8,"Menor a 4","Superficial",0,0,"Coquimbo","Región más cercana","Norte","region_7"
2020-09-28,2020,9,-29.27,-71.25,51,3.8,"Menor a 4","Intermedio",0,0,"Coquimbo","Dentro del polígono regional","Norte","region_7"
2021-02-21,2021,2,-31.5,-71.76,21,4,"4.0 a 4.9","Superficial",0,0,"Coquimbo","Región más cercana","Norte","region_7"
2021-01-07,2021,1,-29.8,-71.63,33,4.4,"4.0 a 4.9","Intermedio",0,0,"Coquimbo","Región más cercana","Norte","region_7"
2021-04-30,2021,4,-29.06,-71.59,47,4.6,"4.0 a 4.9","Intermedio",0,0,"Atacama","Región más cercana","Norte","region_4"
2020-11-26,2020,11,-31.76,-71.19,49,4.4,"4.0 a 4.9","Intermedio",0,0,"Coquimbo","Dentro del polígono regional","Norte","region_7"
2020-07-11,2020,7,-31.7,-71.68,32,4.1,"4.0 a 4.9","Intermedio",0,0,"Coquimbo","Región más cercana","Norte","region_7"
2020-09-08,2020,9,-29.46,-71.84,28,4.1,"4.0 a 4.9","Superficial",0,0,"Coquimbo","Región más cercana","Norte","region_7"
2020-10-07,2020,10,-29,-71.14,54,4.8,"4.0 a 4.9","Intermedio",0,0,"Atacama","Dentro del polígono regional","Norte","region_4"
2021-05-19,2021,5,-27.46,-69.45,109,4.3,"4.0 a 4.9","Profundo",0,0,"Atacama","Dentro del polígono regional","Norte","region_4"
2021-01-31,2021,1,-31.52,-71.76,34,3.1,"Menor a 4","Intermedio",0,0,"Coquimbo","Región más cercana","Norte","region_7"
2021-01-30,2021,1,-29.44,-71,49,4.4,"4.0 a 4.9","Intermedio",0,0,"Coquimbo","Dentro del polígono regional","Norte","region_7"
2021-05-23,2021,5,-28.7,-70.38,92,4.1,"4.0 a 4.9","Profundo",0,0,"Atacama","Dentro del polígono regional","Norte","region_4"
2021-02-23,2021,2,-31.75,-71.52,43,4.6,"4.0 a 4.9","Intermedio",0,0,"Coquimbo","Dentro del polígono regional","Norte","region_7"
2021-07-04,2021,7,-28.77,-71.59,34,5.8,"5.0 a 5.9","Intermedio",1,0,"Atacama","Región más cercana","Norte","region_4"
2020-12-17,2020,12,-28.4,-71.33,30,3.8,"Menor a 4","Intermedio",0,0,"Atacama","Región más cercana","Norte","region_4"
2021-02-12,2021,2,-33.54,-71.53,49,4.2,"4.0 a 4.9","Intermedio",0,0,"Valparaíso","Dentro del polígono regional","Centro","region_16"
2021-07-09,2021,7,-20.34,-68.73,114,5,"5.0 a 5.9","Profundo",1,0,"Tarapacá","Dentro del polígono regional","Norte","region_15"
2021-04-21,2021,4,-33.24,-70.56,59,3.9,"Menor a 4","Intermedio",0,0,"Región Metropolitana","Dentro del polígono regional","Centro","region_14"
2021-07-08,2021,7,-18.47,-71.26,50,5.1,"5.0 a 5.9","Intermedio",1,0,"Arica y Parinacota","Región más cercana","Norte","region_3"
2020-11-10,2020,11,-27.58,-70.61,51,3.7,"Menor a 4","Intermedio",0,0,"Atacama","Dentro del polígono regional","Norte","region_4"
2020-09-18,2020,9,-30.02,-71.64,35,4.1,"4.0 a 4.9","Intermedio",0,0,"Coquimbo","Región más cercana","Norte","region_7"
2021-05-14,2021,5,-29.68,-71.25,54,3.9,"Menor a 4","Intermedio",0,0,"Coquimbo","Dentro del polígono regional","Norte","region_7"
2021-02-17,2021,2,-29.28,-69.61,125,4.8,"4.0 a 4.9","Profundo",0,0,"Atacama","Región más cercana","Norte","region_4"
2020-09-12,2020,9,-31.32,-71.16,68,3.7,"Menor a 4","Intermedio",0,0,"Coquimbo","Dentro del polígono regional","Norte","region_7"
2021-07-08,2021,7,-28.75,-71.53,35,5.4,"5.0 a 5.9","Intermedio",1,0,"Atacama","Región más cercana","Norte","region_4"
2021-04-09,2021,4,-29.68,-69.83,130,4.5,"4.0 a 4.9","Profundo",0,0,"Coquimbo","Región más cercana","Norte","region_7"
2021-07-10,2021,7,-21.38,-69.89,59,4.2,"4.0 a 4.9","Intermedio",0,0,"Tarapacá","Dentro del polígono regional","Norte","region_15"
2020-10-28,2020,10,-29.32,-71.19,58,4.3,"4.0 a 4.9","Intermedio",0,0,"Coquimbo","Dentro del polígono regional","Norte","region_7"
2020-09-06,2020,9,-30.42,-71.42,17,3.3,"Menor a 4","Superficial",0,0,"Coquimbo","Dentro del polígono regional","Norte","region_7"
2021-06-08,2021,6,-29.99,-70.72,70,4.9,"4.0 a 4.9","Profundo",0,0,"Coquimbo","Dentro del polígono regional","Norte","region_7"
2021-02-14,2021,2,-31.5,-71.16,47,3.5,"Menor a 4","Intermedio",0,0,"Coquimbo","Dentro del polígono regional","Norte","region_7"
2020-08-06,2020,8,-29.39,-71.75,46,4.4,"4.0 a 4.9","Intermedio",0,0,"Coquimbo","Región más cercana","Norte","region_7"
2021-01-07,2021,1,-31.84,-71.43,48,4,"4.0 a 4.9","Intermedio",0,0,"Coquimbo","Dentro del polígono regional","Norte","region_7"
2021-04-04,2021,4,-27.41,-70.95,36,3.7,"Menor a 4","Intermedio",0,0,"Atacama","Región más cercana","Norte","region_4"
2021-03-24,2021,3,-28.44,-71.26,44,4.3,"4.0 a 4.9","Intermedio",0,0,"Atacama","Región más cercana","Norte","region_4"
2021-02-12,2021,2,-30.71,-71.4,44,4.7,"4.0 a 4.9","Intermedio",0,0,"Coquimbo","Dentro del polígono regional","Norte","region_7"
2021-07-21,2021,7,-21.71,-68.71,108,5,"5.0 a 5.9","Profundo",1,0,"Antofagasta","Dentro del polígono regional","Norte","region_1"
2021-04-01,2021,4,-29.3,-71.28,61,4.1,"4.0 a 4.9","Intermedio",0,0,"Coquimbo","Dentro del polígono regional","Norte","region_7"
2021-03-25,2021,3,-28.63,-70.54,107,4.5,"4.0 a 4.9","Profundo",0,0,"Atacama","Dentro del polígono regional","Norte","region_4"
2020-09-16,2020,9,-31.51,-71.65,70,4.3,"4.0 a 4.9","Profundo",0,0,"Coquimbo","Región más cercana","Norte","region_7"
2019-07-21,2019,7,-28.79,-69.95,110,3.5,"Menor a 4","Profundo",0,0,"Atacama","Dentro del polígono regional","Norte","region_4"
2021-02-18,2021,2,-31.31,-71.5,56,3.2,"Menor a 4","Intermedio",0,0,"Coquimbo","Dentro del polígono regional","Norte","region_7"
2021-02-01,2021,2,-29.71,-71.3,53,4.1,"4.0 a 4.9","Intermedio",0,0,"Coquimbo","Dentro del polígono regional","Norte","region_7"
2020-11-13,2020,11,-31.77,-71.44,59,4.7,"4.0 a 4.9","Intermedio",0,0,"Coquimbo","Dentro del polígono regional","Norte","region_7"
2020-12-10,2020,12,-28.29,-71.3,37,4.4,"4.0 a 4.9","Intermedio",0,0,"Atacama","Región más cercana","Norte","region_4"
2019-11-03,2019,11,-29.2,-67.85,138,5.5,"5.0 a 5.9","Profundo",1,0,"Atacama","Región más cercana","Norte","region_4"
2021-05-30,2021,5,-28.66,-70.44,88,3.6,"Menor a 4","Profundo",0,0,"Atacama","Dentro del polígono regional","Norte","region_4"
2021-07-04,2021,7,-28.8,-71.57,25,5.8,"5.0 a 5.9","Superficial",1,0,"Atacama","Región más cercana","Norte","region_4"
2021-04-02,2021,4,-31.82,-71.31,59,4.3,"4.0 a 4.9","Intermedio",0,0,"Coquimbo","Dentro del polígono regional","Norte","region_7"
2021-05-19,2021,5,-31.49,-71.65,32,3.8,"Menor a 4","Intermedio",0,0,"Coquimbo","Región más cercana","Norte","region_7"
2021-04-04,2021,4,-28.98,-71.86,45,4.6,"4.0 a 4.9","Intermedio",0,0,"Atacama","Región más cercana","Norte","region_4"
2021-04-20,2021,4,-31.35,-71.68,40,3.4,"Menor a 4","Intermedio",0,0,"Coquimbo","Región más cercana","Norte","region_7"
2020-07-07,2020,7,-27.57,-70.25,94,3.5,"Menor a 4","Profundo",0,0,"Atacama","Dentro del polígono regional","Norte","region_4"
2020-12-05,2020,12,-28.25,-71.31,34,4.4,"4.0 a 4.9","Intermedio",0,0,"Atacama","Región más cercana","Norte","region_4"
2021-07-25,2021,7,-19.87,-69.9,56,3.1,"Menor a 4","Intermedio",0,0,"Tarapacá","Dentro del polígono regional","Norte","region_15"
2020-12-16,2020,12,-31.29,-71.51,58,3.5,"Menor a 4","Intermedio",0,0,"Coquimbo","Dentro del polígono regional","Norte","region_7"
2020-12-10,2020,12,-31.48,-71.72,32,3.4,"Menor a 4","Intermedio",0,0,"Coquimbo","Región más cercana","Norte","region_7"
2021-05-25,2021,5,-33.9,-70.36,112,4.7,"4.0 a 4.9","Profundo",0,0,"Región Metropolitana","Dentro del polígono regional","Centro","region_14"
2021-07-03,2021,7,-20.25,-69.22,85,4.3,"4.0 a 4.9","Profundo",0,0,"Tarapacá","Dentro del polígono regional","Norte","region_15"
2020-12-06,2020,12,-28.28,-71.3,32,4.2,"4.0 a 4.9","Intermedio",0,0,"Atacama","Región más cercana","Norte","region_4"
2021-01-17,2021,1,-31.82,-71.41,50,4.4,"4.0 a 4.9","Intermedio",0,0,"Coquimbo","Dentro del polígono regional","Norte","region_7"
2021-05-23,2021,5,-33.29,-71.36,60,4.7,"4.0 a 4.9","Intermedio",0,0,"Valparaíso","Dentro del polígono regional","Centro","region_16"
2019-09-25,2019,9,-27.82,-66.75,167,5.3,"5.0 a 5.9","Profundo",1,0,"Atacama","Región más cercana","Norte","region_4"
2020-09-28,2020,9,-29.26,-71.22,51,3.9,"Menor a 4","Intermedio",0,0,"Coquimbo","Dentro del polígono regional","Norte","region_7"
2020-09-20,2020,9,-28.55,-71.26,42,4.1,"4.0 a 4.9","Intermedio",0,0,"Atacama","Dentro del polígono regional","Norte","region_4"
2020-09-13,2020,9,-29.04,-71.31,44,4.5,"4.0 a 4.9","Intermedio",0,0,"Atacama","Dentro del polígono regional","Norte","region_4"
2020-12-19,2020,12,-28.75,-72.52,24,4.8,"4.0 a 4.9","Superficial",0,0,"Atacama","Región más cercana","Norte","region_4"
2020-12-08,2020,12,-28.25,-71.31,34,4.2,"4.0 a 4.9","Intermedio",0,0,"Atacama","Región más cercana","Norte","region_4"
2020-09-29,2020,9,-33.7,-70.82,92,4.4,"4.0 a 4.9","Profundo",0,0,"Región Metropolitana","Dentro del polígono regional","Centro","region_14"
2021-01-17,2021,1,-29.45,-71.19,55,3.5,"Menor a 4","Intermedio",0,0,"Coquimbo","Dentro del polígono regional","Norte","region_7"
2021-02-11,2021,2,-29.93,-71.33,44,4.2,"4.0 a 4.9","Intermedio",0,0,"Coquimbo","Región más cercana","Norte","region_7"
2021-08-04,2021,8,-18.45,-69.53,118,4.7,"4.0 a 4.9","Profundo",0,0,"Arica y Parinacota","Dentro del polígono regional","Norte","region_3"
2021-08-24,2021,8,-20.29,-69.04,96,4,"4.0 a 4.9","Profundo",0,0,"Tarapacá","Dentro del polígono regional","Norte","region_15"
2020-12-25,2020,12,-32.18,-71.41,52,4.4,"4.0 a 4.9","Intermedio",0,0,"Coquimbo","Dentro del polígono regional","Norte","region_7"
2021-07-28,2021,7,-18.6,-70.64,36,4.4,"4.0 a 4.9","Intermedio",0,0,"Arica y Parinacota","Región más cercana","Norte","region_3"
2021-06-22,2021,6,-30.26,-71.25,62,4.2,"4.0 a 4.9","Intermedio",0,0,"Coquimbo","Dentro del polígono regional","Norte","region_7"
2020-12-24,2020,12,-31.43,-72.1,33,4.6,"4.0 a 4.9","Intermedio",0,0,"Coquimbo","Región más cercana","Norte","region_7"
2020-11-19,2020,11,-32.65,-71.76,25,3.6,"Menor a 4","Superficial",0,0,"Valparaíso","Región más cercana","Centro","region_16"
2021-08-23,2021,8,-20.91,-69.01,101,4.8,"4.0 a 4.9","Profundo",0,0,"Tarapacá","Dentro del polígono regional","Norte","region_15"
2021-02-22,2021,2,-32.63,-71.52,31,3.3,"Menor a 4","Intermedio",0,0,"Valparaíso","Región más cercana","Centro","region_16"
2020-10-15,2020,10,-32.61,-71.55,52,3.7,"Menor a 4","Intermedio",0,0,"Valparaíso","Región más cercana","Centro","region_16"
2021-02-19,2021,2,-33.08,-72.25,42,4.4,"4.0 a 4.9","Intermedio",0,0,"Valparaíso","Región más cercana","Centro","region_16"
2021-02-06,2021,2,-32.74,-71.55,24,3.4,"Menor a 4","Superficial",0,0,"Valparaíso","Región más cercana","Centro","region_16"
2020-12-15,2020,12,-32.62,-71.78,34,4.1,"4.0 a 4.9","Intermedio",0,0,"Valparaíso","Región más cercana","Centro","region_16"
2021-07-29,2021,7,-22.04,-70.33,18,3.6,"Menor a 4","Superficial",0,0,"Antofagasta","Región más cercana","Norte","region_1"
2021-08-25,2021,8,-27.44,-69.34,107,5.3,"5.0 a 5.9","Profundo",1,0,"Atacama","Dentro del polígono regional","Norte","region_4"
2021-06-16,2021,6,-33.34,-71.67,30,4.4,"4.0 a 4.9","Intermedio",0,0,"Valparaíso","Región más cercana","Centro","region_16"
2021-01-14,2021,1,-29.97,-71.36,23,3.4,"Menor a 4","Superficial",0,0,"Coquimbo","Región más cercana","Norte","region_7"
2021-02-14,2021,2,-29.39,-71.13,45,4.2,"4.0 a 4.9","Intermedio",0,0,"Coquimbo","Dentro del polígono regional","Norte","region_7"
2021-07-29,2021,7,-20.49,-69.14,101,4,"4.0 a 4.9","Profundo",0,0,"Tarapacá","Dentro del polígono regional","Norte","region_15"
2021-08-21,2021,8,-18.27,-70.32,84,4.5,"4.0 a 4.9","Profundo",0,0,"Arica y Parinacota","Región más cercana","Norte","region_3"
2021-03-12,2021,3,-33.21,-71.93,26,4.3,"4.0 a 4.9","Superficial",0,0,"Valparaíso","Región más cercana","Centro","region_16"
2021-08-16,2021,8,-23.73,-69.88,71,5.2,"5.0 a 5.9","Profundo",1,0,"Antofagasta","Dentro del polígono regional","Norte","region_1"
2020-10-06,2020,10,-32.28,-71.78,31,4.4,"4.0 a 4.9","Intermedio",0,0,"Valparaíso","Región más cercana","Centro","region_16"
2021-07-26,2021,7,-33.44,-71.77,42,4.9,"4.0 a 4.9","Intermedio",0,0,"Valparaíso","Región más cercana","Centro","region_16"
2020-12-12,2020,12,-32.3,-71.78,36,4.5,"4.0 a 4.9","Intermedio",0,0,"Valparaíso","Región más cercana","Centro","region_16"
2020-08-09,2020,8,-32.97,-71.77,28,4.1,"4.0 a 4.9","Superficial",0,0,"Valparaíso","Región más cercana","Centro","region_16"
2020-11-21,2020,11,-32.3,-71.6,69,4.1,"4.0 a 4.9","Intermedio",0,0,"Valparaíso","Región más cercana","Centro","region_16"
2020-12-09,2020,12,-32.05,-71.64,30,4.5,"4.0 a 4.9","Intermedio",0,0,"Coquimbo","Región más cercana","Norte","region_7"
2021-08-18,2021,8,-19.51,-69.78,68,4.1,"4.0 a 4.9","Intermedio",0,0,"Tarapacá","Dentro del polígono regional","Norte","region_15"
2021-04-17,2021,4,-30.47,-72.14,31,5.1,"5.0 a 5.9","Intermedio",1,0,"Coquimbo","Región más cercana","Norte","region_7"
2019-05-30,2019,5,-33.11,-71.86,32,3.5,"Menor a 4","Intermedio",0,0,"Valparaíso","Región más cercana","Centro","region_16"
2021-08-02,2021,8,-22.5,-70.28,65,4.9,"4.0 a 4.9","Intermedio",0,0,"Antofagasta","Región más cercana","Norte","region_1"
2021-08-07,2021,8,-21.85,-68.44,146,5.2,"5.0 a 5.9","Profundo",1,0,"Antofagasta","Dentro del polígono regional","Norte","region_1"
2020-11-22,2020,11,-32.51,-71.76,35,4.2,"4.0 a 4.9","Intermedio",0,0,"Valparaíso","Región más cercana","Centro","region_16"
2021-08-15,2021,8,-21.35,-68.86,121,4.8,"4.0 a 4.9","Profundo",0,0,"Antofagasta","Dentro del polígono regional","Norte","region_1"
2019-01-30,2019,1,-20.25,-70.21,40,3.1,"Menor a 4","Intermedio",0,0,"Tarapacá","Región más cercana","Norte","region_15"
2021-06-01,2021,6,-21.53,-66.93,220,5.3,"5.0 a 5.9","Profundo",1,0,"Antofagasta","Región más cercana","Norte","region_1"
2020-05-10,2020,5,-20.58,-70.62,42,3.6,"Menor a 4","Intermedio",0,0,"Tarapacá","Región más cercana","Norte","region_15"
2021-09-20,2021,9,-22.23,-70.83,42,4.3,"4.0 a 4.9","Intermedio",0,0,"Antofagasta","Región más cercana","Norte","region_1"
2018-09-23,2018,9,-19.76,-69.56,28,3.5,"Menor a 4","Superficial",0,0,"Tarapacá","Dentro del polígono regional","Norte","region_15"
2020-10-08,2020,10,-19.06,-69.42,129,4.3,"4.0 a 4.9","Profundo",0,0,"Tarapacá","Dentro del polígono regional","Norte","region_15"
2019-06-04,2019,6,-19.86,-69.22,94,4.3,"4.0 a 4.9","Profundo",0,0,"Tarapacá","Dentro del polígono regional","Norte","region_15"
2021-09-17,2021,9,-20.06,-69.23,103,4.2,"4.0 a 4.9","Profundo",0,0,"Tarapacá","Dentro del polígono regional","Norte","region_15"
2021-04-25,2021,4,-19.68,-70.09,51,3.6,"Menor a 4","Intermedio",0,0,"Tarapacá","Dentro del polígono regional","Norte","region_15"
2020-11-26,2020,11,-20.13,-69.19,91,4,"4.0 a 4.9","Profundo",0,0,"Tarapacá","Dentro del polígono regional","Norte","region_15"
2020-10-31,2020,10,-19.29,-70.13,59,3.5,"Menor a 4","Intermedio",0,0,"Tarapacá","Dentro del polígono regional","Norte","region_15"
2020-09-25,2020,9,-20.38,-69.97,82,3.2,"Menor a 4","Profundo",0,0,"Tarapacá","Dentro del polígono regional","Norte","region_15"
2019-11-08,2019,11,-21.27,-69.88,24,3.8,"Menor a 4","Superficial",0,0,"Tarapacá","Dentro del polígono regional","Norte","region_15"
2020-02-13,2020,2,-20.93,-70.86,35,5.2,"5.0 a 5.9","Intermedio",1,0,"Tarapacá","Región más cercana","Norte","region_15"
2020-03-15,2020,3,-20.55,-69.14,108,4.3,"4.0 a 4.9","Profundo",0,0,"Tarapacá","Dentro del polígono regional","Norte","region_15"
2020-05-08,2020,5,-20.39,-69.87,48,3,"Menor a 4","Intermedio",0,0,"Tarapacá","Dentro del polígono regional","Norte","region_15"
2020-07-25,2020,7,-20,-69.28,104,3.7,"Menor a 4","Profundo",0,0,"Tarapacá","Dentro del polígono regional","Norte","region_15"
2021-03-22,2021,3,-20.49,-69.66,44,3.5,"Menor a 4","Intermedio",0,0,"Tarapacá","Dentro del polígono regional","Norte","region_15"
2019-11-25,2019,11,-20.21,-70.77,39,3.6,"Menor a 4","Intermedio",0,0,"Tarapacá","Región más cercana","Norte","region_15"
2020-04-25,2020,4,-20.51,-70.39,35,3.9,"Menor a 4","Intermedio",0,0,"Tarapacá","Región más cercana","Norte","region_15"
2019-05-27,2019,5,-20.53,-70.18,36,3.2,"Menor a 4","Intermedio",0,0,"Tarapacá","Región más cercana","Norte","region_15"
2020-05-14,2020,5,-20.15,-70.2,70,3.1,"Menor a 4","Profundo",0,0,"Tarapacá","Región más cercana","Norte","region_15"
2021-07-18,2021,7,-18.96,-69.6,105,4.2,"4.0 a 4.9","Profundo",0,0,"Arica y Parinacota","Dentro del polígono regional","Norte","region_3"
2020-04-12,2020,4,-19.26,-70.11,34,4,"4.0 a 4.9","Intermedio",0,0,"Tarapacá","Dentro del polígono regional","Norte","region_15"
2020-04-25,2020,4,-20.52,-70.36,35,4.5,"4.0 a 4.9","Intermedio",0,0,"Tarapacá","Región más cercana","Norte","region_15"
2020-08-03,2020,8,-20.51,-69.04,102,4.6,"4.0 a 4.9","Profundo",0,0,"Tarapacá","Dentro del polígono regional","Norte","region_15"
2021-04-11,2021,4,-19.3,-70.19,41,3.7,"Menor a 4","Intermedio",0,0,"Tarapacá","Dentro del polígono regional","Norte","region_15"
2020-05-23,2020,5,-19.74,-70.31,52,3.5,"Menor a 4","Intermedio",0,0,"Tarapacá","Región más cercana","Norte","region_15"
2020-03-02,2020,3,-20.38,-69.33,87,4.1,"4.0 a 4.9","Profundo",0,0,"Tarapacá","Dentro del polígono regional","Norte","region_15"
2021-04-01,2021,4,-19.73,-69.02,139,4.9,"4.0 a 4.9","Profundo",0,0,"Tarapacá","Dentro del polígono regional","Norte","region_15"
2021-01-04,2021,1,-19.72,-69.47,94,4.4,"4.0 a 4.9","Profundo",0,0,"Tarapacá","Dentro del polígono regional","Norte","region_15"
2021-07-07,2021,7,-21.14,-68.7,127,4.7,"4.0 a 4.9","Profundo",0,0,"Tarapacá","Dentro del polígono regional","Norte","region_15"
2020-07-18,2020,7,-19.32,-69.99,50,3.1,"Menor a 4","Intermedio",0,0,"Tarapacá","Dentro del polígono regional","Norte","region_15"
2020-10-21,2020,10,-19.51,-69.98,9,4.2,"4.0 a 4.9","Superficial",0,0,"Tarapacá","Dentro del polígono regional","Norte","region_15"
2021-07-08,2021,7,-34.76,-71.84,40,4.9,"4.0 a 4.9","Intermedio",0,0,"O'Higgins","Dentro del polígono regional","Centro","region_8"
2021-05-25,2021,5,-20.24,-69.24,112,4,"4.0 a 4.9","Profundo",0,0,"Tarapacá","Dentro del polígono regional","Norte","region_15"
2020-04-20,2020,4,-19.53,-70.37,40,3.7,"Menor a 4","Intermedio",0,0,"Tarapacá","Región más cercana","Norte","region_15"
2021-04-16,2021,4,-19.52,-69.44,100,4.5,"4.0 a 4.9","Profundo",0,0,"Tarapacá","Dentro del polígono regional","Norte","region_15"
2020-04-30,2020,4,-19.61,-70.7,29,3.8,"Menor a 4","Superficial",0,0,"Tarapacá","Región más cercana","Norte","region_15"
2019-09-13,2019,9,-19.77,-69.62,71,3.5,"Menor a 4","Profundo",0,0,"Tarapacá","Dentro del polígono regional","Norte","region_15"
2021-09-01,2021,9,-27.74,-71.12,15,5.5,"5.0 a 5.9","Superficial",1,0,"Atacama","Región más cercana","Norte","region_4"
2019-09-10,2019,9,-20.26,-70.24,40,3.1,"Menor a 4","Intermedio",0,0,"Tarapacá","Región más cercana","Norte","region_15"
2020-07-21,2020,7,-19.05,-69.46,102,4.5,"4.0 a 4.9","Profundo",0,0,"Tarapacá","Dentro del polígono regional","Norte","region_15"
2019-07-19,2019,7,-20.84,-67.59,223,5,"5.0 a 5.9","Profundo",1,0,"Antofagasta","Región más cercana","Norte","region_1"
2021-09-16,2021,9,-22.07,-70.36,30,3.8,"Menor a 4","Intermedio",0,0,"Antofagasta","Región más cercana","Norte","region_1"
2021-08-30,2021,8,-21.37,-69.8,51,4.1,"4.0 a 4.9","Intermedio",0,0,"Tarapacá","Dentro del polígono regional","Norte","region_15"
2021-05-04,2021,5,-20.65,-70.19,35,3.7,"Menor a 4","Intermedio",0,0,"Tarapacá","Región más cercana","Norte","region_15"
2021-07-31,2021,7,-20.38,-69.09,104,4,"4.0 a 4.9","Profundo",0,0,"Tarapacá","Dentro del polígono regional","Norte","region_15"
2021-08-02,2021,8,-21.06,-69.73,67,4.4,"4.0 a 4.9","Intermedio",0,0,"Tarapacá","Dentro del polígono regional","Norte","region_15"
2021-05-20,2021,5,-22.23,-68.67,119,5.1,"5.0 a 5.9","Profundo",1,0,"Antofagasta","Dentro del polígono regional","Norte","region_1"
2020-11-07,2020,11,-19.67,-70.23,70,3.7,"Menor a 4","Profundo",0,0,"Tarapacá","Región más cercana","Norte","region_15"
2020-12-03,2020,12,-20.45,-69.66,80,3.3,"Menor a 4","Profundo",0,0,"Tarapacá","Dentro del polígono regional","Norte","region_15"
2020-06-27,2020,6,-20.17,-70.73,37,5,"5.0 a 5.9","Intermedio",1,0,"Tarapacá","Región más cercana","Norte","region_15"
2020-10-25,2020,10,-19.97,-71.19,28,5.2,"5.0 a 5.9","Superficial",1,0,"Tarapacá","Región más cercana","Norte","region_15"
2020-10-11,2020,10,-19.28,-70.14,56,3.8,"Menor a 4","Intermedio",0,0,"Tarapacá","Dentro del polígono regional","Norte","region_15"
2020-10-06,2020,10,-20.77,-70.08,48,3.4,"Menor a 4","Intermedio",0,0,"Tarapacá","Región más cercana","Norte","region_15"
2018-10-11,2018,10,-20.39,-69.93,55,3.3,"Menor a 4","Intermedio",0,0,"Tarapacá","Dentro del polígono regional","Norte","region_15"
2021-09-13,2021,9,-23.83,-67.46,257,6.4,"6.0 o más","Profundo",1,1,"Antofagasta","Dentro del polígono regional","Norte","region_1"
2021-03-08,2021,3,-20.78,-69.85,69,3.8,"Menor a 4","Intermedio",0,0,"Tarapacá","Dentro del polígono regional","Norte","region_15"
2020-12-10,2020,12,-20.59,-69.17,112,4.4,"4.0 a 4.9","Profundo",0,0,"Tarapacá","Dentro del polígono regional","Norte","region_15"
2020-12-14,2020,12,-20.81,-70.25,68,3.9,"Menor a 4","Intermedio",0,0,"Tarapacá","Región más cercana","Norte","region_15"
2020-05-27,2020,5,-19.26,-70.21,35,3.6,"Menor a 4","Intermedio",0,0,"Tarapacá","Dentro del polígono regional","Norte","region_15"
2021-03-28,2021,3,-20.19,-70.36,28,3.9,"Menor a 4","Superficial",0,0,"Tarapacá","Región más cercana","Norte","region_15"
2018-09-16,2018,9,-20.39,-69.98,40,3.4,"Menor a 4","Intermedio",0,0,"Tarapacá","Dentro del polígono regional","Norte","region_15"
2020-04-13,2020,4,-19.3,-70.07,64,4.3,"4.0 a 4.9","Intermedio",0,0,"Tarapacá","Dentro del polígono regional","Norte","region_15"
2020-03-19,2020,3,-19.06,-70.04,74,3.9,"Menor a 4","Profundo",0,0,"Arica y Parinacota","Dentro del polígono regional","Norte","region_3"
2019-03-27,2019,3,-19.9,-69.48,120,3.8,"Menor a 4","Profundo",0,0,"Tarapacá","Dentro del polígono regional","Norte","region_15"
2020-06-19,2020,6,-19.28,-70.14,52,3.8,"Menor a 4","Intermedio",0,0,"Tarapacá","Dentro del polígono regional","Norte","region_15"
2020-08-11,2020,8,-19.4,-70.24,36,3.3,"Menor a 4","Intermedio",0,0,"Tarapacá","Región más cercana","Norte","region_15"
2020-05-23,2020,5,-19.55,-69.69,78,4,"4.0 a 4.9","Profundo",0,0,"Tarapacá","Dentro del polígono regional","Norte","region_15"
2020-10-23,2020,10,-25.52,-70.93,25,4.2,"4.0 a 4.9","Superficial",0,0,"Antofagasta","Región más cercana","Norte","region_1"
2019-11-28,2019,11,-21.98,-70.4,35,3.9,"Menor a 4","Intermedio",0,0,"Antofagasta","Región más cercana","Norte","region_1"
2020-12-26,2020,12,-22.19,-70.2,32,3.7,"Menor a 4","Intermedio",0,0,"Antofagasta","Dentro del polígono regional","Norte","region_1"
2021-10-14,2021,10,-20.09,-70.12,55,3.6,"Menor a 4","Intermedio",0,0,"Tarapacá","Región más cercana","Norte","region_15"
2021-10-05,2021,10,-20.43,-69.94,87,3.9,"Menor a 4","Profundo",0,0,"Tarapacá","Dentro del polígono regional","Norte","region_15"
2020-12-15,2020,12,-25.68,-70.77,39,4.2,"4.0 a 4.9","Intermedio",0,0,"Antofagasta","Región más cercana","Norte","region_1"
2021-08-02,2021,8,-25.36,-70.42,72,4.4,"4.0 a 4.9","Profundo",0,0,"Antofagasta","Dentro del polígono regional","Norte","region_1"
2021-07-13,2021,7,-25.75,-69.09,137,5,"5.0 a 5.9","Profundo",1,0,"Antofagasta","Dentro del polígono regional","Norte","region_1"
2020-09-23,2020,9,-25.09,-70.83,40,4.1,"4.0 a 4.9","Intermedio",0,0,"Antofagasta","Región más cercana","Norte","region_1"
2021-09-30,2021,9,-19.33,-70.24,23,4.5,"4.0 a 4.9","Superficial",0,0,"Tarapacá","Dentro del polígono regional","Norte","region_15"
2021-02-17,2021,2,-25.05,-70.97,42,4.4,"4.0 a 4.9","Intermedio",0,0,"Antofagasta","Región más cercana","Norte","region_1"
2020-11-05,2020,11,-25.47,-70.3,32,4.5,"4.0 a 4.9","Intermedio",0,0,"Antofagasta","Dentro del polígono regional","Norte","region_1"
2020-07-16,2020,7,-22.73,-70.17,70,4.1,"4.0 a 4.9","Profundo",0,0,"Antofagasta","Dentro del polígono regional","Norte","region_1"
2021-07-09,2021,7,-25.76,-70.84,55,4.5,"4.0 a 4.9","Intermedio",0,0,"Antofagasta","Región más cercana","Norte","region_1"
2020-10-17,2020,10,-22.54,-70.42,29,4,"4.0 a 4.9","Superficial",0,0,"Antofagasta","Región más cercana","Norte","region_1"
2020-06-14,2020,6,-25.56,-70.89,39,3.4,"Menor a 4","Intermedio",0,0,"Antofagasta","Región más cercana","Norte","region_1"
2020-12-05,2020,12,-22.39,-70.34,58,4.3,"4.0 a 4.9","Intermedio",0,0,"Antofagasta","Región más cercana","Norte","region_1"
2020-07-13,2020,7,-24.85,-70.2,47,4.5,"4.0 a 4.9","Intermedio",0,0,"Antofagasta","Dentro del polígono regional","Norte","region_1"
2021-03-10,2021,3,-25.27,-70.76,47,3.8,"Menor a 4","Intermedio",0,0,"Antofagasta","Región más cercana","Norte","region_1"
2020-07-20,2020,7,-24.63,-70.28,49,4.5,"4.0 a 4.9","Intermedio",0,0,"Antofagasta","Dentro del polígono regional","Norte","region_1"
2020-12-02,2020,12,-25.89,-70.69,20,4.1,"4.0 a 4.9","Superficial",0,0,"Antofagasta","Dentro del polígono regional","Norte","region_1"
2020-09-25,2020,9,-22.4,-69.52,81,4,"4.0 a 4.9","Profundo",0,0,"Antofagasta","Dentro del polígono regional","Norte","region_1"
2021-11-04,2021,11,-30.31,-71.22,52,5.2,"5.0 a 5.9","Intermedio",1,0,"Coquimbo","Dentro del polígono regional","Norte","region_7"
2021-11-13,2021,11,-22.14,-70.44,30,3.6,"Menor a 4","Intermedio",0,0,"Antofagasta","Región más cercana","Norte","region_1"
2021-11-03,2021,11,-32.66,-70.11,113,5.8,"5.0 a 5.9","Profundo",1,0,"Valparaíso","Región más cercana","Centro","region_16"
2021-11-18,2021,11,-20.93,-68.87,127,4.5,"4.0 a 4.9","Profundo",0,0,"Tarapacá","Dentro del polígono regional","Norte","region_15"
2021-11-24,2021,11,-20.52,-69.18,98,4.9,"4.0 a 4.9","Profundo",0,0,"Tarapacá","Dentro del polígono regional","Norte","region_15"
2021-02-14,2021,2,-39.8,-71.94,8,3.8,"Menor a 4","Superficial",0,0,"Los Ríos","Dentro del polígono regional","Sur","region_10"
2021-12-01,2021,12,-37.95,-73.74,44,5.1,"5.0 a 5.9","Intermedio",1,0,"Biobío","Región más cercana","Sur","region_6"
2021-12-14,2021,12,-28.61,-71.28,37,5.3,"5.0 a 5.9","Intermedio",1,0,"Atacama","Dentro del polígono regional","Norte","region_4"
2019-09-29,2019,9,-35.52,-72.94,22,4.5,"4.0 a 4.9","Superficial",0,0,"Maule","Región más cercana","Centro","region_12"
2021-12-19,2021,12,-22.04,-70.33,54,4.5,"4.0 a 4.9","Intermedio",0,0,"Antofagasta","Región más cercana","Norte","region_1"
2020-02-20,2020,2,-35.54,-72.58,31,3.9,"Menor a 4","Intermedio",0,0,"Maule","Dentro del polígono regional","Centro","region_12"
2019-09-29,2019,9,-35.53,-72.97,28,4.3,"4.0 a 4.9","Superficial",0,0,"Maule","Región más cercana","Centro","region_12"
2021-06-17,2021,6,-40.08,-72.45,9,4,"4.0 a 4.9","Superficial",0,0,"Los Ríos","Dentro del polígono regional","Sur","region_10"
2019-11-29,2019,11,-36.11,-72.63,66,3.7,"Menor a 4","Intermedio",0,0,"Ñuble","Dentro del polígono regional","Sur","region_13"
2019-09-29,2019,9,-35.53,-72.9,15,4.8,"4.0 a 4.9","Superficial",0,0,"Maule","Región más cercana","Centro","region_12"
2018-10-30,2018,10,-35.15,-72.06,18,3.7,"Menor a 4","Superficial",0,0,"Maule","Dentro del polígono regional","Centro","region_12"
2020-08-12,2020,8,-34.98,-72.62,34,4.3,"4.0 a 4.9","Intermedio",0,0,"Maule","Región más cercana","Centro","region_12"
2019-06-03,2019,6,-35.07,-72.43,43,3.6,"Menor a 4","Intermedio",0,0,"Maule","Región más cercana","Centro","region_12"
2018-07-27,2018,7,-35.76,-73,28,4.2,"4.0 a 4.9","Superficial",0,0,"Maule","Región más cercana","Centro","region_12"
2021-12-01,2021,12,-19.25,-69.18,110,4.9,"4.0 a 4.9","Profundo",0,0,"Tarapacá","Dentro del polígono regional","Norte","region_15"
2021-05-31,2021,5,-40.08,-73.99,40,4.3,"4.0 a 4.9","Intermedio",0,0,"Los Ríos","Región más cercana","Sur","region_10"
2021-02-21,2021,2,-35.68,-73,10,4.2,"4.0 a 4.9","Superficial",0,0,"Maule","Región más cercana","Centro","region_12"
2021-06-10,2021,6,-34.95,-71.66,47,4.3,"4.0 a 4.9","Intermedio",0,0,"Maule","Dentro del polígono regional","Centro","region_12"
2020-01-29,2020,1,-39.39,-72.27,83,4.1,"4.0 a 4.9","Profundo",0,0,"Araucanía","Dentro del polígono regional","Sur","region_2"
2021-02-02,2021,2,-39.76,-73.22,40,4.2,"4.0 a 4.9","Intermedio",0,0,"Los Ríos","Dentro del polígono regional","Sur","region_10"
2019-05-02,2019,5,-35.33,-72.18,55,3.8,"Menor a 4","Intermedio",0,0,"Maule","Dentro del polígono regional","Centro","region_12"
2021-04-29,2021,4,-37.29,-71.16,149,5.6,"5.0 a 5.9","Profundo",1,0,"Biobío","Región más cercana","Sur","region_6"
2021-02-11,2021,2,-39.8,-71.94,5,4.2,"4.0 a 4.9","Superficial",0,0,"Los Ríos","Dentro del polígono regional","Sur","region_10"
2020-01-09,2020,1,-35.07,-71.08,94,4.3,"4.0 a 4.9","Profundo",0,0,"Maule","Dentro del polígono regional","Centro","region_12"
2021-02-23,2021,2,-35.35,-72.38,34,4.4,"4.0 a 4.9","Intermedio",0,0,"Maule","Dentro del polígono regional","Centro","region_12"
2020-11-22,2020,11,-34.62,-73.08,39,4.7,"4.0 a 4.9","Intermedio",0,0,"Maule","Región más cercana","Centro","region_12"
2021-02-11,2021,2,-39.8,-71.95,5,4.7,"4.0 a 4.9","Superficial",0,0,"Los Ríos","Dentro del polígono regional","Sur","region_10"
2019-01-11,2019,1,-39.7,-73.57,40,3.6,"Menor a 4","Intermedio",0,0,"Los Ríos","Región más cercana","Sur","region_10"
2020-03-25,2020,3,-35.35,-72.5,11,3.3,"Menor a 4","Superficial",0,0,"Maule","Región más cercana","Centro","region_12"
2020-06-23,2020,6,-36.71,-72.47,64,4.7,"4.0 a 4.9","Intermedio",0,0,"Ñuble","Dentro del polígono regional","Sur","region_13"
2020-03-25,2020,3,-35.7,-73.63,24,4.7,"4.0 a 4.9","Superficial",0,0,"Maule","Región más cercana","Centro","region_12"
2020-02-18,2020,2,-35.72,-73.11,10,5.1,"5.0 a 5.9","Superficial",1,0,"Maule","Región más cercana","Centro","region_12"
2021-12-11,2021,12,-29.54,-71.25,53,5.4,"5.0 a 5.9","Intermedio",1,0,"Coquimbo","Dentro del polígono regional","Norte","region_7"
2019-10-20,2019,10,-39.57,-72.46,86,4.1,"4.0 a 4.9","Profundo",0,0,"Los Ríos","Dentro del polígono regional","Sur","region_10"
2021-04-10,2021,4,-39.51,-73.14,51,4.8,"4.0 a 4.9","Intermedio",0,0,"Los Ríos","Dentro del polígono regional","Sur","region_10"
2022-01-25,2022,1,-19.64,-69.21,103,4.9,"4.0 a 4.9","Profundo",0,0,"Tarapacá","Dentro del polígono regional","Norte","region_15"
2021-10-23,2021,10,-37.01,-72.73,19,4.7,"4.0 a 4.9","Superficial",0,0,"Biobío","Dentro del polígono regional","Sur","region_6"
2021-11-27,2021,11,-38.83,-73.61,33,4.7,"4.0 a 4.9","Intermedio",0,0,"Araucanía","Región más cercana","Sur","region_2"
2018-12-21,2018,12,-37.8,-73.4,42,4.2,"4.0 a 4.9","Intermedio",0,0,"Biobío","Dentro del polígono regional","Sur","region_6"
2019-05-22,2019,5,-38.42,-72.18,77,4.1,"4.0 a 4.9","Profundo",0,0,"Araucanía","Dentro del polígono regional","Sur","region_2"
2021-09-19,2021,9,-30.01,-71.66,36,4.8,"4.0 a 4.9","Intermedio",0,0,"Coquimbo","Región más cercana","Norte","region_7"
2021-11-27,2021,11,-38.94,-73.52,21,4.5,"4.0 a 4.9","Superficial",0,0,"Araucanía","Región más cercana","Sur","region_2"
2022-01-28,2022,1,-19.2,-69.76,115,5.4,"5.0 a 5.9","Profundo",1,0,"Tarapacá","Dentro del polígono regional","Norte","region_15"
2021-04-16,2021,4,-30.82,-71.4,46,4.3,"4.0 a 4.9","Intermedio",0,0,"Coquimbo","Dentro del polígono regional","Norte","region_7"
2021-11-08,2021,11,-29.2,-71.02,87,4.8,"4.0 a 4.9","Profundo",0,0,"Atacama","Dentro del polígono regional","Norte","region_4"
2021-12-30,2021,12,-19.61,-69.2,105,4.8,"4.0 a 4.9","Profundo",0,0,"Tarapacá","Dentro del polígono regional","Norte","region_15"
2020-11-18,2020,11,-29.84,-71.13,28,3.9,"Menor a 4","Superficial",0,0,"Coquimbo","Dentro del polígono regional","Norte","region_7"
2021-08-04,2021,8,-30.07,-71.57,37,4.7,"4.0 a 4.9","Intermedio",0,0,"Coquimbo","Región más cercana","Norte","region_7"
2021-08-30,2021,8,-30.57,-71.3,71,4.5,"4.0 a 4.9","Profundo",0,0,"Coquimbo","Dentro del polígono regional","Norte","region_7"
2022-02-09,2022,2,-20.6,-69.13,95,4.9,"4.0 a 4.9","Profundo",0,0,"Tarapacá","Dentro del polígono regional","Norte","region_15"
2022-02-22,2022,2,-22.09,-70.32,37,3.2,"Menor a 4","Intermedio",0,0,"Antofagasta","Región más cercana","Norte","region_1"
2022-02-22,2022,2,-22.67,-66.43,254,6.1,"6.0 o más","Profundo",1,1,"Antofagasta","Región más cercana","Norte","region_1"
2022-02-25,2022,2,-28.7,-70.35,101,5.2,"5.0 a 5.9","Profundo",1,0,"Atacama","Dentro del polígono regional","Norte","region_4"
2022-02-28,2022,2,-36.94,-74.15,33,5.6,"5.0 a 5.9","Intermedio",1,0,"Biobío","Región más cercana","Sur","region_6"
2022-01-28,2022,1,-18.77,-69.54,117,4.9,"4.0 a 4.9","Profundo",0,0,"Arica y Parinacota","Dentro del polígono regional","Norte","region_3"
2019-12-12,2019,12,-21.91,-70.27,15,3.4,"Menor a 4","Superficial",0,0,"Antofagasta","Región más cercana","Norte","region_1"
2022-05-20,2022,5,-29.55,-71.88,49,5.7,"5.0 a 5.9","Intermedio",1,0,"Coquimbo","Región más cercana","Norte","region_7"
2022-05-11,2022,5,-21.68,-70.19,67,5,"5.0 a 5.9","Intermedio",1,0,"Antofagasta","Región más cercana","Norte","region_1"
2020-10-14,2020,10,-21.85,-70.39,33,3.8,"Menor a 4","Intermedio",0,0,"Antofagasta","Región más cercana","Norte","region_1"
2022-04-17,2022,4,-21.93,-70.39,30,3.8,"Menor a 4","Intermedio",0,0,"Antofagasta","Región más cercana","Norte","region_1"
2022-05-27,2022,5,-26.44,-70.4,88,5.3,"5.0 a 5.9","Profundo",1,0,"Atacama","Dentro del polígono regional","Norte","region_4"
2022-04-11,2022,4,-22.28,-70.48,10,3.7,"Menor a 4","Superficial",0,0,"Antofagasta","Región más cercana","Norte","region_1"
2022-04-17,2022,4,-21.94,-70.44,31,3.6,"Menor a 4","Intermedio",0,0,"Antofagasta","Región más cercana","Norte","region_1"
2022-05-24,2022,5,-28.15,-70.75,50,5.1,"5.0 a 5.9","Intermedio",1,0,"Atacama","Dentro del polígono regional","Norte","region_4"
2021-06-03,2021,6,-21.7,-70.47,33,3.8,"Menor a 4","Intermedio",0,0,"Antofagasta","Región más cercana","Norte","region_1"
2022-05-10,2022,5,-23.38,-67.31,250,6.9,"6.0 o más","Profundo",1,1,"Antofagasta","Dentro del polígono regional","Norte","region_1"
2021-11-21,2021,11,-23.95,-70.43,32,4.8,"4.0 a 4.9","Intermedio",0,0,"Antofagasta","Dentro del polígono regional","Norte","region_1"
2022-05-04,2022,5,-32.25,-71.94,26,5.2,"5.0 a 5.9","Superficial",1,0,"Valparaíso","Región más cercana","Centro","region_16"
2022-03-30,2022,3,-28.7,-71.49,27,5,"5.0 a 5.9","Superficial",1,0,"Atacama","Región más cercana","Norte","region_4"
2022-03-15,2022,3,-21.09,-69.38,100,5,"5.0 a 5.9","Profundo",1,0,"Tarapacá","Dentro del polígono regional","Norte","region_15"
2020-12-09,2020,12,-36.68,-73.28,32,3.6,"Menor a 4","Intermedio",0,0,"Biobío","Región más cercana","Sur","region_6"
2019-11-27,2019,11,-37.31,-73.71,19,3.6,"Menor a 4","Superficial",0,0,"Biobío","Región más cercana","Sur","region_6"
2021-11-15,2021,11,-37.56,-73.75,29,3.2,"Menor a 4","Superficial",0,0,"Biobío","Región más cercana","Sur","region_6"
2021-11-21,2021,11,-36.54,-73.29,35,3.2,"Menor a 4","Intermedio",0,0,"Biobío","Región más cercana","Sur","region_6"
2021-12-12,2021,12,-36.97,-73.37,36,4.2,"4.0 a 4.9","Intermedio",0,0,"Biobío","Región más cercana","Sur","region_6"
2021-10-13,2021,10,-50.29,-72.26,24,5.5,"5.0 a 5.9","Superficial",1,0,"Magallanes y Antártica Chilena","Región más cercana","Austral","region_11"
2022-04-15,2022,4,-22.74,-69.91,69,5,"5.0 a 5.9","Intermedio",1,0,"Antofagasta","Dentro del polígono regional","Norte","region_1"
2022-04-20,2022,4,-22.88,-68.42,120,5.6,"5.0 a 5.9","Profundo",1,0,"Antofagasta","Dentro del polígono regional","Norte","region_1"
2021-11-15,2021,11,-37.51,-73.67,22,4.4,"4.0 a 4.9","Superficial",0,0,"Biobío","Región más cercana","Sur","region_6"
2019-09-23,2019,9,-36.05,-73.73,27,4.8,"4.0 a 4.9","Superficial",0,0,"Ñuble","Región más cercana","Sur","region_13"
2021-09-21,2021,9,-36.73,-74.93,10,5.8,"5.0 a 5.9","Superficial",1,0,"Biobío","Región más cercana","Sur","region_6"
2020-06-12,2020,6,-36.95,-73.56,14,4,"4.0 a 4.9","Superficial",0,0,"Biobío","Región más cercana","Sur","region_6"
2021-05-17,2021,5,-37.25,-73.44,31,3.6,"Menor a 4","Intermedio",0,0,"Biobío","Dentro del polígono regional","Sur","region_6"
2021-09-22,2021,9,-36.9,-74.03,17,5,"5.0 a 5.9","Superficial",1,0,"Biobío","Región más cercana","Sur","region_6"
2020-03-28,2020,3,-37.69,-73.8,18,3.8,"Menor a 4","Superficial",0,0,"Biobío","Región más cercana","Sur","region_6"
2020-10-19,2020,10,-37.33,-73.65,21,4.2,"4.0 a 4.9","Superficial",0,0,"Biobío","Dentro del polígono regional","Sur","region_6"
2021-04-05,2021,4,-36.22,-73.32,30,4,"4.0 a 4.9","Intermedio",0,0,"Ñuble","Región más cercana","Sur","region_13"
2022-04-24,2022,4,-35.22,-71.34,93,5.2,"5.0 a 5.9","Profundo",1,0,"Maule","Dentro del polígono regional","Centro","region_12"
2021-03-20,2021,3,-37.53,-73.8,41,3.6,"Menor a 4","Intermedio",0,0,"Biobío","Región más cercana","Sur","region_6"
2024-09-11,2024,9,-18.2,-69.62,122,4.4,"4.0 a 4.9","Profundo",0,0,"Arica y Parinacota","Dentro del polígono regional","Norte","region_3"
2025-02-01,2025,2,-18.17,-69.86,132,4.5,"4.0 a 4.9","Profundo",0,0,"Arica y Parinacota","Dentro del polígono regional","Norte","region_3"
2025-05-02,2025,5,-27.52,-72.48,30,5.8,"5.0 a 5.9","Intermedio",1,0,"Atacama","Región más cercana","Norte","region_4"
2025-05-05,2025,5,-31.89,-70.88,88,5.1,"5.0 a 5.9","Profundo",1,0,"Coquimbo","Dentro del polígono regional","Norte","region_7"
2025-05-05,2025,5,-29.49,-71.84,48,5,"5.0 a 5.9","Intermedio",1,0,"Coquimbo","Región más cercana","Norte","region_7"
2025-05-13,2025,5,-51.25,-72.28,28,5.1,"5.0 a 5.9","Superficial",1,0,"Magallanes y Antártica Chilena","Dentro del polígono regional","Austral","region_11"
2025-05-26,2025,5,-19.63,-69.49,97,5.6,"5.0 a 5.9","Profundo",1,0,"Tarapacá","Dentro del polígono regional","Norte","region_15"
2025-02-16,2025,2,-19.43,-69.56,115,4.6,"4.0 a 4.9","Profundo",0,0,"Tarapacá","Dentro del polígono regional","Norte","region_15"
2025-03-09,2025,3,-18.15,-70.19,117,4.5,"4.0 a 4.9","Profundo",0,0,"Arica y Parinacota","Región más cercana","Norte","region_3"
2024-10-02,2024,10,-32.64,-71.61,44,4,"4.0 a 4.9","Intermedio",0,0,"Valparaíso","Región más cercana","Centro","region_16"
2024-10-28,2024,10,-33.05,-71.8,34,3.9,"Menor a 4","Intermedio",0,0,"Valparaíso","Región más cercana","Centro","region_16"
2024-12-25,2024,12,-32.98,-71.93,35,4.3,"4.0 a 4.9","Intermedio",0,0,"Valparaíso","Región más cercana","Centro","region_16"
2025-01-07,2025,1,-32.53,-71.73,36,4.1,"4.0 a 4.9","Intermedio",0,0,"Valparaíso","Región más cercana","Centro","region_16"
2025-03-16,2025,3,-32.59,-71.57,59,4.4,"4.0 a 4.9","Intermedio",0,0,"Valparaíso","Región más cercana","Centro","region_16"
2024-11-30,2024,11,-18.38,-69.65,115,4.6,"4.0 a 4.9","Profundo",0,0,"Arica y Parinacota","Dentro del polígono regional","Norte","region_3"
2024-03-04,2024,3,-19.19,-69.39,102,4.7,"4.0 a 4.9","Profundo",0,0,"Tarapacá","Dentro del polígono regional","Norte","region_15"
2024-04-10,2024,4,-18.25,-69.43,6,4.7,"4.0 a 4.9","Superficial",0,0,"Arica y Parinacota","Dentro del polígono regional","Norte","region_3"
2024-08-08,2024,8,-33.1,-71.7,39,3.7,"Menor a 4","Intermedio",0,0,"Valparaíso","Región más cercana","Centro","region_16"
2024-10-23,2024,10,-32.75,-71.77,33,3.4,"Menor a 4","Intermedio",0,0,"Valparaíso","Región más cercana","Centro","region_16"
2024-12-14,2024,12,-32.78,-71.57,16,3.3,"Menor a 4","Superficial",0,0,"Valparaíso","Región más cercana","Centro","region_16"
2024-12-25,2024,12,-32.97,-71.65,46,3.2,"Menor a 4","Intermedio",0,0,"Valparaíso","Región más cercana","Centro","region_16"
2025-06-06,2025,6,-26.87,-70.14,66,6.4,"6.0 o más","Intermedio",1,1,"Atacama","Dentro del polígono regional","Norte","region_4"
2025-06-28,2025,6,-29.75,-71.28,57,5,"5.0 a 5.9","Intermedio",1,0,"Coquimbo","Dentro del polígono regional","Norte","region_7"
2022-02-01,2022,2,-20.58,-69.78,67,3.6,"Menor a 4","Intermedio",0,0,"Tarapacá","Dentro del polígono regional","Norte","region_15"
2022-02-01,2022,2,-20.59,-69.78,65,3.5,"Menor a 4","Intermedio",0,0,"Tarapacá","Dentro del polígono regional","Norte","region_15"
2022-05-08,2022,5,-20.17,-70.55,31,3.4,"Menor a 4","Intermedio",0,0,"Tarapacá","Región más cercana","Norte","region_15"
2022-08-31,2022,8,-20.46,-69.82,83,3.4,"Menor a 4","Profundo",0,0,"Tarapacá","Dentro del polígono regional","Norte","region_15"
2022-09-17,2022,9,-20.17,-69.15,95,4.2,"4.0 a 4.9","Profundo",0,0,"Tarapacá","Dentro del polígono regional","Norte","region_15"
2022-11-04,2022,11,-20.15,-70.56,26,4,"4.0 a 4.9","Superficial",0,0,"Tarapacá","Región más cercana","Norte","region_15"
2023-05-15,2023,5,-20.08,-69.07,104,4.3,"4.0 a 4.9","Profundo",0,0,"Tarapacá","Dentro del polígono regional","Norte","region_15"
2023-06-16,2023,6,-20.63,-70.53,43,4.1,"4.0 a 4.9","Intermedio",0,0,"Tarapacá","Región más cercana","Norte","region_15"
2023-09-05,2023,9,-20.06,-70.21,43,3.7,"Menor a 4","Intermedio",0,0,"Tarapacá","Región más cercana","Norte","region_15"
2023-11-26,2023,11,-21.48,-68.89,96,4.8,"4.0 a 4.9","Profundo",0,0,"Antofagasta","Dentro del polígono regional","Norte","region_1"
2023-12-29,2023,12,-20.44,-69.87,84,3.7,"Menor a 4","Profundo",0,0,"Tarapacá","Dentro del polígono regional","Norte","region_15"
2024-01-14,2024,1,-21.14,-68.55,127,5,"5.0 a 5.9","Profundo",1,0,"Antofagasta","Dentro del polígono regional","Norte","region_1"
2024-05-01,2024,5,-20.94,-68.92,105,4.5,"4.0 a 4.9","Profundo",0,0,"Tarapacá","Dentro del polígono regional","Norte","region_15"
2024-06-04,2024,6,-20.85,-70.49,58,3.9,"Menor a 4","Intermedio",0,0,"Tarapacá","Región más cercana","Norte","region_15"
2024-07-26,2024,7,-19.68,-69.5,92,4.3,"4.0 a 4.9","Profundo",0,0,"Tarapacá","Dentro del polígono regional","Norte","region_15"
2024-08-21,2024,8,-22.27,-66.1,263,5.5,"5.0 a 5.9","Profundo",1,0,"Antofagasta","Región más cercana","Norte","region_1"
2024-09-08,2024,9,-20.97,-68.99,115,4.8,"4.0 a 4.9","Profundo",0,0,"Tarapacá","Dentro del polígono regional","Norte","region_15"
2024-09-08,2024,9,-20.25,-69.43,107,4.4,"4.0 a 4.9","Profundo",0,0,"Tarapacá","Dentro del polígono regional","Norte","region_15"
2024-09-29,2024,9,-21.18,-70.19,69,4.5,"4.0 a 4.9","Intermedio",0,0,"Antofagasta","Región más cercana","Norte","region_1"
2024-12-09,2024,12,-20.26,-70.25,39,5,"5.0 a 5.9","Intermedio",1,0,"Tarapacá","Región más cercana","Norte","region_15"
2025-01-14,2025,1,-20.29,-69.19,97,4.6,"4.0 a 4.9","Profundo",0,0,"Tarapacá","Dentro del polígono regional","Norte","region_15"
2025-03-02,2025,3,-20.69,-69.59,91,4.6,"4.0 a 4.9","Profundo",0,0,"Tarapacá","Dentro del polígono regional","Norte","region_15"
2025-05-06,2025,5,-21,-69.63,67,4.5,"4.0 a 4.9","Intermedio",0,0,"Tarapacá","Dentro del polígono regional","Norte","region_15"
2024-10-04,2024,10,-20.32,-69.95,52,4.2,"4.0 a 4.9","Intermedio",0,0,"Tarapacá","Dentro del polígono regional","Norte","region_15"
2024-10-14,2024,10,-20.19,-69.29,101,4.5,"4.0 a 4.9","Profundo",0,0,"Tarapacá","Dentro del polígono regional","Norte","region_15"
2024-12-17,2024,12,-19.32,-69.32,99,4.5,"4.0 a 4.9","Profundo",0,0,"Tarapacá","Dentro del polígono regional","Norte","region_15"
2025-03-03,2025,3,-20.62,-69.63,42,3.6,"Menor a 4","Intermedio",0,0,"Tarapacá","Dentro del polígono regional","Norte","region_15"
2025-03-05,2025,3,-19.97,-70.14,45,4.2,"4.0 a 4.9","Intermedio",0,0,"Tarapacá","Región más cercana","Norte","region_15"
2025-03-16,2025,3,-20.19,-69.27,99,5.1,"5.0 a 5.9","Profundo",1,0,"Tarapacá","Dentro del polígono regional","Norte","region_15"
2025-03-21,2025,3,-20.42,-69.08,104,4.7,"4.0 a 4.9","Profundo",0,0,"Tarapacá","Dentro del polígono regional","Norte","region_15"
2025-04-30,2025,4,-20.59,-69.77,22,4.1,"4.0 a 4.9","Superficial",0,0,"Tarapacá","Dentro del polígono regional","Norte","region_15"
2024-09-25,2024,9,-21.15,-70.21,60,4.6,"4.0 a 4.9","Intermedio",0,0,"Tarapacá","Región más cercana","Norte","region_15"
2023-06-19,2023,6,-22.63,-69.01,127,4.8,"4.0 a 4.9","Profundo",0,0,"Antofagasta","Dentro del polígono regional","Norte","region_1"
2024-08-27,2024,8,-22.49,-69.21,94,4.6,"4.0 a 4.9","Profundo",0,0,"Antofagasta","Dentro del polígono regional","Norte","region_1"
2024-11-24,2024,11,-22.38,-68.54,131,4.9,"4.0 a 4.9","Profundo",0,0,"Antofagasta","Dentro del polígono regional","Norte","region_1"
2024-01-15,2024,1,-22.78,-68.39,106,4.9,"4.0 a 4.9","Profundo",0,0,"Antofagasta","Dentro del polígono regional","Norte","region_1"
2024-03-09,2024,3,-22.36,-68.79,126,4.6,"4.0 a 4.9","Profundo",0,0,"Antofagasta","Dentro del polígono regional","Norte","region_1"
2024-05-21,2024,5,-21.93,-68.66,118,5,"5.0 a 5.9","Profundo",1,0,"Antofagasta","Dentro del polígono regional","Norte","region_1"
2024-06-06,2024,6,-22.31,-70.15,55,4.8,"4.0 a 4.9","Intermedio",0,0,"Antofagasta","Dentro del polígono regional","Norte","region_1"
2025-04-15,2025,4,-22.34,-68.88,122,4.5,"4.0 a 4.9","Profundo",0,0,"Antofagasta","Dentro del polígono regional","Norte","region_1"
2023-06-11,2023,6,-22.02,-68.81,106,4.5,"4.0 a 4.9","Profundo",0,0,"Antofagasta","Dentro del polígono regional","Norte","region_1"
2023-11-08,2023,11,-22.04,-68.79,113,4.1,"4.0 a 4.9","Profundo",0,0,"Antofagasta","Dentro del polígono regional","Norte","region_1"
2024-04-28,2024,4,-21.94,-68.69,107,4.6,"4.0 a 4.9","Profundo",0,0,"Antofagasta","Dentro del polígono regional","Norte","region_1"
2024-12-13,2024,12,-22.08,-68.71,117,4.8,"4.0 a 4.9","Profundo",0,0,"Antofagasta","Dentro del polígono regional","Norte","region_1"
2025-01-28,2025,1,-22.71,-69.07,108,4.4,"4.0 a 4.9","Profundo",0,0,"Antofagasta","Dentro del polígono regional","Norte","region_1"
2025-04-23,2025,4,-21.93,-68.53,128,4.5,"4.0 a 4.9","Profundo",0,0,"Antofagasta","Dentro del polígono regional","Norte","region_1"
2023-03-18,2023,3,-23.04,-68.89,98,4.6,"4.0 a 4.9","Profundo",0,0,"Antofagasta","Dentro del polígono regional","Norte","region_1"
2024-02-25,2024,2,-22.22,-68.67,118,4.8,"4.0 a 4.9","Profundo",0,0,"Antofagasta","Dentro del polígono regional","Norte","region_1"
2024-12-27,2024,12,-22.21,-68.73,125,4.9,"4.0 a 4.9","Profundo",0,0,"Antofagasta","Dentro del polígono regional","Norte","region_1"
2023-03-07,2023,3,-23.09,-69.56,97,4.4,"4.0 a 4.9","Profundo",0,0,"Antofagasta","Dentro del polígono regional","Norte","region_1"
2023-03-09,2023,3,-23.11,-69.35,96,4.3,"4.0 a 4.9","Profundo",0,0,"Antofagasta","Dentro del polígono regional","Norte","region_1"
2023-03-22,2023,3,-22.72,-68.97,109,4.4,"4.0 a 4.9","Profundo",0,0,"Antofagasta","Dentro del polígono regional","Norte","region_1"
2023-06-09,2023,6,-23.48,-69.61,81,4,"4.0 a 4.9","Profundo",0,0,"Antofagasta","Dentro del polígono regional","Norte","region_1"
2023-07-04,2023,7,-23.45,-69.55,83,4.2,"4.0 a 4.9","Profundo",0,0,"Antofagasta","Dentro del polígono regional","Norte","region_1"
2023-08-18,2023,8,-23.34,-69.41,70,4.4,"4.0 a 4.9","Profundo",0,0,"Antofagasta","Dentro del polígono regional","Norte","region_1"
2023-10-15,2023,10,-23.32,-69.29,87,4.4,"4.0 a 4.9","Profundo",0,0,"Antofagasta","Dentro del polígono regional","Norte","region_1"
2023-10-22,2023,10,-22.88,-69.3,85,4.2,"4.0 a 4.9","Profundo",0,0,"Antofagasta","Dentro del polígono regional","Norte","region_1"
2023-11-15,2023,11,-22.76,-68.85,103,4.3,"4.0 a 4.9","Profundo",0,0,"Antofagasta","Dentro del polígono regional","Norte","region_1"
2023-11-22,2023,11,-22.89,-69.09,105,4.7,"4.0 a 4.9","Profundo",0,0,"Antofagasta","Dentro del polígono regional","Norte","region_1"
2024-04-18,2024,4,-23.31,-69.22,98,4.1,"4.0 a 4.9","Profundo",0,0,"Antofagasta","Dentro del polígono regional","Norte","region_1"
2024-06-25,2024,6,-22.84,-68.9,106,4.1,"4.0 a 4.9","Profundo",0,0,"Antofagasta","Dentro del polígono regional","Norte","region_1"
2024-07-28,2024,7,-23.18,-69.23,84,3.8,"Menor a 4","Profundo",0,0,"Antofagasta","Dentro del polígono regional","Norte","region_1"
2024-07-29,2024,7,-22.76,-68.85,99,3.8,"Menor a 4","Profundo",0,0,"Antofagasta","Dentro del polígono regional","Norte","region_1"
2024-08-25,2024,8,-22.94,-69.75,69,3.9,"Menor a 4","Intermedio",0,0,"Antofagasta","Dentro del polígono regional","Norte","region_1"
2024-10-07,2024,10,-24.12,-67.78,243,4.9,"4.0 a 4.9","Profundo",0,0,"Antofagasta","Dentro del polígono regional","Norte","region_1"
2024-10-10,2024,10,-23.47,-69.4,74,4.2,"4.0 a 4.9","Profundo",0,0,"Antofagasta","Dentro del polígono regional","Norte","region_1"
2024-11-27,2024,11,-22.96,-68.86,111,4.1,"4.0 a 4.9","Profundo",0,0,"Antofagasta","Dentro del polígono regional","Norte","region_1"
2025-02-23,2025,2,-24.04,-69.02,100,4.6,"4.0 a 4.9","Profundo",0,0,"Antofagasta","Dentro del polígono regional","Norte","region_1"
2025-03-08,2025,3,-22.89,-68.99,109,4.5,"4.0 a 4.9","Profundo",0,0,"Antofagasta","Dentro del polígono regional","Norte","region_1"
2025-05-08,2025,5,-23.13,-69.19,90,4.7,"4.0 a 4.9","Profundo",0,0,"Antofagasta","Dentro del polígono regional","Norte","region_1"
2021-09-10,2021,9,-20.64,-69.23,90,4.3,"4.0 a 4.9","Profundo",0,0,"Tarapacá","Dentro del polígono regional","Norte","region_15"
2021-10-22,2021,10,-20.27,-70.23,40,3.1,"Menor a 4","Intermedio",0,0,"Tarapacá","Región más cercana","Norte","region_15"
2022-05-10,2022,5,-20.24,-70.25,41,3,"Menor a 4","Intermedio",0,0,"Tarapacá","Región más cercana","Norte","region_15"
2022-07-28,2022,7,-21.41,-70.15,73,4.2,"4.0 a 4.9","Profundo",0,0,"Antofagasta","Región más cercana","Norte","region_1"
2022-08-16,2022,8,-20.16,-69.88,60,3.3,"Menor a 4","Intermedio",0,0,"Tarapacá","Dentro del polígono regional","Norte","region_15"
2022-11-14,2022,11,-20.78,-70.03,76,3.4,"Menor a 4","Profundo",0,0,"Tarapacá","Región más cercana","Norte","region_15"
2024-06-20,2024,6,-20.76,-70.08,84,3.4,"Menor a 4","Profundo",0,0,"Tarapacá","Región más cercana","Norte","region_15"
2024-08-08,2024,8,-20.79,-70.43,61,3.8,"Menor a 4","Intermedio",0,0,"Tarapacá","Región más cercana","Norte","region_15"
2022-04-26,2022,4,-20.18,-69.61,37,3.7,"Menor a 4","Intermedio",0,0,"Tarapacá","Dentro del polígono regional","Norte","region_15"
2024-10-06,2024,10,-20.35,-70.07,54,3.6,"Menor a 4","Intermedio",0,0,"Tarapacá","Dentro del polígono regional","Norte","region_15"
2024-12-24,2024,12,-20.43,-69.79,54,3.7,"Menor a 4","Intermedio",0,0,"Tarapacá","Dentro del polígono regional","Norte","region_15"
2025-05-22,2025,5,-20.61,-69.8,51,4,"4.0 a 4.9","Intermedio",0,0,"Tarapacá","Dentro del polígono regional","Norte","region_15"
2023-09-22,2023,9,-22.53,-69.35,102,3.1,"Menor a 4","Profundo",0,0,"Antofagasta","Dentro del polígono regional","Norte","region_1"
2024-06-29,2024,6,-22.88,-69.31,74,3.8,"Menor a 4","Profundo",0,0,"Antofagasta","Dentro del polígono regional","Norte","region_1"
2024-11-10,2024,11,-22.64,-69.65,55,3.3,"Menor a 4","Intermedio",0,0,"Antofagasta","Dentro del polígono regional","Norte","region_1"
2024-11-13,2024,11,-23.08,-69.42,75,4.2,"4.0 a 4.9","Profundo",0,0,"Antofagasta","Dentro del polígono regional","Norte","region_1"
2022-07-23,2022,7,-19.51,-69.81,69,4,"4.0 a 4.9","Intermedio",0,0,"Tarapacá","Dentro del polígono regional","Norte","region_15"
2025-07-16,2025,7,-28.19,-70.75,52,5.2,"5.0 a 5.9","Intermedio",1,0,"Atacama","Dentro del polígono regional","Norte","region_4"
2025-07-17,2025,7,-24.25,-69.77,76,5.3,"5.0 a 5.9","Profundo",1,0,"Antofagasta","Dentro del polígono regional","Norte","region_1"
2023-06-05,2023,6,-27.58,-69.95,91,3.6,"Menor a 4","Profundo",0,0,"Atacama","Dentro del polígono regional","Norte","region_4"
2023-07-19,2023,7,-27.48,-70.17,84,3.7,"Menor a 4","Profundo",0,0,"Atacama","Dentro del polígono regional","Norte","region_4"
2024-03-19,2024,3,-27.39,-69.74,112,4.2,"4.0 a 4.9","Profundo",0,0,"Atacama","Dentro del polígono regional","Norte","region_4"
2024-05-02,2024,5,-27.59,-69.95,96,3.9,"Menor a 4","Profundo",0,0,"Atacama","Dentro del polígono regional","Norte","region_4"
2024-09-25,2024,9,-28.54,-69.72,109,4.4,"4.0 a 4.9","Profundo",0,0,"Atacama","Dentro del polígono regional","Norte","region_4"
2024-10-11,2024,10,-28.43,-69.79,107,4.4,"4.0 a 4.9","Profundo",0,0,"Atacama","Dentro del polígono regional","Norte","region_4"
2024-10-15,2024,10,-27.51,-69.55,110,4.4,"4.0 a 4.9","Profundo",0,0,"Atacama","Dentro del polígono regional","Norte","region_4"
2024-10-24,2024,10,-27.31,-69.62,116,4.2,"4.0 a 4.9","Profundo",0,0,"Atacama","Dentro del polígono regional","Norte","region_4"
2025-02-23,2025,2,-27.22,-70.19,97,3.7,"Menor a 4","Profundo",0,0,"Atacama","Dentro del polígono regional","Norte","region_4"
2025-02-25,2025,2,-27.52,-69.73,116,4.3,"4.0 a 4.9","Profundo",0,0,"Atacama","Dentro del polígono regional","Norte","region_4"
2025-03-20,2025,3,-27.17,-69.6,112,4.3,"4.0 a 4.9","Profundo",0,0,"Atacama","Dentro del polígono regional","Norte","region_4"
2025-03-29,2025,3,-26.62,-70.62,45,4.2,"4.0 a 4.9","Intermedio",0,0,"Atacama","Dentro del polígono regional","Norte","region_4"
2025-04-22,2025,4,-27.55,-69.44,114,4.6,"4.0 a 4.9","Profundo",0,0,"Atacama","Dentro del polígono regional","Norte","region_4"
2025-06-07,2025,6,-27.18,-69.91,105,3.8,"Menor a 4","Profundo",0,0,"Atacama","Dentro del polígono regional","Norte","region_4"
2024-08-20,2024,8,-28.81,-71.43,38,3.6,"Menor a 4","Intermedio",0,0,"Atacama","Región más cercana","Norte","region_4"
2024-11-13,2024,11,-29.05,-71.5,34,4.5,"4.0 a 4.9","Intermedio",0,0,"Atacama","Región más cercana","Norte","region_4"
2024-12-04,2024,12,-28.98,-71.33,56,3.7,"Menor a 4","Intermedio",0,0,"Atacama","Dentro del polígono regional","Norte","region_4"
2024-12-12,2024,12,-28.68,-71.42,49,4.1,"4.0 a 4.9","Intermedio",0,0,"Atacama","Región más cercana","Norte","region_4"
2024-12-30,2024,12,-29.37,-71.25,51,5,"5.0 a 5.9","Intermedio",1,0,"Coquimbo","Dentro del polígono regional","Norte","region_7"
2025-01-22,2025,1,-29.43,-71.07,62,4.4,"4.0 a 4.9","Intermedio",0,0,"Coquimbo","Dentro del polígono regional","Norte","region_7"
2025-03-05,2025,3,-29.34,-71.18,64,4.3,"4.0 a 4.9","Intermedio",0,0,"Coquimbo","Dentro del polígono regional","Norte","region_7"
2025-05-21,2025,5,-28.64,-71.31,32,4.4,"4.0 a 4.9","Intermedio",0,0,"Atacama","Región más cercana","Norte","region_4"
2025-06-24,2025,6,-29.34,-71.53,64,4.3,"4.0 a 4.9","Intermedio",0,0,"Coquimbo","Región más cercana","Norte","region_7"
2021-12-01,2021,12,-19.21,-70.31,74,3.5,"Menor a 4","Profundo",0,0,"Arica y Parinacota","Región más cercana","Norte","region_3"
2022-08-31,2022,8,-19.11,-70.53,44,4,"4.0 a 4.9","Intermedio",0,0,"Arica y Parinacota","Región más cercana","Norte","region_3"
2023-02-09,2023,2,-19.25,-70.14,50,4,"4.0 a 4.9","Intermedio",0,0,"Tarapacá","Dentro del polígono regional","Norte","region_15"
2023-04-09,2023,4,-19.28,-70.2,44,4.3,"4.0 a 4.9","Intermedio",0,0,"Tarapacá","Dentro del polígono regional","Norte","region_15"
2023-06-19,2023,6,-19.34,-69.91,5,3.5,"Menor a 4","Superficial",0,0,"Tarapacá","Dentro del polígono regional","Norte","region_15"
2023-08-13,2023,8,-19.28,-70.1,50,3.8,"Menor a 4","Intermedio",0,0,"Tarapacá","Dentro del polígono regional","Norte","region_15"
2024-02-16,2024,2,-19.67,-71,15,4.8,"4.0 a 4.9","Superficial",0,0,"Tarapacá","Región más cercana","Norte","region_15"
2024-03-13,2024,3,-19.68,-70.96,33,4.4,"4.0 a 4.9","Intermedio",0,0,"Tarapacá","Región más cercana","Norte","region_15"
2024-10-13,2024,10,-19.32,-70.24,34,3.5,"Menor a 4","Intermedio",0,0,"Tarapacá","Dentro del polígono regional","Norte","region_15"
2025-04-26,2025,4,-19.09,-70.04,66,4.2,"4.0 a 4.9","Intermedio",0,0,"Arica y Parinacota","Dentro del polígono regional","Norte","region_3"
2025-05-12,2025,5,-18.37,-69.45,142,4.9,"4.0 a 4.9","Profundo",0,0,"Arica y Parinacota","Dentro del polígono regional","Norte","region_3"
2025-05-25,2025,5,-18.94,-70.39,13,4,"4.0 a 4.9","Superficial",0,0,"Arica y Parinacota","Región más cercana","Norte","region_3"
2024-02-02,2024,2,-18.29,-69.74,119,4.2,"4.0 a 4.9","Profundo",0,0,"Arica y Parinacota","Dentro del polígono regional","Norte","region_3"
2025-01-09,2025,1,-18.97,-69.45,101,4.8,"4.0 a 4.9","Profundo",0,0,"Arica y Parinacota","Dentro del polígono regional","Norte","region_3"
2025-06-25,2025,6,-19.44,-70.18,39,4.2,"4.0 a 4.9","Intermedio",0,0,"Tarapacá","Dentro del polígono regional","Norte","region_15"
2025-07-10,2025,7,-19.02,-69.26,115,5.1,"5.0 a 5.9","Profundo",1,0,"Arica y Parinacota","Dentro del polígono regional","Norte","region_3"
2025-07-21,2025,7,-18.95,-69.61,101,4,"4.0 a 4.9","Profundo",0,0,"Arica y Parinacota","Dentro del polígono regional","Norte","region_3"
2025-07-21,2025,7,-20.01,-70.25,40,4.4,"4.0 a 4.9","Intermedio",0,0,"Tarapacá","Región más cercana","Norte","region_15"
2025-02-11,2025,2,-18.3,-69.81,117,4.7,"4.0 a 4.9","Profundo",0,0,"Arica y Parinacota","Dentro del polígono regional","Norte","region_3"
2022-08-08,2022,8,-20.31,-69.29,108,3.8,"Menor a 4","Profundo",0,0,"Tarapacá","Dentro del polígono regional","Norte","region_15"
2022-09-05,2022,9,-19.88,-70.03,53,3.5,"Menor a 4","Intermedio",0,0,"Tarapacá","Dentro del polígono regional","Norte","region_15"
2022-09-21,2022,9,-20.1,-69.06,107,4.1,"4.0 a 4.9","Profundo",0,0,"Tarapacá","Dentro del polígono regional","Norte","region_15"
2023-02-10,2023,2,-20.24,-69.29,112,4.1,"4.0 a 4.9","Profundo",0,0,"Tarapacá","Dentro del polígono regional","Norte","region_15"
2023-09-19,2023,9,-20.04,-69.33,85,3.8,"Menor a 4","Profundo",0,0,"Tarapacá","Dentro del polígono regional","Norte","region_15"
2024-03-09,2024,3,-20.14,-69.28,112,4.1,"4.0 a 4.9","Profundo",0,0,"Tarapacá","Dentro del polígono regional","Norte","region_15"
2024-06-04,2024,6,-19.52,-69.5,97,4.1,"4.0 a 4.9","Profundo",0,0,"Tarapacá","Dentro del polígono regional","Norte","region_15"
2024-12-14,2024,12,-21.31,-67.57,230,4.7,"4.0 a 4.9","Profundo",0,0,"Antofagasta","Región más cercana","Norte","region_1"
2025-01-24,2025,1,-18.19,-69.43,133,5.3,"5.0 a 5.9","Profundo",1,0,"Arica y Parinacota","Dentro del polígono regional","Norte","region_3"
2025-02-05,2025,2,-20.31,-69.25,102,4.6,"4.0 a 4.9","Profundo",0,0,"Tarapacá","Dentro del polígono regional","Norte","region_15"
2025-03-12,2025,3,-20.25,-69.23,94,4,"4.0 a 4.9","Profundo",0,0,"Tarapacá","Dentro del polígono regional","Norte","region_15"
2025-04-29,2025,4,-20.84,-68.97,102,4.7,"4.0 a 4.9","Profundo",0,0,"Tarapacá","Dentro del polígono regional","Norte","region_15"
2025-06-07,2025,6,-21.05,-68.95,116,4.6,"4.0 a 4.9","Profundo",0,0,"Tarapacá","Dentro del polígono regional","Norte","region_15"
2025-07-13,2025,7,-20.09,-69.03,103,3.8,"Menor a 4","Profundo",0,0,"Tarapacá","Dentro del polígono regional","Norte","region_15"
2022-08-14,2022,8,-19.73,-69.51,107,3.7,"Menor a 4","Profundo",0,0,"Tarapacá","Dentro del polígono regional","Norte","region_15"
2022-12-13,2022,12,-20.02,-69.41,81,3.1,"Menor a 4","Profundo",0,0,"Tarapacá","Dentro del polígono regional","Norte","region_15"
2023-02-04,2023,2,-19.73,-69.31,90,3.9,"Menor a 4","Profundo",0,0,"Tarapacá","Dentro del polígono regional","Norte","region_15"
2023-02-10,2023,2,-19.06,-69.25,111,4.1,"4.0 a 4.9","Profundo",0,0,"Arica y Parinacota","Dentro del polígono regional","Norte","region_3"
2023-05-05,2023,5,-19.87,-69.07,104,4.2,"4.0 a 4.9","Profundo",0,0,"Tarapacá","Dentro del polígono regional","Norte","region_15"
2023-05-11,2023,5,-20.41,-68.78,116,3.8,"Menor a 4","Profundo",0,0,"Tarapacá","Dentro del polígono regional","Norte","region_15"
2023-05-24,2023,5,-19.75,-69.41,115,4.3,"4.0 a 4.9","Profundo",0,0,"Tarapacá","Dentro del polígono regional","Norte","region_15"
2023-06-25,2023,6,-20.91,-68.99,103,4.3,"4.0 a 4.9","Profundo",0,0,"Tarapacá","Dentro del polígono regional","Norte","region_15"
2023-08-13,2023,8,-19.86,-69.49,110,4.1,"4.0 a 4.9","Profundo",0,0,"Tarapacá","Dentro del polígono regional","Norte","region_15"
2023-09-29,2023,9,-21.06,-68.92,111,4.2,"4.0 a 4.9","Profundo",0,0,"Tarapacá","Dentro del polígono regional","Norte","region_15"
2023-10-13,2023,10,-19.65,-69.23,99,3.6,"Menor a 4","Profundo",0,0,"Tarapacá","Dentro del polígono regional","Norte","region_15"
2023-10-14,2023,10,-19.57,-68.89,120,4.2,"4.0 a 4.9","Profundo",0,0,"Tarapacá","Dentro del polígono regional","Norte","region_15"
2023-10-21,2023,10,-19.22,-69.46,101,3.9,"Menor a 4","Profundo",0,0,"Tarapacá","Dentro del polígono regional","Norte","region_15"
2023-11-30,2023,11,-21.24,-68.78,114,4.6,"4.0 a 4.9","Profundo",0,0,"Antofagasta","Dentro del polígono regional","Norte","region_1"
2024-05-01,2024,5,-20.68,-68.9,107,4,"4.0 a 4.9","Profundo",0,0,"Tarapacá","Dentro del polígono regional","Norte","region_15"
2024-06-04,2024,6,-19.08,-69.15,124,4.7,"4.0 a 4.9","Profundo",0,0,"Arica y Parinacota","Dentro del polígono regional","Norte","region_3"
2024-06-13,2024,6,-19.65,-69.49,112,3.8,"Menor a 4","Profundo",0,0,"Tarapacá","Dentro del polígono regional","Norte","region_15"
2024-06-21,2024,6,-19.71,-69.19,111,3.6,"Menor a 4","Profundo",0,0,"Tarapacá","Dentro del polígono regional","Norte","region_15"
2024-06-27,2024,6,-21.44,-68.8,121,4.6,"4.0 a 4.9","Profundo",0,0,"Antofagasta","Dentro del polígono regional","Norte","region_1"
2024-08-23,2024,8,-20.25,-69.09,93,4,"4.0 a 4.9","Profundo",0,0,"Tarapacá","Dentro del polígono regional","Norte","region_15"
2024-10-01,2024,10,-19.65,-69.29,108,3.9,"Menor a 4","Profundo",0,0,"Tarapacá","Dentro del polígono regional","Norte","region_15"
2024-10-23,2024,10,-19.1,-69.28,106,4,"4.0 a 4.9","Profundo",0,0,"Arica y Parinacota","Dentro del polígono regional","Norte","region_3"
2024-12-31,2024,12,-19.72,-69.3,101,4.3,"4.0 a 4.9","Profundo",0,0,"Tarapacá","Dentro del polígono regional","Norte","region_15"
2025-01-10,2025,1,-19.31,-69.27,105,4.3,"4.0 a 4.9","Profundo",0,0,"Tarapacá","Dentro del polígono regional","Norte","region_15"
2025-02-05,2025,2,-19.37,-69.36,94,4.4,"4.0 a 4.9","Profundo",0,0,"Tarapacá","Dentro del polígono regional","Norte","region_15"
2025-02-06,2025,2,-20.26,-69.08,103,4,"4.0 a 4.9","Profundo",0,0,"Tarapacá","Dentro del polígono regional","Norte","region_15"
2025-02-08,2025,2,-19.73,-69.14,104,3.8,"Menor a 4","Profundo",0,0,"Tarapacá","Dentro del polígono regional","Norte","region_15"
2025-04-14,2025,4,-19.73,-69.08,108,3.6,"Menor a 4","Profundo",0,0,"Tarapacá","Dentro del polígono regional","Norte","region_15"
2025-04-14,2025,4,-20.27,-69.18,86,4.1,"4.0 a 4.9","Profundo",0,0,"Tarapacá","Dentro del polígono regional","Norte","region_15"
2025-05-23,2025,5,-19.9,-69.36,102,3.6,"Menor a 4","Profundo",0,0,"Tarapacá","Dentro del polígono regional","Norte","region_15"
2024-05-20,2024,5,-22.02,-70.38,28,3.5,"Menor a 4","Superficial",0,0,"Antofagasta","Región más cercana","Norte","region_1"
2024-11-10,2024,11,-21.46,-69.82,32,4,"4.0 a 4.9","Intermedio",0,0,"Antofagasta","Dentro del polígono regional","Norte","region_1"
2024-12-18,2024,12,-22.66,-70.47,51,4.2,"4.0 a 4.9","Intermedio",0,0,"Antofagasta","Región más cercana","Norte","region_1"
2025-04-13,2025,4,-21.73,-70.35,57,4.7,"4.0 a 4.9","Intermedio",0,0,"Antofagasta","Región más cercana","Norte","region_1"
2025-05-28,2025,5,-22.11,-70.36,29,3.9,"Menor a 4","Superficial",0,0,"Antofagasta","Región más cercana","Norte","region_1"
2025-06-10,2025,6,-21.56,-69.68,41,3.9,"Menor a 4","Intermedio",0,0,"Antofagasta","Dentro del polígono regional","Norte","region_1"
2024-12-24,2024,12,-28.11,-67.48,116,6,"6.0 o más","Profundo",1,1,"Atacama","Región más cercana","Norte","region_4"
2025-02-10,2025,2,-28.33,-70.91,62,4,"4.0 a 4.9","Intermedio",0,0,"Atacama","Dentro del polígono regional","Norte","region_4"
2024-12-18,2024,12,-28.16,-70.78,51,4,"4.0 a 4.9","Intermedio",0,0,"Atacama","Dentro del polígono regional","Norte","region_4"
2025-04-09,2025,4,-27.24,-70.99,62,3.7,"Menor a 4","Intermedio",0,0,"Atacama","Región más cercana","Norte","region_4"
2023-09-22,2023,9,-28.21,-70.39,74,4,"4.0 a 4.9","Profundo",0,0,"Atacama","Dentro del polígono regional","Norte","region_4"
2023-10-16,2023,10,-27.38,-69.94,100,3.9,"Menor a 4","Profundo",0,0,"Atacama","Dentro del polígono regional","Norte","region_4"
2024-10-18,2024,10,-28.12,-70.75,55,3.8,"Menor a 4","Intermedio",0,0,"Atacama","Dentro del polígono regional","Norte","region_4"
2025-04-26,2025,4,-27.57,-70.63,73,3.8,"Menor a 4","Profundo",0,0,"Atacama","Dentro del polígono regional","Norte","region_4"
2025-02-13,2025,2,-29.03,-71.45,40,4.7,"4.0 a 4.9","Intermedio",0,0,"Atacama","Dentro del polígono regional","Norte","region_4"
2021-09-24,2021,9,-19.34,-70.06,35,3.1,"Menor a 4","Intermedio",0,0,"Tarapacá","Dentro del polígono regional","Norte","region_15"
2023-05-07,2023,5,-19.27,-70.15,54,3.5,"Menor a 4","Intermedio",0,0,"Tarapacá","Dentro del polígono regional","Norte","region_15"
2024-05-16,2024,5,-19.23,-70.24,38,3.2,"Menor a 4","Intermedio",0,0,"Tarapacá","Dentro del polígono regional","Norte","region_15"
2024-05-30,2024,5,-19.22,-70.16,30,3.1,"Menor a 4","Intermedio",0,0,"Tarapacá","Dentro del polígono regional","Norte","region_15"
2024-07-16,2024,7,-19.45,-69.99,47,3.2,"Menor a 4","Intermedio",0,0,"Tarapacá","Dentro del polígono regional","Norte","region_15"
2024-09-17,2024,9,-19.29,-70.2,54,3.4,"Menor a 4","Intermedio",0,0,"Tarapacá","Dentro del polígono regional","Norte","region_15"
2024-12-18,2024,12,-19.31,-70.11,45,3.7,"Menor a 4","Intermedio",0,0,"Tarapacá","Dentro del polígono regional","Norte","region_15"
2025-02-06,2025,2,-19.22,-70.22,58,3.3,"Menor a 4","Intermedio",0,0,"Tarapacá","Dentro del polígono regional","Norte","region_15"
2025-06-01,2025,6,-19.34,-69.83,38,3.1,"Menor a 4","Intermedio",0,0,"Tarapacá","Dentro del polígono regional","Norte","region_15"
2021-12-03,2021,12,-19.67,-69.98,27,3.1,"Menor a 4","Superficial",0,0,"Tarapacá","Dentro del polígono regional","Norte","region_15"
2022-06-13,2022,6,-19.6,-70.2,31,3,"Menor a 4","Intermedio",0,0,"Tarapacá","Dentro del polígono regional","Norte","region_15"
2022-12-04,2022,12,-19.55,-69.93,18,3.4,"Menor a 4","Superficial",0,0,"Tarapacá","Dentro del polígono regional","Norte","region_15"
2022-05-05,2022,5,-20.32,-69.77,39,3.3,"Menor a 4","Intermedio",0,0,"Tarapacá","Dentro del polígono regional","Norte","region_15"
2023-05-30,2023,5,-19.67,-69.81,38,3.3,"Menor a 4","Intermedio",0,0,"Tarapacá","Dentro del polígono regional","Norte","region_15"
2025-03-14,2025,3,-20.28,-70.06,55,3.7,"Menor a 4","Intermedio",0,0,"Tarapacá","Dentro del polígono regional","Norte","region_15"
2025-04-10,2025,4,-20,-69.83,52,3,"Menor a 4","Intermedio",0,0,"Tarapacá","Dentro del polígono regional","Norte","region_15"
2024-11-04,2024,11,-22.06,-70.33,16,3,"Menor a 4","Superficial",0,0,"Antofagasta","Región más cercana","Norte","region_1"
2024-12-16,2024,12,-22.23,-70,54,4.8,"4.0 a 4.9","Intermedio",0,0,"Antofagasta","Dentro del polígono regional","Norte","region_1"
2025-05-31,2025,5,-22.36,-70.33,24,3.1,"Menor a 4","Superficial",0,0,"Antofagasta","Región más cercana","Norte","region_1"
2025-06-10,2025,6,-21.56,-69.65,40,3.6,"Menor a 4","Intermedio",0,0,"Antofagasta","Dentro del polígono regional","Norte","region_1"
2024-04-25,2024,4,-27.33,-71.11,55,3.4,"Menor a 4","Intermedio",0,0,"Atacama","Región más cercana","Norte","region_4"
2025-03-02,2025,3,-28.26,-70.63,51,3.8,"Menor a 4","Intermedio",0,0,"Atacama","Dentro del polígono regional","Norte","region_4"
2024-06-21,2024,6,-28.38,-71.01,59,3.5,"Menor a 4","Intermedio",0,0,"Atacama","Dentro del polígono regional","Norte","region_4"
2022-07-02,2022,7,-20.01,-68.92,115,4.5,"4.0 a 4.9","Profundo",0,0,"Tarapacá","Dentro del polígono regional","Norte","region_15"
2024-03-03,2024,3,-30.27,-71.26,55,4,"4.0 a 4.9","Intermedio",0,0,"Coquimbo","Dentro del polígono regional","Norte","region_7"
2024-10-01,2024,10,-30.05,-71.18,66,4.1,"4.0 a 4.9","Intermedio",0,0,"Coquimbo","Dentro del polígono regional","Norte","region_7"
2025-04-03,2025,4,-29.86,-71.55,62,4.1,"4.0 a 4.9","Intermedio",0,0,"Coquimbo","Región más cercana","Norte","region_7"
2025-02-10,2025,2,-29.46,-71.17,50,3.7,"Menor a 4","Intermedio",0,0,"Coquimbo","Dentro del polígono regional","Norte","region_7"
2025-02-19,2025,2,-30.03,-71.24,49,4.1,"4.0 a 4.9","Intermedio",0,0,"Coquimbo","Dentro del polígono regional","Norte","region_7"
2025-03-20,2025,3,-30.09,-71.2,64,4.1,"4.0 a 4.9","Intermedio",0,0,"Coquimbo","Dentro del polígono regional","Norte","region_7"
2025-02-06,2025,2,-30.04,-71.29,53,4.5,"4.0 a 4.9","Intermedio",0,0,"Coquimbo","Dentro del polígono regional","Norte","region_7"
2025-02-16,2025,2,-30.1,-71.29,70,4.4,"4.0 a 4.9","Profundo",0,0,"Coquimbo","Dentro del polígono regional","Norte","region_7"
2025-05-02,2025,5,-29.68,-71.31,51,4.3,"4.0 a 4.9","Intermedio",0,0,"Coquimbo","Dentro del polígono regional","Norte","region_7"
2024-09-19,2024,9,-30.73,-71.4,45,4,"4.0 a 4.9","Intermedio",0,0,"Coquimbo","Dentro del polígono regional","Norte","region_7"
2024-10-09,2024,10,-30.68,-71.3,48,3.9,"Menor a 4","Intermedio",0,0,"Coquimbo","Dentro del polígono regional","Norte","region_7"
2024-12-06,2024,12,-30.73,-71.36,45,3.6,"Menor a 4","Intermedio",0,0,"Coquimbo","Dentro del polígono regional","Norte","region_7"
2024-12-11,2024,12,-30.73,-71.4,51,4.4,"4.0 a 4.9","Intermedio",0,0,"Coquimbo","Dentro del polígono regional","Norte","region_7"
2025-01-26,2025,1,-30.71,-71.68,37,4.5,"4.0 a 4.9","Intermedio",0,0,"Coquimbo","Dentro del polígono regional","Norte","region_7"
2025-03-10,2025,3,-30.86,-71.3,55,4.5,"4.0 a 4.9","Intermedio",0,0,"Coquimbo","Dentro del polígono regional","Norte","region_7"
2025-03-13,2025,3,-30.86,-71.31,54,4.2,"4.0 a 4.9","Intermedio",0,0,"Coquimbo","Dentro del polígono regional","Norte","region_7"
2025-03-23,2025,3,-30.73,-71.33,50,3.4,"Menor a 4","Intermedio",0,0,"Coquimbo","Dentro del polígono regional","Norte","region_7"
2025-04-27,2025,4,-30.87,-71.28,55,4.3,"4.0 a 4.9","Intermedio",0,0,"Coquimbo","Dentro del polígono regional","Norte","region_7"
2025-06-15,2025,6,-30.66,-71.31,54,3.7,"Menor a 4","Intermedio",0,0,"Coquimbo","Dentro del polígono regional","Norte","region_7"
2024-01-06,2024,1,-31.51,-71.54,40,3.4,"Menor a 4","Intermedio",0,0,"Coquimbo","Dentro del polígono regional","Norte","region_7"
2025-01-03,2025,1,-31.8,-71.42,47,4.2,"4.0 a 4.9","Intermedio",0,0,"Coquimbo","Dentro del polígono regional","Norte","region_7"
2024-08-10,2024,8,-31.86,-71.4,51,3.6,"Menor a 4","Intermedio",0,0,"Coquimbo","Dentro del polígono regional","Norte","region_7"
2024-09-02,2024,9,-31.85,-71.49,39,3.8,"Menor a 4","Intermedio",0,0,"Coquimbo","Dentro del polígono regional","Norte","region_7"
2025-02-22,2025,2,-31.79,-71.69,65,4.2,"4.0 a 4.9","Intermedio",0,0,"Coquimbo","Región más cercana","Norte","region_7"
2024-09-20,2024,9,-29.22,-71.21,46,3.6,"Menor a 4","Intermedio",0,0,"Coquimbo","Dentro del polígono regional","Norte","region_7"
2024-11-10,2024,11,-29.8,-69.57,118,4.9,"4.0 a 4.9","Profundo",0,0,"Coquimbo","Región más cercana","Norte","region_7"
2025-01-10,2025,1,-29.46,-71.03,54,3.5,"Menor a 4","Intermedio",0,0,"Coquimbo","Dentro del polígono regional","Norte","region_7"
2025-02-08,2025,2,-29.54,-71.79,50,4.2,"4.0 a 4.9","Intermedio",0,0,"Coquimbo","Región más cercana","Norte","region_7"
2023-11-25,2023,11,-29.67,-71.19,71,3.8,"Menor a 4","Profundo",0,0,"Coquimbo","Dentro del polígono regional","Norte","region_7"
2022-06-29,2022,6,-31.46,-71.48,58,3.7,"Menor a 4","Intermedio",0,0,"Coquimbo","Dentro del polígono regional","Norte","region_7"
2023-03-20,2023,3,-31.53,-71.74,38,3.6,"Menor a 4","Intermedio",0,0,"Coquimbo","Región más cercana","Norte","region_7"
2023-04-11,2023,4,-31.48,-71.71,34,4.3,"4.0 a 4.9","Intermedio",0,0,"Coquimbo","Región más cercana","Norte","region_7"
2023-04-20,2023,4,-31.48,-71.64,38,4,"4.0 a 4.9","Intermedio",0,0,"Coquimbo","Región más cercana","Norte","region_7"
2023-09-06,2023,9,-31.65,-71.7,26,3.7,"Menor a 4","Superficial",0,0,"Coquimbo","Región más cercana","Norte","region_7"
2024-03-02,2024,3,-31.66,-71.65,32,3.8,"Menor a 4","Intermedio",0,0,"Coquimbo","Región más cercana","Norte","region_7"
2024-06-17,2024,6,-31.71,-71.68,32,3.4,"Menor a 4","Intermedio",0,0,"Coquimbo","Región más cercana","Norte","region_7"
2024-06-24,2024,6,-31.43,-71.67,51,3.9,"Menor a 4","Intermedio",0,0,"Coquimbo","Región más cercana","Norte","region_7"
2024-08-23,2024,8,-31.47,-70.87,105,4,"4.0 a 4.9","Profundo",0,0,"Coquimbo","Dentro del polígono regional","Norte","region_7"
2024-11-06,2024,11,-31.72,-71.48,45,4,"4.0 a 4.9","Intermedio",0,0,"Coquimbo","Dentro del polígono regional","Norte","region_7"
2024-11-19,2024,11,-31.71,-71.26,52,4,"4.0 a 4.9","Intermedio",0,0,"Coquimbo","Dentro del polígono regional","Norte","region_7"
2025-01-28,2025,1,-31.33,-70.74,109,4.3,"4.0 a 4.9","Profundo",0,0,"Coquimbo","Dentro del polígono regional","Norte","region_7"
2025-04-12,2025,4,-31.54,-71.29,40,4.5,"4.0 a 4.9","Intermedio",0,0,"Coquimbo","Dentro del polígono regional","Norte","region_7"
2025-05-29,2025,5,-31.47,-71.64,36,3.6,"Menor a 4","Intermedio",0,0,"Coquimbo","Región más cercana","Norte","region_7"
2025-06-04,2025,6,-31.53,-71.66,34,3.7,"Menor a 4","Intermedio",0,0,"Coquimbo","Región más cercana","Norte","region_7"
2025-06-28,2025,6,-31.61,-71.22,67,3.8,"Menor a 4","Intermedio",0,0,"Coquimbo","Dentro del polígono regional","Norte","region_7"
2025-07-06,2025,7,-31.76,-71.53,36,4.1,"4.0 a 4.9","Intermedio",0,0,"Coquimbo","Región más cercana","Norte","region_7"
2025-07-14,2025,7,-31.7,-71.73,33,3.6,"Menor a 4","Intermedio",0,0,"Coquimbo","Región más cercana","Norte","region_7"
2023-11-02,2023,11,-30.79,-71.59,26,3.8,"Menor a 4","Superficial",0,0,"Coquimbo","Dentro del polígono regional","Norte","region_7"
2024-05-25,2024,5,-30.77,-71.71,30,3.8,"Menor a 4","Intermedio",0,0,"Coquimbo","Región más cercana","Norte","region_7"
2024-12-09,2024,12,-30.74,-71.23,59,3.6,"Menor a 4","Intermedio",0,0,"Coquimbo","Dentro del polígono regional","Norte","region_7"
2025-04-22,2025,4,-30.88,-71.32,53,4.1,"4.0 a 4.9","Intermedio",0,0,"Coquimbo","Dentro del polígono regional","Norte","region_7"
2025-04-24,2025,4,-30.77,-71.88,33,4.2,"4.0 a 4.9","Intermedio",0,0,"Coquimbo","Región más cercana","Norte","region_7"
2025-06-08,2025,6,-30.73,-71.43,37,3.7,"Menor a 4","Intermedio",0,0,"Coquimbo","Dentro del polígono regional","Norte","region_7"
2024-06-20,2024,6,-30.29,-71.49,52,4.4,"4.0 a 4.9","Intermedio",0,0,"Coquimbo","Dentro del polígono regional","Norte","region_7"
2024-07-18,2024,7,-30.64,-71.26,52,4.3,"4.0 a 4.9","Intermedio",0,0,"Coquimbo","Dentro del polígono regional","Norte","region_7"
2024-08-14,2024,8,-30.71,-71.36,52,3.9,"Menor a 4","Intermedio",0,0,"Coquimbo","Dentro del polígono regional","Norte","region_7"
2025-04-24,2025,4,-30.73,-71.29,63,4.1,"4.0 a 4.9","Intermedio",0,0,"Coquimbo","Dentro del polígono regional","Norte","region_7"
2025-07-01,2025,7,-30.87,-71.15,58,4.5,"4.0 a 4.9","Intermedio",0,0,"Coquimbo","Dentro del polígono regional","Norte","region_7"
2024-03-01,2024,3,-30.44,-71.63,41,4.2,"4.0 a 4.9","Intermedio",0,0,"Coquimbo","Dentro del polígono regional","Norte","region_7"
2024-12-04,2024,12,-30.35,-71.63,49,4.3,"4.0 a 4.9","Intermedio",0,0,"Coquimbo","Dentro del polígono regional","Norte","region_7"
2025-07-31,2025,7,-34.02,-70.38,17,4.2,"4.0 a 4.9","Superficial",0,0,"O'Higgins","Dentro del polígono regional","Centro","region_8"
2024-05-29,2024,5,-30,-71.28,56,3,"Menor a 4","Intermedio",0,0,"Coquimbo","Dentro del polígono regional","Norte","region_7"
2024-06-13,2024,6,-30.03,-71.31,55,3.2,"Menor a 4","Intermedio",0,0,"Coquimbo","Dentro del polígono regional","Norte","region_7"
2024-09-07,2024,9,-30,-71.4,41,3.2,"Menor a 4","Intermedio",0,0,"Coquimbo","Dentro del polígono regional","Norte","region_7"
2025-03-07,2025,3,-29.92,-71.36,52,3,"Menor a 4","Intermedio",0,0,"Coquimbo","Región más cercana","Norte","region_7"
2025-02-10,2025,2,-30.7,-71.29,45,3.4,"Menor a 4","Intermedio",0,0,"Coquimbo","Dentro del polígono regional","Norte","region_7"
2024-12-09,2024,12,-32.12,-71.67,55,3.8,"Menor a 4","Intermedio",0,0,"Coquimbo","Región más cercana","Norte","region_7"
2024-12-23,2024,12,-29.45,-71,56,3.6,"Menor a 4","Intermedio",0,0,"Coquimbo","Dentro del polígono regional","Norte","region_7"
2025-01-24,2025,1,-28.93,-71.4,45,3.4,"Menor a 4","Intermedio",0,0,"Atacama","Dentro del polígono regional","Norte","region_4"
2022-08-13,2022,8,-31.51,-71.24,56,3.1,"Menor a 4","Intermedio",0,0,"Coquimbo","Dentro del polígono regional","Norte","region_7"
2022-08-21,2022,8,-31.49,-71.44,60,3,"Menor a 4","Intermedio",0,0,"Coquimbo","Dentro del polígono regional","Norte","region_7"
2023-12-02,2023,12,-31.26,-71.51,54,3.3,"Menor a 4","Intermedio",0,0,"Coquimbo","Dentro del polígono regional","Norte","region_7"
2024-07-08,2024,7,-31.33,-71.39,56,3.4,"Menor a 4","Intermedio",0,0,"Coquimbo","Dentro del polígono regional","Norte","region_7"
2025-02-10,2025,2,-32.18,-71.37,65,4.1,"4.0 a 4.9","Intermedio",0,0,"Coquimbo","Dentro del polígono regional","Norte","region_7"
2025-04-22,2025,4,-31.55,-71.34,47,3.7,"Menor a 4","Intermedio",0,0,"Coquimbo","Dentro del polígono regional","Norte","region_7"
2025-06-30,2025,6,-31.96,-71.24,57,4.6,"4.0 a 4.9","Intermedio",0,0,"Coquimbo","Dentro del polígono regional","Norte","region_7"
2025-04-30,2025,4,-30.68,-71.73,35,4.7,"4.0 a 4.9","Intermedio",0,0,"Coquimbo","Región más cercana","Norte","region_7"
2023-10-11,2023,10,-30.67,-71.21,59,3.8,"Menor a 4","Intermedio",0,0,"Coquimbo","Dentro del polígono regional","Norte","region_7"
2024-02-20,2024,2,-30.85,-71.37,50,3.2,"Menor a 4","Intermedio",0,0,"Coquimbo","Dentro del polígono regional","Norte","region_7"
2024-05-27,2024,5,-30.66,-71.26,58,3.6,"Menor a 4","Intermedio",0,0,"Coquimbo","Dentro del polígono regional","Norte","region_7"
2025-02-03,2025,2,-30.7,-71.36,50,3.6,"Menor a 4","Intermedio",0,0,"Coquimbo","Dentro del polígono regional","Norte","region_7"
2025-09-04,2025,9,-24.34,-67.3,195,6,"6.0 o más","Profundo",1,1,"Antofagasta","Región más cercana","Norte","region_1"
2025-09-15,2025,9,-20.09,-69.13,103,4.9,"4.0 a 4.9","Profundo",0,0,"Tarapacá","Dentro del polígono regional","Norte","region_15"
2025-09-19,2025,9,-20.25,-69.23,97,5.8,"5.0 a 5.9","Profundo",1,0,"Tarapacá","Dentro del polígono regional","Norte","region_15"
2025-09-24,2025,9,-23.72,-69.13,94,5,"5.0 a 5.9","Profundo",1,0,"Antofagasta","Dentro del polígono regional","Norte","region_1"
2025-09-25,2025,9,-19.51,-69.31,105,5.3,"5.0 a 5.9","Profundo",1,0,"Tarapacá","Dentro del polígono regional","Norte","region_15"
2025-03-01,2025,3,-33.22,-71.25,66,4.1,"4.0 a 4.9","Intermedio",0,0,"Valparaíso","Dentro del polígono regional","Centro","region_16"
2025-06-13,2025,6,-32.67,-71.8,34,4,"4.0 a 4.9","Intermedio",0,0,"Valparaíso","Región más cercana","Centro","region_16"
2025-06-30,2025,6,-32.8,-70.82,83,4.1,"4.0 a 4.9","Profundo",0,0,"Valparaíso","Dentro del polígono regional","Centro","region_16"
2024-09-10,2024,9,-33.32,-71.08,77,4,"4.0 a 4.9","Profundo",0,0,"Región Metropolitana","Dentro del polígono regional","Centro","region_14"
2025-04-14,2025,4,-32.79,-71.79,26,3.3,"Menor a 4","Superficial",0,0,"Valparaíso","Región más cercana","Centro","region_16"
2025-04-24,2025,4,-33.28,-71.81,29,3.5,"Menor a 4","Superficial",0,0,"Valparaíso","Región más cercana","Centro","region_16"
2025-07-21,2025,7,-32.86,-71.09,69,3.9,"Menor a 4","Intermedio",0,0,"Valparaíso","Dentro del polígono regional","Centro","region_16"
2024-06-27,2024,6,-33.12,-70.02,120,4.5,"4.0 a 4.9","Profundo",0,0,"Región Metropolitana","Región más cercana","Centro","region_14"
2025-06-17,2025,6,-36.54,-73.49,34,3.7,"Menor a 4","Intermedio",0,0,"Biobío","Región más cercana","Sur","region_6"
2025-06-22,2025,6,-36.56,-72.88,44,4.1,"4.0 a 4.9","Intermedio",0,0,"Biobío","Dentro del polígono regional","Sur","region_6"
2025-10-02,2025,10,-30.71,-71.77,31,5.6,"5.0 a 5.9","Intermedio",1,0,"Coquimbo","Región más cercana","Norte","region_7"
2025-10-13,2025,10,-30.7,-71.67,33,5.2,"5.0 a 5.9","Intermedio",1,0,"Coquimbo","Dentro del polígono regional","Norte","region_7"
2025-10-14,2025,10,-20.2,-69.19,100,5.4,"5.0 a 5.9","Profundo",1,0,"Tarapacá","Dentro del polígono regional","Norte","region_15"
2025-10-15,2025,10,-30.75,-71.42,49,5.8,"5.0 a 5.9","Intermedio",1,0,"Coquimbo","Dentro del polígono regional","Norte","region_7"
2025-10-21,2025,10,-32.38,-69.94,127,5,"5.0 a 5.9","Profundo",1,0,"Valparaíso","Región más cercana","Centro","region_16"
2025-08-31,2025,8,-33.61,-71.6,46,4.5,"4.0 a 4.9","Intermedio",0,0,"Valparaíso","Dentro del polígono regional","Centro","region_16"
2025-04-18,2025,4,-33.24,-70.01,14,4,"4.0 a 4.9","Superficial",0,0,"Región Metropolitana","Región más cercana","Centro","region_14"
2025-05-11,2025,5,-33.77,-71.47,59,4.3,"4.0 a 4.9","Intermedio",0,0,"Valparaíso","Dentro del polígono regional","Centro","region_16"
2024-01-21,2024,1,-33.92,-72.48,35,4.9,"4.0 a 4.9","Intermedio",0,0,"O'Higgins","Región más cercana","Centro","region_8"
2024-03-12,2024,3,-33.83,-72.63,36,5.1,"5.0 a 5.9","Intermedio",1,0,"O'Higgins","Región más cercana","Centro","region_8"
2024-10-06,2024,10,-33.86,-72.19,36,4,"4.0 a 4.9","Intermedio",0,0,"O'Higgins","Región más cercana","Centro","region_8"
2025-02-02,2025,2,-33.88,-72.03,38,4.4,"4.0 a 4.9","Intermedio",0,0,"O'Higgins","Región más cercana","Centro","region_8"
2025-02-05,2025,2,-33.86,-72.13,17,4.5,"4.0 a 4.9","Superficial",0,0,"O'Higgins","Región más cercana","Centro","region_8"
2025-03-03,2025,3,-33.91,-72.48,37,4.6,"4.0 a 4.9","Intermedio",0,0,"O'Higgins","Región más cercana","Centro","region_8"
2025-05-04,2025,5,-33.45,-72.28,41,4.8,"4.0 a 4.9","Intermedio",0,0,"Valparaíso","Región más cercana","Centro","region_16"
2024-01-23,2024,1,-34.47,-70.49,119,4.5,"4.0 a 4.9","Profundo",0,0,"O'Higgins","Dentro del polígono regional","Centro","region_8"
2025-01-31,2025,1,-35.36,-71.72,63,3.2,"Menor a 4","Intermedio",0,0,"Maule","Dentro del polígono regional","Centro","region_12"
2025-04-18,2025,4,-36.44,-71.05,139,4.7,"4.0 a 4.9","Profundo",0,0,"Maule","Dentro del polígono regional","Centro","region_12"
2025-07-13,2025,7,-34.9,-71.79,47,3.8,"Menor a 4","Intermedio",0,0,"Maule","Dentro del polígono regional","Centro","region_12"
2024-03-23,2024,3,-34.84,-72.1,37,3.9,"Menor a 4","Intermedio",0,0,"Maule","Dentro del polígono regional","Centro","region_12"
2024-10-01,2024,10,-34.7,-72.04,12,3.3,"Menor a 4","Superficial",0,0,"Maule","Dentro del polígono regional","Centro","region_12"
2025-03-18,2025,3,-35.99,-72.26,65,4.2,"4.0 a 4.9","Intermedio",0,0,"Maule","Dentro del polígono regional","Centro","region_12"
2023-12-02,2023,12,-19.23,-69.3,108,5.6,"5.0 a 5.9","Profundo",1,0,"Tarapacá","Dentro del polígono regional","Norte","region_15"
2023-12-02,2023,12,-24.43,-70.34,41,5.4,"5.0 a 5.9","Intermedio",1,0,"Antofagasta","Dentro del polígono regional","Norte","region_1"
2023-12-11,2023,12,-24.2,-67.1,223,5.9,"5.0 a 5.9","Profundo",1,0,"Antofagasta","Región más cercana","Norte","region_1"
2023-12-21,2023,12,-21.92,-70.25,55,5.8,"5.0 a 5.9","Intermedio",1,0,"Antofagasta","Región más cercana","Norte","region_1"
2023-12-24,2023,12,-38.13,-74.16,36,5.4,"5.0 a 5.9","Intermedio",1,0,"Biobío","Región más cercana","Sur","region_6"
2023-04-10,2023,4,-32.37,-71.45,53,4,"4.0 a 4.9","Intermedio",0,0,"Valparaíso","Región más cercana","Centro","region_16"
2023-06-17,2023,6,-34.83,-71.05,100,4.9,"4.0 a 4.9","Profundo",0,0,"Maule","Dentro del polígono regional","Centro","region_12"
2023-10-08,2023,10,-34.67,-71.85,39,4.5,"4.0 a 4.9","Intermedio",0,0,"O'Higgins","Dentro del polígono regional","Centro","region_8"
2022-11-05,2022,11,-35.5,-73.71,22,4.9,"4.0 a 4.9","Superficial",0,0,"Maule","Región más cercana","Centro","region_12"
2022-11-28,2022,11,-34.8,-72.27,46,3.9,"Menor a 4","Intermedio",0,0,"Maule","Región más cercana","Centro","region_12"
2023-02-23,2023,2,-33.83,-72.89,35,5.5,"5.0 a 5.9","Intermedio",1,0,"O'Higgins","Región más cercana","Centro","region_8"
2023-03-26,2023,3,-36.53,-72.74,45,4.8,"4.0 a 4.9","Intermedio",0,0,"Ñuble","Dentro del polígono regional","Sur","region_13"
2023-05-23,2023,5,-36.88,-73.71,16,4.6,"4.0 a 4.9","Superficial",0,0,"Biobío","Región más cercana","Sur","region_6"
2023-01-30,2023,1,-36.35,-72.69,52,3.9,"Menor a 4","Intermedio",0,0,"Ñuble","Dentro del polígono regional","Sur","region_13"
2023-05-20,2023,5,-36.57,-72.57,60,4.2,"4.0 a 4.9","Intermedio",0,0,"Ñuble","Dentro del polígono regional","Sur","region_13"
2023-08-30,2023,8,-36.37,-72.52,44,4.8,"4.0 a 4.9","Intermedio",0,0,"Ñuble","Dentro del polígono regional","Sur","region_13"
2022-02-28,2022,2,-37,-73.93,34,4.5,"4.0 a 4.9","Intermedio",0,0,"Biobío","Región más cercana","Sur","region_6"
2022-03-19,2022,3,-36.96,-73.91,36,4.6,"4.0 a 4.9","Intermedio",0,0,"Biobío","Región más cercana","Sur","region_6"
2023-05-23,2023,5,-36.88,-73.64,22,4.6,"4.0 a 4.9","Superficial",0,0,"Biobío","Región más cercana","Sur","region_6"
2023-10-12,2023,10,-39.59,-72.33,83,4.5,"4.0 a 4.9","Profundo",0,0,"Los Ríos","Dentro del polígono regional","Sur","region_10"
2023-03-11,2023,3,-41.35,-73.8,52,4.6,"4.0 a 4.9","Intermedio",0,0,"Los Lagos","Dentro del polígono regional","Sur","region_9"
2023-09-07,2023,9,-21.13,-70.19,35,4.2,"4.0 a 4.9","Intermedio",0,0,"Tarapacá","Región más cercana","Norte","region_15"
2023-05-18,2023,5,-32.44,-71.29,39,3.2,"Menor a 4","Intermedio",0,0,"Valparaíso","Dentro del polígono regional","Centro","region_16"
2023-09-03,2023,9,-32.64,-71.58,33,3.5,"Menor a 4","Intermedio",0,0,"Valparaíso","Región más cercana","Centro","region_16"
2023-09-23,2023,9,-32.14,-71.72,26,3.9,"Menor a 4","Superficial",0,0,"Coquimbo","Región más cercana","Norte","region_7"
2022-06-23,2022,6,-32.59,-70.13,19,3.4,"Menor a 4","Superficial",0,0,"Valparaíso","Región más cercana","Centro","region_16"
2023-11-11,2023,11,-34.96,-71.62,47,4.1,"4.0 a 4.9","Intermedio",0,0,"Maule","Dentro del polígono regional","Centro","region_12"
2023-07-30,2023,7,-34.91,-71.72,56,4.1,"4.0 a 4.9","Intermedio",0,0,"O'Higgins","Dentro del polígono regional","Centro","region_8"
2022-06-17,2022,6,-36.77,-73.01,21,3.2,"Menor a 4","Superficial",0,0,"Biobío","Dentro del polígono regional","Sur","region_6"
2022-02-18,2022,2,-36.78,-73.41,23,3.1,"Menor a 4","Superficial",0,0,"Biobío","Región más cercana","Sur","region_6"
2024-05-01,2024,5,-21.45,-69.02,107,5.2,"5.0 a 5.9","Profundo",1,0,"Antofagasta","Dentro del polígono regional","Norte","region_1"
2024-05-26,2024,5,-24.16,-69.37,96,5.2,"5.0 a 5.9","Profundo",1,0,"Antofagasta","Dentro del polígono regional","Norte","region_1"
2023-09-23,2023,9,-18.7,-70.05,79,4.3,"4.0 a 4.9","Profundo",0,0,"Arica y Parinacota","Dentro del polígono regional","Norte","region_3"
2023-11-09,2023,11,-18.47,-70.9,50,4.4,"4.0 a 4.9","Intermedio",0,0,"Arica y Parinacota","Región más cercana","Norte","region_3"
2024-01-07,2024,1,-18.26,-69.27,146,5.2,"5.0 a 5.9","Profundo",1,0,"Arica y Parinacota","Dentro del polígono regional","Norte","region_3"
2022-10-15,2022,10,-32.55,-71.68,35,3.5,"Menor a 4","Intermedio",0,0,"Valparaíso","Región más cercana","Centro","region_16"
2023-03-06,2023,3,-32.43,-71.73,40,3.8,"Menor a 4","Intermedio",0,0,"Valparaíso","Región más cercana","Centro","region_16"
2023-08-12,2023,8,-32.42,-71.63,38,3.4,"Menor a 4","Intermedio",0,0,"Valparaíso","Región más cercana","Centro","region_16"
2023-11-28,2023,11,-32.15,-71.45,51,4.7,"4.0 a 4.9","Intermedio",0,0,"Coquimbo","Dentro del polígono regional","Norte","region_7"
2024-01-26,2024,1,-33.03,-71.46,50,4.8,"4.0 a 4.9","Intermedio",0,0,"Valparaíso","Dentro del polígono regional","Centro","region_16"
2024-02-15,2024,2,-32.57,-71.7,36,3.3,"Menor a 4","Intermedio",0,0,"Valparaíso","Región más cercana","Centro","region_16"
2023-03-05,2023,3,-22.01,-70.23,60,4,"4.0 a 4.9","Intermedio",0,0,"Antofagasta","Región más cercana","Norte","region_1"
2023-05-11,2023,5,-22.2,-70.04,54,4.2,"4.0 a 4.9","Intermedio",0,0,"Antofagasta","Dentro del polígono regional","Norte","region_1"
2023-07-23,2023,7,-22.09,-70.34,37,3.6,"Menor a 4","Intermedio",0,0,"Antofagasta","Región más cercana","Norte","region_1"
2023-08-02,2023,8,-22.08,-69.88,81,4.3,"4.0 a 4.9","Profundo",0,0,"Antofagasta","Dentro del polígono regional","Norte","region_1"
2023-08-16,2023,8,-22.06,-70.52,28,4.6,"4.0 a 4.9","Superficial",0,0,"Antofagasta","Región más cercana","Norte","region_1"
2023-10-28,2023,10,-21.9,-69.85,64,4.5,"4.0 a 4.9","Intermedio",0,0,"Antofagasta","Dentro del polígono regional","Norte","region_1"
2023-05-30,2023,5,-22.5,-70.26,41,3.9,"Menor a 4","Intermedio",0,0,"Antofagasta","Región más cercana","Norte","region_1"
2023-12-16,2023,12,-22.26,-70.28,52,3.7,"Menor a 4","Intermedio",0,0,"Antofagasta","Región más cercana","Norte","region_1"
2024-02-25,2024,2,-21.45,-70.57,36,4.7,"4.0 a 4.9","Intermedio",0,0,"Antofagasta","Región más cercana","Norte","region_1"
2024-03-07,2024,3,-20.83,-69.83,43,4.7,"4.0 a 4.9","Intermedio",0,0,"Tarapacá","Dentro del polígono regional","Norte","region_15"
2020-11-04,2020,11,-22.96,-70.21,49,4.2,"4.0 a 4.9","Intermedio",0,0,"Antofagasta","Dentro del polígono regional","Norte","region_1"
2023-06-04,2023,6,-22.97,-70.34,22,4,"4.0 a 4.9","Superficial",0,0,"Antofagasta","Región más cercana","Norte","region_1"
2024-04-07,2024,4,-23.03,-70.7,37,4.7,"4.0 a 4.9","Intermedio",0,0,"Antofagasta","Región más cercana","Norte","region_1"
2022-10-20,2022,10,-24.01,-70.53,51,4.4,"4.0 a 4.9","Intermedio",0,0,"Antofagasta","Región más cercana","Norte","region_1"
2023-08-13,2023,8,-23.46,-70.46,52,3.7,"Menor a 4","Intermedio",0,0,"Antofagasta","Dentro del polígono regional","Norte","region_1"
2023-04-30,2023,4,-23.34,-69.92,49,4.6,"4.0 a 4.9","Intermedio",0,0,"Antofagasta","Dentro del polígono regional","Norte","region_1"
2024-04-02,2024,4,-32.63,-71.55,34,3,"Menor a 4","Intermedio",0,0,"Valparaíso","Región más cercana","Centro","region_16"
2023-04-27,2023,4,-21.92,-70.39,26,3.2,"Menor a 4","Superficial",0,0,"Antofagasta","Región más cercana","Norte","region_1"
2023-05-15,2023,5,-22.16,-69.81,50,3.5,"Menor a 4","Intermedio",0,0,"Antofagasta","Dentro del polígono regional","Norte","region_1"
2023-06-05,2023,6,-21.42,-69.95,79,4.3,"4.0 a 4.9","Profundo",0,0,"Antofagasta","Región más cercana","Norte","region_1"
2023-08-12,2023,8,-22.26,-70.46,28,3.1,"Menor a 4","Superficial",0,0,"Antofagasta","Región más cercana","Norte","region_1"
2024-03-05,2024,3,-22.27,-70.26,30,4.2,"4.0 a 4.9","Intermedio",0,0,"Antofagasta","Región más cercana","Norte","region_1"
2023-12-19,2023,12,-22.02,-70.26,36,3,"Menor a 4","Intermedio",0,0,"Antofagasta","Región más cercana","Norte","region_1"
2023-11-15,2023,11,-24.11,-70.06,50,4.3,"4.0 a 4.9","Intermedio",0,0,"Antofagasta","Dentro del polígono regional","Norte","region_1"
2023-10-08,2023,10,-21.24,-69.7,68,5.1,"5.0 a 5.9","Intermedio",1,0,"Tarapacá","Dentro del polígono regional","Norte","region_15"
2023-10-10,2023,10,-22.86,-66.39,245,6.4,"6.0 o más","Profundo",1,1,"Antofagasta","Región más cercana","Norte","region_1"
2023-10-16,2023,10,-24.62,-67.23,186,5.3,"5.0 a 5.9","Profundo",1,0,"Antofagasta","Región más cercana","Norte","region_1"
2023-10-26,2023,10,-28.68,-70.34,90,5.6,"5.0 a 5.9","Profundo",1,0,"Atacama","Dentro del polígono regional","Norte","region_4"
2023-10-31,2023,10,-28.76,-71.51,45,6.5,"6.0 o más","Intermedio",1,1,"Atacama","Región más cercana","Norte","region_4"
2023-06-27,2023,6,-30.14,-71.27,72,4.6,"4.0 a 4.9","Profundo",0,0,"Coquimbo","Dentro del polígono regional","Norte","region_7"
2023-08-03,2023,8,-31.63,-71.67,41,4.4,"4.0 a 4.9","Intermedio",0,0,"Coquimbo","Región más cercana","Norte","region_7"
2023-09-04,2023,9,-31.81,-71.38,58,4,"4.0 a 4.9","Intermedio",0,0,"Coquimbo","Dentro del polígono regional","Norte","region_7"
2023-09-11,2023,9,-32.14,-71.73,23,4.5,"4.0 a 4.9","Superficial",0,0,"Coquimbo","Región más cercana","Norte","region_7"
2023-02-02,2023,2,-32.1,-71.81,33,3.7,"Menor a 4","Intermedio",0,0,"Coquimbo","Región más cercana","Norte","region_7"
2023-02-02,2023,2,-32.1,-71.88,28,4.2,"4.0 a 4.9","Superficial",0,0,"Coquimbo","Región más cercana","Norte","region_7"
2023-08-05,2023,8,-31.67,-71.73,27,4,"4.0 a 4.9","Superficial",0,0,"Coquimbo","Región más cercana","Norte","region_7"
2023-01-29,2023,1,-28.91,-71.32,37,4.1,"4.0 a 4.9","Intermedio",0,0,"Atacama","Dentro del polígono regional","Norte","region_4"
2023-05-23,2023,5,-29.64,-71.51,68,3.9,"Menor a 4","Intermedio",0,0,"Coquimbo","Región más cercana","Norte","region_7"
2023-06-24,2023,6,-29.97,-71.5,52,3.8,"Menor a 4","Intermedio",0,0,"Coquimbo","Región más cercana","Norte","region_7"
2023-08-30,2023,8,-29.5,-71.23,51,4.5,"4.0 a 4.9","Intermedio",0,0,"Coquimbo","Dentro del polígono regional","Norte","region_7"
2023-09-26,2023,9,-28.8,-71.46,38,4.2,"4.0 a 4.9","Intermedio",0,0,"Atacama","Región más cercana","Norte","region_4"
2023-06-10,2023,6,-30.73,-71.44,49,4.5,"4.0 a 4.9","Intermedio",0,0,"Coquimbo","Dentro del polígono regional","Norte","region_7"
2023-02-25,2023,2,-36.9,-73.52,39,4.8,"4.0 a 4.9","Intermedio",0,0,"Biobío","Región más cercana","Sur","region_6"
2022-12-30,2022,12,-39.14,-72.43,78,3.8,"Menor a 4","Profundo",0,0,"Araucanía","Dentro del polígono regional","Sur","region_2"
2023-05-04,2023,5,-39.6,-72.63,83,4.2,"4.0 a 4.9","Profundo",0,0,"Los Ríos","Dentro del polígono regional","Sur","region_10"
2023-06-10,2023,6,-21.57,-69.54,6,4.5,"4.0 a 4.9","Superficial",0,0,"Tarapacá","Dentro del polígono regional","Norte","region_15"
2022-04-11,2022,4,-21.11,-68.63,136,4.5,"4.0 a 4.9","Profundo",0,0,"Tarapacá","Dentro del polígono regional","Norte","region_15"
2022-08-11,2022,8,-21.4,-69.81,47,4,"4.0 a 4.9","Intermedio",0,0,"Tarapacá","Dentro del polígono regional","Norte","region_15"
2022-09-23,2022,9,-21.94,-68.89,120,4.5,"4.0 a 4.9","Profundo",0,0,"Antofagasta","Dentro del polígono regional","Norte","region_1"
2023-02-14,2023,2,-21.89,-70.28,60,4.6,"4.0 a 4.9","Intermedio",0,0,"Antofagasta","Región más cercana","Norte","region_1"
2023-06-06,2023,6,-21.3,-69.96,56,4.3,"4.0 a 4.9","Intermedio",0,0,"Tarapacá","Región más cercana","Norte","region_15"
2023-07-11,2023,7,-29.49,-71.08,75,3.5,"Menor a 4","Profundo",0,0,"Coquimbo","Dentro del polígono regional","Norte","region_7"
2023-08-20,2023,8,-28.85,-71.28,52,3.9,"Menor a 4","Intermedio",0,0,"Atacama","Dentro del polígono regional","Norte","region_4"
2022-09-19,2022,9,-29.29,-71.53,46,3,"Menor a 4","Intermedio",0,0,"Coquimbo","Región más cercana","Norte","region_7"
2023-03-05,2023,3,-29.32,-71.33,46,3.4,"Menor a 4","Intermedio",0,0,"Coquimbo","Dentro del polígono regional","Norte","region_7"
2023-05-30,2023,5,-29.47,-71.25,48,4.2,"4.0 a 4.9","Intermedio",0,0,"Coquimbo","Dentro del polígono regional","Norte","region_7"
2023-06-03,2023,6,-29.3,-71.23,48,3.1,"Menor a 4","Intermedio",0,0,"Coquimbo","Dentro del polígono regional","Norte","region_7"
2023-06-11,2023,6,-29.52,-71.42,69,3.9,"Menor a 4","Intermedio",0,0,"Coquimbo","Región más cercana","Norte","region_7"
2023-08-30,2023,8,-29.46,-71.26,42,3,"Menor a 4","Intermedio",0,0,"Coquimbo","Dentro del polígono regional","Norte","region_7"
2023-09-10,2023,9,-30.06,-71.15,63,4.4,"4.0 a 4.9","Intermedio",0,0,"Coquimbo","Dentro del polígono regional","Norte","region_7"
2023-07-30,2023,7,-37.4,-73.18,58,4.9,"4.0 a 4.9","Intermedio",0,0,"Biobío","Dentro del polígono regional","Sur","region_6"
2023-06-04,2023,6,-28.42,-70.78,76,4.3,"4.0 a 4.9","Profundo",0,0,"Atacama","Dentro del polígono regional","Norte","region_4"
2023-08-28,2023,8,-28.81,-71.11,57,3.6,"Menor a 4","Intermedio",0,0,"Atacama","Dentro del polígono regional","Norte","region_4"
2023-11-06,2023,11,-33.06,-71.94,46,5.2,"5.0 a 5.9","Intermedio",1,0,"Valparaíso","Región más cercana","Centro","region_16"
2023-11-20,2023,11,-30.8,-71.39,50,5.1,"5.0 a 5.9","Intermedio",1,0,"Coquimbo","Dentro del polígono regional","Norte","region_7"
2023-11-23,2023,11,-21.94,-68.75,141,5.3,"5.0 a 5.9","Profundo",1,0,"Antofagasta","Dentro del polígono regional","Norte","region_1"
2023-08-30,2023,8,-32.77,-71.64,58,4.2,"4.0 a 4.9","Intermedio",0,0,"Valparaíso","Región más cercana","Centro","region_16"
2020-12-21,2020,12,-33.16,-70.69,91,4.2,"4.0 a 4.9","Profundo",0,0,"Región Metropolitana","Dentro del polígono regional","Centro","region_14"
2023-08-17,2023,8,-33.25,-70.4,108,4.6,"4.0 a 4.9","Profundo",0,0,"Región Metropolitana","Dentro del polígono regional","Centro","region_14"
2023-08-08,2023,8,-33.52,-71.73,34,4.1,"4.0 a 4.9","Intermedio",0,0,"Valparaíso","Región más cercana","Centro","region_16"
2020-08-27,2020,8,-33.45,-71.85,32,3.4,"Menor a 4","Intermedio",0,0,"Valparaíso","Región más cercana","Centro","region_16"
2022-11-25,2022,11,-25.54,-69.55,110,4.4,"4.0 a 4.9","Profundo",0,0,"Antofagasta","Dentro del polígono regional","Norte","region_1"
2023-09-20,2023,9,-25.01,-70.17,65,4.4,"4.0 a 4.9","Intermedio",0,0,"Antofagasta","Dentro del polígono regional","Norte","region_1"
2022-04-23,2022,4,-25.48,-70.56,55,4.5,"4.0 a 4.9","Intermedio",0,0,"Antofagasta","Región más cercana","Norte","region_1"
2023-08-13,2023,8,-25.39,-70.86,40,3.7,"Menor a 4","Intermedio",0,0,"Antofagasta","Región más cercana","Norte","region_1"
2022-12-10,2022,12,-22.98,-68.27,123,5.5,"5.0 a 5.9","Profundo",1,0,"Antofagasta","Dentro del polígono regional","Norte","region_1"
2022-12-10,2022,12,-33.66,-72.11,30,5.3,"5.0 a 5.9","Intermedio",1,0,"Valparaíso","Región más cercana","Centro","region_16"
2018-11-26,2018,11,-39.86,-71.52,161,4.5,"4.0 a 4.9","Profundo",0,0,"Los Ríos","Región más cercana","Sur","region_10"
2020-01-09,2020,1,-40.06,-72.5,86,4.2,"4.0 a 4.9","Profundo",0,0,"Los Ríos","Dentro del polígono regional","Sur","region_10"
2021-06-13,2021,6,-40.13,-72.72,74,3.9,"Menor a 4","Profundo",0,0,"Los Ríos","Dentro del polígono regional","Sur","region_10"
2022-09-23,2022,9,-41.42,-75.46,23,6,"6.0 o más","Superficial",1,1,"Los Lagos","Región más cercana","Sur","region_9"
2022-03-06,2022,3,-40.79,-73.16,44,4,"4.0 a 4.9","Intermedio",0,0,"Los Lagos","Dentro del polígono regional","Sur","region_9"
2019-07-02,2019,7,-38.93,-72.64,59,4,"4.0 a 4.9","Intermedio",0,0,"Araucanía","Dentro del polígono regional","Sur","region_2"
2022-02-01,2022,2,-40.5,-74.04,15,4.6,"4.0 a 4.9","Superficial",0,0,"Los Lagos","Región más cercana","Sur","region_9"
2012-03-04,2012,3,-21.6,-70.06,47,5.3,"5.0 a 5.9","Intermedio",1,0,"Antofagasta","Dentro del polígono regional","Norte","region_1"
2012-03-03,2012,3,-30.19,-71.45,35,5.6,"5.0 a 5.9","Intermedio",1,0,"Coquimbo","Dentro del polígono regional","Norte","region_7"
2012-03-25,2012,3,-35.2,-72.22,41,6.8,"6.0 o más","Intermedio",1,1,"Maule","Dentro del polígono regional","Centro","region_12"
2012-04-30,2012,4,-29.8,-71.64,43,6,"6.0 o más","Intermedio",1,1,"Coquimbo","Región más cercana","Norte","region_7"
2012-04-01,2012,4,-23.06,-69.32,94,5.2,"5.0 a 5.9","Profundo",1,0,"Antofagasta","Dentro del polígono regional","Norte","region_1"
2012-03-10,2012,3,-19.74,-69.25,101,5.3,"5.0 a 5.9","Profundo",1,0,"Tarapacá","Dentro del polígono regional","Norte","region_15"
2012-10-08,2012,10,-21.83,-68.54,121,5.7,"5.0 a 5.9","Profundo",1,0,"Antofagasta","Dentro del polígono regional","Norte","region_1"
2012-03-19,2012,3,-25,-69.75,100,5,"5.0 a 5.9","Profundo",1,0,"Antofagasta","Dentro del polígono regional","Norte","region_1"
2012-09-21,2012,9,-19.72,-69.33,101,5.4,"5.0 a 5.9","Profundo",1,0,"Tarapacá","Dentro del polígono regional","Norte","region_15"
2012-05-19,2012,5,-25.74,-70.86,84,6.1,"6.0 o más","Profundo",1,1,"Antofagasta","Región más cercana","Norte","region_1"
2012-11-16,2012,11,-21.51,-69.49,62,5.3,"5.0 a 5.9","Intermedio",1,0,"Tarapacá","Dentro del polígono regional","Norte","region_15"
2012-08-07,2012,8,-27.88,-70.58,74,5.5,"5.0 a 5.9","Profundo",1,0,"Atacama","Dentro del polígono regional","Norte","region_4"
2012-08-30,2012,8,-37.24,-73.86,40,5.2,"5.0 a 5.9","Intermedio",1,0,"Biobío","Región más cercana","Sur","region_6"
2012-03-24,2012,3,-33.05,-71.06,69,5.2,"5.0 a 5.9","Intermedio",1,0,"Valparaíso","Dentro del polígono regional","Centro","region_16"
2012-08-27,2012,8,-23.74,-69.42,99,5,"5.0 a 5.9","Profundo",1,0,"Antofagasta","Dentro del polígono regional","Norte","region_1"
2012-11-13,2012,11,-20.54,-69.03,93,5.1,"5.0 a 5.9","Profundo",1,0,"Tarapacá","Dentro del polígono regional","Norte","region_15"
2012-05-14,2012,5,-18.11,-70.24,120,6.4,"6.0 o más","Profundo",1,1,"Arica y Parinacota","Región más cercana","Norte","region_3"
2012-10-11,2012,10,-32.88,-70.65,95,5.7,"5.0 a 5.9","Profundo",1,0,"Valparaíso","Dentro del polígono regional","Centro","region_16"
2012-11-14,2012,11,-29.24,-71.23,82,5.7,"5.0 a 5.9","Profundo",1,0,"Coquimbo","Dentro del polígono regional","Norte","region_7"
2013-10-29,2013,10,-30.7,-71.28,47,5,"5.0 a 5.9","Intermedio",1,0,"Coquimbo","Dentro del polígono regional","Norte","region_7"
2013-08-15,2013,8,-32.51,-71.64,48,4.9,"4.0 a 4.9","Intermedio",0,0,"Valparaíso","Región más cercana","Centro","region_16"
2013-01-30,2013,1,-28.18,-70.88,52,6.7,"6.0 o más","Intermedio",1,1,"Atacama","Dentro del polígono regional","Norte","region_4"
2013-12-15,2013,12,-30.77,-71.39,35,4.5,"4.0 a 4.9","Intermedio",0,0,"Coquimbo","Dentro del polígono regional","Norte","region_7"
2013-09-29,2013,9,-37.47,-73.75,49,5.2,"5.0 a 5.9","Intermedio",1,0,"Biobío","Región más cercana","Sur","region_6"
2013-12-22,2013,12,-32.87,-70.62,95,5,"5.0 a 5.9","Profundo",1,0,"Valparaíso","Dentro del polígono regional","Centro","region_16"
2013-09-24,2013,9,-29.83,-71.32,56,4.2,"4.0 a 4.9","Intermedio",0,0,"Coquimbo","Región más cercana","Norte","region_7"
2013-10-31,2013,10,-30.37,-71.5,52,6.5,"6.0 o más","Intermedio",1,1,"Coquimbo","Dentro del polígono regional","Norte","region_7"
2013-08-23,2013,8,-22.28,-68.86,118,5.7,"5.0 a 5.9","Profundo",1,0,"Antofagasta","Dentro del polígono regional","Norte","region_1"
2013-03-02,2013,3,-22.85,-70.38,51,5.1,"5.0 a 5.9","Intermedio",1,0,"Antofagasta","Región más cercana","Norte","region_1"
2013-09-29,2013,9,-37.47,-73.88,42,5.5,"5.0 a 5.9","Intermedio",1,0,"Biobío","Región más cercana","Sur","region_6"
2013-09-07,2013,9,-19.62,-69.3,100,5.2,"5.0 a 5.9","Profundo",1,0,"Tarapacá","Dentro del polígono regional","Norte","region_15"
2013-07-10,2013,7,-19.37,-69.52,113,5.7,"5.0 a 5.9","Profundo",1,0,"Tarapacá","Dentro del polígono regional","Norte","region_15"
2013-01-01,2013,1,-20.81,-69.67,59,5.1,"5.0 a 5.9","Intermedio",1,0,"Tarapacá","Dentro del polígono regional","Norte","region_15"
2013-12-04,2013,12,-24.58,-69.3,72,5.5,"5.0 a 5.9","Profundo",1,0,"Antofagasta","Dentro del polígono regional","Norte","region_1"
2013-11-15,2013,11,-30.54,-71.61,23,4.2,"4.0 a 4.9","Superficial",0,0,"Coquimbo","Dentro del polígono regional","Norte","region_7"
2013-01-13,2013,1,-20.12,-69.31,90,5.5,"5.0 a 5.9","Profundo",1,0,"Tarapacá","Dentro del polígono regional","Norte","region_15"
2014-04-09,2014,4,-19.87,-70.88,33,4.5,"4.0 a 4.9","Intermedio",0,0,"Tarapacá","Región más cercana","Norte","region_15"
2014-04-07,2014,4,-20.14,-70.37,29,4.7,"4.0 a 4.9","Superficial",0,0,"Tarapacá","Región más cercana","Norte","region_15"
2014-10-02,2014,10,-23.09,-69.19,82,4.1,"4.0 a 4.9","Profundo",0,0,"Antofagasta","Dentro del polígono regional","Norte","region_1"
2014-12-28,2014,12,-19.88,-68.89,114,4.9,"4.0 a 4.9","Profundo",0,0,"Tarapacá","Dentro del polígono regional","Norte","region_15"
2014-04-02,2014,4,-19.8,-70.48,33,4.5,"4.0 a 4.9","Intermedio",0,0,"Tarapacá","Región más cercana","Norte","region_15"
2014-05-28,2014,5,-20.25,-70.75,31,4.5,"4.0 a 4.9","Intermedio",0,0,"Tarapacá","Región más cercana","Norte","region_15"
2014-06-14,2014,6,-24.94,-69.4,108,5.5,"5.0 a 5.9","Profundo",1,0,"Antofagasta","Dentro del polígono regional","Norte","region_1"
2014-04-08,2014,4,-20.51,-70.65,30,4.6,"4.0 a 4.9","Intermedio",0,0,"Tarapacá","Región más cercana","Norte","region_15"
2014-07-12,2014,7,-19.7,-69.13,112,4.2,"4.0 a 4.9","Profundo",0,0,"Tarapacá","Dentro del polígono regional","Norte","region_15"
2014-04-02,2014,4,-19.89,-70.08,53,4.4,"4.0 a 4.9","Intermedio",0,0,"Tarapacá","Dentro del polígono regional","Norte","region_15"
2014-07-13,2014,7,-30.75,-70.62,83,5.6,"5.0 a 5.9","Profundo",1,0,"Coquimbo","Dentro del polígono regional","Norte","region_7"
2014-04-02,2014,4,-20.16,-70.4,36,4.4,"4.0 a 4.9","Intermedio",0,0,"Tarapacá","Región más cercana","Norte","region_15"
2014-04-04,2014,4,-22.16,-70.26,70,5.2,"5.0 a 5.9","Profundo",1,0,"Antofagasta","Región más cercana","Norte","region_1"
2014-05-05,2014,5,-20.18,-70.35,42,4.5,"4.0 a 4.9","Intermedio",0,0,"Tarapacá","Región más cercana","Norte","region_15"
2014-04-06,2014,4,-20.17,-70.37,38,4,"4.0 a 4.9","Intermedio",0,0,"Tarapacá","Región más cercana","Norte","region_15"
2014-04-02,2014,4,-20.38,-70.58,26,4.7,"4.0 a 4.9","Superficial",0,0,"Tarapacá","Región más cercana","Norte","region_15"
2014-06-18,2014,6,-20.22,-70.9,35,4.3,"4.0 a 4.9","Intermedio",0,0,"Tarapacá","Región más cercana","Norte","region_15"
2014-06-05,2014,6,-20.36,-70.22,37,5,"5.0 a 5.9","Intermedio",1,0,"Tarapacá","Región más cercana","Norte","region_15"
2014-10-17,2014,10,-18.28,-70.41,71,4.2,"4.0 a 4.9","Profundo",0,0,"Arica y Parinacota","Región más cercana","Norte","region_3"
2014-05-16,2014,5,-23.49,-68.86,112,5.5,"5.0 a 5.9","Profundo",1,0,"Antofagasta","Dentro del polígono regional","Norte","region_1"
2014-06-15,2014,6,-32.65,-71.46,40,4,"4.0 a 4.9","Intermedio",0,0,"Valparaíso","Región más cercana","Centro","region_16"
2014-04-02,2014,4,-19.75,-69.97,42,4.5,"4.0 a 4.9","Intermedio",0,0,"Tarapacá","Dentro del polígono regional","Norte","region_15"
2014-04-07,2014,4,-20.64,-70.87,36,4.7,"4.0 a 4.9","Intermedio",0,0,"Tarapacá","Región más cercana","Norte","region_15"
2014-06-27,2014,6,-30.17,-71.12,64,4.5,"4.0 a 4.9","Intermedio",0,0,"Coquimbo","Dentro del polígono regional","Norte","region_7"
2014-09-18,2014,9,-25.48,-70.64,53,4,"4.0 a 4.9","Intermedio",0,0,"Antofagasta","Región más cercana","Norte","region_1"
2014-05-05,2014,5,-20.23,-68.19,172,5.1,"5.0 a 5.9","Profundo",1,0,"Tarapacá","Región más cercana","Norte","region_15"
2014-05-04,2014,5,-20.04,-70.92,42,4.5,"4.0 a 4.9","Intermedio",0,0,"Tarapacá","Región más cercana","Norte","region_15"
2014-10-12,2014,10,-22.89,-68.3,144,5,"5.0 a 5.9","Profundo",1,0,"Antofagasta","Dentro del polígono regional","Norte","region_1"
2014-07-29,2014,7,-20.13,-70.48,32,4.6,"4.0 a 4.9","Intermedio",0,0,"Tarapacá","Región más cercana","Norte","region_15"
2014-03-24,2014,3,-19.82,-70.87,41,5.3,"5.0 a 5.9","Intermedio",1,0,"Tarapacá","Región más cercana","Norte","region_15"
2014-06-16,2014,6,-23.97,-69.56,91,5,"5.0 a 5.9","Profundo",1,0,"Antofagasta","Dentro del polígono regional","Norte","region_1"
2014-10-23,2014,10,-34.01,-72.33,36,5,"5.0 a 5.9","Intermedio",1,0,"O'Higgins","Región más cercana","Centro","region_8"
2014-09-02,2014,9,-23.45,-69.34,79,4.3,"4.0 a 4.9","Profundo",0,0,"Antofagasta","Dentro del polígono regional","Norte","region_1"
2014-11-28,2014,11,-30.31,-71.39,52,4.4,"4.0 a 4.9","Intermedio",0,0,"Coquimbo","Dentro del polígono regional","Norte","region_7"
2014-04-08,2014,4,-19.88,-70.86,40,5.1,"5.0 a 5.9","Intermedio",1,0,"Tarapacá","Región más cercana","Norte","region_15"
2014-04-10,2014,4,-20.34,-70.87,16,4.7,"4.0 a 4.9","Superficial",0,0,"Tarapacá","Región más cercana","Norte","region_15"
2014-06-05,2014,6,-20.34,-70.22,40,5,"5.0 a 5.9","Intermedio",1,0,"Tarapacá","Región más cercana","Norte","region_15"
2014-03-22,2014,3,-19.82,-70.88,20,5.3,"5.0 a 5.9","Superficial",1,0,"Tarapacá","Región más cercana","Norte","region_15"
2014-04-09,2014,4,-19.87,-70.94,33,4.6,"4.0 a 4.9","Intermedio",0,0,"Tarapacá","Región más cercana","Norte","region_15"
2014-04-03,2014,4,-20.36,-70.03,43,4.4,"4.0 a 4.9","Intermedio",0,0,"Tarapacá","Dentro del polígono regional","Norte","region_15"
2014-04-02,2014,4,-19.97,-71.12,33,5,"5.0 a 5.9","Intermedio",1,0,"Tarapacá","Región más cercana","Norte","region_15"
2014-05-17,2014,5,-19.96,-70.98,33,4.6,"4.0 a 4.9","Intermedio",0,0,"Tarapacá","Región más cercana","Norte","region_15"
2014-09-15,2014,9,-31.97,-71.24,85,4.6,"4.0 a 4.9","Profundo",0,0,"Coquimbo","Dentro del polígono regional","Norte","region_7"
2014-04-02,2014,4,-19.95,-70.4,33,4,"4.0 a 4.9","Intermedio",0,0,"Tarapacá","Región más cercana","Norte","region_15"
2014-04-02,2014,4,-20.12,-70.39,30,4.5,"4.0 a 4.9","Intermedio",0,0,"Tarapacá","Región más cercana","Norte","region_15"
2014-07-13,2014,7,-30.74,-70.67,86,5.7,"5.0 a 5.9","Profundo",1,0,"Coquimbo","Dentro del polígono regional","Norte","region_7"
2014-06-02,2014,6,-33.78,-72.01,36,4.5,"4.0 a 4.9","Intermedio",0,0,"Valparaíso","Región más cercana","Centro","region_16"
2014-07-21,2014,7,-20.27,-69.98,51,4,"4.0 a 4.9","Intermedio",0,0,"Tarapacá","Dentro del polígono regional","Norte","region_15"
2014-04-02,2014,4,-20.06,-71.02,2,5.1,"5.0 a 5.9","Superficial",1,0,"Tarapacá","Región más cercana","Norte","region_15"
2014-05-30,2014,5,-21.31,-69.97,68,5.3,"5.0 a 5.9","Intermedio",1,0,"Tarapacá","Región más cercana","Norte","region_15"
2014-04-03,2014,4,-20.62,-70.64,30,4.7,"4.0 a 4.9","Intermedio",0,0,"Tarapacá","Región más cercana","Norte","region_15"
2014-04-03,2014,4,-20.59,-70.77,16,5.2,"5.0 a 5.9","Superficial",1,0,"Tarapacá","Región más cercana","Norte","region_15"
2014-04-03,2014,4,-20.74,-70.54,13,5.3,"5.0 a 5.9","Superficial",1,0,"Tarapacá","Región más cercana","Norte","region_15"
2014-04-09,2014,4,-20.4,-70.48,32,4.3,"4.0 a 4.9","Intermedio",0,0,"Tarapacá","Región más cercana","Norte","region_15"
2014-04-13,2014,4,-21.16,-68.62,124,4.5,"4.0 a 4.9","Profundo",0,0,"Antofagasta","Dentro del polígono regional","Norte","region_1"
2014-04-10,2014,4,-20.23,-70.91,37,4.3,"4.0 a 4.9","Intermedio",0,0,"Tarapacá","Región más cercana","Norte","region_15"
2014-04-03,2014,4,-20.07,-70.55,34,4.2,"4.0 a 4.9","Intermedio",0,0,"Tarapacá","Región más cercana","Norte","region_15"
2014-04-11,2014,4,-20.55,-70.81,38,4.6,"4.0 a 4.9","Intermedio",0,0,"Tarapacá","Región más cercana","Norte","region_15"
2014-05-30,2014,5,-21.3,-70,60,5.5,"5.0 a 5.9","Intermedio",1,0,"Tarapacá","Región más cercana","Norte","region_15"
2014-05-25,2014,5,-23.41,-68.88,109,4,"4.0 a 4.9","Profundo",0,0,"Antofagasta","Dentro del polígono regional","Norte","region_1"
2014-04-15,2014,4,-20.23,-70.85,22,4.3,"4.0 a 4.9","Superficial",0,0,"Tarapacá","Región más cercana","Norte","region_15"
2014-04-07,2014,4,-20.04,-69.29,102,4.3,"4.0 a 4.9","Profundo",0,0,"Tarapacá","Dentro del polígono regional","Norte","region_15"
2014-04-04,2014,4,-20.37,-69.86,50,4,"4.0 a 4.9","Intermedio",0,0,"Tarapacá","Dentro del polígono regional","Norte","region_15"
2014-04-07,2014,4,-20.14,-70.9,39,5,"5.0 a 5.9","Intermedio",1,0,"Tarapacá","Región más cercana","Norte","region_15"
2014-11-22,2014,11,-20.03,-71.12,16,4.9,"4.0 a 4.9","Superficial",0,0,"Tarapacá","Región más cercana","Norte","region_15"
2014-10-15,2014,10,-25,-69.95,64,4.4,"4.0 a 4.9","Intermedio",0,0,"Antofagasta","Dentro del polígono regional","Norte","region_1"
2014-04-15,2014,4,-20.2,-70.86,40,5.3,"5.0 a 5.9","Intermedio",1,0,"Tarapacá","Región más cercana","Norte","region_15"
2014-04-18,2014,4,-20.66,-70.95,47,4.4,"4.0 a 4.9","Intermedio",0,0,"Tarapacá","Región más cercana","Norte","region_15"
2014-07-22,2014,7,-23.28,-68.93,96,4.2,"4.0 a 4.9","Profundo",0,0,"Antofagasta","Dentro del polígono regional","Norte","region_1"
2014-04-14,2014,4,-18.56,-70.9,44,4.6,"4.0 a 4.9","Intermedio",0,0,"Arica y Parinacota","Región más cercana","Norte","region_3"
2014-04-02,2014,4,-20.06,-70.52,28,4.6,"4.0 a 4.9","Superficial",0,0,"Tarapacá","Región más cercana","Norte","region_15"
2014-04-10,2014,4,-19.99,-71.03,38,4.9,"4.0 a 4.9","Intermedio",0,0,"Tarapacá","Región más cercana","Norte","region_15"
2014-05-17,2014,5,-20,-70.97,37,5.5,"5.0 a 5.9","Intermedio",1,0,"Tarapacá","Región más cercana","Norte","region_15"
2014-04-02,2014,4,-19.39,-70.26,38,4.3,"4.0 a 4.9","Intermedio",0,0,"Tarapacá","Región más cercana","Norte","region_15"
2014-10-24,2014,10,-34,-72.24,25,4.6,"4.0 a 4.9","Superficial",0,0,"O'Higgins","Región más cercana","Centro","region_8"
2014-04-11,2014,4,-20.71,-70.72,22,4.5,"4.0 a 4.9","Superficial",0,0,"Tarapacá","Región más cercana","Norte","region_15"
2014-04-02,2014,4,-19.8,-70.29,42,4.3,"4.0 a 4.9","Intermedio",0,0,"Tarapacá","Región más cercana","Norte","region_15"
2014-04-03,2014,4,-20.76,-70.42,36,5.5,"5.0 a 5.9","Intermedio",1,0,"Tarapacá","Región más cercana","Norte","region_15"
2014-04-25,2014,4,-20.28,-70.98,38,4.6,"4.0 a 4.9","Intermedio",0,0,"Tarapacá","Región más cercana","Norte","region_15"
2014-12-21,2014,12,-32.57,-71.68,30,4.2,"4.0 a 4.9","Intermedio",0,0,"Valparaíso","Región más cercana","Centro","region_16"
2014-06-04,2014,6,-20.64,-70.79,24,4.9,"4.0 a 4.9","Superficial",0,0,"Tarapacá","Región más cercana","Norte","region_15"
2014-09-18,2014,9,-18.76,-70.07,102,4.8,"4.0 a 4.9","Profundo",0,0,"Arica y Parinacota","Dentro del polígono regional","Norte","region_3"
2014-03-18,2014,3,-20.02,-70.84,20,5,"5.0 a 5.9","Superficial",1,0,"Tarapacá","Región más cercana","Norte","region_15"
2014-04-02,2014,4,-19.99,-71.05,32,5.3,"5.0 a 5.9","Intermedio",1,0,"Tarapacá","Región más cercana","Norte","region_15"
2014-11-17,2014,11,-32.96,-70.6,86,5.1,"5.0 a 5.9","Profundo",1,0,"Región Metropolitana","Dentro del polígono regional","Centro","region_14"
2014-07-13,2014,7,-24.07,-69.19,91,4.8,"4.0 a 4.9","Profundo",0,0,"Antofagasta","Dentro del polígono regional","Norte","region_1"
2014-04-23,2014,4,-25.78,-70.76,74,4.6,"4.0 a 4.9","Profundo",0,0,"Antofagasta","Región más cercana","Norte","region_1"
2014-09-18,2014,9,-20.23,-70.84,39,4.2,"4.0 a 4.9","Intermedio",0,0,"Tarapacá","Región más cercana","Norte","region_15"
2014-04-11,2014,4,-19.94,-70.93,39,5,"5.0 a 5.9","Intermedio",1,0,"Tarapacá","Región más cercana","Norte","region_15"
2014-08-17,2014,8,-20.07,-69.25,105,4.2,"4.0 a 4.9","Profundo",0,0,"Tarapacá","Dentro del polígono regional","Norte","region_15"
2014-04-07,2014,4,-20.14,-70.92,20,5,"5.0 a 5.9","Superficial",1,0,"Tarapacá","Región más cercana","Norte","region_15"
2014-11-30,2014,11,-19.18,-69.39,99,4.1,"4.0 a 4.9","Profundo",0,0,"Tarapacá","Dentro del polígono regional","Norte","region_15"
2014-04-03,2014,4,-20.59,-70.67,12,5,"5.0 a 5.9","Superficial",1,0,"Tarapacá","Región más cercana","Norte","region_15"
2014-10-08,2014,10,-36,-72.14,30,4.3,"4.0 a 4.9","Intermedio",0,0,"Maule","Dentro del polígono regional","Centro","region_12"
2014-04-18,2014,4,-20.53,-70.38,39,4.1,"4.0 a 4.9","Intermedio",0,0,"Tarapacá","Región más cercana","Norte","region_15"
2014-04-05,2014,4,-20.27,-70.22,40,4.1,"4.0 a 4.9","Intermedio",0,0,"Tarapacá","Región más cercana","Norte","region_15"
2014-05-11,2014,5,-18.94,-69.47,107,4,"4.0 a 4.9","Profundo",0,0,"Arica y Parinacota","Dentro del polígono regional","Norte","region_3"
2014-05-04,2014,5,-20.01,-71.06,32,4.9,"4.0 a 4.9","Intermedio",0,0,"Tarapacá","Región más cercana","Norte","region_15"
2014-06-19,2014,6,-19.84,-70.89,39,5,"5.0 a 5.9","Intermedio",1,0,"Tarapacá","Región más cercana","Norte","region_15"
2014-04-21,2014,4,-19.68,-70.96,32,5.2,"5.0 a 5.9","Intermedio",1,0,"Tarapacá","Región más cercana","Norte","region_15"
2014-03-14,2014,3,-19.46,-69.45,93,4.9,"4.0 a 4.9","Profundo",0,0,"Tarapacá","Dentro del polígono regional","Norte","region_15"
2014-05-05,2014,5,-20.2,-70.74,41,5.1,"5.0 a 5.9","Intermedio",1,0,"Tarapacá","Región más cercana","Norte","region_15"
2014-04-03,2014,4,-20.34,-69.92,48,4,"4.0 a 4.9","Intermedio",0,0,"Tarapacá","Dentro del polígono regional","Norte","region_15"
2014-04-03,2014,4,-20.8,-70.65,38,6.3,"6.0 o más","Intermedio",1,1,"Tarapacá","Región más cercana","Norte","region_15"
2014-03-24,2014,3,-19.88,-70.84,6,5.4,"5.0 a 5.9","Superficial",1,0,"Tarapacá","Región más cercana","Norte","region_15"
2014-04-05,2014,4,-20.6,-70.67,21,4.6,"4.0 a 4.9","Superficial",0,0,"Tarapacá","Región más cercana","Norte","region_15"
2014-04-03,2014,4,-20.29,-70.61,26,6.3,"6.0 o más","Superficial",1,1,"Tarapacá","Región más cercana","Norte","region_15"
2014-04-03,2014,4,-20.47,-70.57,20,4.6,"4.0 a 4.9","Superficial",0,0,"Tarapacá","Región más cercana","Norte","region_15"
2014-05-09,2014,5,-20.19,-70.43,34,4.1,"4.0 a 4.9","Intermedio",0,0,"Tarapacá","Región más cercana","Norte","region_15"
2014-04-03,2014,4,-20.48,-70.49,28,4.5,"4.0 a 4.9","Superficial",0,0,"Tarapacá","Región más cercana","Norte","region_15"
2014-11-29,2014,11,-29.78,-71.28,60,4.8,"4.0 a 4.9","Intermedio",0,0,"Coquimbo","Dentro del polígono regional","Norte","region_7"
2014-03-23,2014,3,-19.79,-70.94,34,6.1,"6.0 o más","Intermedio",1,1,"Tarapacá","Región más cercana","Norte","region_15"
2014-03-22,2014,3,-19.84,-71.38,32,5.8,"5.0 a 5.9","Intermedio",1,0,"Tarapacá","Región más cercana","Norte","region_15"
2014-04-03,2014,4,-20.66,-70.34,32,4.7,"4.0 a 4.9","Intermedio",0,0,"Tarapacá","Región más cercana","Norte","region_15"
2014-02-05,2014,2,-21.38,-69.52,40,5.2,"5.0 a 5.9","Intermedio",1,0,"Tarapacá","Dentro del polígono regional","Norte","region_15"
2014-05-09,2014,5,-34.71,-71.69,44,4.8,"4.0 a 4.9","Intermedio",0,0,"O'Higgins","Dentro del polígono regional","Centro","region_8"
2014-05-12,2014,5,-20.65,-70.92,36,4.6,"4.0 a 4.9","Intermedio",0,0,"Tarapacá","Región más cercana","Norte","region_15"
2014-04-28,2014,4,-20.51,-70.79,27,4,"4.0 a 4.9","Superficial",0,0,"Tarapacá","Región más cercana","Norte","region_15"
2014-12-25,2014,12,-30.89,-71.58,68,4.2,"4.0 a 4.9","Intermedio",0,0,"Coquimbo","Dentro del polígono regional","Norte","region_7"
2014-09-21,2014,9,-20.09,-69.04,113,4.4,"4.0 a 4.9","Profundo",0,0,"Tarapacá","Dentro del polígono regional","Norte","region_15"
2014-05-12,2014,5,-29.63,-71.23,65,4.3,"4.0 a 4.9","Intermedio",0,0,"Coquimbo","Dentro del polígono regional","Norte","region_7"
2014-06-28,2014,6,-20.34,-69.68,53,4.2,"4.0 a 4.9","Intermedio",0,0,"Tarapacá","Dentro del polígono regional","Norte","region_15"
2014-04-03,2014,4,-20.31,-70.51,21,4.1,"4.0 a 4.9","Superficial",0,0,"Tarapacá","Región más cercana","Norte","region_15"
2014-04-02,2014,4,-20.13,-70.79,39,5.7,"5.0 a 5.9","Intermedio",1,0,"Tarapacá","Región más cercana","Norte","region_15"
2014-04-09,2014,4,-19.99,-70.11,39,4.3,"4.0 a 4.9","Intermedio",0,0,"Tarapacá","Dentro del polígono regional","Norte","region_15"
2014-04-04,2014,4,-20.62,-70.57,40,6.1,"6.0 o más","Intermedio",1,1,"Tarapacá","Región más cercana","Norte","region_15"
2014-04-15,2014,4,-20.04,-70.46,30,4.1,"4.0 a 4.9","Intermedio",0,0,"Tarapacá","Región más cercana","Norte","region_15"
2014-04-05,2014,4,-20.16,-70.54,43,5.4,"5.0 a 5.9","Intermedio",1,0,"Tarapacá","Región más cercana","Norte","region_15"
2014-04-02,2014,4,-20.03,-70.52,34,5.1,"5.0 a 5.9","Intermedio",1,0,"Tarapacá","Región más cercana","Norte","region_15"
2014-04-03,2014,4,-20.52,-70.44,28,7.6,"6.0 o más","Superficial",1,1,"Tarapacá","Región más cercana","Norte","region_15"
2014-05-31,2014,5,-19.79,-70.5,35,4.1,"4.0 a 4.9","Intermedio",0,0,"Tarapacá","Región más cercana","Norte","region_15"
2014-04-24,2014,4,-20.09,-70.91,36,4.9,"4.0 a 4.9","Intermedio",0,0,"Tarapacá","Región más cercana","Norte","region_15"
2014-08-19,2014,8,-20.73,-70.61,22,4.4,"4.0 a 4.9","Superficial",0,0,"Tarapacá","Región más cercana","Norte","region_15"
2014-04-03,2014,4,-20.28,-70.47,37,4.8,"4.0 a 4.9","Intermedio",0,0,"Tarapacá","Región más cercana","Norte","region_15"
2014-11-29,2014,11,-19.92,-71.04,35,4.3,"4.0 a 4.9","Intermedio",0,0,"Tarapacá","Región más cercana","Norte","region_15"
2014-06-24,2014,6,-32.63,-71.54,39,4.1,"4.0 a 4.9","Intermedio",0,0,"Valparaíso","Región más cercana","Centro","region_16"
2014-06-20,2014,6,-19.76,-71.04,33,5.4,"5.0 a 5.9","Intermedio",1,0,"Tarapacá","Región más cercana","Norte","region_15"
2014-06-20,2014,6,-19.77,-70.94,40,5.2,"5.0 a 5.9","Intermedio",1,0,"Tarapacá","Región más cercana","Norte","region_15"
2014-04-19,2014,4,-19.96,-71.11,40,5.3,"5.0 a 5.9","Intermedio",1,0,"Tarapacá","Región más cercana","Norte","region_15"
2014-05-28,2014,5,-32.29,-71.56,57,4.3,"4.0 a 4.9","Intermedio",0,0,"Valparaíso","Región más cercana","Centro","region_16"
2014-06-08,2014,6,-32.6,-71.67,20,4.4,"4.0 a 4.9","Superficial",0,0,"Valparaíso","Región más cercana","Centro","region_16"
2014-03-24,2014,3,-19.8,-70.81,42,5.1,"5.0 a 5.9","Intermedio",1,0,"Tarapacá","Región más cercana","Norte","region_15"
2014-08-15,2014,8,-20.34,-68.8,122,4.5,"4.0 a 4.9","Profundo",0,0,"Tarapacá","Dentro del polígono regional","Norte","region_15"
2014-05-29,2014,5,-33.74,-71.92,44,4.2,"4.0 a 4.9","Intermedio",0,0,"Valparaíso","Región más cercana","Centro","region_16"
2014-06-18,2014,6,-20.21,-70.89,19,4.5,"4.0 a 4.9","Superficial",0,0,"Tarapacá","Región más cercana","Norte","region_15"
2014-07-18,2014,7,-20.15,-70.99,39,4.7,"4.0 a 4.9","Intermedio",0,0,"Tarapacá","Región más cercana","Norte","region_15"
2014-04-15,2014,4,-20.19,-70.83,28,5.3,"5.0 a 5.9","Superficial",1,0,"Tarapacá","Región más cercana","Norte","region_15"
2014-02-12,2014,2,-34.77,-71.66,28,5.2,"5.0 a 5.9","Superficial",1,0,"O'Higgins","Dentro del polígono regional","Centro","region_8"
2014-06-08,2014,6,-20.22,-70.85,40,4.3,"4.0 a 4.9","Intermedio",0,0,"Tarapacá","Región más cercana","Norte","region_15"
2014-04-02,2014,4,-19.57,-70.53,34,4.8,"4.0 a 4.9","Intermedio",0,0,"Tarapacá","Región más cercana","Norte","region_15"
2014-11-16,2014,11,-20.81,-69.95,45,4,"4.0 a 4.9","Intermedio",0,0,"Tarapacá","Dentro del polígono regional","Norte","region_15"
2014-04-08,2014,4,-19.77,-70.48,39,5,"5.0 a 5.9","Intermedio",1,0,"Tarapacá","Región más cercana","Norte","region_15"
2014-11-22,2014,11,-40.77,-73.13,64,4,"4.0 a 4.9","Intermedio",0,0,"Los Lagos","Dentro del polígono regional","Sur","region_9"
2014-05-05,2014,5,-19.93,-70.83,43,4.6,"4.0 a 4.9","Intermedio",0,0,"Tarapacá","Región más cercana","Norte","region_15"
2014-04-02,2014,4,-19.84,-70.93,22,5.9,"5.0 a 5.9","Superficial",1,0,"Tarapacá","Región más cercana","Norte","region_15"
2014-04-06,2014,4,-19.77,-70.5,41,4.5,"4.0 a 4.9","Intermedio",0,0,"Tarapacá","Región más cercana","Norte","region_15"
2014-08-08,2014,8,-33.78,-72.2,16,4.8,"4.0 a 4.9","Superficial",0,0,"O'Higgins","Región más cercana","Centro","region_8"
2014-05-05,2014,5,-19.86,-70.87,42,4.8,"4.0 a 4.9","Intermedio",0,0,"Tarapacá","Región más cercana","Norte","region_15"
2014-07-21,2014,7,-20.15,-70.54,40,4.7,"4.0 a 4.9","Intermedio",0,0,"Tarapacá","Región más cercana","Norte","region_15"
2014-04-02,2014,4,-19.89,-71.11,39,5.1,"5.0 a 5.9","Intermedio",1,0,"Tarapacá","Región más cercana","Norte","region_15"
2014-03-16,2014,3,-19.96,-70.81,21,6.7,"6.0 o más","Superficial",1,1,"Tarapacá","Región más cercana","Norte","region_15"
2014-05-07,2014,5,-19.57,-70.41,35,4.4,"4.0 a 4.9","Intermedio",0,0,"Tarapacá","Región más cercana","Norte","region_15"
2014-04-10,2014,4,-20.55,-70.97,33,4.3,"4.0 a 4.9","Intermedio",0,0,"Tarapacá","Región más cercana","Norte","region_15"
2014-04-05,2014,4,-20.28,-70.03,52,4.3,"4.0 a 4.9","Intermedio",0,0,"Tarapacá","Dentro del polígono regional","Norte","region_15"
2014-08-17,2014,8,-20.14,-70.37,40,4.2,"4.0 a 4.9","Intermedio",0,0,"Tarapacá","Región más cercana","Norte","region_15"
2014-04-03,2014,4,-20.57,-70.43,28,4.5,"4.0 a 4.9","Superficial",0,0,"Tarapacá","Región más cercana","Norte","region_15"
2014-11-29,2014,11,-19.95,-71.13,30,5.1,"5.0 a 5.9","Intermedio",1,0,"Tarapacá","Región más cercana","Norte","region_15"
2014-08-18,2014,8,-19.87,-69.21,103,4.1,"4.0 a 4.9","Profundo",0,0,"Tarapacá","Dentro del polígono regional","Norte","region_15"
2014-07-31,2014,7,-31.81,-71.23,74,4.7,"4.0 a 4.9","Profundo",0,0,"Coquimbo","Dentro del polígono regional","Norte","region_7"
2014-04-01,2014,4,-19.57,-70.91,39,8.2,"6.0 o más","Intermedio",1,1,"Tarapacá","Región más cercana","Norte","region_15"
2014-07-08,2014,7,-19.32,-69.43,100,4,"4.0 a 4.9","Profundo",0,0,"Tarapacá","Dentro del polígono regional","Norte","region_15"
2014-04-16,2014,4,-20.19,-70.88,36,4.4,"4.0 a 4.9","Intermedio",0,0,"Tarapacá","Región más cercana","Norte","region_15"
2014-07-29,2014,7,-20.12,-70.37,22,4,"4.0 a 4.9","Superficial",0,0,"Tarapacá","Región más cercana","Norte","region_15"
2014-04-03,2014,4,-19.96,-70.91,20,5,"5.0 a 5.9","Superficial",1,0,"Tarapacá","Región más cercana","Norte","region_15"
2014-04-08,2014,4,-20.54,-70.7,26,4.8,"4.0 a 4.9","Superficial",0,0,"Tarapacá","Región más cercana","Norte","region_15"
2014-09-05,2014,9,-30.66,-71.34,59,4.7,"4.0 a 4.9","Intermedio",0,0,"Coquimbo","Dentro del polígono regional","Norte","region_7"
2014-05-14,2014,5,-19.68,-71.19,37,5.4,"5.0 a 5.9","Intermedio",1,0,"Tarapacá","Región más cercana","Norte","region_15"
2014-04-08,2014,4,-20.58,-70.73,35,4.4,"4.0 a 4.9","Intermedio",0,0,"Tarapacá","Región más cercana","Norte","region_15"
2014-04-04,2014,4,-20.62,-70.61,33,6.1,"6.0 o más","Intermedio",1,1,"Tarapacá","Región más cercana","Norte","region_15"
2014-04-15,2014,4,-20.2,-70.9,40,4.6,"4.0 a 4.9","Intermedio",0,0,"Tarapacá","Región más cercana","Norte","region_15"
2014-05-01,2014,5,-19.95,-71.28,27,4.8,"4.0 a 4.9","Superficial",0,0,"Tarapacá","Región más cercana","Norte","region_15"
2014-08-14,2014,8,-20.16,-70.02,51,5.6,"5.0 a 5.9","Intermedio",1,0,"Tarapacá","Dentro del polígono regional","Norte","region_15"
2014-06-19,2014,6,-19.94,-70.95,21,5.4,"5.0 a 5.9","Superficial",1,0,"Tarapacá","Región más cercana","Norte","region_15"
2014-04-24,2014,4,-19.9,-71.18,36,4.8,"4.0 a 4.9","Intermedio",0,0,"Tarapacá","Región más cercana","Norte","region_15"
2014-04-02,2014,4,-19.95,-70.88,29,4.9,"4.0 a 4.9","Superficial",0,0,"Tarapacá","Región más cercana","Norte","region_15"
2014-04-02,2014,4,-20.16,-70.07,44,4.2,"4.0 a 4.9","Intermedio",0,0,"Tarapacá","Dentro del polígono regional","Norte","region_15"
2014-05-22,2014,5,-20.33,-69.89,57,4.1,"4.0 a 4.9","Intermedio",0,0,"Tarapacá","Dentro del polígono regional","Norte","region_15"
2014-04-08,2014,4,-20.56,-70.98,38,5.2,"5.0 a 5.9","Intermedio",1,0,"Tarapacá","Región más cercana","Norte","region_15"
2014-03-02,2014,3,-19.16,-69.33,110,4.2,"4.0 a 4.9","Profundo",0,0,"Tarapacá","Dentro del polígono regional","Norte","region_15"
2014-08-13,2014,8,-20.43,-69.46,79,4.4,"4.0 a 4.9","Profundo",0,0,"Tarapacá","Dentro del polígono regional","Norte","region_15"
2014-04-11,2014,4,-20.28,-70.47,30,4.3,"4.0 a 4.9","Intermedio",0,0,"Tarapacá","Región más cercana","Norte","region_15"
2014-04-08,2014,4,-20.36,-69.89,52,4,"4.0 a 4.9","Intermedio",0,0,"Tarapacá","Dentro del polígono regional","Norte","region_15"
2014-08-19,2014,8,-20.73,-70.71,41,4.2,"4.0 a 4.9","Intermedio",0,0,"Tarapacá","Región más cercana","Norte","region_15"
2014-05-10,2014,5,-20.17,-69.23,95,4.6,"4.0 a 4.9","Profundo",0,0,"Tarapacá","Dentro del polígono regional","Norte","region_15"
2014-05-07,2014,5,-19.96,-70.98,34,4.8,"4.0 a 4.9","Intermedio",0,0,"Tarapacá","Región más cercana","Norte","region_15"
2014-03-18,2014,3,-19.96,-70.95,39,5.8,"5.0 a 5.9","Intermedio",1,0,"Tarapacá","Región más cercana","Norte","region_15"
2014-04-05,2014,4,-19.87,-70.22,45,4.5,"4.0 a 4.9","Intermedio",0,0,"Tarapacá","Región más cercana","Norte","region_15"
2014-05-14,2014,5,-22.77,-66.86,245,5.8,"5.0 a 5.9","Profundo",1,0,"Antofagasta","Región más cercana","Norte","region_1"
2014-03-17,2014,3,-19.93,-70.94,28,5.9,"5.0 a 5.9","Superficial",1,0,"Tarapacá","Región más cercana","Norte","region_15"
2014-03-24,2014,3,-19.59,-70.79,43,5.5,"5.0 a 5.9","Intermedio",1,0,"Tarapacá","Región más cercana","Norte","region_15"
2014-04-02,2014,4,-20.15,-70.1,46,4.6,"4.0 a 4.9","Intermedio",0,0,"Tarapacá","Dentro del polígono regional","Norte","region_15"
2014-06-06,2014,6,-28.96,-71.4,57,4.7,"4.0 a 4.9","Intermedio",0,0,"Atacama","Dentro del polígono regional","Norte","region_4"
2014-04-02,2014,4,-19.62,-70.63,36,5.1,"5.0 a 5.9","Intermedio",1,0,"Tarapacá","Región más cercana","Norte","region_15"
2014-05-19,2014,5,-32.81,-71.15,60,4,"4.0 a 4.9","Intermedio",0,0,"Valparaíso","Dentro del polígono regional","Centro","region_16"
2014-07-09,2014,7,-22.92,-70.46,39,4.1,"4.0 a 4.9","Intermedio",0,0,"Antofagasta","Región más cercana","Norte","region_1"
2014-10-07,2014,10,-19.99,-70.95,52,5,"5.0 a 5.9","Intermedio",1,0,"Tarapacá","Región más cercana","Norte","region_15"
2014-08-23,2014,8,-32.74,-71.5,40,6.4,"6.0 o más","Intermedio",1,1,"Valparaíso","Región más cercana","Centro","region_16"
2014-07-01,2014,7,-20.47,-70.14,39,4,"4.0 a 4.9","Intermedio",0,0,"Tarapacá","Región más cercana","Norte","region_15"
2014-04-09,2014,4,-20.78,-70.81,15,4.9,"4.0 a 4.9","Superficial",0,0,"Tarapacá","Región más cercana","Norte","region_15"
2014-04-04,2014,4,-31.48,-70.64,106,5.4,"5.0 a 5.9","Profundo",1,0,"Coquimbo","Dentro del polígono regional","Norte","region_7"
2014-01-07,2014,1,-20.99,-69.73,97,5.2,"5.0 a 5.9","Profundo",1,0,"Tarapacá","Dentro del polígono regional","Norte","region_15"
2014-07-13,2014,7,-32.93,-71.34,51,5,"5.0 a 5.9","Intermedio",1,0,"Valparaíso","Dentro del polígono regional","Centro","region_16"
2014-03-17,2014,3,-20.01,-70.83,10,4.5,"4.0 a 4.9","Superficial",0,0,"Tarapacá","Región más cercana","Norte","region_15"
2014-04-09,2014,4,-20.62,-70.92,23,5,"5.0 a 5.9","Superficial",1,0,"Tarapacá","Región más cercana","Norte","region_15"
2014-11-28,2014,11,-30.94,-71.46,80,4.2,"4.0 a 4.9","Profundo",0,0,"Coquimbo","Dentro del polígono regional","Norte","region_7"
2014-07-25,2014,7,-29.64,-71.46,35,4,"4.0 a 4.9","Intermedio",0,0,"Coquimbo","Región más cercana","Norte","region_7"
2014-04-05,2014,4,-32.67,-71.3,42,5.7,"5.0 a 5.9","Intermedio",1,0,"Valparaíso","Dentro del polígono regional","Centro","region_16"
2014-05-17,2014,5,-19.95,-70.93,32,4.4,"4.0 a 4.9","Intermedio",0,0,"Tarapacá","Región más cercana","Norte","region_15"
2014-04-05,2014,4,-20.35,-69.95,44,4,"4.0 a 4.9","Intermedio",0,0,"Tarapacá","Dentro del polígono regional","Norte","region_15"
2014-04-03,2014,4,-20.35,-70.54,26,4.5,"4.0 a 4.9","Superficial",0,0,"Tarapacá","Región más cercana","Norte","region_15"
2014-09-27,2014,9,-36.01,-71.55,102,4.1,"4.0 a 4.9","Profundo",0,0,"Maule","Dentro del polígono regional","Centro","region_12"
2014-04-14,2014,4,-20.73,-70.79,26,4.9,"4.0 a 4.9","Superficial",0,0,"Tarapacá","Región más cercana","Norte","region_15"
2014-05-30,2014,5,-33.54,-72.25,39,5.1,"5.0 a 5.9","Intermedio",1,0,"Valparaíso","Región más cercana","Centro","region_16"
2014-10-14,2014,10,-33.7,-72.02,10,4.2,"4.0 a 4.9","Superficial",0,0,"Valparaíso","Región más cercana","Centro","region_16"
2014-04-02,2014,4,-20.08,-70.47,28,4,"4.0 a 4.9","Superficial",0,0,"Tarapacá","Región más cercana","Norte","region_15"
2014-07-08,2014,7,-20.78,-70.52,38,4.6,"4.0 a 4.9","Intermedio",0,0,"Tarapacá","Región más cercana","Norte","region_15"
2014-04-03,2014,4,-20.18,-70.63,41,5.1,"5.0 a 5.9","Intermedio",1,0,"Tarapacá","Región más cercana","Norte","region_15"
2014-04-07,2014,4,-20.13,-70.91,36,6.1,"6.0 o más","Intermedio",1,1,"Tarapacá","Región más cercana","Norte","region_15"
2014-04-03,2014,4,-20.61,-70.56,36,5.1,"5.0 a 5.9","Intermedio",1,0,"Tarapacá","Región más cercana","Norte","region_15"
2014-06-12,2014,6,-30.75,-70.56,53,5.1,"5.0 a 5.9","Intermedio",1,0,"Coquimbo","Dentro del polígono regional","Norte","region_7"
2014-10-14,2014,10,-33.73,-72.07,19,4.9,"4.0 a 4.9","Superficial",0,0,"Valparaíso","Región más cercana","Centro","region_16"
2014-05-05,2014,5,-19.28,-71.03,38,4.7,"4.0 a 4.9","Intermedio",0,0,"Tarapacá","Región más cercana","Norte","region_15"
2014-03-17,2014,3,-19.99,-70.89,36,5.1,"5.0 a 5.9","Intermedio",1,0,"Tarapacá","Región más cercana","Norte","region_15"
2014-01-02,2014,1,-32.96,-71.39,45,4.9,"4.0 a 4.9","Intermedio",0,0,"Valparaíso","Dentro del polígono regional","Centro","region_16"
2014-03-20,2014,3,-24.03,-69.25,96,5.4,"5.0 a 5.9","Profundo",1,0,"Antofagasta","Dentro del polígono regional","Norte","region_1"
2014-03-17,2014,3,-19.99,-70.75,23,4.5,"4.0 a 4.9","Superficial",0,0,"Tarapacá","Región más cercana","Norte","region_15"
2014-07-26,2014,7,-22.97,-69.88,53,4.4,"4.0 a 4.9","Intermedio",0,0,"Antofagasta","Dentro del polígono regional","Norte","region_1"
2014-06-19,2014,6,-19.82,-70.94,40,6,"6.0 o más","Intermedio",1,1,"Tarapacá","Región más cercana","Norte","region_15"
2014-04-02,2014,4,-19.85,-70.27,41,4,"4.0 a 4.9","Intermedio",0,0,"Tarapacá","Región más cercana","Norte","region_15"
2014-12-02,2014,12,-20.28,-71.06,33,4.6,"4.0 a 4.9","Intermedio",0,0,"Tarapacá","Región más cercana","Norte","region_15"
2014-04-03,2014,4,-20.6,-70.93,36,4.8,"4.0 a 4.9","Intermedio",0,0,"Tarapacá","Región más cercana","Norte","region_15"
2014-09-28,2014,9,-35.62,-73.21,10,5.4,"5.0 a 5.9","Superficial",1,0,"Maule","Región más cercana","Centro","region_12"
2014-10-12,2014,10,-30.82,-71.07,76,4.4,"4.0 a 4.9","Profundo",0,0,"Coquimbo","Dentro del polígono regional","Norte","region_7"
2014-09-28,2014,9,-21.83,-68.78,129,4.7,"4.0 a 4.9","Profundo",0,0,"Antofagasta","Dentro del polígono regional","Norte","region_1"
2014-05-07,2014,5,-22.3,-68.79,119,4.5,"4.0 a 4.9","Profundo",0,0,"Antofagasta","Dentro del polígono regional","Norte","region_1"
2014-04-05,2014,4,-20.71,-70.69,30,4.7,"4.0 a 4.9","Intermedio",0,0,"Tarapacá","Región más cercana","Norte","region_15"
2014-07-23,2014,7,-20.24,-68.74,122,5.5,"5.0 a 5.9","Profundo",1,0,"Tarapacá","Dentro del polígono regional","Norte","region_15"
2014-03-17,2014,3,-19.91,-70.91,33,5.1,"5.0 a 5.9","Intermedio",1,0,"Tarapacá","Región más cercana","Norte","region_15"
2014-04-05,2014,4,-20.17,-70.52,37,4.8,"4.0 a 4.9","Intermedio",0,0,"Tarapacá","Región más cercana","Norte","region_15"
2014-12-27,2014,12,-30.17,-71.47,32,4.6,"4.0 a 4.9","Intermedio",0,0,"Coquimbo","Región más cercana","Norte","region_7"
2014-04-24,2014,4,-18.08,-69.36,128,4.3,"4.0 a 4.9","Profundo",0,0,"Arica y Parinacota","Dentro del polígono regional","Norte","region_3"
2014-09-19,2014,9,-35.66,-73.06,35,4.8,"4.0 a 4.9","Intermedio",0,0,"Maule","Región más cercana","Centro","region_12"
2014-05-15,2014,5,-32.14,-71.76,20,4.2,"4.0 a 4.9","Superficial",0,0,"Coquimbo","Región más cercana","Norte","region_7"
2014-08-23,2014,8,-32.76,-71.54,40,4,"4.0 a 4.9","Intermedio",0,0,"Valparaíso","Región más cercana","Centro","region_16"
2014-04-03,2014,4,-20.77,-70.44,31,5.5,"5.0 a 5.9","Intermedio",1,0,"Tarapacá","Región más cercana","Norte","region_15"
2014-04-04,2014,4,-20.62,-70.7,20,4.6,"4.0 a 4.9","Superficial",0,0,"Tarapacá","Región más cercana","Norte","region_15"
2014-04-02,2014,4,-20.19,-70.82,23,5.4,"5.0 a 5.9","Superficial",1,0,"Tarapacá","Región más cercana","Norte","region_15"
2014-01-29,2014,1,-18.56,-69.6,122,5.3,"5.0 a 5.9","Profundo",1,0,"Arica y Parinacota","Dentro del polígono regional","Norte","region_3"
2014-04-16,2014,4,-20.18,-70.85,37,5.3,"5.0 a 5.9","Intermedio",1,0,"Tarapacá","Región más cercana","Norte","region_15"
2014-04-03,2014,4,-20.8,-70.67,30,6.3,"6.0 o más","Intermedio",1,1,"Tarapacá","Región más cercana","Norte","region_15"
2014-04-24,2014,4,-20.01,-69.15,94,4.2,"4.0 a 4.9","Profundo",0,0,"Tarapacá","Dentro del polígono regional","Norte","region_15"
2014-04-11,2014,4,-20.08,-70.51,40,5.3,"5.0 a 5.9","Intermedio",1,0,"Tarapacá","Región más cercana","Norte","region_15"
2014-05-05,2014,5,-19.93,-70.88,41,4.1,"4.0 a 4.9","Intermedio",0,0,"Tarapacá","Región más cercana","Norte","region_15"
2014-08-16,2014,8,-20.03,-71.02,42,4.7,"4.0 a 4.9","Intermedio",0,0,"Tarapacá","Región más cercana","Norte","region_15"
2014-04-28,2014,4,-19.56,-70.37,44,5,"5.0 a 5.9","Intermedio",1,0,"Tarapacá","Región más cercana","Norte","region_15"
2014-07-15,2014,7,-19.94,-70.11,45,4.3,"4.0 a 4.9","Intermedio",0,0,"Tarapacá","Dentro del polígono regional","Norte","region_15"
2014-10-25,2014,10,-34.04,-72.16,30,4.6,"4.0 a 4.9","Intermedio",0,0,"O'Higgins","Región más cercana","Centro","region_8"
2014-04-03,2014,4,-20.17,-70.37,35,4.3,"4.0 a 4.9","Intermedio",0,0,"Tarapacá","Región más cercana","Norte","region_15"
2014-10-31,2014,10,-19.39,-69.2,113,4.7,"4.0 a 4.9","Profundo",0,0,"Tarapacá","Dentro del polígono regional","Norte","region_15"
2014-02-12,2014,2,-22.35,-68.81,100,5.7,"5.0 a 5.9","Profundo",1,0,"Antofagasta","Dentro del polígono regional","Norte","region_1"
2014-04-06,2014,4,-20.41,-70.98,45,5,"5.0 a 5.9","Intermedio",1,0,"Tarapacá","Región más cercana","Norte","region_15"
2014-04-11,2014,4,-23.25,-68.92,112,4.4,"4.0 a 4.9","Profundo",0,0,"Antofagasta","Dentro del polígono regional","Norte","region_1"
2014-03-31,2014,3,-19.51,-69.17,114,5.6,"5.0 a 5.9","Profundo",1,0,"Tarapacá","Dentro del polígono regional","Norte","region_15"
2014-02-23,2014,2,-23.85,-68.78,106,5.3,"5.0 a 5.9","Profundo",1,0,"Antofagasta","Dentro del polígono regional","Norte","region_1"
2014-08-31,2014,8,-20.52,-70.1,48,4,"4.0 a 4.9","Intermedio",0,0,"Tarapacá","Región más cercana","Norte","region_15"
2014-12-31,2014,12,-19.14,-69.12,117,4.5,"4.0 a 4.9","Profundo",0,0,"Tarapacá","Dentro del polígono regional","Norte","region_15"
2014-05-21,2014,5,-30.45,-71.31,36,5.6,"5.0 a 5.9","Intermedio",1,0,"Coquimbo","Dentro del polígono regional","Norte","region_7"
2014-11-04,2014,11,-41.23,-73.83,25,4.9,"4.0 a 4.9","Superficial",0,0,"Los Lagos","Dentro del polígono regional","Sur","region_9"
2014-12-09,2014,12,-36.96,-72.76,36,4.1,"4.0 a 4.9","Intermedio",0,0,"Biobío","Dentro del polígono regional","Sur","region_6"
2014-06-07,2014,6,-35.2,-71.79,42,4.6,"4.0 a 4.9","Intermedio",0,0,"Maule","Dentro del polígono regional","Centro","region_12"
2014-07-03,2014,7,-34.76,-71.83,41,5,"5.0 a 5.9","Intermedio",1,0,"O'Higgins","Dentro del polígono regional","Centro","region_8"
2014-10-20,2014,10,-35.61,-71.56,91,5.2,"5.0 a 5.9","Profundo",1,0,"Maule","Dentro del polígono regional","Centro","region_12"
2014-12-21,2014,12,-35.74,-71.7,83,4.7,"4.0 a 4.9","Profundo",0,0,"Maule","Dentro del polígono regional","Centro","region_12"
2014-08-09,2014,8,-23.15,-70.64,42,4.2,"4.0 a 4.9","Intermedio",0,0,"Antofagasta","Región más cercana","Norte","region_1"
2014-10-17,2014,10,-20.18,-69.02,106,4.2,"4.0 a 4.9","Profundo",0,0,"Tarapacá","Dentro del polígono regional","Norte","region_15"
2014-04-11,2014,4,-20.72,-70.65,39,6.2,"6.0 o más","Intermedio",1,1,"Tarapacá","Región más cercana","Norte","region_15"
2014-04-13,2014,4,-20.58,-70.72,22,5.2,"5.0 a 5.9","Superficial",1,0,"Tarapacá","Región más cercana","Norte","region_15"
2014-04-17,2014,4,-22.53,-69.09,99,5.2,"5.0 a 5.9","Profundo",1,0,"Antofagasta","Dentro del polígono regional","Norte","region_1"
2014-05-16,2014,5,-23.5,-68.85,115,5.5,"5.0 a 5.9","Profundo",1,0,"Antofagasta","Dentro del polígono regional","Norte","region_1"
2014-05-27,2014,5,-20.86,-70.47,30,4.7,"4.0 a 4.9","Intermedio",0,0,"Tarapacá","Región más cercana","Norte","region_15"
2014-05-30,2014,5,-21.31,-69.98,62,5.2,"5.0 a 5.9","Intermedio",1,0,"Tarapacá","Región más cercana","Norte","region_15"
2014-05-30,2014,5,-21.3,-70,60,5.5,"5.0 a 5.9","Intermedio",1,0,"Tarapacá","Región más cercana","Norte","region_15"
2014-06-01,2014,6,-22.63,-69.54,38,4,"4.0 a 4.9","Intermedio",0,0,"Antofagasta","Dentro del polígono regional","Norte","region_1"
2014-07-13,2014,7,-20.24,-70.31,41,5.6,"5.0 a 5.9","Intermedio",1,0,"Tarapacá","Región más cercana","Norte","region_15"
2014-08-16,2014,8,-21.74,-69.14,90,4.7,"4.0 a 4.9","Profundo",0,0,"Antofagasta","Dentro del polígono regional","Norte","region_1"
2014-08-23,2014,8,-21.8,-70.13,65,4.5,"4.0 a 4.9","Intermedio",0,0,"Antofagasta","Dentro del polígono regional","Norte","region_1"
2014-08-23,2014,8,-20.19,-69.08,100,5.7,"5.0 a 5.9","Profundo",1,0,"Tarapacá","Dentro del polígono regional","Norte","region_15"
2014-09-04,2014,9,-20.7,-70.34,38,5.1,"5.0 a 5.9","Intermedio",1,0,"Tarapacá","Región más cercana","Norte","region_15"
2014-09-24,2014,9,-23.62,-67.16,257,6.3,"6.0 o más","Profundo",1,1,"Antofagasta","Región más cercana","Norte","region_1"
2014-10-07,2014,10,-19.65,-69.47,109,5.5,"5.0 a 5.9","Profundo",1,0,"Tarapacá","Dentro del polígono regional","Norte","region_15"
2014-10-23,2014,10,-20.25,-69.2,102,5,"5.0 a 5.9","Profundo",1,0,"Tarapacá","Dentro del polígono regional","Norte","region_15"
2014-10-26,2014,10,-20.57,-70.55,45,4.7,"4.0 a 4.9","Intermedio",0,0,"Tarapacá","Región más cercana","Norte","region_15"
2014-11-03,2014,11,-21.62,-69.51,80,4.6,"4.0 a 4.9","Profundo",0,0,"Antofagasta","Dentro del polígono regional","Norte","region_1"
2014-11-10,2014,11,-21.63,-68.72,111,5.6,"5.0 a 5.9","Profundo",1,0,"Antofagasta","Dentro del polígono regional","Norte","region_1"
2014-11-24,2014,11,-20.09,-69.23,98,4.9,"4.0 a 4.9","Profundo",0,0,"Tarapacá","Dentro del polígono regional","Norte","region_15"
2014-11-25,2014,11,-20.54,-68.76,111,5,"5.0 a 5.9","Profundo",1,0,"Tarapacá","Dentro del polígono regional","Norte","region_15"
2014-12-03,2014,12,-22.61,-70.2,70,5.2,"5.0 a 5.9","Profundo",1,0,"Antofagasta","Dentro del polígono regional","Norte","region_1"
2014-12-12,2014,12,-19.85,-70.92,34,5.4,"5.0 a 5.9","Intermedio",1,0,"Tarapacá","Región más cercana","Norte","region_15"
2014-12-16,2014,12,-20.47,-68.96,99,4.7,"4.0 a 4.9","Profundo",0,0,"Tarapacá","Dentro del polígono regional","Norte","region_15"
2014-12-17,2014,12,-21.9,-69.91,57,4.1,"4.0 a 4.9","Intermedio",0,0,"Antofagasta","Dentro del polígono regional","Norte","region_1"
2014-12-18,2014,12,-20.38,-68.87,103,5.2,"5.0 a 5.9","Profundo",1,0,"Tarapacá","Dentro del polígono regional","Norte","region_15"
2014-12-19,2014,12,-21.65,-70.36,38,4.2,"4.0 a 4.9","Intermedio",0,0,"Antofagasta","Región más cercana","Norte","region_1"
2015-09-17,2015,9,-30.88,-71.33,43,4.1,"4.0 a 4.9","Intermedio",0,0,"Coquimbo","Dentro del polígono regional","Norte","region_7"
2015-02-22,2015,2,-18.87,-69.29,123,4.3,"4.0 a 4.9","Profundo",0,0,"Arica y Parinacota","Dentro del polígono regional","Norte","region_3"
2015-04-19,2015,4,-19.37,-70.18,39,4,"4.0 a 4.9","Intermedio",0,0,"Tarapacá","Dentro del polígono regional","Norte","region_15"
2015-10-15,2015,10,-22.74,-68.97,118,4.5,"4.0 a 4.9","Profundo",0,0,"Antofagasta","Dentro del polígono regional","Norte","region_1"
2015-08-24,2015,8,-29.84,-71.24,45,4.3,"4.0 a 4.9","Intermedio",0,0,"Coquimbo","Dentro del polígono regional","Norte","region_7"
2015-11-21,2015,11,-30.64,-71.67,38,4.3,"4.0 a 4.9","Intermedio",0,0,"Coquimbo","Dentro del polígono regional","Norte","region_7"
2015-09-10,2015,9,-19.98,-70.97,31,4.6,"4.0 a 4.9","Intermedio",0,0,"Tarapacá","Región más cercana","Norte","region_15"
2015-10-02,2015,10,-36.49,-71.73,110,4.9,"4.0 a 4.9","Profundo",0,0,"Ñuble","Dentro del polígono regional","Sur","region_13"
2015-11-10,2015,11,-30.82,-71.42,50,4.3,"4.0 a 4.9","Intermedio",0,0,"Coquimbo","Dentro del polígono regional","Norte","region_7"
2015-10-16,2015,10,-30.57,-71.62,37,4.4,"4.0 a 4.9","Intermedio",0,0,"Coquimbo","Dentro del polígono regional","Norte","region_7"
2015-10-24,2015,10,-30.52,-71.65,37,4.2,"4.0 a 4.9","Intermedio",0,0,"Coquimbo","Dentro del polígono regional","Norte","region_7"
2015-10-04,2015,10,-30.34,-71.46,31,4.3,"4.0 a 4.9","Intermedio",0,0,"Coquimbo","Dentro del polígono regional","Norte","region_7"
2015-09-19,2015,9,-34,-71.2,71,4.5,"4.0 a 4.9","Profundo",0,0,"Región Metropolitana","Dentro del polígono regional","Centro","region_14"
2015-02-14,2015,2,-32.57,-71.69,28,4.1,"4.0 a 4.9","Superficial",0,0,"Valparaíso","Región más cercana","Centro","region_16"
2015-05-13,2015,5,-29.92,-71.28,60,4.5,"4.0 a 4.9","Intermedio",0,0,"Coquimbo","Región más cercana","Norte","region_7"
2015-11-10,2015,11,-29.5,-71.97,53,5,"5.0 a 5.9","Intermedio",1,0,"Coquimbo","Región más cercana","Norte","region_7"
2015-03-18,2015,3,-36.1,-74.14,23,6.3,"6.0 o más","Superficial",1,1,"Biobío","Región más cercana","Sur","region_6"
2015-08-23,2015,8,-19.68,-70.25,69,4.4,"4.0 a 4.9","Intermedio",0,0,"Tarapacá","Región más cercana","Norte","region_15"
2015-12-03,2015,12,-20.78,-69.25,104,4,"4.0 a 4.9","Profundo",0,0,"Tarapacá","Dentro del polígono regional","Norte","region_15"
2015-05-12,2015,5,-33.31,-70.47,93,4,"4.0 a 4.9","Profundo",0,0,"Región Metropolitana","Dentro del polígono regional","Centro","region_14"
2015-02-11,2015,2,-34.2,-71.83,44,4.8,"4.0 a 4.9","Intermedio",0,0,"O'Higgins","Dentro del polígono regional","Centro","region_8"
2015-10-18,2015,10,-19.46,-69.31,108,4.2,"4.0 a 4.9","Profundo",0,0,"Tarapacá","Dentro del polígono regional","Norte","region_15"
2015-11-07,2015,11,-30.78,-71.4,55,4.3,"4.0 a 4.9","Intermedio",0,0,"Coquimbo","Dentro del polígono regional","Norte","region_7"
2015-12-18,2015,12,-30.62,-71.67,39,4.2,"4.0 a 4.9","Intermedio",0,0,"Coquimbo","Dentro del polígono regional","Norte","region_7"
2015-08-10,2015,8,-29.48,-71.22,55,5.1,"5.0 a 5.9","Intermedio",1,0,"Coquimbo","Dentro del polígono regional","Norte","region_7"
2015-09-16,2015,9,-19.92,-70.9,40,4.5,"4.0 a 4.9","Intermedio",0,0,"Tarapacá","Región más cercana","Norte","region_15"
2015-11-07,2015,11,-29.47,-72.35,15,6,"6.0 o más","Superficial",1,1,"Coquimbo","Región más cercana","Norte","region_7"
2015-09-18,2015,9,-30.85,-71.35,48,4,"4.0 a 4.9","Intermedio",0,0,"Coquimbo","Dentro del polígono regional","Norte","region_7"
2015-10-19,2015,10,-34.8,-71.67,52,4.4,"4.0 a 4.9","Intermedio",0,0,"O'Higgins","Dentro del polígono regional","Centro","region_8"
2015-10-16,2015,10,-30.62,-71.53,41,4.1,"4.0 a 4.9","Intermedio",0,0,"Coquimbo","Dentro del polígono regional","Norte","region_7"
2015-10-03,2015,10,-29.86,-71.64,41,5.3,"5.0 a 5.9","Intermedio",1,0,"Coquimbo","Región más cercana","Norte","region_7"
2015-02-16,2015,2,-30.28,-71.53,36,4.8,"4.0 a 4.9","Intermedio",0,0,"Coquimbo","Región más cercana","Norte","region_7"
2015-08-24,2015,8,-29.88,-71.25,45,5.2,"5.0 a 5.9","Intermedio",1,0,"Coquimbo","Dentro del polígono regional","Norte","region_7"
2015-10-19,2015,10,-33.47,-70.85,76,4.5,"4.0 a 4.9","Profundo",0,0,"Región Metropolitana","Dentro del polígono regional","Centro","region_14"
2015-10-24,2015,10,-30.04,-71.31,52,4,"4.0 a 4.9","Intermedio",0,0,"Coquimbo","Dentro del polígono regional","Norte","region_7"
2015-09-18,2015,9,-30.11,-71.55,16,4.7,"4.0 a 4.9","Superficial",0,0,"Coquimbo","Región más cercana","Norte","region_7"
2015-10-04,2015,10,-30.54,-72.18,33,4.8,"4.0 a 4.9","Intermedio",0,0,"Coquimbo","Región más cercana","Norte","region_7"
2015-09-30,2015,9,-30.66,-71.72,37,4.9,"4.0 a 4.9","Intermedio",0,0,"Coquimbo","Región más cercana","Norte","region_7"
2015-12-04,2015,12,-30.8,-71.46,53,4.5,"4.0 a 4.9","Intermedio",0,0,"Coquimbo","Dentro del polígono regional","Norte","region_7"
2015-03-26,2015,3,-31.06,-71.8,30,4.9,"4.0 a 4.9","Intermedio",0,0,"Coquimbo","Región más cercana","Norte","region_7"
2015-06-01,2015,6,-30.64,-70.31,10,4.3,"4.0 a 4.9","Superficial",0,0,"Coquimbo","Dentro del polígono regional","Norte","region_7"
2015-10-22,2015,10,-30.39,-71.69,25,4.5,"4.0 a 4.9","Superficial",0,0,"Coquimbo","Región más cercana","Norte","region_7"
2015-12-10,2015,12,-35.91,-73.56,14,5.3,"5.0 a 5.9","Superficial",1,0,"Maule","Región más cercana","Centro","region_12"
2015-10-08,2015,10,-30.71,-71.45,48,4.1,"4.0 a 4.9","Intermedio",0,0,"Coquimbo","Dentro del polígono regional","Norte","region_7"
2015-02-11,2015,2,-23.5,-67,194,5.8,"5.0 a 5.9","Profundo",1,0,"Antofagasta","Región más cercana","Norte","region_1"
2015-11-06,2015,11,-19.99,-68.95,106,4.6,"4.0 a 4.9","Profundo",0,0,"Tarapacá","Dentro del polígono regional","Norte","region_15"
2015-10-27,2015,10,-32.77,-71.75,38,4.1,"4.0 a 4.9","Intermedio",0,0,"Valparaíso","Región más cercana","Centro","region_16"
2015-09-17,2015,9,-30.68,-71.39,46,4.6,"4.0 a 4.9","Intermedio",0,0,"Coquimbo","Dentro del polígono regional","Norte","region_7"
2015-06-02,2015,6,-33.91,-72.51,36,5,"5.0 a 5.9","Intermedio",1,0,"O'Higgins","Región más cercana","Centro","region_8"
2015-12-28,2015,12,-29.33,-71.88,35,4.4,"4.0 a 4.9","Intermedio",0,0,"Coquimbo","Región más cercana","Norte","region_7"
2015-10-28,2015,10,-30.32,-71.51,40,4.7,"4.0 a 4.9","Intermedio",0,0,"Coquimbo","Dentro del polígono regional","Norte","region_7"
2015-12-17,2015,12,-30.38,-71.68,25,4.5,"4.0 a 4.9","Superficial",0,0,"Coquimbo","Dentro del polígono regional","Norte","region_7"
2015-12-24,2015,12,-35.45,-72.99,36,4.7,"4.0 a 4.9","Intermedio",0,0,"Maule","Región más cercana","Centro","region_12"
2015-01-23,2015,1,-29.84,-71.46,64,4.4,"4.0 a 4.9","Intermedio",0,0,"Coquimbo","Región más cercana","Norte","region_7"
2015-06-09,2015,6,-20.21,-70.94,31,4.5,"4.0 a 4.9","Intermedio",0,0,"Tarapacá","Región más cercana","Norte","region_15"
2015-12-12,2015,12,-25.54,-70.48,58,4.3,"4.0 a 4.9","Intermedio",0,0,"Antofagasta","Dentro del polígono regional","Norte","region_1"
2015-01-23,2015,1,-18.12,-69.47,120,5,"5.0 a 5.9","Profundo",1,0,"Arica y Parinacota","Dentro del polígono regional","Norte","region_3"
2015-09-17,2015,9,-30.54,-71.63,30,5.3,"5.0 a 5.9","Intermedio",1,0,"Coquimbo","Dentro del polígono regional","Norte","region_7"
2015-10-01,2015,10,-32.86,-72.03,29,4.4,"4.0 a 4.9","Superficial",0,0,"Valparaíso","Región más cercana","Centro","region_16"
2015-10-01,2015,10,-32.63,-71.57,22,4,"4.0 a 4.9","Superficial",0,0,"Valparaíso","Región más cercana","Centro","region_16"
2015-10-28,2015,10,-23.15,-70.61,31,4.5,"4.0 a 4.9","Intermedio",0,0,"Antofagasta","Región más cercana","Norte","region_1"
2015-10-20,2015,10,-30.4,-71.6,17,4.5,"4.0 a 4.9","Superficial",0,0,"Coquimbo","Dentro del polígono regional","Norte","region_7"
2015-05-21,2015,5,-32.07,-70.27,115,4.7,"4.0 a 4.9","Profundo",0,0,"Coquimbo","Región más cercana","Norte","region_7"
2015-05-14,2015,5,-28.79,-71.46,52,5.3,"5.0 a 5.9","Intermedio",1,0,"Atacama","Región más cercana","Norte","region_4"
2015-01-22,2015,1,-22.99,-70.22,48,4.5,"4.0 a 4.9","Intermedio",0,0,"Antofagasta","Dentro del polígono regional","Norte","region_1"
2015-03-12,2015,3,-36.17,-73.09,14,4.6,"4.0 a 4.9","Superficial",0,0,"Ñuble","Región más cercana","Sur","region_13"
2015-05-31,2015,5,-19.91,-70.91,32,4.9,"4.0 a 4.9","Intermedio",0,0,"Tarapacá","Región más cercana","Norte","region_15"
2015-09-17,2015,9,-29.93,-71.96,30,5.3,"5.0 a 5.9","Intermedio",1,0,"Coquimbo","Región más cercana","Norte","region_7"
2015-02-04,2015,2,-29.41,-70.63,83,4.1,"4.0 a 4.9","Profundo",0,0,"Coquimbo","Dentro del polígono regional","Norte","region_7"
2015-10-14,2015,10,-31.26,-71.46,50,4.2,"4.0 a 4.9","Intermedio",0,0,"Coquimbo","Dentro del polígono regional","Norte","region_7"
2015-02-10,2015,2,-19.75,-69.29,98,4.1,"4.0 a 4.9","Profundo",0,0,"Tarapacá","Dentro del polígono regional","Norte","region_15"
2015-05-23,2015,5,-20.23,-70.86,32,4.4,"4.0 a 4.9","Intermedio",0,0,"Tarapacá","Región más cercana","Norte","region_15"
2015-03-14,2015,3,-27.86,-70.89,47,5,"5.0 a 5.9","Intermedio",1,0,"Atacama","Dentro del polígono regional","Norte","region_4"
2015-11-15,2015,11,-22.56,-68.91,102,4.1,"4.0 a 4.9","Profundo",0,0,"Antofagasta","Dentro del polígono regional","Norte","region_1"
2015-09-19,2015,9,-30.79,-71.44,44,4,"4.0 a 4.9","Intermedio",0,0,"Coquimbo","Dentro del polígono regional","Norte","region_7"
2015-12-17,2015,12,-30.63,-71.66,41,4.3,"4.0 a 4.9","Intermedio",0,0,"Coquimbo","Dentro del polígono regional","Norte","region_7"
2015-08-17,2015,8,-19.41,-69.34,106,4.4,"4.0 a 4.9","Profundo",0,0,"Tarapacá","Dentro del polígono regional","Norte","region_15"
2015-09-24,2015,9,-30.88,-71.45,51,4,"4.0 a 4.9","Intermedio",0,0,"Coquimbo","Dentro del polígono regional","Norte","region_7"
2015-09-15,2015,9,-20,-70.96,36,4.9,"4.0 a 4.9","Intermedio",0,0,"Tarapacá","Región más cercana","Norte","region_15"
2015-08-10,2015,8,-19.56,-69.32,99,4.3,"4.0 a 4.9","Profundo",0,0,"Tarapacá","Dentro del polígono regional","Norte","region_15"
2015-10-28,2015,10,-23.25,-69.29,75,4.7,"4.0 a 4.9","Profundo",0,0,"Antofagasta","Dentro del polígono regional","Norte","region_1"
2015-11-25,2015,11,-19.96,-69.19,105,4,"4.0 a 4.9","Profundo",0,0,"Tarapacá","Dentro del polígono regional","Norte","region_15"
2015-09-22,2015,9,-30.42,-71.6,24,4.6,"4.0 a 4.9","Superficial",0,0,"Coquimbo","Dentro del polígono regional","Norte","region_7"
2015-09-29,2015,9,-33.03,-72.25,22,4.4,"4.0 a 4.9","Superficial",0,0,"Valparaíso","Región más cercana","Centro","region_16"
2015-10-17,2015,10,-20.58,-70.63,17,4.5,"4.0 a 4.9","Superficial",0,0,"Tarapacá","Región más cercana","Norte","region_15"
2015-11-28,2015,11,-30.66,-71.76,37,4.5,"4.0 a 4.9","Intermedio",0,0,"Coquimbo","Región más cercana","Norte","region_7"
2015-07-30,2015,7,-21.19,-68.73,112,5.1,"5.0 a 5.9","Profundo",1,0,"Tarapacá","Dentro del polígono regional","Norte","region_15"
2015-10-10,2015,10,-30.52,-71.56,25,4.2,"4.0 a 4.9","Superficial",0,0,"Coquimbo","Dentro del polígono regional","Norte","region_7"
2015-10-02,2015,10,-30.78,-71.45,48,4.1,"4.0 a 4.9","Intermedio",0,0,"Coquimbo","Dentro del polígono regional","Norte","region_7"
2015-11-21,2015,11,-30.63,-71.66,36,4.5,"4.0 a 4.9","Intermedio",0,0,"Coquimbo","Dentro del polígono regional","Norte","region_7"
2015-07-07,2015,7,-33.44,-70.34,117,5.2,"5.0 a 5.9","Profundo",1,0,"Región Metropolitana","Dentro del polígono regional","Centro","region_14"
2015-04-02,2015,4,-28.65,-70.81,45,4.8,"4.0 a 4.9","Intermedio",0,0,"Atacama","Dentro del polígono regional","Norte","region_4"
2015-06-09,2015,6,-20.22,-70.93,35,4.4,"4.0 a 4.9","Intermedio",0,0,"Tarapacá","Región más cercana","Norte","region_15"
2015-06-24,2015,6,-30.37,-71.28,50,4.5,"4.0 a 4.9","Intermedio",0,0,"Coquimbo","Dentro del polígono regional","Norte","region_7"
2015-01-15,2015,1,-33.68,-71.1,68,4.8,"4.0 a 4.9","Intermedio",0,0,"Región Metropolitana","Dentro del polígono regional","Centro","region_14"
2015-09-26,2015,9,-30.76,-71.39,50,4.1,"4.0 a 4.9","Intermedio",0,0,"Coquimbo","Dentro del polígono regional","Norte","region_7"
2015-04-08,2015,4,-19.25,-69.26,116,4.4,"4.0 a 4.9","Profundo",0,0,"Tarapacá","Dentro del polígono regional","Norte","region_15"
2015-01-01,2015,1,-31.07,-71.35,61,4.9,"4.0 a 4.9","Intermedio",0,0,"Coquimbo","Dentro del polígono regional","Norte","region_7"
2015-10-12,2015,10,-30.43,-71.68,31,4.2,"4.0 a 4.9","Intermedio",0,0,"Coquimbo","Dentro del polígono regional","Norte","region_7"
2015-10-30,2015,10,-19.3,-69.62,97,4,"4.0 a 4.9","Profundo",0,0,"Tarapacá","Dentro del polígono regional","Norte","region_15"
2015-12-11,2015,12,-19.75,-69.24,98,4.4,"4.0 a 4.9","Profundo",0,0,"Tarapacá","Dentro del polígono regional","Norte","region_15"
2015-12-01,2015,12,-30.29,-71.51,51,5.1,"5.0 a 5.9","Intermedio",1,0,"Coquimbo","Dentro del polígono regional","Norte","region_7"
2015-12-03,2015,12,-29.84,-71.54,48,5.1,"5.0 a 5.9","Intermedio",1,0,"Coquimbo","Región más cercana","Norte","region_7"
2015-10-29,2015,10,-30.62,-71.64,43,4.3,"4.0 a 4.9","Intermedio",0,0,"Coquimbo","Dentro del polígono regional","Norte","region_7"
2015-07-02,2015,7,-22.69,-69.05,105,4,"4.0 a 4.9","Profundo",0,0,"Antofagasta","Dentro del polígono regional","Norte","region_1"
2015-04-01,2015,4,-33.74,-71.02,66,4,"4.0 a 4.9","Intermedio",0,0,"Región Metropolitana","Dentro del polígono regional","Centro","region_14"
2015-09-19,2015,9,-30.62,-71.91,29,5.7,"5.0 a 5.9","Superficial",1,0,"Coquimbo","Región más cercana","Norte","region_7"
2015-11-21,2015,11,-34.95,-71.63,47,4.2,"4.0 a 4.9","Intermedio",0,0,"Maule","Dentro del polígono regional","Centro","region_12"
2015-09-26,2015,9,-30.77,-71.41,38,4.4,"4.0 a 4.9","Intermedio",0,0,"Coquimbo","Dentro del polígono regional","Norte","region_7"
2015-10-12,2015,10,-30.57,-71.71,36,4.7,"4.0 a 4.9","Intermedio",0,0,"Coquimbo","Región más cercana","Norte","region_7"
2015-01-20,2015,1,-23.41,-70.46,47,5.2,"5.0 a 5.9","Intermedio",1,0,"Antofagasta","Dentro del polígono regional","Norte","region_1"
2015-11-22,2015,11,-23.63,-69.05,97,5.1,"5.0 a 5.9","Profundo",1,0,"Antofagasta","Dentro del polígono regional","Norte","region_1"
2015-05-16,2015,5,-33.08,-71.93,33,4.6,"4.0 a 4.9","Intermedio",0,0,"Valparaíso","Región más cercana","Centro","region_16"
2015-06-22,2015,6,-33.78,-70.47,105,4.9,"4.0 a 4.9","Profundo",0,0,"Región Metropolitana","Dentro del polígono regional","Centro","region_14"
2015-11-11,2015,11,-29.46,-72.12,33,6.9,"6.0 o más","Intermedio",1,1,"Coquimbo","Región más cercana","Norte","region_7"
2015-10-12,2015,10,-30.7,-71.43,46,4.3,"4.0 a 4.9","Intermedio",0,0,"Coquimbo","Dentro del polígono regional","Norte","region_7"
2015-07-17,2015,7,-35.52,-73.35,37,5.3,"5.0 a 5.9","Intermedio",1,0,"Maule","Región más cercana","Centro","region_12"
2015-11-27,2015,11,-24.74,-70.55,39,5,"5.0 a 5.9","Intermedio",1,0,"Antofagasta","Dentro del polígono regional","Norte","region_1"
2015-09-24,2015,9,-30.71,-71.43,48,4.4,"4.0 a 4.9","Intermedio",0,0,"Coquimbo","Dentro del polígono regional","Norte","region_7"
2015-03-02,2015,3,-27.91,-71.03,34,5.2,"5.0 a 5.9","Intermedio",1,0,"Atacama","Dentro del polígono regional","Norte","region_4"
2015-09-19,2015,9,-29.65,-72.28,30,6.3,"6.0 o más","Intermedio",1,1,"Coquimbo","Región más cercana","Norte","region_7"
2015-10-13,2015,10,-31.17,-71.44,48,4.3,"4.0 a 4.9","Intermedio",0,0,"Coquimbo","Dentro del polígono regional","Norte","region_7"
2015-05-22,2015,5,-20.2,-70.85,40,5.3,"5.0 a 5.9","Intermedio",1,0,"Tarapacá","Región más cercana","Norte","region_15"
2015-09-17,2015,9,-30.69,-71.56,32,4.9,"4.0 a 4.9","Intermedio",0,0,"Coquimbo","Dentro del polígono regional","Norte","region_7"
2015-03-25,2015,3,-29.49,-69.72,119,5,"5.0 a 5.9","Profundo",1,0,"Atacama","Región más cercana","Norte","region_4"
2015-11-16,2015,11,-30.59,-71.27,47,4,"4.0 a 4.9","Intermedio",0,0,"Coquimbo","Dentro del polígono regional","Norte","region_7"
2015-01-21,2015,1,-29.8,-71.25,60,4.1,"4.0 a 4.9","Intermedio",0,0,"Coquimbo","Dentro del polígono regional","Norte","region_7"
2015-04-13,2015,4,-40.25,-73.68,42,4.7,"4.0 a 4.9","Intermedio",0,0,"Los Ríos","Dentro del polígono regional","Sur","region_10"
2015-10-03,2015,10,-30.34,-71.45,56,4.2,"4.0 a 4.9","Intermedio",0,0,"Coquimbo","Dentro del polígono regional","Norte","region_7"
2015-12-02,2015,12,-19.67,-69.27,101,4.4,"4.0 a 4.9","Profundo",0,0,"Tarapacá","Dentro del polígono regional","Norte","region_15"
2015-11-03,2015,11,-30.8,-71.41,50,4,"4.0 a 4.9","Intermedio",0,0,"Coquimbo","Dentro del polígono regional","Norte","region_7"
2015-10-03,2015,10,-30.78,-71.41,49,4.3,"4.0 a 4.9","Intermedio",0,0,"Coquimbo","Dentro del polígono regional","Norte","region_7"
2015-09-19,2015,9,-31.31,-71.71,42,4.8,"4.0 a 4.9","Intermedio",0,0,"Coquimbo","Región más cercana","Norte","region_7"
2015-06-17,2015,6,-20.25,-70.74,24,4.4,"4.0 a 4.9","Superficial",0,0,"Tarapacá","Región más cercana","Norte","region_15"
2015-10-02,2015,10,-30.53,-71.36,49,4.5,"4.0 a 4.9","Intermedio",0,0,"Coquimbo","Dentro del polígono regional","Norte","region_7"
2015-03-17,2015,3,-29.67,-71.5,50,4.3,"4.0 a 4.9","Intermedio",0,0,"Coquimbo","Región más cercana","Norte","region_7"
2015-11-29,2015,11,-30.34,-71.54,17,4.2,"4.0 a 4.9","Superficial",0,0,"Coquimbo","Dentro del polígono regional","Norte","region_7"
2015-10-15,2015,10,-30.67,-71.74,37,4.3,"4.0 a 4.9","Intermedio",0,0,"Coquimbo","Región más cercana","Norte","region_7"
2015-10-07,2015,10,-30.83,-71.42,52,4.2,"4.0 a 4.9","Intermedio",0,0,"Coquimbo","Dentro del polígono regional","Norte","region_7"
2015-12-15,2015,12,-30.7,-71.72,35,4.1,"4.0 a 4.9","Intermedio",0,0,"Coquimbo","Región más cercana","Norte","region_7"
2015-01-07,2015,1,-32.79,-71.69,20,4.2,"4.0 a 4.9","Superficial",0,0,"Valparaíso","Región más cercana","Centro","region_16"
2015-11-07,2015,11,-30.82,-71.38,50,4.4,"4.0 a 4.9","Intermedio",0,0,"Coquimbo","Dentro del polígono regional","Norte","region_7"
2015-07-27,2015,7,-29.5,-70.77,86,4.7,"4.0 a 4.9","Profundo",0,0,"Coquimbo","Dentro del polígono regional","Norte","region_7"
2015-11-30,2015,11,-24.31,-67.46,208,5.5,"5.0 a 5.9","Profundo",1,0,"Antofagasta","Región más cercana","Norte","region_1"
2015-04-07,2015,4,-36.17,-72.16,63,4.6,"4.0 a 4.9","Intermedio",0,0,"Maule","Dentro del polígono regional","Centro","region_12"
2015-09-17,2015,9,-31.55,-72.07,42,5.3,"5.0 a 5.9","Intermedio",1,0,"Coquimbo","Región más cercana","Norte","region_7"
2015-05-28,2015,5,-20.14,-70.1,44,4.1,"4.0 a 4.9","Intermedio",0,0,"Tarapacá","Dentro del polígono regional","Norte","region_15"
2015-09-22,2015,9,-33.32,-71.32,51,4.2,"4.0 a 4.9","Intermedio",0,0,"Valparaíso","Dentro del polígono regional","Centro","region_16"
2015-02-02,2015,2,-32,-67.53,148,6.4,"6.0 o más","Profundo",1,1,"Valparaíso","Región más cercana","Centro","region_16"
2015-09-15,2015,9,-19.97,-71.05,38,5.1,"5.0 a 5.9","Intermedio",1,0,"Tarapacá","Región más cercana","Norte","region_15"
2015-03-05,2015,3,-29.32,-71.11,60,5.3,"5.0 a 5.9","Intermedio",1,0,"Coquimbo","Dentro del polígono regional","Norte","region_7"
2015-12-01,2015,12,-30.41,-71.63,18,4.6,"4.0 a 4.9","Superficial",0,0,"Coquimbo","Dentro del polígono regional","Norte","region_7"
2015-09-20,2015,9,-30.84,-71.6,34,4.4,"4.0 a 4.9","Intermedio",0,0,"Coquimbo","Dentro del polígono regional","Norte","region_7"
2015-05-15,2015,5,-31.55,-71.6,47,4,"4.0 a 4.9","Intermedio",0,0,"Coquimbo","Región más cercana","Norte","region_7"
2015-11-01,2015,11,-38.82,-73.42,50,5.1,"5.0 a 5.9","Intermedio",1,0,"Araucanía","Región más cercana","Sur","region_2"
2015-01-13,2015,1,-33.59,-70.33,113,4.3,"4.0 a 4.9","Profundo",0,0,"Región Metropolitana","Dentro del polígono regional","Centro","region_14"
2015-11-05,2015,11,-30.71,-71.76,33,4.8,"4.0 a 4.9","Intermedio",0,0,"Coquimbo","Región más cercana","Norte","region_7"
2015-08-04,2015,8,-35.13,-70.79,113,4.6,"4.0 a 4.9","Profundo",0,0,"Maule","Dentro del polígono regional","Centro","region_12"
2015-11-07,2015,11,-30.7,-71.63,28,4.3,"4.0 a 4.9","Superficial",0,0,"Coquimbo","Dentro del polígono regional","Norte","region_7"
2015-09-17,2015,9,-30.04,-71.67,33,5.5,"5.0 a 5.9","Intermedio",1,0,"Coquimbo","Región más cercana","Norte","region_7"
2015-09-20,2015,9,-30.66,-71.74,37,4.8,"4.0 a 4.9","Intermedio",0,0,"Coquimbo","Región más cercana","Norte","region_7"
2015-10-15,2015,10,-30.57,-71.63,33,4.5,"4.0 a 4.9","Intermedio",0,0,"Coquimbo","Dentro del polígono regional","Norte","region_7"
2015-02-04,2015,2,-29.38,-71.01,79,4.3,"4.0 a 4.9","Profundo",0,0,"Coquimbo","Dentro del polígono regional","Norte","region_7"
2015-11-22,2015,11,-30.26,-71.58,40,4.3,"4.0 a 4.9","Intermedio",0,0,"Coquimbo","Región más cercana","Norte","region_7"
2015-09-30,2015,9,-30.64,-71.72,36,4.7,"4.0 a 4.9","Intermedio",0,0,"Coquimbo","Región más cercana","Norte","region_7"
2015-09-17,2015,9,-30.29,-71.7,16,4.2,"4.0 a 4.9","Superficial",0,0,"Coquimbo","Región más cercana","Norte","region_7"
2015-02-04,2015,2,-21.21,-69.4,75,4.2,"4.0 a 4.9","Profundo",0,0,"Tarapacá","Dentro del polígono regional","Norte","region_15"
2015-10-29,2015,10,-28.78,-70.19,91,4,"4.0 a 4.9","Profundo",0,0,"Atacama","Dentro del polígono regional","Norte","region_4"
2015-05-23,2015,5,-18.52,-69.33,123,4.7,"4.0 a 4.9","Profundo",0,0,"Arica y Parinacota","Dentro del polígono regional","Norte","region_3"
2015-07-13,2015,7,-33.05,-70.31,112,5.1,"5.0 a 5.9","Profundo",1,0,"Valparaíso","Dentro del polígono regional","Centro","region_16"
2015-12-16,2015,12,-27.28,-70,104,4.1,"4.0 a 4.9","Profundo",0,0,"Atacama","Dentro del polígono regional","Norte","region_4"
2015-09-17,2015,9,-30.76,-71.46,43,4.3,"4.0 a 4.9","Intermedio",0,0,"Coquimbo","Dentro del polígono regional","Norte","region_7"
2015-06-10,2015,6,-20.14,-69.23,98,4.2,"4.0 a 4.9","Profundo",0,0,"Tarapacá","Dentro del polígono regional","Norte","region_15"
2015-10-07,2015,10,-30.78,-71.39,48,4.4,"4.0 a 4.9","Intermedio",0,0,"Coquimbo","Dentro del polígono regional","Norte","region_7"
2015-03-24,2015,3,-32.23,-71.73,35,4.2,"4.0 a 4.9","Intermedio",0,0,"Valparaíso","Región más cercana","Centro","region_16"
2015-10-02,2015,10,-30.74,-71.35,53,4,"4.0 a 4.9","Intermedio",0,0,"Coquimbo","Dentro del polígono regional","Norte","region_7"
2015-02-17,2015,2,-30.96,-71.3,59,4.6,"4.0 a 4.9","Intermedio",0,0,"Coquimbo","Dentro del polígono regional","Norte","region_7"
2015-05-29,2015,5,-28.22,-70.64,43,5.5,"5.0 a 5.9","Intermedio",1,0,"Atacama","Dentro del polígono regional","Norte","region_4"
2015-05-21,2015,5,-19.91,-69.96,64,4.1,"4.0 a 4.9","Intermedio",0,0,"Tarapacá","Dentro del polígono regional","Norte","region_15"
2015-05-24,2015,5,-20.21,-68.87,129,4.4,"4.0 a 4.9","Profundo",0,0,"Tarapacá","Dentro del polígono regional","Norte","region_15"
2015-01-29,2015,1,-31.57,-70.55,116,4.9,"4.0 a 4.9","Profundo",0,0,"Coquimbo","Región más cercana","Norte","region_7"
2015-03-14,2015,3,-20.45,-70.15,18,4.1,"4.0 a 4.9","Superficial",0,0,"Tarapacá","Región más cercana","Norte","region_15"
2015-10-06,2015,10,-25.21,-70.19,43,4.4,"4.0 a 4.9","Intermedio",0,0,"Antofagasta","Dentro del polígono regional","Norte","region_1"
2015-12-12,2015,12,-35.08,-71.92,51,4.9,"4.0 a 4.9","Intermedio",0,0,"Maule","Dentro del polígono regional","Centro","region_12"
2015-02-18,2015,2,-35.08,-71.14,107,4.7,"4.0 a 4.9","Profundo",0,0,"Maule","Dentro del polígono regional","Centro","region_12"
2015-08-25,2015,8,-29.8,-71.2,63,4.5,"4.0 a 4.9","Intermedio",0,0,"Coquimbo","Dentro del polígono regional","Norte","region_7"
2015-11-16,2015,11,-18.79,-69.94,85,4.5,"4.0 a 4.9","Profundo",0,0,"Arica y Parinacota","Dentro del polígono regional","Norte","region_3"
2015-09-17,2015,9,-31.38,-71.74,26,5,"5.0 a 5.9","Superficial",1,0,"Coquimbo","Región más cercana","Norte","region_7"
2015-12-13,2015,12,-30.63,-71.61,32,4.1,"4.0 a 4.9","Intermedio",0,0,"Coquimbo","Dentro del polígono regional","Norte","region_7"
2015-12-27,2015,12,-20.69,-68.8,105,4.5,"4.0 a 4.9","Profundo",0,0,"Tarapacá","Dentro del polígono regional","Norte","region_15"
2015-10-15,2015,10,-30.57,-71.61,36,5.1,"5.0 a 5.9","Intermedio",1,0,"Coquimbo","Dentro del polígono regional","Norte","region_7"
2015-08-23,2015,8,-20.36,-70.28,46,4.2,"4.0 a 4.9","Intermedio",0,0,"Tarapacá","Región más cercana","Norte","region_15"
2015-10-03,2015,10,-29.99,-71.53,26,4.7,"4.0 a 4.9","Superficial",0,0,"Coquimbo","Región más cercana","Norte","region_7"
2015-07-28,2015,7,-22.85,-69.34,83,4.2,"4.0 a 4.9","Profundo",0,0,"Antofagasta","Dentro del polígono regional","Norte","region_1"
2015-11-03,2015,11,-30.64,-71.72,36,4.9,"4.0 a 4.9","Intermedio",0,0,"Coquimbo","Región más cercana","Norte","region_7"
2015-06-04,2015,6,-23.14,-69.65,61,4.3,"4.0 a 4.9","Intermedio",0,0,"Antofagasta","Dentro del polígono regional","Norte","region_1"
2015-01-13,2015,1,-33.33,-70.64,90,4.2,"4.0 a 4.9","Profundo",0,0,"Región Metropolitana","Dentro del polígono regional","Centro","region_14"
2015-10-20,2015,10,-30.82,-71.4,50,4.3,"4.0 a 4.9","Intermedio",0,0,"Coquimbo","Dentro del polígono regional","Norte","region_7"
2015-10-03,2015,10,-29.45,-71.13,55,4.3,"4.0 a 4.9","Intermedio",0,0,"Coquimbo","Dentro del polígono regional","Norte","region_7"
2015-07-16,2015,7,-29.53,-71.75,31,5.3,"5.0 a 5.9","Intermedio",1,0,"Coquimbo","Región más cercana","Norte","region_7"
2015-11-11,2015,11,-29.46,-71.76,15,5.1,"5.0 a 5.9","Superficial",1,0,"Coquimbo","Región más cercana","Norte","region_7"
2015-10-11,2015,10,-30.7,-71.71,40,4.8,"4.0 a 4.9","Intermedio",0,0,"Coquimbo","Región más cercana","Norte","region_7"
2015-09-21,2015,9,-30.76,-71.46,40,4.4,"4.0 a 4.9","Intermedio",0,0,"Coquimbo","Dentro del polígono regional","Norte","region_7"
2015-09-17,2015,9,-30.83,-71.38,44,4.3,"4.0 a 4.9","Intermedio",0,0,"Coquimbo","Dentro del polígono regional","Norte","region_7"
2015-11-22,2015,11,-30.41,-71.71,38,4.8,"4.0 a 4.9","Intermedio",0,0,"Coquimbo","Región más cercana","Norte","region_7"
2015-11-06,2015,11,-30.16,-72.13,42,5.1,"5.0 a 5.9","Intermedio",1,0,"Coquimbo","Región más cercana","Norte","region_7"
2015-10-25,2015,10,-29.72,-71.2,44,4.7,"4.0 a 4.9","Intermedio",0,0,"Coquimbo","Dentro del polígono regional","Norte","region_7"
2015-09-19,2015,9,-32.44,-71.83,32,4.7,"4.0 a 4.9","Intermedio",0,0,"Valparaíso","Región más cercana","Centro","region_16"
2015-04-01,2015,4,-29.35,-71.66,40,5.5,"5.0 a 5.9","Intermedio",1,0,"Coquimbo","Región más cercana","Norte","region_7"
2015-11-14,2015,11,-30.74,-71.41,44,4.3,"4.0 a 4.9","Intermedio",0,0,"Coquimbo","Dentro del polígono regional","Norte","region_7"
2015-11-21,2015,11,-32.97,-70.29,106,4.5,"4.0 a 4.9","Profundo",0,0,"Valparaíso","Dentro del polígono regional","Centro","region_16"
2015-09-17,2015,9,-30.68,-71.61,33,4.8,"4.0 a 4.9","Intermedio",0,0,"Coquimbo","Dentro del polígono regional","Norte","region_7"
2015-09-26,2015,9,-30.79,-71.39,40,4.1,"4.0 a 4.9","Intermedio",0,0,"Coquimbo","Dentro del polígono regional","Norte","region_7"
2015-12-15,2015,12,-29.35,-71.99,23,4.7,"4.0 a 4.9","Superficial",0,0,"Coquimbo","Región más cercana","Norte","region_7"
2015-10-01,2015,10,-29.74,-71.31,52,4.3,"4.0 a 4.9","Intermedio",0,0,"Coquimbo","Dentro del polígono regional","Norte","region_7"
2015-10-03,2015,10,-32.83,-72.03,25,4.1,"4.0 a 4.9","Superficial",0,0,"Valparaíso","Región más cercana","Centro","region_16"
2015-07-05,2015,7,-19.47,-69.56,110,4.6,"4.0 a 4.9","Profundo",0,0,"Tarapacá","Dentro del polígono regional","Norte","region_15"
2015-09-17,2015,9,-31.03,-71.38,45,4,"4.0 a 4.9","Intermedio",0,0,"Coquimbo","Dentro del polígono regional","Norte","region_7"
2015-02-17,2015,2,-32.38,-70.99,78,5.8,"5.0 a 5.9","Profundo",1,0,"Valparaíso","Dentro del polígono regional","Centro","region_16"
2015-10-12,2015,10,-30.67,-71.71,35,5,"5.0 a 5.9","Intermedio",1,0,"Coquimbo","Región más cercana","Norte","region_7"
2015-11-22,2015,11,-30.68,-71.65,67,4.4,"4.0 a 4.9","Intermedio",0,0,"Coquimbo","Dentro del polígono regional","Norte","region_7"
2015-09-18,2015,9,-31.15,-71.37,45,4.6,"4.0 a 4.9","Intermedio",0,0,"Coquimbo","Dentro del polígono regional","Norte","region_7"
2015-02-22,2015,2,-20.04,-70.94,43,4.5,"4.0 a 4.9","Intermedio",0,0,"Tarapacá","Región más cercana","Norte","region_15"
2015-09-21,2015,9,-30.83,-71.46,49,4.3,"4.0 a 4.9","Intermedio",0,0,"Coquimbo","Dentro del polígono regional","Norte","region_7"
2015-09-22,2015,9,-31.57,-71.91,30,4.4,"4.0 a 4.9","Intermedio",0,0,"Coquimbo","Región más cercana","Norte","region_7"
2015-10-02,2015,10,-30.58,-71.6,32,4.9,"4.0 a 4.9","Intermedio",0,0,"Coquimbo","Dentro del polígono regional","Norte","region_7"
2015-02-28,2015,2,-36.88,-72.99,35,5.1,"5.0 a 5.9","Intermedio",1,0,"Biobío","Dentro del polígono regional","Sur","region_6"
2015-12-01,2015,12,-30.65,-71.54,44,4,"4.0 a 4.9","Intermedio",0,0,"Coquimbo","Dentro del polígono regional","Norte","region_7"
2015-10-23,2015,10,-32.51,-71.72,33,4.2,"4.0 a 4.9","Intermedio",0,0,"Valparaíso","Región más cercana","Centro","region_16"
2015-09-19,2015,9,-28.85,-71.31,45,4.9,"4.0 a 4.9","Intermedio",0,0,"Atacama","Dentro del polígono regional","Norte","region_4"
2015-02-23,2015,2,-29.16,-70.68,85,4.2,"4.0 a 4.9","Profundo",0,0,"Coquimbo","Dentro del polígono regional","Norte","region_7"
2015-02-11,2015,2,-30.21,-71.32,68,5,"5.0 a 5.9","Intermedio",1,0,"Coquimbo","Dentro del polígono regional","Norte","region_7"
2015-09-28,2015,9,-30.98,-71.32,48,4.1,"4.0 a 4.9","Intermedio",0,0,"Coquimbo","Dentro del polígono regional","Norte","region_7"
2015-10-22,2015,10,-30.32,-71.66,35,4.5,"4.0 a 4.9","Intermedio",0,0,"Coquimbo","Dentro del polígono regional","Norte","region_7"
2015-09-02,2015,9,-33.72,-72.3,39,4.5,"4.0 a 4.9","Intermedio",0,0,"Valparaíso","Región más cercana","Centro","region_16"
2015-10-16,2015,10,-31.46,-71.72,37,4.3,"4.0 a 4.9","Intermedio",0,0,"Coquimbo","Región más cercana","Norte","region_7"
2015-11-18,2015,11,-19.34,-69.39,108,4.6,"4.0 a 4.9","Profundo",0,0,"Tarapacá","Dentro del polígono regional","Norte","region_15"
2015-10-20,2015,10,-29.98,-71.02,85,4,"4.0 a 4.9","Profundo",0,0,"Coquimbo","Dentro del polígono regional","Norte","region_7"
2015-01-18,2015,1,-32.7,-71.7,26,4.9,"4.0 a 4.9","Superficial",0,0,"Valparaíso","Región más cercana","Centro","region_16"
2015-12-10,2015,12,-20.66,-69.19,105,4.2,"4.0 a 4.9","Profundo",0,0,"Tarapacá","Dentro del polígono regional","Norte","region_15"
2015-09-30,2015,9,-30.75,-71.41,48,4.6,"4.0 a 4.9","Intermedio",0,0,"Coquimbo","Dentro del polígono regional","Norte","region_7"
2015-09-19,2015,9,-30.82,-71.39,51,4.6,"4.0 a 4.9","Intermedio",0,0,"Coquimbo","Dentro del polígono regional","Norte","region_7"
2015-11-19,2015,11,-30.25,-71.78,5,4.2,"4.0 a 4.9","Superficial",0,0,"Coquimbo","Región más cercana","Norte","region_7"
2015-09-14,2015,9,-25.04,-70.48,56,4.6,"4.0 a 4.9","Intermedio",0,0,"Antofagasta","Región más cercana","Norte","region_1"
2015-09-19,2015,9,-32.36,-71.78,37,4.6,"4.0 a 4.9","Intermedio",0,0,"Valparaíso","Región más cercana","Centro","region_16"
2015-01-11,2015,1,-31.45,-71.62,46,4,"4.0 a 4.9","Intermedio",0,0,"Coquimbo","Región más cercana","Norte","region_7"
2015-11-11,2015,11,-29.55,-72.26,12,6.9,"6.0 o más","Superficial",1,1,"Coquimbo","Región más cercana","Norte","region_7"
2015-05-23,2015,5,-20.19,-70.81,27,4.6,"4.0 a 4.9","Superficial",0,0,"Tarapacá","Región más cercana","Norte","region_15"
2015-08-12,2015,8,-32.89,-70.47,14,4,"4.0 a 4.9","Superficial",0,0,"Valparaíso","Dentro del polígono regional","Centro","region_16"
2015-10-02,2015,10,-31.08,-71.33,58,4,"4.0 a 4.9","Intermedio",0,0,"Coquimbo","Dentro del polígono regional","Norte","region_7"
2015-10-25,2015,10,-41.93,-73.55,53,4.5,"4.0 a 4.9","Intermedio",0,0,"Los Lagos","Dentro del polígono regional","Sur","region_9"
2015-10-04,2015,10,-30.37,-72.2,22,5.2,"5.0 a 5.9","Superficial",1,0,"Coquimbo","Región más cercana","Norte","region_7"
2015-06-22,2015,6,-21.78,-68.42,134,5.3,"5.0 a 5.9","Profundo",1,0,"Antofagasta","Dentro del polígono regional","Norte","region_1"
2015-03-19,2015,3,-19.26,-70.22,77,4.3,"4.0 a 4.9","Profundo",0,0,"Tarapacá","Dentro del polígono regional","Norte","region_15"
2015-11-28,2015,11,-30.34,-72.34,32,5.4,"5.0 a 5.9","Intermedio",1,0,"Coquimbo","Región más cercana","Norte","region_7"
2015-01-25,2015,1,-34.76,-71.81,43,5.2,"5.0 a 5.9","Intermedio",1,0,"O'Higgins","Dentro del polígono regional","Centro","region_8"
2015-05-21,2015,5,-34.89,-71.8,40,4.8,"4.0 a 4.9","Intermedio",0,0,"Maule","Dentro del polígono regional","Centro","region_12"
2015-07-28,2015,7,-34.99,-71.83,42,5,"5.0 a 5.9","Intermedio",1,0,"Maule","Dentro del polígono regional","Centro","region_12"
2015-10-03,2015,10,-37.56,-73.74,20,6.1,"6.0 o más","Superficial",1,1,"Biobío","Región más cercana","Sur","region_6"
2015-10-18,2015,10,-35.97,-72.67,50,5,"5.0 a 5.9","Intermedio",1,0,"Maule","Dentro del polígono regional","Centro","region_12"
2015-02-08,2015,2,-22.65,-70.4,42,4.1,"4.0 a 4.9","Intermedio",0,0,"Antofagasta","Región más cercana","Norte","region_1"
2015-08-21,2015,8,-20.62,-69.13,109,4.5,"4.0 a 4.9","Profundo",0,0,"Tarapacá","Dentro del polígono regional","Norte","region_15"
2015-08-25,2015,8,-20.37,-69.05,101,4.2,"4.0 a 4.9","Profundo",0,0,"Tarapacá","Dentro del polígono regional","Norte","region_15"
2015-12-03,2015,12,-22.52,-68.81,87,4.2,"4.0 a 4.9","Profundo",0,0,"Antofagasta","Dentro del polígono regional","Norte","region_1"
2015-12-23,2015,12,-20.35,-68.94,106,4.5,"4.0 a 4.9","Profundo",0,0,"Tarapacá","Dentro del polígono regional","Norte","region_15"
2015-12-27,2015,12,-20.71,-69.26,103,4.1,"4.0 a 4.9","Profundo",0,0,"Tarapacá","Dentro del polígono regional","Norte","region_15"
2015-01-09,2015,1,-20.4,-69.03,110,5.2,"5.0 a 5.9","Profundo",1,0,"Tarapacá","Dentro del polígono regional","Norte","region_15"
2015-01-10,2015,1,-21.63,-68.66,110,5.3,"5.0 a 5.9","Profundo",1,0,"Antofagasta","Dentro del polígono regional","Norte","region_1"
2015-01-14,2015,1,-22.39,-70.22,71,4.4,"4.0 a 4.9","Profundo",0,0,"Antofagasta","Dentro del polígono regional","Norte","region_1"
2015-02-02,2015,2,-22.27,-70.8,40,5,"5.0 a 5.9","Intermedio",1,0,"Antofagasta","Región más cercana","Norte","region_1"
2015-02-11,2015,2,-23.17,-66.86,239,6.6,"6.0 o más","Profundo",1,1,"Antofagasta","Región más cercana","Norte","region_1"
2015-03-03,2015,3,-20.36,-69.14,106,5.2,"5.0 a 5.9","Profundo",1,0,"Tarapacá","Dentro del polígono regional","Norte","region_15"
2015-03-09,2015,3,-19.69,-69.48,97,4.9,"4.0 a 4.9","Profundo",0,0,"Tarapacá","Dentro del polígono regional","Norte","region_15"
2015-03-15,2015,3,-21.97,-68.86,103,4.9,"4.0 a 4.9","Profundo",0,0,"Antofagasta","Dentro del polígono regional","Norte","region_1"
2015-03-23,2015,3,-18.42,-69.27,121,6.3,"6.0 o más","Profundo",1,1,"Arica y Parinacota","Dentro del polígono regional","Norte","region_3"
2015-03-24,2015,3,-20.68,-70.78,16,4.8,"4.0 a 4.9","Superficial",0,0,"Tarapacá","Región más cercana","Norte","region_15"
2015-03-28,2015,3,-22.19,-68.7,112,5.8,"5.0 a 5.9","Profundo",1,0,"Antofagasta","Dentro del polígono regional","Norte","region_1"
2015-04-13,2015,4,-21.11,-68.7,129,5.1,"5.0 a 5.9","Profundo",1,0,"Tarapacá","Dentro del polígono regional","Norte","region_15"
2015-05-15,2015,5,-29.57,-71.24,66,4.5,"4.0 a 4.9","Intermedio",0,0,"Coquimbo","Dentro del polígono regional","Norte","region_7"
2015-05-26,2015,5,-22.06,-68.52,134,5.7,"5.0 a 5.9","Profundo",1,0,"Antofagasta","Dentro del polígono regional","Norte","region_1"
2015-06-10,2015,6,-22.43,-68.58,130,6,"6.0 o más","Profundo",1,1,"Antofagasta","Dentro del polígono regional","Norte","region_1"
2015-07-06,2015,7,-20.91,-69.25,106,4.3,"4.0 a 4.9","Profundo",0,0,"Tarapacá","Dentro del polígono regional","Norte","region_15"
2015-07-24,2015,7,-20.29,-70.17,38,5.3,"5.0 a 5.9","Intermedio",1,0,"Tarapacá","Región más cercana","Norte","region_15"
2015-08-04,2015,8,-20.59,-69.26,108,4.7,"4.0 a 4.9","Profundo",0,0,"Tarapacá","Dentro del polígono regional","Norte","region_15"
2015-08-24,2015,8,-20.41,-69.14,112,4.9,"4.0 a 4.9","Profundo",0,0,"Tarapacá","Dentro del polígono regional","Norte","region_15"
2015-09-01,2015,9,-19.79,-69.25,97,5.6,"5.0 a 5.9","Profundo",1,0,"Tarapacá","Dentro del polígono regional","Norte","region_15"
2015-09-16,2015,9,-19.94,-70.96,35,5,"5.0 a 5.9","Intermedio",1,0,"Tarapacá","Región más cercana","Norte","region_15"
2015-09-24,2015,9,-20.21,-69.15,100,4.8,"4.0 a 4.9","Profundo",0,0,"Tarapacá","Dentro del polígono regional","Norte","region_15"
2015-09-25,2015,9,-20.91,-69.22,91,5.3,"5.0 a 5.9","Profundo",1,0,"Tarapacá","Dentro del polígono regional","Norte","region_15"
2015-09-28,2015,9,-23.88,-67.12,250,6,"6.0 o más","Profundo",1,1,"Antofagasta","Región más cercana","Norte","region_1"
2015-10-14,2015,10,-22.57,-68.71,109,4,"4.0 a 4.9","Profundo",0,0,"Antofagasta","Dentro del polígono regional","Norte","region_1"
2015-10-16,2015,10,-20.07,-68.89,115,4.8,"4.0 a 4.9","Profundo",0,0,"Tarapacá","Dentro del polígono regional","Norte","region_15"
2015-10-21,2015,10,-20.37,-69.3,100,4.8,"4.0 a 4.9","Profundo",0,0,"Tarapacá","Dentro del polígono regional","Norte","region_15"
2015-10-25,2015,10,-20.39,-68.97,111,4.6,"4.0 a 4.9","Profundo",0,0,"Tarapacá","Dentro del polígono regional","Norte","region_15"
2015-11-01,2015,11,-23.23,-68.53,115,5.9,"5.0 a 5.9","Profundo",1,0,"Antofagasta","Dentro del polígono regional","Norte","region_1"
2015-11-09,2015,11,-23.48,-69.03,116,5.4,"5.0 a 5.9","Profundo",1,0,"Antofagasta","Dentro del polígono regional","Norte","region_1"
2015-11-10,2015,11,-22.25,-68.81,126,5.4,"5.0 a 5.9","Profundo",1,0,"Antofagasta","Dentro del polígono regional","Norte","region_1"
2015-11-27,2015,11,-24.78,-70.55,37,6.3,"6.0 o más","Intermedio",1,1,"Antofagasta","Región más cercana","Norte","region_1"
2015-12-05,2015,12,-22.54,-70.32,39,4.7,"4.0 a 4.9","Intermedio",0,0,"Antofagasta","Región más cercana","Norte","region_1"
2015-12-23,2015,12,-20.54,-69.22,112,4.4,"4.0 a 4.9","Profundo",0,0,"Tarapacá","Dentro del polígono regional","Norte","region_15"
2015-09-17,2015,9,-31.7,-71.89,20,4.9,"4.0 a 4.9","Superficial",0,0,"Coquimbo","Región más cercana","Norte","region_7"
2015-09-17,2015,9,-31.49,-72,31,5.5,"5.0 a 5.9","Intermedio",1,0,"Coquimbo","Región más cercana","Norte","region_7"
2015-09-17,2015,9,-31.7,-71.75,33,4.8,"4.0 a 4.9","Intermedio",0,0,"Coquimbo","Región más cercana","Norte","region_7"
2015-09-17,2015,9,-31.24,-71.77,33,4.8,"4.0 a 4.9","Intermedio",0,0,"Coquimbo","Región más cercana","Norte","region_7"
2015-09-17,2015,9,-31.4,-71.45,58,4.4,"4.0 a 4.9","Intermedio",0,0,"Coquimbo","Dentro del polígono regional","Norte","region_7"
2015-09-17,2015,9,-30.93,-72.03,34,5.7,"5.0 a 5.9","Intermedio",1,0,"Coquimbo","Región más cercana","Norte","region_7"
2015-09-17,2015,9,-31.3,-71.8,30,5.2,"5.0 a 5.9","Intermedio",1,0,"Coquimbo","Región más cercana","Norte","region_7"
2015-09-17,2015,9,-31.5,-71.73,25,4.8,"4.0 a 4.9","Superficial",0,0,"Coquimbo","Región más cercana","Norte","region_7"
2015-09-17,2015,9,-31.85,-71.91,23,4.6,"4.0 a 4.9","Superficial",0,0,"Coquimbo","Región más cercana","Norte","region_7"
2015-09-17,2015,9,-31.64,-71.79,43,4.9,"4.0 a 4.9","Intermedio",0,0,"Coquimbo","Región más cercana","Norte","region_7"
2015-09-17,2015,9,-30.99,-71.53,7,4.2,"4.0 a 4.9","Superficial",0,0,"Coquimbo","Dentro del polígono regional","Norte","region_7"
2015-09-17,2015,9,-31.12,-71.76,46,4.7,"4.0 a 4.9","Intermedio",0,0,"Coquimbo","Región más cercana","Norte","region_7"
2015-09-17,2015,9,-31.24,-71.25,61,4.2,"4.0 a 4.9","Intermedio",0,0,"Coquimbo","Dentro del polígono regional","Norte","region_7"
2015-09-17,2015,9,-31.63,-71.68,42,4.6,"4.0 a 4.9","Intermedio",0,0,"Coquimbo","Región más cercana","Norte","region_7"
2015-09-17,2015,9,-31.35,-71.77,40,4.5,"4.0 a 4.9","Intermedio",0,0,"Coquimbo","Región más cercana","Norte","region_7"
2015-09-18,2015,9,-31.44,-71.68,38,4.7,"4.0 a 4.9","Intermedio",0,0,"Coquimbo","Región más cercana","Norte","region_7"
2015-09-18,2015,9,-31.67,-71.65,34,5,"5.0 a 5.9","Intermedio",1,0,"Coquimbo","Región más cercana","Norte","region_7"
2015-09-18,2015,9,-31.59,-71.46,38,4.1,"4.0 a 4.9","Intermedio",0,0,"Coquimbo","Dentro del polígono regional","Norte","region_7"
2015-09-19,2015,9,-31.64,-71.66,39,4.3,"4.0 a 4.9","Intermedio",0,0,"Coquimbo","Región más cercana","Norte","region_7"
2015-09-19,2015,9,-31.82,-71.62,50,4.2,"4.0 a 4.9","Intermedio",0,0,"Coquimbo","Región más cercana","Norte","region_7"
2015-09-19,2015,9,-31.79,-71.5,37,4.6,"4.0 a 4.9","Intermedio",0,0,"Coquimbo","Dentro del polígono regional","Norte","region_7"
2015-09-21,2015,9,-30.77,-71.83,33,4,"4.0 a 4.9","Intermedio",0,0,"Coquimbo","Región más cercana","Norte","region_7"
2015-09-21,2015,9,-32.21,-71.83,34,4.2,"4.0 a 4.9","Intermedio",0,0,"Valparaíso","Región más cercana","Centro","region_16"
2015-09-21,2015,9,-31.76,-71.57,37,4.6,"4.0 a 4.9","Intermedio",0,0,"Coquimbo","Región más cercana","Norte","region_7"
2015-09-21,2015,9,-31.6,-71.57,36,4.5,"4.0 a 4.9","Intermedio",0,0,"Coquimbo","Dentro del polígono regional","Norte","region_7"
2015-09-21,2015,9,-31.71,-71.68,35,4.1,"4.0 a 4.9","Intermedio",0,0,"Coquimbo","Región más cercana","Norte","region_7"
2015-09-23,2015,9,-31.63,-71.27,44,4.1,"4.0 a 4.9","Intermedio",0,0,"Coquimbo","Dentro del polígono regional","Norte","region_7"
2015-09-23,2015,9,-31.35,-72.01,28,5,"5.0 a 5.9","Superficial",1,0,"Coquimbo","Región más cercana","Norte","region_7"
2015-09-23,2015,9,-31.57,-71.69,39,4,"4.0 a 4.9","Intermedio",0,0,"Coquimbo","Región más cercana","Norte","region_7"
2015-09-23,2015,9,-31.64,-71.89,41,5.1,"5.0 a 5.9","Intermedio",1,0,"Coquimbo","Región más cercana","Norte","region_7"
2015-09-23,2015,9,-31.44,-71.44,50,4.4,"4.0 a 4.9","Intermedio",0,0,"Coquimbo","Dentro del polígono regional","Norte","region_7"
2015-09-24,2015,9,-31.69,-71.55,25,4.8,"4.0 a 4.9","Superficial",0,0,"Coquimbo","Región más cercana","Norte","region_7"
2015-09-25,2015,9,-31.64,-71.56,36,4,"4.0 a 4.9","Intermedio",0,0,"Coquimbo","Región más cercana","Norte","region_7"
2015-09-25,2015,9,-31.56,-71.81,31,4.7,"4.0 a 4.9","Intermedio",0,0,"Coquimbo","Región más cercana","Norte","region_7"
2015-09-26,2015,9,-31.36,-71.41,46,4.3,"4.0 a 4.9","Intermedio",0,0,"Coquimbo","Dentro del polígono regional","Norte","region_7"
2015-09-26,2015,9,-31.83,-71.95,37,4.6,"4.0 a 4.9","Intermedio",0,0,"Coquimbo","Región más cercana","Norte","region_7"
2015-09-27,2015,9,-31.27,-71.81,27,4.8,"4.0 a 4.9","Superficial",0,0,"Coquimbo","Región más cercana","Norte","region_7"
2015-09-28,2015,9,-31.41,-71.36,50,4.1,"4.0 a 4.9","Intermedio",0,0,"Coquimbo","Dentro del polígono regional","Norte","region_7"
2015-09-28,2015,9,-31.18,-71.44,54,4.3,"4.0 a 4.9","Intermedio",0,0,"Coquimbo","Dentro del polígono regional","Norte","region_7"
2015-09-28,2015,9,-31.61,-71.44,48,4.2,"4.0 a 4.9","Intermedio",0,0,"Coquimbo","Dentro del polígono regional","Norte","region_7"
2015-10-05,2015,10,-31.8,-71.63,47,4.4,"4.0 a 4.9","Intermedio",0,0,"Coquimbo","Región más cercana","Norte","region_7"
2015-10-05,2015,10,-32.08,-71.8,23,4.2,"4.0 a 4.9","Superficial",0,0,"Coquimbo","Región más cercana","Norte","region_7"
2015-10-09,2015,10,-31.01,-71.31,59,4.1,"4.0 a 4.9","Intermedio",0,0,"Coquimbo","Dentro del polígono regional","Norte","region_7"
2015-10-10,2015,10,-31.77,-71.65,40,4.1,"4.0 a 4.9","Intermedio",0,0,"Coquimbo","Región más cercana","Norte","region_7"
2015-11-16,2015,11,-31.6,-71.42,27,4,"4.0 a 4.9","Superficial",0,0,"Coquimbo","Dentro del polígono regional","Norte","region_7"
2015-11-21,2015,11,-31.59,-71.72,45,4.3,"4.0 a 4.9","Intermedio",0,0,"Coquimbo","Región más cercana","Norte","region_7"
2015-11-24,2015,11,-31.75,-71.69,41,4.1,"4.0 a 4.9","Intermedio",0,0,"Coquimbo","Región más cercana","Norte","region_7"
2015-12-01,2015,12,-31.59,-71.36,41,4.7,"4.0 a 4.9","Intermedio",0,0,"Coquimbo","Dentro del polígono regional","Norte","region_7"
2015-12-10,2015,12,-30.98,-71.33,59,4.3,"4.0 a 4.9","Intermedio",0,0,"Coquimbo","Dentro del polígono regional","Norte","region_7"
2015-12-21,2015,12,-31.54,-71.41,48,4.2,"4.0 a 4.9","Intermedio",0,0,"Coquimbo","Dentro del polígono regional","Norte","region_7"
2015-12-23,2015,12,-31.06,-71.34,57,4.5,"4.0 a 4.9","Intermedio",0,0,"Coquimbo","Dentro del polígono regional","Norte","region_7"
2015-12-26,2015,12,-31.76,-72.1,32,4.9,"4.0 a 4.9","Intermedio",0,0,"Coquimbo","Región más cercana","Norte","region_7"
2015-12-26,2015,12,-31.75,-71.93,41,4.8,"4.0 a 4.9","Intermedio",0,0,"Coquimbo","Región más cercana","Norte","region_7"
2015-12-27,2015,12,-31.78,-71.66,48,4.8,"4.0 a 4.9","Intermedio",0,0,"Coquimbo","Región más cercana","Norte","region_7"
2015-12-28,2015,12,-31.63,-70.64,117,4.2,"4.0 a 4.9","Profundo",0,0,"Coquimbo","Dentro del polígono regional","Norte","region_7"
2015-12-30,2015,12,-30.7,-71.62,28,4.3,"4.0 a 4.9","Superficial",0,0,"Coquimbo","Dentro del polígono regional","Norte","region_7"
2015-07-06,2015,7,-30.91,-71.51,74,4.2,"4.0 a 4.9","Profundo",0,0,"Coquimbo","Dentro del polígono regional","Norte","region_7"
2015-07-12,2015,7,-32.09,-71.16,64,4.1,"4.0 a 4.9","Intermedio",0,0,"Coquimbo","Dentro del polígono regional","Norte","region_7"
2015-07-23,2015,7,-31.91,-71.1,65,4,"4.0 a 4.9","Intermedio",0,0,"Coquimbo","Dentro del polígono regional","Norte","region_7"
2015-07-24,2015,7,-30.92,-71.2,57,4.4,"4.0 a 4.9","Intermedio",0,0,"Coquimbo","Dentro del polígono regional","Norte","region_7"
2015-08-01,2015,8,-31.96,-71.2,65,4.3,"4.0 a 4.9","Intermedio",0,0,"Coquimbo","Dentro del polígono regional","Norte","region_7"
2015-08-12,2015,8,-31.73,-71.61,42,5.3,"5.0 a 5.9","Intermedio",1,0,"Coquimbo","Región más cercana","Norte","region_7"
2015-08-23,2015,8,-29.72,-71.25,50,6,"6.0 o más","Intermedio",1,1,"Coquimbo","Dentro del polígono regional","Norte","region_7"
2015-09-16,2015,9,-31.55,-71.86,11,8.4,"6.0 o más","Superficial",1,1,"Coquimbo","Región más cercana","Norte","region_7"
2015-09-16,2015,9,-31.62,-71.75,27,7.1,"6.0 o más","Superficial",1,1,"Coquimbo","Región más cercana","Norte","region_7"
2015-09-16,2015,9,-31.73,-71.68,30,6.1,"6.0 o más","Intermedio",1,1,"Coquimbo","Región más cercana","Norte","region_7"
2015-09-16,2015,9,-31.9,-71.9,29,6.8,"6.0 o más","Superficial",1,1,"Coquimbo","Región más cercana","Norte","region_7"
2015-09-16,2015,9,-31.59,-71.79,16,7.6,"6.0 o más","Superficial",1,1,"Coquimbo","Región más cercana","Norte","region_7"
2015-09-16,2015,9,-31.88,-71.89,35,5.6,"5.0 a 5.9","Intermedio",1,0,"Coquimbo","Región más cercana","Norte","region_7"
2015-09-17,2015,9,-31,-71.48,38,5.3,"5.0 a 5.9","Intermedio",1,0,"Coquimbo","Dentro del polígono regional","Norte","region_7"
2015-09-17,2015,9,-31.48,-71.52,35,4.6,"4.0 a 4.9","Intermedio",0,0,"Coquimbo","Dentro del polígono regional","Norte","region_7"
2015-09-17,2015,9,-31.72,-71.7,14,5.1,"5.0 a 5.9","Superficial",1,0,"Coquimbo","Región más cercana","Norte","region_7"
2015-09-17,2015,9,-31.64,-72.1,35,6,"6.0 o más","Intermedio",1,1,"Coquimbo","Región más cercana","Norte","region_7"
2015-09-17,2015,9,-31.11,-71.65,50,6.5,"6.0 o más","Intermedio",1,1,"Coquimbo","Dentro del polígono regional","Norte","region_7"
2015-09-17,2015,9,-30.92,-71.35,45,4.8,"4.0 a 4.9","Intermedio",0,0,"Coquimbo","Dentro del polígono regional","Norte","region_7"
2015-09-17,2015,9,-30.98,-71.36,54,5.5,"5.0 a 5.9","Intermedio",1,0,"Coquimbo","Dentro del polígono regional","Norte","region_7"
2015-09-17,2015,9,-30.92,-71.26,47,5.4,"5.0 a 5.9","Intermedio",1,0,"Coquimbo","Dentro del polígono regional","Norte","region_7"
2015-09-17,2015,9,-31.46,-71.7,53,5.8,"5.0 a 5.9","Intermedio",1,0,"Coquimbo","Región más cercana","Norte","region_7"
2015-09-17,2015,9,-31.25,-71.89,33,5.7,"5.0 a 5.9","Intermedio",1,0,"Coquimbo","Región más cercana","Norte","region_7"
2015-09-17,2015,9,-31.54,-71.75,41,6.6,"6.0 o más","Intermedio",1,1,"Coquimbo","Región más cercana","Norte","region_7"
2015-09-17,2015,9,-31.46,-71.81,35,5.7,"5.0 a 5.9","Intermedio",1,0,"Coquimbo","Región más cercana","Norte","region_7"
2015-09-17,2015,9,-31.82,-71.96,25,5.3,"5.0 a 5.9","Superficial",1,0,"Coquimbo","Región más cercana","Norte","region_7"
2015-09-17,2015,9,-31.51,-71.58,44,4.7,"4.0 a 4.9","Intermedio",0,0,"Coquimbo","Región más cercana","Norte","region_7"
2015-09-17,2015,9,-31.6,-71.41,39,5,"5.0 a 5.9","Intermedio",1,0,"Coquimbo","Dentro del polígono regional","Norte","region_7"
2015-09-17,2015,9,-30.93,-71.46,51,5,"5.0 a 5.9","Intermedio",1,0,"Coquimbo","Dentro del polígono regional","Norte","region_7"
2015-09-17,2015,9,-32.14,-72.17,34,6,"6.0 o más","Intermedio",1,1,"Valparaíso","Región más cercana","Centro","region_16"
2015-09-17,2015,9,-30.94,-72,32,5.7,"5.0 a 5.9","Intermedio",1,0,"Coquimbo","Región más cercana","Norte","region_7"
2015-09-17,2015,9,-29.85,-70.48,39,5.3,"5.0 a 5.9","Intermedio",1,0,"Coquimbo","Dentro del polígono regional","Norte","region_7"
2015-09-17,2015,9,-31.5,-71.74,42,5,"5.0 a 5.9","Intermedio",1,0,"Coquimbo","Región más cercana","Norte","region_7"
2015-09-17,2015,9,-30.94,-71.64,29,5.2,"5.0 a 5.9","Superficial",1,0,"Coquimbo","Dentro del polígono regional","Norte","region_7"
2015-09-18,2015,9,-31.45,-71.53,45,5.2,"5.0 a 5.9","Intermedio",1,0,"Coquimbo","Dentro del polígono regional","Norte","region_7"
2015-09-18,2015,9,-31.38,-71.56,41,4.5,"4.0 a 4.9","Intermedio",0,0,"Coquimbo","Dentro del polígono regional","Norte","region_7"
2015-09-18,2015,9,-32.06,-72.1,33,6,"6.0 o más","Intermedio",1,1,"Coquimbo","Región más cercana","Norte","region_7"
2015-09-18,2015,9,-30.87,-71.27,45,4.5,"4.0 a 4.9","Intermedio",0,0,"Coquimbo","Dentro del polígono regional","Norte","region_7"
2015-09-19,2015,9,-31.54,-71.77,32,5.4,"5.0 a 5.9","Intermedio",1,0,"Coquimbo","Región más cercana","Norte","region_7"
2015-09-19,2015,9,-31.13,-71.58,34,6,"6.0 o más","Intermedio",1,1,"Coquimbo","Dentro del polígono regional","Norte","region_7"
2015-09-19,2015,9,-32.33,-71.91,27,6.3,"6.0 o más","Superficial",1,1,"Valparaíso","Región más cercana","Centro","region_16"
2015-09-19,2015,9,-30.73,-71.3,28,4.8,"4.0 a 4.9","Superficial",0,0,"Coquimbo","Dentro del polígono regional","Norte","region_7"
2015-09-20,2015,9,-30.79,-71.32,48,5.5,"5.0 a 5.9","Intermedio",1,0,"Coquimbo","Dentro del polígono regional","Norte","region_7"
2015-09-20,2015,9,-30.6,-71.61,32,4.8,"4.0 a 4.9","Intermedio",0,0,"Coquimbo","Dentro del polígono regional","Norte","region_7"
2015-09-20,2015,9,-30.59,-71.74,38,5.2,"5.0 a 5.9","Intermedio",1,0,"Coquimbo","Región más cercana","Norte","region_7"
2015-09-21,2015,9,-31.76,-71.74,41,6.2,"6.0 o más","Intermedio",1,1,"Coquimbo","Región más cercana","Norte","region_7"
2015-09-21,2015,9,-30.66,-71.41,39,4.5,"4.0 a 4.9","Intermedio",0,0,"Coquimbo","Dentro del polígono regional","Norte","region_7"
2015-09-21,2015,9,-30.73,-71.34,30,4.5,"4.0 a 4.9","Intermedio",0,0,"Coquimbo","Dentro del polígono regional","Norte","region_7"
2015-09-21,2015,9,-30.97,-71.47,32,4,"4.0 a 4.9","Intermedio",0,0,"Coquimbo","Dentro del polígono regional","Norte","region_7"
2015-09-21,2015,9,-31.11,-71.79,30,6,"6.0 o más","Intermedio",1,1,"Coquimbo","Región más cercana","Norte","region_7"
2015-09-21,2015,9,-31.76,-71.55,13,6.7,"6.0 o más","Superficial",1,1,"Coquimbo","Región más cercana","Norte","region_7"
2015-09-21,2015,9,-31.09,-71.77,31,5.8,"5.0 a 5.9","Intermedio",1,0,"Coquimbo","Región más cercana","Norte","region_7"
2015-09-21,2015,9,-31.77,-71.6,36,6,"6.0 o más","Intermedio",1,1,"Coquimbo","Región más cercana","Norte","region_7"
2015-09-22,2015,9,-31.45,-71.13,63,6.2,"6.0 o más","Intermedio",1,1,"Coquimbo","Dentro del polígono regional","Norte","region_7"
2015-09-22,2015,9,-32.24,-71.77,25,4.5,"4.0 a 4.9","Superficial",0,0,"Valparaíso","Región más cercana","Centro","region_16"
2015-09-22,2015,9,-31.02,-71.57,44,5,"5.0 a 5.9","Intermedio",1,0,"Coquimbo","Dentro del polígono regional","Norte","region_7"
2015-09-24,2015,9,-30.7,-71.4,50,5.4,"5.0 a 5.9","Intermedio",1,0,"Coquimbo","Dentro del polígono regional","Norte","region_7"
2015-09-26,2015,9,-30.79,-71.42,40,6.3,"6.0 o más","Intermedio",1,1,"Coquimbo","Dentro del polígono regional","Norte","region_7"
2015-09-26,2015,9,-30.72,-71.39,50,4.4,"4.0 a 4.9","Intermedio",0,0,"Coquimbo","Dentro del polígono regional","Norte","region_7"
2015-09-26,2015,9,-30.82,-71.41,50,4.1,"4.0 a 4.9","Intermedio",0,0,"Coquimbo","Dentro del polígono regional","Norte","region_7"
2015-09-27,2015,9,-30.73,-71.47,43,4.6,"4.0 a 4.9","Intermedio",0,0,"Coquimbo","Dentro del polígono regional","Norte","region_7"
2015-09-27,2015,9,-31.67,-71.7,37,5.3,"5.0 a 5.9","Intermedio",1,0,"Coquimbo","Región más cercana","Norte","region_7"
2015-09-27,2015,9,-30.91,-71.44,43,4.4,"4.0 a 4.9","Intermedio",0,0,"Coquimbo","Dentro del polígono regional","Norte","region_7"
2015-09-29,2015,9,-31.79,-71.38,29,4.2,"4.0 a 4.9","Superficial",0,0,"Coquimbo","Dentro del polígono regional","Norte","region_7"
2015-10-01,2015,10,-30.72,-71.43,48,4.8,"4.0 a 4.9","Intermedio",0,0,"Coquimbo","Dentro del polígono regional","Norte","region_7"
2015-10-01,2015,10,-31.76,-71.35,48,4,"4.0 a 4.9","Intermedio",0,0,"Coquimbo","Dentro del polígono regional","Norte","region_7"
2015-10-03,2015,10,-30.37,-71.37,34,6,"6.0 o más","Intermedio",1,1,"Coquimbo","Dentro del polígono regional","Norte","region_7"
2015-10-04,2015,10,-30.66,-71.63,30,5.2,"5.0 a 5.9","Intermedio",1,0,"Coquimbo","Dentro del polígono regional","Norte","region_7"
2015-10-05,2015,10,-30.35,-71.47,29,6.1,"6.0 o más","Superficial",1,1,"Coquimbo","Dentro del polígono regional","Norte","region_7"
2015-10-06,2015,10,-31.52,-71.45,15,5.1,"5.0 a 5.9","Superficial",1,0,"Coquimbo","Dentro del polígono regional","Norte","region_7"
2015-10-06,2015,10,-30.85,-71.46,46,5,"5.0 a 5.9","Intermedio",1,0,"Coquimbo","Dentro del polígono regional","Norte","region_7"
2015-10-07,2015,10,-30.3,-71.23,24,5.2,"5.0 a 5.9","Superficial",1,0,"Coquimbo","Dentro del polígono regional","Norte","region_7"
2015-10-09,2015,10,-30.82,-71.42,48,4.7,"4.0 a 4.9","Intermedio",0,0,"Coquimbo","Dentro del polígono regional","Norte","region_7"
2015-10-09,2015,10,-31.52,-71.49,45,4,"4.0 a 4.9","Intermedio",0,0,"Coquimbo","Dentro del polígono regional","Norte","region_7"
2015-10-09,2015,10,-31.76,-71.71,36,5.5,"5.0 a 5.9","Intermedio",1,0,"Coquimbo","Región más cercana","Norte","region_7"
2015-10-11,2015,10,-30.71,-71.44,48,4.8,"4.0 a 4.9","Intermedio",0,0,"Coquimbo","Dentro del polígono regional","Norte","region_7"
2015-10-11,2015,10,-30.69,-71.41,48,4.3,"4.0 a 4.9","Intermedio",0,0,"Coquimbo","Dentro del polígono regional","Norte","region_7"
2015-10-12,2015,10,-31.18,-71.79,39,5.4,"5.0 a 5.9","Intermedio",1,0,"Coquimbo","Región más cercana","Norte","region_7"
2015-10-12,2015,10,-31.19,-71.79,31,5,"5.0 a 5.9","Intermedio",1,0,"Coquimbo","Región más cercana","Norte","region_7"
2015-10-12,2015,10,-30.76,-71.37,54,4.5,"4.0 a 4.9","Intermedio",0,0,"Coquimbo","Dentro del polígono regional","Norte","region_7"
2015-10-15,2015,10,-30.86,-71.73,46,4.6,"4.0 a 4.9","Intermedio",0,0,"Coquimbo","Región más cercana","Norte","region_7"
2015-10-19,2015,10,-30.71,-71.43,50,4.5,"4.0 a 4.9","Intermedio",0,0,"Coquimbo","Dentro del polígono regional","Norte","region_7"
2015-10-20,2015,10,-30.76,-71.46,50,5,"5.0 a 5.9","Intermedio",1,0,"Coquimbo","Dentro del polígono regional","Norte","region_7"
2015-10-20,2015,10,-30.74,-71.44,50,5.2,"5.0 a 5.9","Intermedio",1,0,"Coquimbo","Dentro del polígono regional","Norte","region_7"
2015-10-21,2015,10,-30.83,-71.38,50,5,"5.0 a 5.9","Intermedio",1,0,"Coquimbo","Dentro del polígono regional","Norte","region_7"
2015-10-24,2015,10,-31.44,-71.43,51,5,"5.0 a 5.9","Intermedio",1,0,"Coquimbo","Dentro del polígono regional","Norte","region_7"
2015-10-28,2015,10,-30.85,-71.38,52,4.2,"4.0 a 4.9","Intermedio",0,0,"Coquimbo","Dentro del polígono regional","Norte","region_7"
2015-11-05,2015,11,-30.68,-71.39,41,4.3,"4.0 a 4.9","Intermedio",0,0,"Coquimbo","Dentro del polígono regional","Norte","region_7"
2015-11-07,2015,11,-30.87,-71.43,48,6.8,"6.0 o más","Intermedio",1,1,"Coquimbo","Dentro del polígono regional","Norte","region_7"
2015-11-07,2015,11,-30.77,-71.36,47,4.9,"4.0 a 4.9","Intermedio",0,0,"Coquimbo","Dentro del polígono regional","Norte","region_7"
2015-11-07,2015,11,-30.72,-71.37,48,6,"6.0 o más","Intermedio",1,1,"Coquimbo","Dentro del polígono regional","Norte","region_7"
2015-11-07,2015,11,-30.83,-71.4,49,4,"4.0 a 4.9","Intermedio",0,0,"Coquimbo","Dentro del polígono regional","Norte","region_7"
2015-11-07,2015,11,-30.71,-71.39,47,4.5,"4.0 a 4.9","Intermedio",0,0,"Coquimbo","Dentro del polígono regional","Norte","region_7"
2015-11-10,2015,11,-30.8,-71.46,57,5,"5.0 a 5.9","Intermedio",1,0,"Coquimbo","Dentro del polígono regional","Norte","region_7"
2015-11-11,2015,11,-31.77,-71.52,35,4.4,"4.0 a 4.9","Intermedio",0,0,"Coquimbo","Región más cercana","Norte","region_7"
2015-11-15,2015,11,-30.71,-71.38,50,4,"4.0 a 4.9","Intermedio",0,0,"Coquimbo","Dentro del polígono regional","Norte","region_7"
2015-11-17,2015,11,-30.68,-71.36,54,4.5,"4.0 a 4.9","Intermedio",0,0,"Coquimbo","Dentro del polígono regional","Norte","region_7"
2015-11-21,2015,11,-30.61,-71.8,35,6,"6.0 o más","Intermedio",1,1,"Coquimbo","Región más cercana","Norte","region_7"
2015-12-07,2015,12,-31.13,-71.26,47,5.5,"5.0 a 5.9","Intermedio",1,0,"Coquimbo","Dentro del polígono regional","Norte","region_7"
2015-12-08,2015,12,-30.84,-71.71,40,5.6,"5.0 a 5.9","Intermedio",1,0,"Coquimbo","Región más cercana","Norte","region_7"
2015-12-17,2015,12,-30.75,-71.39,53,4.4,"4.0 a 4.9","Intermedio",0,0,"Coquimbo","Dentro del polígono regional","Norte","region_7"
2015-12-19,2015,12,-30.64,-71.31,50,6,"6.0 o más","Intermedio",1,1,"Coquimbo","Dentro del polígono regional","Norte","region_7"
2015-12-20,2015,12,-30.59,-71.25,62,4,"4.0 a 4.9","Intermedio",0,0,"Coquimbo","Dentro del polígono regional","Norte","region_7"
2015-12-22,2015,12,-30.8,-71.25,62,4.6,"4.0 a 4.9","Intermedio",0,0,"Coquimbo","Dentro del polígono regional","Norte","region_7"
2015-12-25,2015,12,-30.59,-71.29,60,4.5,"4.0 a 4.9","Intermedio",0,0,"Coquimbo","Dentro del polígono regional","Norte","region_7"
2015-12-27,2015,12,-30.63,-71.16,59,4.1,"4.0 a 4.9","Intermedio",0,0,"Coquimbo","Dentro del polígono regional","Norte","region_7"
2016-01-09,2016,1,-19.83,-69.12,104,4.6,"4.0 a 4.9","Profundo",0,0,"Tarapacá","Dentro del polígono regional","Norte","region_15"
2016-01-27,2016,1,-19.19,-69.37,105,4,"4.0 a 4.9","Profundo",0,0,"Tarapacá","Dentro del polígono regional","Norte","region_15"
2016-10-25,2016,10,-26.75,-71.07,15,4.9,"4.0 a 4.9","Superficial",0,0,"Atacama","Región más cercana","Norte","region_4"
2016-03-07,2016,3,-27.02,-70.83,58,4.3,"4.0 a 4.9","Intermedio",0,0,"Atacama","Región más cercana","Norte","region_4"
2016-01-07,2016,1,-41.72,-74.15,41,5.3,"5.0 a 5.9","Intermedio",1,0,"Los Lagos","Región más cercana","Sur","region_9"
2016-01-08,2016,1,-41.71,-74.12,42,4.5,"4.0 a 4.9","Intermedio",0,0,"Los Lagos","Región más cercana","Sur","region_9"
2016-06-05,2016,6,-29.37,-71.65,53,4.2,"4.0 a 4.9","Intermedio",0,0,"Coquimbo","Región más cercana","Norte","region_7"
2016-05-08,2016,5,-24.71,-69.47,88,5,"5.0 a 5.9","Profundo",1,0,"Antofagasta","Dentro del polígono regional","Norte","region_1"
2016-07-25,2016,7,-33.41,-70.3,101,4.9,"4.0 a 4.9","Profundo",0,0,"Región Metropolitana","Dentro del polígono regional","Centro","region_14"
2016-03-09,2016,3,-34.79,-71.84,41,4.3,"4.0 a 4.9","Intermedio",0,0,"O'Higgins","Dentro del polígono regional","Centro","region_8"
2016-01-21,2016,1,-30.51,-71.22,57,4.4,"4.0 a 4.9","Intermedio",0,0,"Coquimbo","Dentro del polígono regional","Norte","region_7"
2016-11-10,2016,11,-19.13,-69.42,96,4.6,"4.0 a 4.9","Profundo",0,0,"Tarapacá","Dentro del polígono regional","Norte","region_15"
2016-07-10,2016,7,-21.14,-68.87,110,4.7,"4.0 a 4.9","Profundo",0,0,"Tarapacá","Dentro del polígono regional","Norte","region_15"
2016-11-14,2016,11,-21.15,-69.97,49,4.4,"4.0 a 4.9","Intermedio",0,0,"Tarapacá","Región más cercana","Norte","region_15"
2016-02-12,2016,2,-19.94,-70.31,53,5,"5.0 a 5.9","Intermedio",1,0,"Tarapacá","Región más cercana","Norte","region_15"
2016-03-23,2016,3,-30.39,-71.64,30,4.5,"4.0 a 4.9","Intermedio",0,0,"Coquimbo","Dentro del polígono regional","Norte","region_7"
2016-04-18,2016,4,-32.43,-71.43,41,4.1,"4.0 a 4.9","Intermedio",0,0,"Valparaíso","Región más cercana","Centro","region_16"
2016-09-22,2016,9,-20.21,-69.25,100,4.1,"4.0 a 4.9","Profundo",0,0,"Tarapacá","Dentro del polígono regional","Norte","region_15"
2016-09-24,2016,9,-21.59,-68.53,114,4.9,"4.0 a 4.9","Profundo",0,0,"Antofagasta","Dentro del polígono regional","Norte","region_1"
2016-08-21,2016,8,-19.29,-69.65,82,4.5,"4.0 a 4.9","Profundo",0,0,"Tarapacá","Dentro del polígono regional","Norte","region_15"
2016-12-27,2016,12,-43.5,-74.3,23,4.9,"4.0 a 4.9","Superficial",0,0,"Los Lagos","Región más cercana","Sur","region_9"
2016-11-08,2016,11,-25.43,-70.03,57,4.9,"4.0 a 4.9","Intermedio",0,0,"Antofagasta","Dentro del polígono regional","Norte","region_1"
2016-01-26,2016,1,-30.72,-71.45,48,4.4,"4.0 a 4.9","Intermedio",0,0,"Coquimbo","Dentro del polígono regional","Norte","region_7"
2016-07-26,2016,7,-19.09,-69.93,73,4.4,"4.0 a 4.9","Profundo",0,0,"Tarapacá","Dentro del polígono regional","Norte","region_15"
2016-02-24,2016,2,-29.8,-71.48,38,4.7,"4.0 a 4.9","Intermedio",0,0,"Coquimbo","Región más cercana","Norte","region_7"
2016-12-26,2016,12,-28.41,-71.35,40,4.2,"4.0 a 4.9","Intermedio",0,0,"Atacama","Región más cercana","Norte","region_4"
2016-09-06,2016,9,-21.32,-67.97,173,5,"5.0 a 5.9","Profundo",1,0,"Antofagasta","Región más cercana","Norte","region_1"
2016-01-14,2016,1,-28.65,-70.08,110,4.2,"4.0 a 4.9","Profundo",0,0,"Atacama","Dentro del polígono regional","Norte","region_4"
2016-11-08,2016,11,-36.65,-73.57,10,4.7,"4.0 a 4.9","Superficial",0,0,"Biobío","Región más cercana","Sur","region_6"
2016-08-08,2016,8,-24.12,-68.23,135,5,"5.0 a 5.9","Profundo",1,0,"Antofagasta","Dentro del polígono regional","Norte","region_1"
2016-01-26,2016,1,-32.65,-71.85,30,5.1,"5.0 a 5.9","Intermedio",1,0,"Valparaíso","Región más cercana","Centro","region_16"
2016-06-03,2016,6,-18.97,-70.12,52,4.1,"4.0 a 4.9","Intermedio",0,0,"Arica y Parinacota","Dentro del polígono regional","Norte","region_3"
2016-09-21,2016,9,-30.17,-70.76,88,4.2,"4.0 a 4.9","Profundo",0,0,"Coquimbo","Dentro del polígono regional","Norte","region_7"
2016-02-01,2016,2,-20.16,-70.49,36,4.3,"4.0 a 4.9","Intermedio",0,0,"Tarapacá","Región más cercana","Norte","region_15"
2016-08-14,2016,8,-20.65,-69.12,111,4.4,"4.0 a 4.9","Profundo",0,0,"Tarapacá","Dentro del polígono regional","Norte","region_15"
2016-01-30,2016,1,-30.17,-71.62,42,4.2,"4.0 a 4.9","Intermedio",0,0,"Coquimbo","Región más cercana","Norte","region_7"
2016-01-16,2016,1,-41.73,-73.99,45,4,"4.0 a 4.9","Intermedio",0,0,"Los Lagos","Región más cercana","Sur","region_9"
2016-10-14,2016,10,-21.89,-68.42,116,4.6,"4.0 a 4.9","Profundo",0,0,"Antofagasta","Dentro del polígono regional","Norte","region_1"
2016-08-29,2016,8,-18.4,-69.7,112,4.4,"4.0 a 4.9","Profundo",0,0,"Arica y Parinacota","Dentro del polígono regional","Norte","region_3"
2016-06-14,2016,6,-21.13,-68.92,114,4.6,"4.0 a 4.9","Profundo",0,0,"Tarapacá","Dentro del polígono regional","Norte","region_15"
2016-06-23,2016,6,-20.47,-68.89,107,4.3,"4.0 a 4.9","Profundo",0,0,"Tarapacá","Dentro del polígono regional","Norte","region_15"
2016-02-16,2016,2,-30.27,-71.27,59,4.2,"4.0 a 4.9","Intermedio",0,0,"Coquimbo","Dentro del polígono regional","Norte","region_7"
2016-10-02,2016,10,-21.29,-68.84,114,4.1,"4.0 a 4.9","Profundo",0,0,"Antofagasta","Dentro del polígono regional","Norte","region_1"
2016-03-12,2016,3,-21.07,-70.1,74,4,"4.0 a 4.9","Profundo",0,0,"Tarapacá","Región más cercana","Norte","region_15"
2016-03-25,2016,3,-35.18,-71.14,96,4.6,"4.0 a 4.9","Profundo",0,0,"Maule","Dentro del polígono regional","Centro","region_12"
2016-04-02,2016,4,-29.85,-71.27,45,4.1,"4.0 a 4.9","Intermedio",0,0,"Coquimbo","Dentro del polígono regional","Norte","region_7"
2016-07-03,2016,7,-21.09,-68.79,114,4,"4.0 a 4.9","Profundo",0,0,"Tarapacá","Dentro del polígono regional","Norte","region_15"
2016-11-13,2016,11,-29.26,-67.9,140,5.7,"5.0 a 5.9","Profundo",1,0,"Atacama","Región más cercana","Norte","region_4"
2016-10-06,2016,10,-20.25,-69.18,94,4.4,"4.0 a 4.9","Profundo",0,0,"Tarapacá","Dentro del polígono regional","Norte","region_15"
2016-02-23,2016,2,-33.21,-71.39,56,4,"4.0 a 4.9","Intermedio",0,0,"Valparaíso","Dentro del polígono regional","Centro","region_16"
2016-05-06,2016,5,-30.4,-71.24,59,4.3,"4.0 a 4.9","Intermedio",0,0,"Coquimbo","Dentro del polígono regional","Norte","region_7"
2016-05-08,2016,5,-32.77,-71.53,39,4.6,"4.0 a 4.9","Intermedio",0,0,"Valparaíso","Dentro del polígono regional","Centro","region_16"
2016-07-06,2016,7,-20.43,-69.31,94,4.6,"4.0 a 4.9","Profundo",0,0,"Tarapacá","Dentro del polígono regional","Norte","region_15"
2016-01-28,2016,1,-29.73,-71.63,49,4.2,"4.0 a 4.9","Intermedio",0,0,"Coquimbo","Región más cercana","Norte","region_7"
2016-05-27,2016,5,-19.67,-69.08,110,4.5,"4.0 a 4.9","Profundo",0,0,"Tarapacá","Dentro del polígono regional","Norte","region_15"
2016-09-27,2016,9,-23.09,-70.6,30,4.7,"4.0 a 4.9","Intermedio",0,0,"Antofagasta","Región más cercana","Norte","region_1"
2016-01-05,2016,1,-20.01,-69.15,101,4.1,"4.0 a 4.9","Profundo",0,0,"Tarapacá","Dentro del polígono regional","Norte","region_15"
2016-02-20,2016,2,-32.5,-70.01,129,4.9,"4.0 a 4.9","Profundo",0,0,"Valparaíso","Región más cercana","Centro","region_16"
2016-10-27,2016,10,-22.2,-68.45,127,4.8,"4.0 a 4.9","Profundo",0,0,"Antofagasta","Dentro del polígono regional","Norte","region_1"
2016-03-14,2016,3,-26.14,-70.64,39,4.4,"4.0 a 4.9","Intermedio",0,0,"Atacama","Dentro del polígono regional","Norte","region_4"
2016-11-02,2016,11,-22.47,-68.51,134,5,"5.0 a 5.9","Profundo",1,0,"Antofagasta","Dentro del polígono regional","Norte","region_1"
2016-08-14,2016,8,-20.21,-69.27,105,5.1,"5.0 a 5.9","Profundo",1,0,"Tarapacá","Dentro del polígono regional","Norte","region_15"
2016-08-19,2016,8,-21.05,-70.25,38,4.2,"4.0 a 4.9","Intermedio",0,0,"Tarapacá","Región más cercana","Norte","region_15"
2016-11-07,2016,11,-28.12,-70.71,54,4.1,"4.0 a 4.9","Intermedio",0,0,"Atacama","Dentro del polígono regional","Norte","region_4"
2016-03-04,2016,3,-20.89,-70.44,61,4.2,"4.0 a 4.9","Intermedio",0,0,"Tarapacá","Región más cercana","Norte","region_15"
2016-01-10,2016,1,-36.4,-72.73,39,4.9,"4.0 a 4.9","Intermedio",0,0,"Ñuble","Dentro del polígono regional","Sur","region_13"
2016-01-17,2016,1,-26.44,-70.87,55,4.2,"4.0 a 4.9","Intermedio",0,0,"Atacama","Región más cercana","Norte","region_4"
2016-08-19,2016,8,-20.59,-68.92,110,4.6,"4.0 a 4.9","Profundo",0,0,"Tarapacá","Dentro del polígono regional","Norte","region_15"
2016-07-05,2016,7,-20.16,-71.01,30,4.9,"4.0 a 4.9","Intermedio",0,0,"Tarapacá","Región más cercana","Norte","region_15"
2016-03-04,2016,3,-19.01,-70.48,49,4.3,"4.0 a 4.9","Intermedio",0,0,"Arica y Parinacota","Región más cercana","Norte","region_3"
2016-03-10,2016,3,-18.83,-69.54,90,5,"5.0 a 5.9","Profundo",1,0,"Arica y Parinacota","Dentro del polígono regional","Norte","region_3"
2016-03-19,2016,3,-33.17,-71.82,31,4,"4.0 a 4.9","Intermedio",0,0,"Valparaíso","Región más cercana","Centro","region_16"
2016-12-01,2016,12,-34.12,-71.3,56,4,"4.0 a 4.9","Intermedio",0,0,"O'Higgins","Dentro del polígono regional","Centro","region_8"
2016-11-09,2016,11,-36.58,-73.55,28,4.9,"4.0 a 4.9","Superficial",0,0,"Biobío","Región más cercana","Sur","region_6"
2016-01-13,2016,1,-19.28,-70.13,53,4.8,"4.0 a 4.9","Intermedio",0,0,"Tarapacá","Dentro del polígono regional","Norte","region_15"
2016-02-20,2016,2,-18.96,-70.18,72,4.2,"4.0 a 4.9","Profundo",0,0,"Arica y Parinacota","Dentro del polígono regional","Norte","region_3"
2016-09-07,2016,9,-20.05,-69.09,113,5.3,"5.0 a 5.9","Profundo",1,0,"Tarapacá","Dentro del polígono regional","Norte","region_15"
2016-05-07,2016,5,-33.93,-71.48,52,4.2,"4.0 a 4.9","Intermedio",0,0,"Región Metropolitana","Dentro del polígono regional","Centro","region_14"
2016-09-15,2016,9,-20.36,-69.54,72,4.4,"4.0 a 4.9","Profundo",0,0,"Tarapacá","Dentro del polígono regional","Norte","region_15"
2016-02-24,2016,2,-29.96,-71.66,39,4.7,"4.0 a 4.9","Intermedio",0,0,"Coquimbo","Región más cercana","Norte","region_7"
2016-12-12,2016,12,-29.76,-71.31,51,4.3,"4.0 a 4.9","Intermedio",0,0,"Coquimbo","Dentro del polígono regional","Norte","region_7"
2016-06-18,2016,6,-24.19,-67.5,199,6,"6.0 o más","Profundo",1,1,"Antofagasta","Región más cercana","Norte","region_1"
2016-03-03,2016,3,-19.14,-69.27,112,4.7,"4.0 a 4.9","Profundo",0,0,"Tarapacá","Dentro del polígono regional","Norte","region_15"
2016-03-03,2016,3,-30.16,-71.44,32,4.3,"4.0 a 4.9","Intermedio",0,0,"Coquimbo","Región más cercana","Norte","region_7"
2016-07-12,2016,7,-42.2,-73.38,40,4.5,"4.0 a 4.9","Intermedio",0,0,"Los Lagos","Región más cercana","Sur","region_9"
2016-09-08,2016,9,-21.8,-68.62,121,5,"5.0 a 5.9","Profundo",1,0,"Antofagasta","Dentro del polígono regional","Norte","region_1"
2016-07-06,2016,7,-30.38,-71.38,49,4.3,"4.0 a 4.9","Intermedio",0,0,"Coquimbo","Dentro del polígono regional","Norte","region_7"
2016-03-11,2016,3,-25.84,-70.27,66,4.2,"4.0 a 4.9","Intermedio",0,0,"Antofagasta","Dentro del polígono regional","Norte","region_1"
2016-06-07,2016,6,-25.87,-69.49,84,4.1,"4.0 a 4.9","Profundo",0,0,"Antofagasta","Dentro del polígono regional","Norte","region_1"
2016-05-11,2016,5,-27.95,-71.13,29,4.6,"4.0 a 4.9","Superficial",0,0,"Atacama","Dentro del polígono regional","Norte","region_4"
2016-11-03,2016,11,-19.34,-69.35,110,5,"5.0 a 5.9","Profundo",1,0,"Tarapacá","Dentro del polígono regional","Norte","region_15"
2016-09-03,2016,9,-22.13,-69.89,72,4.3,"4.0 a 4.9","Profundo",0,0,"Antofagasta","Dentro del polígono regional","Norte","region_1"
2016-02-10,2016,2,-36.85,-74.14,30,4.4,"4.0 a 4.9","Intermedio",0,0,"Biobío","Región más cercana","Sur","region_6"
2016-07-16,2016,7,-21.35,-69.98,39,4.3,"4.0 a 4.9","Intermedio",0,0,"Tarapacá","Región más cercana","Norte","region_15"
2016-10-31,2016,10,-22.43,-68.64,105,5.1,"5.0 a 5.9","Profundo",1,0,"Antofagasta","Dentro del polígono regional","Norte","region_1"
2016-12-24,2016,12,-33.92,-70.62,89,4.1,"4.0 a 4.9","Profundo",0,0,"O'Higgins","Dentro del polígono regional","Centro","region_8"
2016-03-24,2016,3,-30.42,-71.67,34,4.2,"4.0 a 4.9","Intermedio",0,0,"Coquimbo","Dentro del polígono regional","Norte","region_7"
2016-02-16,2016,2,-19.03,-69.47,94,4.2,"4.0 a 4.9","Profundo",0,0,"Arica y Parinacota","Dentro del polígono regional","Norte","region_3"
2016-09-27,2016,9,-23.1,-70.61,36,4.6,"4.0 a 4.9","Intermedio",0,0,"Antofagasta","Región más cercana","Norte","region_1"
2016-08-12,2016,8,-40.36,-72.96,61,4.1,"4.0 a 4.9","Intermedio",0,0,"Los Ríos","Dentro del polígono regional","Sur","region_10"
2016-08-03,2016,8,-21.24,-69.47,74,4.1,"4.0 a 4.9","Profundo",0,0,"Tarapacá","Dentro del polígono regional","Norte","region_15"
2016-02-14,2016,2,-19.14,-69.44,105,4.4,"4.0 a 4.9","Profundo",0,0,"Tarapacá","Dentro del polígono regional","Norte","region_15"
2016-09-11,2016,9,-23.04,-69.06,78,4.5,"4.0 a 4.9","Profundo",0,0,"Antofagasta","Dentro del polígono regional","Norte","region_1"
2016-06-05,2016,6,-19.48,-69.25,107,5.3,"5.0 a 5.9","Profundo",1,0,"Tarapacá","Dentro del polígono regional","Norte","region_15"
2016-12-27,2016,12,-20.48,-68.83,111,4.2,"4.0 a 4.9","Profundo",0,0,"Tarapacá","Dentro del polígono regional","Norte","region_15"
2016-06-02,2016,6,-21.11,-68.91,113,4.1,"4.0 a 4.9","Profundo",0,0,"Tarapacá","Dentro del polígono regional","Norte","region_15"
2016-12-25,2016,12,-19.97,-68.87,116,5.3,"5.0 a 5.9","Profundo",1,0,"Tarapacá","Dentro del polígono regional","Norte","region_15"
2016-02-24,2016,2,-30.07,-71.05,70,4.3,"4.0 a 4.9","Profundo",0,0,"Coquimbo","Dentro del polígono regional","Norte","region_7"
2016-08-28,2016,8,-27.68,-71.23,35,4.6,"4.0 a 4.9","Intermedio",0,0,"Atacama","Región más cercana","Norte","region_4"
2016-12-29,2016,12,-33.69,-71.52,50,4.2,"4.0 a 4.9","Intermedio",0,0,"Valparaíso","Dentro del polígono regional","Centro","region_16"
2016-11-30,2016,11,-21.07,-68.7,112,4.9,"4.0 a 4.9","Profundo",0,0,"Tarapacá","Dentro del polígono regional","Norte","region_15"
2016-07-05,2016,7,-41.69,-73.6,39,4.5,"4.0 a 4.9","Intermedio",0,0,"Los Lagos","Dentro del polígono regional","Sur","region_9"
2016-11-16,2016,11,-20.78,-69.17,109,4.2,"4.0 a 4.9","Profundo",0,0,"Tarapacá","Dentro del polígono regional","Norte","region_15"
2016-11-13,2016,11,-28.88,-71.38,31,4.6,"4.0 a 4.9","Intermedio",0,0,"Atacama","Dentro del polígono regional","Norte","region_4"
2016-11-17,2016,11,-26.32,-70.69,34,4.1,"4.0 a 4.9","Intermedio",0,0,"Atacama","Región más cercana","Norte","region_4"
2016-08-12,2016,8,-20.57,-69.17,105,4,"4.0 a 4.9","Profundo",0,0,"Tarapacá","Dentro del polígono regional","Norte","region_15"
2016-10-17,2016,10,-33.71,-71.56,45,4,"4.0 a 4.9","Intermedio",0,0,"Valparaíso","Dentro del polígono regional","Centro","region_16"
2016-06-21,2016,6,-23.76,-70.33,50,4.1,"4.0 a 4.9","Intermedio",0,0,"Antofagasta","Dentro del polígono regional","Norte","region_1"
2016-04-13,2016,4,-21,-66.87,271,5.3,"5.0 a 5.9","Profundo",1,0,"Antofagasta","Región más cercana","Norte","region_1"
2016-08-04,2016,8,-22.43,-66.2,293,6,"6.0 o más","Profundo",1,1,"Antofagasta","Región más cercana","Norte","region_1"
2016-03-02,2016,3,-18.65,-70.61,48,5.1,"5.0 a 5.9","Intermedio",1,0,"Arica y Parinacota","Región más cercana","Norte","region_3"
2016-07-04,2016,7,-20.71,-69.13,90,5,"5.0 a 5.9","Profundo",1,0,"Tarapacá","Dentro del polígono regional","Norte","region_15"
2016-02-10,2016,2,-37,-73.61,16,4.6,"4.0 a 4.9","Superficial",0,0,"Biobío","Región más cercana","Sur","region_6"
2016-09-24,2016,9,-29.99,-71.36,47,4.3,"4.0 a 4.9","Intermedio",0,0,"Coquimbo","Dentro del polígono regional","Norte","region_7"
2016-05-09,2016,5,-32.58,-71.85,24,4,"4.0 a 4.9","Superficial",0,0,"Valparaíso","Región más cercana","Centro","region_16"
2016-05-10,2016,5,-32.34,-71.67,57,4.3,"4.0 a 4.9","Intermedio",0,0,"Valparaíso","Región más cercana","Centro","region_16"
2016-05-30,2016,5,-32.23,-71.59,41,4.3,"4.0 a 4.9","Intermedio",0,0,"Valparaíso","Región más cercana","Centro","region_16"
2016-08-13,2016,8,-32.41,-71.66,36,4.1,"4.0 a 4.9","Intermedio",0,0,"Valparaíso","Región más cercana","Centro","region_16"
2016-08-27,2016,8,-32.81,-71.61,29,4.1,"4.0 a 4.9","Superficial",0,0,"Valparaíso","Región más cercana","Centro","region_16"
2016-08-16,2016,8,-33.59,-71.96,25,4.3,"4.0 a 4.9","Superficial",0,0,"Valparaíso","Región más cercana","Centro","region_16"
2016-01-16,2016,1,-36.71,-72.56,67,4,"4.0 a 4.9","Intermedio",0,0,"Ñuble","Dentro del polígono regional","Sur","region_13"
2016-05-17,2016,5,-38.25,-74.09,33,5,"5.0 a 5.9","Intermedio",1,0,"Biobío","Región más cercana","Sur","region_6"
2016-05-26,2016,5,-38.42,-73.34,39,4.4,"4.0 a 4.9","Intermedio",0,0,"Biobío","Dentro del polígono regional","Sur","region_6"
2016-08-27,2016,8,-38.15,-73.39,29,4.9,"4.0 a 4.9","Superficial",0,0,"Biobío","Dentro del polígono regional","Sur","region_6"
2016-09-15,2016,9,-38.09,-73.47,32,4.8,"4.0 a 4.9","Intermedio",0,0,"Biobío","Región más cercana","Sur","region_6"
2016-09-17,2016,9,-37.28,-73.89,42,5.1,"5.0 a 5.9","Intermedio",1,0,"Biobío","Región más cercana","Sur","region_6"
2016-11-08,2016,11,-38.45,-74.17,15,5,"5.0 a 5.9","Superficial",1,0,"Biobío","Región más cercana","Sur","region_6"
2016-11-21,2016,11,-38.16,-74.02,30,4.9,"4.0 a 4.9","Intermedio",0,0,"Biobío","Región más cercana","Sur","region_6"
2016-08-30,2016,8,-34.87,-72.58,12,5.1,"5.0 a 5.9","Superficial",1,0,"Maule","Región más cercana","Centro","region_12"
2016-10-20,2016,10,-36.46,-72.58,69,4.3,"4.0 a 4.9","Intermedio",0,0,"Ñuble","Dentro del polígono regional","Sur","region_13"
2016-11-08,2016,11,-36.62,-73.73,15,5.9,"5.0 a 5.9","Superficial",1,0,"Biobío","Región más cercana","Sur","region_6"
2016-11-08,2016,11,-36.7,-73.52,21,4.6,"4.0 a 4.9","Superficial",0,0,"Biobío","Región más cercana","Sur","region_6"
2016-11-08,2016,11,-36.7,-73.59,10,4.9,"4.0 a 4.9","Superficial",0,0,"Biobío","Región más cercana","Sur","region_6"
2016-11-08,2016,11,-36.66,-73.61,27,5.1,"5.0 a 5.9","Superficial",1,0,"Biobío","Región más cercana","Sur","region_6"
2016-11-09,2016,11,-36.57,-73.58,20,4.5,"4.0 a 4.9","Superficial",0,0,"Biobío","Región más cercana","Sur","region_6"
2016-12-25,2016,12,-43.52,-74.39,30,7.6,"6.0 o más","Intermedio",1,1,"Los Lagos","Región más cercana","Sur","region_9"
2016-07-24,2016,7,-22.68,-68.58,111,4.3,"4.0 a 4.9","Profundo",0,0,"Antofagasta","Dentro del polígono regional","Norte","region_1"
2016-07-25,2016,7,-22.39,-68.61,114,4.4,"4.0 a 4.9","Profundo",0,0,"Antofagasta","Dentro del polígono regional","Norte","region_1"
2016-11-22,2016,11,-22.19,-68.73,102,4,"4.0 a 4.9","Profundo",0,0,"Antofagasta","Dentro del polígono regional","Norte","region_1"
2016-11-23,2016,11,-22.54,-68.72,115,4.3,"4.0 a 4.9","Profundo",0,0,"Antofagasta","Dentro del polígono regional","Norte","region_1"
2016-11-23,2016,11,-22.15,-68.68,113,4.6,"4.0 a 4.9","Profundo",0,0,"Antofagasta","Dentro del polígono regional","Norte","region_1"
2016-01-06,2016,1,-21.61,-70.34,37,4.5,"4.0 a 4.9","Intermedio",0,0,"Antofagasta","Región más cercana","Norte","region_1"
2016-02-03,2016,2,-21.27,-69.62,44,4.2,"4.0 a 4.9","Intermedio",0,0,"Tarapacá","Dentro del polígono regional","Norte","region_15"
2016-03-04,2016,3,-21.31,-69.72,65,4.1,"4.0 a 4.9","Intermedio",0,0,"Tarapacá","Dentro del polígono regional","Norte","region_15"
2016-04-26,2016,4,-21.07,-68.57,126,4.7,"4.0 a 4.9","Profundo",0,0,"Tarapacá","Dentro del polígono regional","Norte","region_15"
2016-01-17,2016,1,-21.34,-68.89,91,5,"5.0 a 5.9","Profundo",1,0,"Antofagasta","Dentro del polígono regional","Norte","region_1"
2016-01-19,2016,1,-22.97,-69.01,96,5.1,"5.0 a 5.9","Profundo",1,0,"Antofagasta","Dentro del polígono regional","Norte","region_1"
2016-02-18,2016,2,-20.31,-69.17,100,4.5,"4.0 a 4.9","Profundo",0,0,"Tarapacá","Dentro del polígono regional","Norte","region_15"
2016-02-25,2016,2,-23.05,-69.05,95,5.3,"5.0 a 5.9","Profundo",1,0,"Antofagasta","Dentro del polígono regional","Norte","region_1"
2016-03-03,2016,3,-20.3,-68.95,101,4.5,"4.0 a 4.9","Profundo",0,0,"Tarapacá","Dentro del polígono regional","Norte","region_15"
2016-03-04,2016,3,-20.66,-71.02,20,4.5,"4.0 a 4.9","Superficial",0,0,"Tarapacá","Región más cercana","Norte","region_15"
2016-03-05,2016,3,-20.73,-69.69,35,4.4,"4.0 a 4.9","Intermedio",0,0,"Tarapacá","Dentro del polígono regional","Norte","region_15"
2016-03-10,2016,3,-24.77,-70.64,36,4,"4.0 a 4.9","Intermedio",0,0,"Antofagasta","Región más cercana","Norte","region_1"
2016-03-11,2016,3,-23.08,-68.9,102,5,"5.0 a 5.9","Profundo",1,0,"Antofagasta","Dentro del polígono regional","Norte","region_1"
2016-03-14,2016,3,-20.9,-68.91,105,4.5,"4.0 a 4.9","Profundo",0,0,"Tarapacá","Dentro del polígono regional","Norte","region_15"
2016-03-31,2016,3,-22.62,-68.75,125,5,"5.0 a 5.9","Profundo",1,0,"Antofagasta","Dentro del polígono regional","Norte","region_1"
2016-04-01,2016,4,-20.32,-69.93,52,4.6,"4.0 a 4.9","Intermedio",0,0,"Tarapacá","Dentro del polígono regional","Norte","region_15"
2016-04-07,2016,4,-20.42,-68.83,108,4.7,"4.0 a 4.9","Profundo",0,0,"Tarapacá","Dentro del polígono regional","Norte","region_15"
2016-06-01,2016,6,-22.68,-68.66,96,4.5,"4.0 a 4.9","Profundo",0,0,"Antofagasta","Dentro del polígono regional","Norte","region_1"
2016-06-17,2016,6,-23.02,-69,93,4.4,"4.0 a 4.9","Profundo",0,0,"Antofagasta","Dentro del polígono regional","Norte","region_1"
2016-06-24,2016,6,-25.74,-69.35,124,5.8,"5.0 a 5.9","Profundo",1,0,"Antofagasta","Dentro del polígono regional","Norte","region_1"
2016-08-16,2016,8,-22.47,-68.79,117,5.1,"5.0 a 5.9","Profundo",1,0,"Antofagasta","Dentro del polígono regional","Norte","region_1"
2016-08-26,2016,8,-25.1,-70.4,60,4.1,"4.0 a 4.9","Intermedio",0,0,"Antofagasta","Dentro del polígono regional","Norte","region_1"
2016-09-07,2016,9,-24.87,-70.76,18,4.1,"4.0 a 4.9","Superficial",0,0,"Antofagasta","Región más cercana","Norte","region_1"
2016-09-20,2016,9,-23.58,-68.19,134,5.1,"5.0 a 5.9","Profundo",1,0,"Antofagasta","Dentro del polígono regional","Norte","region_1"
2016-10-30,2016,10,-25.18,-70.39,61,5.4,"5.0 a 5.9","Intermedio",1,0,"Antofagasta","Dentro del polígono regional","Norte","region_1"
2016-01-07,2016,1,-30.63,-71.62,36,4.9,"4.0 a 4.9","Intermedio",0,0,"Coquimbo","Dentro del polígono regional","Norte","region_7"
2016-01-12,2016,1,-30.7,-71.61,43,4.9,"4.0 a 4.9","Intermedio",0,0,"Coquimbo","Dentro del polígono regional","Norte","region_7"
2016-01-19,2016,1,-32.11,-71.22,83,4.1,"4.0 a 4.9","Profundo",0,0,"Coquimbo","Dentro del polígono regional","Norte","region_7"
2016-02-04,2016,2,-31.07,-71.78,32,5.2,"5.0 a 5.9","Intermedio",1,0,"Coquimbo","Región más cercana","Norte","region_7"
2016-02-05,2016,2,-31.1,-71.81,30,5.1,"5.0 a 5.9","Intermedio",1,0,"Coquimbo","Región más cercana","Norte","region_7"
2016-02-08,2016,2,-32.11,-71.87,36,4.3,"4.0 a 4.9","Intermedio",0,0,"Coquimbo","Región más cercana","Norte","region_7"
2016-02-10,2016,2,-30.65,-71.5,30,4.7,"4.0 a 4.9","Intermedio",0,0,"Coquimbo","Dentro del polígono regional","Norte","region_7"
2016-02-10,2016,2,-30.66,-71.55,30,4.8,"4.0 a 4.9","Intermedio",0,0,"Coquimbo","Dentro del polígono regional","Norte","region_7"
2016-02-10,2016,2,-30.64,-71.68,37,4.6,"4.0 a 4.9","Intermedio",0,0,"Coquimbo","Dentro del polígono regional","Norte","region_7"
2016-02-10,2016,2,-30.62,-71.59,34,4.3,"4.0 a 4.9","Intermedio",0,0,"Coquimbo","Dentro del polígono regional","Norte","region_7"
2016-02-12,2016,2,-31.72,-71.31,55,4.3,"4.0 a 4.9","Intermedio",0,0,"Coquimbo","Dentro del polígono regional","Norte","region_7"
2016-02-17,2016,2,-31.22,-71.57,42,4.7,"4.0 a 4.9","Intermedio",0,0,"Coquimbo","Dentro del polígono regional","Norte","region_7"
2016-02-24,2016,2,-31.09,-71.36,45,4.4,"4.0 a 4.9","Intermedio",0,0,"Coquimbo","Dentro del polígono regional","Norte","region_7"
2016-02-24,2016,2,-31.77,-69.82,141,4.8,"4.0 a 4.9","Profundo",0,0,"Coquimbo","Región más cercana","Norte","region_7"
2016-02-29,2016,2,-30.41,-71.6,46,4,"4.0 a 4.9","Intermedio",0,0,"Coquimbo","Dentro del polígono regional","Norte","region_7"
2016-03-08,2016,3,-31.77,-71.36,45,4.3,"4.0 a 4.9","Intermedio",0,0,"Coquimbo","Dentro del polígono regional","Norte","region_7"
2016-03-19,2016,3,-30.64,-71.59,30,4.5,"4.0 a 4.9","Intermedio",0,0,"Coquimbo","Dentro del polígono regional","Norte","region_7"
2016-03-20,2016,3,-30.65,-71.33,44,4.4,"4.0 a 4.9","Intermedio",0,0,"Coquimbo","Dentro del polígono regional","Norte","region_7"
2016-03-20,2016,3,-31.72,-71.26,55,4.2,"4.0 a 4.9","Intermedio",0,0,"Coquimbo","Dentro del polígono regional","Norte","region_7"
2016-03-20,2016,3,-31.4,-71.64,29,4.7,"4.0 a 4.9","Superficial",0,0,"Coquimbo","Región más cercana","Norte","region_7"
2016-03-23,2016,3,-31.77,-71.43,49,4.9,"4.0 a 4.9","Intermedio",0,0,"Coquimbo","Dentro del polígono regional","Norte","region_7"
2016-03-27,2016,3,-32.27,-70.32,107,4.6,"4.0 a 4.9","Profundo",0,0,"Valparaíso","Dentro del polígono regional","Centro","region_16"
2016-04-01,2016,4,-30.63,-71.7,42,4.6,"4.0 a 4.9","Intermedio",0,0,"Coquimbo","Dentro del polígono regional","Norte","region_7"
2016-04-09,2016,4,-30.34,-71.49,18,4.2,"4.0 a 4.9","Superficial",0,0,"Coquimbo","Dentro del polígono regional","Norte","region_7"
2016-04-09,2016,4,-30.66,-71.76,33,4.2,"4.0 a 4.9","Intermedio",0,0,"Coquimbo","Región más cercana","Norte","region_7"
2016-04-10,2016,4,-31.5,-71.73,37,4.6,"4.0 a 4.9","Intermedio",0,0,"Coquimbo","Región más cercana","Norte","region_7"
2016-04-17,2016,4,-31.62,-71.85,46,4.4,"4.0 a 4.9","Intermedio",0,0,"Coquimbo","Región más cercana","Norte","region_7"
2016-04-25,2016,4,-30.96,-71.79,35,4.7,"4.0 a 4.9","Intermedio",0,0,"Coquimbo","Región más cercana","Norte","region_7"
2016-04-30,2016,4,-29.82,-71.98,33,4.8,"4.0 a 4.9","Intermedio",0,0,"Coquimbo","Región más cercana","Norte","region_7"
2016-05-12,2016,5,-30.62,-71.75,34,4.6,"4.0 a 4.9","Intermedio",0,0,"Coquimbo","Región más cercana","Norte","region_7"
2016-05-18,2016,5,-30.68,-71.63,31,4.3,"4.0 a 4.9","Intermedio",0,0,"Coquimbo","Dentro del polígono regional","Norte","region_7"
2016-05-26,2016,5,-29.96,-71.88,17,4.8,"4.0 a 4.9","Superficial",0,0,"Coquimbo","Región más cercana","Norte","region_7"
2016-06-04,2016,6,-31.59,-71.49,48,4.1,"4.0 a 4.9","Intermedio",0,0,"Coquimbo","Dentro del polígono regional","Norte","region_7"
2016-06-11,2016,6,-30.36,-71.41,46,4.3,"4.0 a 4.9","Intermedio",0,0,"Coquimbo","Dentro del polígono regional","Norte","region_7"
2016-06-17,2016,6,-30.66,-71.63,28,4.9,"4.0 a 4.9","Superficial",0,0,"Coquimbo","Dentro del polígono regional","Norte","region_7"
2016-07-04,2016,7,-31.45,-71.47,48,4.4,"4.0 a 4.9","Intermedio",0,0,"Coquimbo","Dentro del polígono regional","Norte","region_7"
2016-07-05,2016,7,-30.43,-71.6,29,4,"4.0 a 4.9","Superficial",0,0,"Coquimbo","Dentro del polígono regional","Norte","region_7"
2016-07-13,2016,7,-30.64,-71.19,58,4.1,"4.0 a 4.9","Intermedio",0,0,"Coquimbo","Dentro del polígono regional","Norte","region_7"
2016-07-14,2016,7,-31.77,-71.44,45,4.2,"4.0 a 4.9","Intermedio",0,0,"Coquimbo","Dentro del polígono regional","Norte","region_7"
2016-07-18,2016,7,-30.85,-71.7,32,4.3,"4.0 a 4.9","Intermedio",0,0,"Coquimbo","Región más cercana","Norte","region_7"
2016-07-18,2016,7,-30.74,-71.71,30,4.7,"4.0 a 4.9","Intermedio",0,0,"Coquimbo","Región más cercana","Norte","region_7"
2016-07-29,2016,7,-31.74,-71.63,29,4,"4.0 a 4.9","Superficial",0,0,"Coquimbo","Región más cercana","Norte","region_7"
2016-07-29,2016,7,-31.59,-71.45,49,4.7,"4.0 a 4.9","Intermedio",0,0,"Coquimbo","Dentro del polígono regional","Norte","region_7"
2016-08-08,2016,8,-31.64,-71.61,34,4.7,"4.0 a 4.9","Intermedio",0,0,"Coquimbo","Región más cercana","Norte","region_7"
2016-08-15,2016,8,-28.88,-71.5,44,4.1,"4.0 a 4.9","Intermedio",0,0,"Atacama","Dentro del polígono regional","Norte","region_4"
2016-09-07,2016,9,-31.97,-71.55,75,4.1,"4.0 a 4.9","Profundo",0,0,"Coquimbo","Región más cercana","Norte","region_7"
2016-10-07,2016,10,-30.58,-70.91,77,4.1,"4.0 a 4.9","Profundo",0,0,"Coquimbo","Dentro del polígono regional","Norte","region_7"
2016-10-16,2016,10,-30.64,-71.59,33,4,"4.0 a 4.9","Intermedio",0,0,"Coquimbo","Dentro del polígono regional","Norte","region_7"
2016-10-21,2016,10,-30.75,-71.38,47,4.3,"4.0 a 4.9","Intermedio",0,0,"Coquimbo","Dentro del polígono regional","Norte","region_7"
2016-10-23,2016,10,-30.83,-71.36,42,4.4,"4.0 a 4.9","Intermedio",0,0,"Coquimbo","Dentro del polígono regional","Norte","region_7"
2016-10-31,2016,10,-31.84,-71.58,41,4,"4.0 a 4.9","Intermedio",0,0,"Coquimbo","Región más cercana","Norte","region_7"
2016-11-03,2016,11,-31.5,-71.66,42,4,"4.0 a 4.9","Intermedio",0,0,"Coquimbo","Región más cercana","Norte","region_7"
2016-11-13,2016,11,-31.71,-71.35,46,4.1,"4.0 a 4.9","Intermedio",0,0,"Coquimbo","Dentro del polígono regional","Norte","region_7"
2016-11-17,2016,11,-28.39,-70.47,82,4.3,"4.0 a 4.9","Profundo",0,0,"Atacama","Dentro del polígono regional","Norte","region_4"
2016-11-29,2016,11,-31.97,-70.94,87,4.5,"4.0 a 4.9","Profundo",0,0,"Coquimbo","Dentro del polígono regional","Norte","region_7"
2016-12-01,2016,12,-28.74,-70.22,105,4,"4.0 a 4.9","Profundo",0,0,"Atacama","Dentro del polígono regional","Norte","region_4"
2016-12-09,2016,12,-31.37,-71.43,43,4.1,"4.0 a 4.9","Intermedio",0,0,"Coquimbo","Dentro del polígono regional","Norte","region_7"
2016-12-18,2016,12,-31.74,-71.25,54,4.1,"4.0 a 4.9","Intermedio",0,0,"Coquimbo","Dentro del polígono regional","Norte","region_7"
2016-01-08,2016,1,-30.67,-71.66,32,6,"6.0 o más","Intermedio",1,1,"Coquimbo","Dentro del polígono regional","Norte","region_7"
2016-01-08,2016,1,-32.94,-70.68,93,4.7,"4.0 a 4.9","Profundo",0,0,"Valparaíso","Dentro del polígono regional","Centro","region_16"
2016-01-10,2016,1,-31.32,-71.73,42,5,"5.0 a 5.9","Intermedio",1,0,"Coquimbo","Región más cercana","Norte","region_7"
2016-01-19,2016,1,-30.46,-71.7,34,4.2,"4.0 a 4.9","Intermedio",0,0,"Coquimbo","Región más cercana","Norte","region_7"
2016-01-21,2016,1,-30.39,-71.52,44,4.6,"4.0 a 4.9","Intermedio",0,0,"Coquimbo","Dentro del polígono regional","Norte","region_7"
2016-01-27,2016,1,-30.66,-71.69,33,4.8,"4.0 a 4.9","Intermedio",0,0,"Coquimbo","Dentro del polígono regional","Norte","region_7"
2016-01-29,2016,1,-30.36,-71.54,44,5.2,"5.0 a 5.9","Intermedio",1,0,"Coquimbo","Dentro del polígono regional","Norte","region_7"
2016-02-10,2016,2,-30.63,-71.65,37,6.4,"6.0 o más","Intermedio",1,1,"Coquimbo","Dentro del polígono regional","Norte","region_7"
2016-02-19,2016,2,-30.59,-71.69,36,5.4,"5.0 a 5.9","Intermedio",1,0,"Coquimbo","Dentro del polígono regional","Norte","region_7"
2016-02-22,2016,2,-30.49,-72.23,31,6,"6.0 o más","Intermedio",1,1,"Coquimbo","Región más cercana","Norte","region_7"
2016-02-25,2016,2,-30.77,-71.38,45,4.7,"4.0 a 4.9","Intermedio",0,0,"Coquimbo","Dentro del polígono regional","Norte","region_7"
2016-03-09,2016,3,-30.72,-71.4,42,4.4,"4.0 a 4.9","Intermedio",0,0,"Coquimbo","Dentro del polígono regional","Norte","region_7"
2016-03-09,2016,3,-30.44,-71.31,55,5.1,"5.0 a 5.9","Intermedio",1,0,"Coquimbo","Dentro del polígono regional","Norte","region_7"
2016-03-12,2016,3,-30.31,-71.54,45,5.2,"5.0 a 5.9","Intermedio",1,0,"Coquimbo","Dentro del polígono regional","Norte","region_7"
2016-03-14,2016,3,-32.35,-71.61,40,4.5,"4.0 a 4.9","Intermedio",0,0,"Valparaíso","Región más cercana","Centro","region_16"
2016-03-16,2016,3,-31.27,-71.88,30,5.6,"5.0 a 5.9","Intermedio",1,0,"Coquimbo","Región más cercana","Norte","region_7"
2016-03-25,2016,3,-30.69,-71.43,51,4.8,"4.0 a 4.9","Intermedio",0,0,"Coquimbo","Dentro del polígono regional","Norte","region_7"
2016-03-26,2016,3,-30.73,-71.45,51,4.5,"4.0 a 4.9","Intermedio",0,0,"Coquimbo","Dentro del polígono regional","Norte","region_7"
2016-03-27,2016,3,-30.43,-71.64,25,4.5,"4.0 a 4.9","Superficial",0,0,"Coquimbo","Dentro del polígono regional","Norte","region_7"
2016-04-03,2016,4,-28.98,-70.16,108,4.7,"4.0 a 4.9","Profundo",0,0,"Atacama","Dentro del polígono regional","Norte","region_4"
2016-04-04,2016,4,-31.25,-71.84,36,5.2,"5.0 a 5.9","Intermedio",1,0,"Coquimbo","Región más cercana","Norte","region_7"
2016-04-04,2016,4,-30.8,-71.32,41,4.6,"4.0 a 4.9","Intermedio",0,0,"Coquimbo","Dentro del polígono regional","Norte","region_7"
2016-04-06,2016,4,-31.51,-71.67,36,5.2,"5.0 a 5.9","Intermedio",1,0,"Coquimbo","Región más cercana","Norte","region_7"
2016-04-14,2016,4,-33.86,-70.44,118,5.3,"5.0 a 5.9","Profundo",1,0,"O'Higgins","Dentro del polígono regional","Centro","region_8"
2016-04-14,2016,4,-32.17,-71.83,39,4.5,"4.0 a 4.9","Intermedio",0,0,"Valparaíso","Región más cercana","Centro","region_16"
2016-04-15,2016,4,-32.18,-71.84,32,4.6,"4.0 a 4.9","Intermedio",0,0,"Valparaíso","Región más cercana","Centro","region_16"
2016-04-16,2016,4,-26.49,-70.04,73,5.3,"5.0 a 5.9","Profundo",1,0,"Atacama","Dentro del polígono regional","Norte","region_4"
2016-04-17,2016,4,-30.75,-71.35,47,4.9,"4.0 a 4.9","Intermedio",0,0,"Coquimbo","Dentro del polígono regional","Norte","region_7"
2016-04-18,2016,4,-29.54,-70.99,50,4.5,"4.0 a 4.9","Intermedio",0,0,"Coquimbo","Dentro del polígono regional","Norte","region_7"
2016-04-18,2016,4,-31.77,-71.31,51,5.5,"5.0 a 5.9","Intermedio",1,0,"Coquimbo","Dentro del polígono regional","Norte","region_7"
2016-04-25,2016,4,-32.14,-71.82,28,4.7,"4.0 a 4.9","Superficial",0,0,"Valparaíso","Región más cercana","Centro","region_16"
2016-05-11,2016,5,-30.66,-71.89,37,5.6,"5.0 a 5.9","Intermedio",1,0,"Coquimbo","Región más cercana","Norte","region_7"
2016-05-15,2016,5,-29.19,-69.67,124,4.5,"4.0 a 4.9","Profundo",0,0,"Atacama","Región más cercana","Norte","region_4"
2016-05-19,2016,5,-30.68,-71.34,31,4.4,"4.0 a 4.9","Intermedio",0,0,"Coquimbo","Dentro del polígono regional","Norte","region_7"
2016-05-22,2016,5,-30.63,-71.64,32,5.1,"5.0 a 5.9","Intermedio",1,0,"Coquimbo","Dentro del polígono regional","Norte","region_7"
2016-06-05,2016,6,-29.32,-71.82,40,5.6,"5.0 a 5.9","Intermedio",1,0,"Coquimbo","Región más cercana","Norte","region_7"
2016-06-06,2016,6,-32.01,-71.54,40,4.4,"4.0 a 4.9","Intermedio",0,0,"Coquimbo","Región más cercana","Norte","region_7"
2016-06-06,2016,6,-30.12,-71.48,37,5.8,"5.0 a 5.9","Intermedio",1,0,"Coquimbo","Región más cercana","Norte","region_7"
2016-06-06,2016,6,-30.06,-71.53,44,5.6,"5.0 a 5.9","Intermedio",1,0,"Coquimbo","Región más cercana","Norte","region_7"
2016-06-14,2016,6,-30.18,-71.6,40,4.6,"4.0 a 4.9","Intermedio",0,0,"Coquimbo","Región más cercana","Norte","region_7"
2016-06-16,2016,6,-30.65,-71.22,59,4.9,"4.0 a 4.9","Intermedio",0,0,"Coquimbo","Dentro del polígono regional","Norte","region_7"
2016-06-17,2016,6,-30.17,-71.44,20,4.8,"4.0 a 4.9","Superficial",0,0,"Coquimbo","Región más cercana","Norte","region_7"
2016-06-22,2016,6,-30.62,-71.72,34,5.2,"5.0 a 5.9","Intermedio",1,0,"Coquimbo","Región más cercana","Norte","region_7"
2016-06-25,2016,6,-31.54,-71.5,51,4.7,"4.0 a 4.9","Intermedio",0,0,"Coquimbo","Dentro del polígono regional","Norte","region_7"
2016-06-27,2016,6,-31.77,-71.38,45,5.1,"5.0 a 5.9","Intermedio",1,0,"Coquimbo","Dentro del polígono regional","Norte","region_7"
2016-06-28,2016,6,-30.39,-71.62,28,5,"5.0 a 5.9","Superficial",1,0,"Coquimbo","Dentro del polígono regional","Norte","region_7"
2016-07-01,2016,7,-30.8,-71.44,52,4.9,"4.0 a 4.9","Intermedio",0,0,"Coquimbo","Dentro del polígono regional","Norte","region_7"
2016-07-07,2016,7,-30.57,-71.42,49,4.5,"4.0 a 4.9","Intermedio",0,0,"Coquimbo","Dentro del polígono regional","Norte","region_7"
2016-07-11,2016,7,-30.69,-71.27,35,5.1,"5.0 a 5.9","Intermedio",1,0,"Coquimbo","Dentro del polígono regional","Norte","region_7"
2016-07-18,2016,7,-30.74,-71.7,28,5.2,"5.0 a 5.9","Superficial",1,0,"Coquimbo","Dentro del polígono regional","Norte","region_7"
2016-07-18,2016,7,-30.43,-71.6,23,5.1,"5.0 a 5.9","Superficial",1,0,"Coquimbo","Dentro del polígono regional","Norte","region_7"
2016-07-19,2016,7,-30.65,-71.59,28,4.4,"4.0 a 4.9","Superficial",0,0,"Coquimbo","Dentro del polígono regional","Norte","region_7"
2016-07-19,2016,7,-30.18,-72.21,35,5.4,"5.0 a 5.9","Intermedio",1,0,"Coquimbo","Región más cercana","Norte","region_7"
2016-07-25,2016,7,-30.8,-71.44,42,4.8,"4.0 a 4.9","Intermedio",0,0,"Coquimbo","Dentro del polígono regional","Norte","region_7"
2016-07-25,2016,7,-26.11,-70.48,60,6,"6.0 o más","Intermedio",1,1,"Atacama","Dentro del polígono regional","Norte","region_4"
2016-07-26,2016,7,-32.7,-71.74,25,4.9,"4.0 a 4.9","Superficial",0,0,"Valparaíso","Región más cercana","Centro","region_16"
2016-07-28,2016,7,-30.41,-71.63,36,4.4,"4.0 a 4.9","Intermedio",0,0,"Coquimbo","Dentro del polígono regional","Norte","region_7"
2016-08-10,2016,8,-31.97,-71.54,25,4.5,"4.0 a 4.9","Superficial",0,0,"Coquimbo","Región más cercana","Norte","region_7"
2016-08-10,2016,8,-32.08,-71.25,86,4.9,"4.0 a 4.9","Profundo",0,0,"Coquimbo","Dentro del polígono regional","Norte","region_7"
2016-08-10,2016,8,-30.75,-71.41,46,4.5,"4.0 a 4.9","Intermedio",0,0,"Coquimbo","Dentro del polígono regional","Norte","region_7"
2016-08-18,2016,8,-27.53,-70.72,55,4,"4.0 a 4.9","Intermedio",0,0,"Atacama","Dentro del polígono regional","Norte","region_4"
2016-08-31,2016,8,-29.61,-70.68,94,4.1,"4.0 a 4.9","Profundo",0,0,"Coquimbo","Dentro del polígono regional","Norte","region_7"
2016-09-07,2016,9,-32.31,-71.58,42,4.5,"4.0 a 4.9","Intermedio",0,0,"Valparaíso","Región más cercana","Centro","region_16"
2016-09-18,2016,9,-30.66,-71.37,50,4.1,"4.0 a 4.9","Intermedio",0,0,"Coquimbo","Dentro del polígono regional","Norte","region_7"
2016-09-24,2016,9,-32.61,-71.57,32,4,"4.0 a 4.9","Intermedio",0,0,"Valparaíso","Región más cercana","Centro","region_16"
2016-09-25,2016,9,-30.36,-71.65,37,4.9,"4.0 a 4.9","Intermedio",0,0,"Coquimbo","Dentro del polígono regional","Norte","region_7"
2016-10-05,2016,10,-29.29,-70.31,108,4.6,"4.0 a 4.9","Profundo",0,0,"Atacama","Dentro del polígono regional","Norte","region_4"
2016-10-05,2016,10,-30.71,-71.37,48,4.4,"4.0 a 4.9","Intermedio",0,0,"Coquimbo","Dentro del polígono regional","Norte","region_7"
2016-10-07,2016,10,-31,-71.3,65,4.9,"4.0 a 4.9","Intermedio",0,0,"Coquimbo","Dentro del polígono regional","Norte","region_7"
2016-10-08,2016,10,-29.43,-71.07,62,4.2,"4.0 a 4.9","Intermedio",0,0,"Coquimbo","Dentro del polígono regional","Norte","region_7"
2016-10-09,2016,10,-31.35,-70.66,122,4.3,"4.0 a 4.9","Profundo",0,0,"Coquimbo","Dentro del polígono regional","Norte","region_7"
2016-10-11,2016,10,-28.39,-70.47,80,4.2,"4.0 a 4.9","Profundo",0,0,"Atacama","Dentro del polígono regional","Norte","region_4"
2016-10-12,2016,10,-30.69,-71.38,41,5,"5.0 a 5.9","Intermedio",1,0,"Coquimbo","Dentro del polígono regional","Norte","region_7"
2016-10-26,2016,10,-27.72,-70.16,88,4.2,"4.0 a 4.9","Profundo",0,0,"Atacama","Dentro del polígono regional","Norte","region_4"
2016-11-04,2016,11,-35.06,-71,95,6.4,"6.0 o más","Profundo",1,1,"Maule","Dentro del polígono regional","Centro","region_12"
2016-11-14,2016,11,-30.04,-71.58,44,4.5,"4.0 a 4.9","Intermedio",0,0,"Coquimbo","Región más cercana","Norte","region_7"
2016-11-20,2016,11,-31.65,-68.66,90,6.6,"6.0 o más","Profundo",1,1,"Coquimbo","Región más cercana","Norte","region_7"
2016-11-23,2016,11,-29.95,-71.38,47,4.5,"4.0 a 4.9","Intermedio",0,0,"Coquimbo","Región más cercana","Norte","region_7"
2016-11-30,2016,11,-28.74,-70.5,89,4.1,"4.0 a 4.9","Profundo",0,0,"Atacama","Dentro del polígono regional","Norte","region_4"
2016-12-02,2016,12,-30.92,-71.38,57,4.5,"4.0 a 4.9","Intermedio",0,0,"Coquimbo","Dentro del polígono regional","Norte","region_7"
2016-12-03,2016,12,-32.16,-71.88,47,4.8,"4.0 a 4.9","Intermedio",0,0,"Valparaíso","Región más cercana","Centro","region_16"
2016-12-08,2016,12,-31.55,-71.8,41,5.5,"5.0 a 5.9","Intermedio",1,0,"Coquimbo","Región más cercana","Norte","region_7"
2016-12-12,2016,12,-30.94,-71.34,52,5.3,"5.0 a 5.9","Intermedio",1,0,"Coquimbo","Dentro del polígono regional","Norte","region_7"
2016-12-16,2016,12,-30.4,-71.65,24,5.2,"5.0 a 5.9","Superficial",1,0,"Coquimbo","Dentro del polígono regional","Norte","region_7"
2016-12-19,2016,12,-30.8,-71.44,47,4.9,"4.0 a 4.9","Intermedio",0,0,"Coquimbo","Dentro del polígono regional","Norte","region_7"
2017-02-05,2017,2,-21.2,-68.72,124,4.6,"4.0 a 4.9","Profundo",0,0,"Antofagasta","Dentro del polígono regional","Norte","region_1"
2017-05-05,2017,5,-28.72,-71.55,36,4.8,"4.0 a 4.9","Intermedio",0,0,"Atacama","Región más cercana","Norte","region_4"
2017-03-30,2017,3,-19.17,-69.96,70,4.1,"4.0 a 4.9","Profundo",0,0,"Tarapacá","Dentro del polígono regional","Norte","region_15"
2017-01-09,2017,1,-29.69,-71.18,45,4.1,"4.0 a 4.9","Intermedio",0,0,"Coquimbo","Dentro del polígono regional","Norte","region_7"
2017-04-23,2017,4,-33.07,-72.02,24,4.7,"4.0 a 4.9","Superficial",0,0,"Valparaíso","Región más cercana","Centro","region_16"
2017-05-28,2017,5,-21.14,-68.57,131,4.9,"4.0 a 4.9","Profundo",0,0,"Antofagasta","Dentro del polígono regional","Norte","region_1"
2017-05-08,2017,5,-21.34,-68.89,115,4.4,"4.0 a 4.9","Profundo",0,0,"Antofagasta","Dentro del polígono regional","Norte","region_1"
2017-05-05,2017,5,-28.71,-71.49,20,4.7,"4.0 a 4.9","Superficial",0,0,"Atacama","Región más cercana","Norte","region_4"
2017-03-16,2017,3,-21.52,-68.39,123,4.5,"4.0 a 4.9","Profundo",0,0,"Antofagasta","Dentro del polígono regional","Norte","region_1"
2017-04-14,2017,4,-19.8,-69.21,99,4.4,"4.0 a 4.9","Profundo",0,0,"Tarapacá","Dentro del polígono regional","Norte","region_15"
2017-04-25,2017,4,-33.18,-71.79,29,4,"4.0 a 4.9","Superficial",0,0,"Valparaíso","Región más cercana","Centro","region_16"
2017-04-23,2017,4,-33.05,-72,25,4.7,"4.0 a 4.9","Superficial",0,0,"Valparaíso","Región más cercana","Centro","region_16"
2017-01-03,2017,1,-19.91,-70.45,56,5.1,"5.0 a 5.9","Intermedio",1,0,"Tarapacá","Región más cercana","Norte","region_15"
2017-05-06,2017,5,-20.01,-69.2,94,4.5,"4.0 a 4.9","Profundo",0,0,"Tarapacá","Dentro del polígono regional","Norte","region_15"
2017-04-29,2017,4,-33.23,-72.07,20,4.3,"4.0 a 4.9","Superficial",0,0,"Valparaíso","Región más cercana","Centro","region_16"
2017-04-25,2017,4,-33.17,-72.04,24,4.6,"4.0 a 4.9","Superficial",0,0,"Valparaíso","Región más cercana","Centro","region_16"
2017-07-16,2017,7,-33.9,-71.28,52,4,"4.0 a 4.9","Intermedio",0,0,"Región Metropolitana","Dentro del polígono regional","Centro","region_14"
2017-08-24,2017,8,-28.5,-71.2,35,4.1,"4.0 a 4.9","Intermedio",0,0,"Atacama","Dentro del polígono regional","Norte","region_4"
2017-08-12,2017,8,-20,-71.06,30,4.6,"4.0 a 4.9","Intermedio",0,0,"Tarapacá","Región más cercana","Norte","region_15"
2017-11-18,2017,11,-21.97,-68.68,98,4.5,"4.0 a 4.9","Profundo",0,0,"Antofagasta","Dentro del polígono regional","Norte","region_1"
2017-04-28,2017,4,-33.26,-72.05,23,5.1,"5.0 a 5.9","Superficial",1,0,"Valparaíso","Región más cercana","Centro","region_16"
2017-04-25,2017,4,-32.98,-71.92,29,4.1,"4.0 a 4.9","Superficial",0,0,"Valparaíso","Región más cercana","Centro","region_16"
2017-04-29,2017,4,-33.23,-72.11,20,4.1,"4.0 a 4.9","Superficial",0,0,"Valparaíso","Región más cercana","Centro","region_16"
2017-01-26,2017,1,-25.73,-69.45,87,4.4,"4.0 a 4.9","Profundo",0,0,"Antofagasta","Dentro del polígono regional","Norte","region_1"
2017-04-24,2017,4,-33.29,-71.93,28,4.8,"4.0 a 4.9","Superficial",0,0,"Valparaíso","Región más cercana","Centro","region_16"
2017-04-24,2017,4,-33.09,-72.14,32,4.5,"4.0 a 4.9","Intermedio",0,0,"Valparaíso","Región más cercana","Centro","region_16"
2017-04-23,2017,4,-32.99,-71.96,27,4.3,"4.0 a 4.9","Superficial",0,0,"Valparaíso","Región más cercana","Centro","region_16"
2017-10-07,2017,10,-32.47,-71.76,15,4,"4.0 a 4.9","Superficial",0,0,"Valparaíso","Región más cercana","Centro","region_16"
2017-04-04,2017,4,-20.31,-70.2,40,4.1,"4.0 a 4.9","Intermedio",0,0,"Tarapacá","Región más cercana","Norte","region_15"
2017-04-28,2017,4,-33.23,-72.06,24,4.3,"4.0 a 4.9","Superficial",0,0,"Valparaíso","Región más cercana","Centro","region_16"
2017-04-25,2017,4,-32.95,-71.98,33,4.2,"4.0 a 4.9","Intermedio",0,0,"Valparaíso","Región más cercana","Centro","region_16"
2017-11-09,2017,11,-28.32,-71.23,54,4.3,"4.0 a 4.9","Intermedio",0,0,"Atacama","Región más cercana","Norte","region_4"
2017-05-22,2017,5,-20.37,-68.97,110,4.3,"4.0 a 4.9","Profundo",0,0,"Tarapacá","Dentro del polígono regional","Norte","region_15"
2017-09-26,2017,9,-28.38,-71.2,32,4.1,"4.0 a 4.9","Intermedio",0,0,"Atacama","Región más cercana","Norte","region_4"
2017-02-12,2017,2,-27.95,-71.24,34,5.1,"5.0 a 5.9","Intermedio",1,0,"Atacama","Región más cercana","Norte","region_4"
2017-10-08,2017,10,-20.39,-68.89,104,4,"4.0 a 4.9","Profundo",0,0,"Tarapacá","Dentro del polígono regional","Norte","region_15"
2017-01-25,2017,1,-21.23,-68.66,121,4,"4.0 a 4.9","Profundo",0,0,"Antofagasta","Dentro del polígono regional","Norte","region_1"
2017-01-12,2017,1,-18.08,-69.23,142,4.9,"4.0 a 4.9","Profundo",0,0,"Arica y Parinacota","Dentro del polígono regional","Norte","region_3"
2017-04-15,2017,4,-28.43,-71.31,44,4.3,"4.0 a 4.9","Intermedio",0,0,"Atacama","Región más cercana","Norte","region_4"
2017-04-25,2017,4,-33.31,-72.01,18,4.2,"4.0 a 4.9","Superficial",0,0,"Valparaíso","Región más cercana","Centro","region_16"
2017-04-24,2017,4,-33.18,-71.82,32,4.3,"4.0 a 4.9","Intermedio",0,0,"Valparaíso","Región más cercana","Centro","region_16"
2017-05-14,2017,5,-20.84,-68.73,115,5.9,"5.0 a 5.9","Profundo",1,0,"Tarapacá","Dentro del polígono regional","Norte","region_15"
2017-06-08,2017,6,-22.09,-70.11,67,5,"5.0 a 5.9","Intermedio",1,0,"Antofagasta","Dentro del polígono regional","Norte","region_1"
2017-01-28,2017,1,-19.95,-70.01,54,5,"5.0 a 5.9","Intermedio",1,0,"Tarapacá","Dentro del polígono regional","Norte","region_15"
2017-07-04,2017,7,-35.57,-73.94,15,5.1,"5.0 a 5.9","Superficial",1,0,"Maule","Región más cercana","Centro","region_12"
2017-04-25,2017,4,-33.16,-72.04,25,4.5,"4.0 a 4.9","Superficial",0,0,"Valparaíso","Región más cercana","Centro","region_16"
2017-06-04,2017,6,-19.54,-70.09,53,4.5,"4.0 a 4.9","Intermedio",0,0,"Tarapacá","Dentro del polígono regional","Norte","region_15"
2017-04-30,2017,4,-19.99,-70.97,36,4.8,"4.0 a 4.9","Intermedio",0,0,"Tarapacá","Región más cercana","Norte","region_15"
2017-02-18,2017,2,-23.91,-67.26,266,6.5,"6.0 o más","Profundo",1,1,"Antofagasta","Región más cercana","Norte","region_1"
2017-08-22,2017,8,-19.97,-70.11,47,4,"4.0 a 4.9","Intermedio",0,0,"Tarapacá","Dentro del polígono regional","Norte","region_15"
2017-01-26,2017,1,-20.32,-68.99,107,4.3,"4.0 a 4.9","Profundo",0,0,"Tarapacá","Dentro del polígono regional","Norte","region_15"
2017-07-12,2017,7,-35.3,-73.38,22,5.1,"5.0 a 5.9","Superficial",1,0,"Maule","Región más cercana","Centro","region_12"
2017-04-26,2017,4,-20.95,-69.04,103,4.3,"4.0 a 4.9","Profundo",0,0,"Tarapacá","Dentro del polígono regional","Norte","region_15"
2017-04-28,2017,4,-33.32,-71.96,24,4.7,"4.0 a 4.9","Superficial",0,0,"Valparaíso","Región más cercana","Centro","region_16"
2017-04-29,2017,4,-33.23,-71.98,26,4.7,"4.0 a 4.9","Superficial",0,0,"Valparaíso","Región más cercana","Centro","region_16"
2017-07-10,2017,7,-32.69,-71.79,36,4,"4.0 a 4.9","Intermedio",0,0,"Valparaíso","Región más cercana","Centro","region_16"
2017-03-25,2017,3,-19.85,-69,109,5,"5.0 a 5.9","Profundo",1,0,"Tarapacá","Dentro del polígono regional","Norte","region_15"
2017-04-25,2017,4,-33.12,-72.21,31,4.7,"4.0 a 4.9","Intermedio",0,0,"Valparaíso","Región más cercana","Centro","region_16"
2017-04-28,2017,4,-33.28,-71.96,24,4.2,"4.0 a 4.9","Superficial",0,0,"Valparaíso","Región más cercana","Centro","region_16"
2017-05-14,2017,5,-33.13,-71.62,29,4,"4.0 a 4.9","Superficial",0,0,"Valparaíso","Dentro del polígono regional","Centro","region_16"
2017-01-28,2017,1,-26.66,-70.96,55,4.7,"4.0 a 4.9","Intermedio",0,0,"Atacama","Región más cercana","Norte","region_4"
2017-09-25,2017,9,-28.37,-71.18,32,4.6,"4.0 a 4.9","Intermedio",0,0,"Atacama","Región más cercana","Norte","region_4"
2017-04-29,2017,4,-33.25,-72.05,24,4.2,"4.0 a 4.9","Superficial",0,0,"Valparaíso","Región más cercana","Centro","region_16"
2017-04-18,2017,4,-19.19,-69.98,63,4.5,"4.0 a 4.9","Intermedio",0,0,"Tarapacá","Dentro del polígono regional","Norte","region_15"
2017-05-13,2017,5,-21.76,-70.36,40,4,"4.0 a 4.9","Intermedio",0,0,"Antofagasta","Región más cercana","Norte","region_1"
2017-05-20,2017,5,-38.98,-73.47,12,4.5,"4.0 a 4.9","Superficial",0,0,"Araucanía","Región más cercana","Sur","region_2"
2017-03-17,2017,3,-22.32,-67.76,175,5.1,"5.0 a 5.9","Profundo",1,0,"Antofagasta","Región más cercana","Norte","region_1"
2017-03-06,2017,3,-18.18,-69.87,96,4.3,"4.0 a 4.9","Profundo",0,0,"Arica y Parinacota","Dentro del polígono regional","Norte","region_3"
2017-04-24,2017,4,-33.11,-72.03,27,4.6,"4.0 a 4.9","Superficial",0,0,"Valparaíso","Región más cercana","Centro","region_16"
2017-07-08,2017,7,-35.2,-70.63,20,4.1,"4.0 a 4.9","Superficial",0,0,"Maule","Dentro del polígono regional","Centro","region_12"
2017-04-26,2017,4,-33.3,-71.99,27,4.5,"4.0 a 4.9","Superficial",0,0,"Valparaíso","Región más cercana","Centro","region_16"
2017-07-01,2017,7,-32.95,-72,28,4.5,"4.0 a 4.9","Superficial",0,0,"Valparaíso","Región más cercana","Centro","region_16"
2017-04-27,2017,4,-33.1,-72.06,18,4.1,"4.0 a 4.9","Superficial",0,0,"Valparaíso","Región más cercana","Centro","region_16"
2017-10-03,2017,10,-33.02,-72,31,4.4,"4.0 a 4.9","Intermedio",0,0,"Valparaíso","Región más cercana","Centro","region_16"
2017-04-27,2017,4,-33.29,-71.88,29,4.1,"4.0 a 4.9","Superficial",0,0,"Valparaíso","Región más cercana","Centro","region_16"
2017-06-15,2017,6,-21.16,-68.88,111,4,"4.0 a 4.9","Profundo",0,0,"Tarapacá","Dentro del polígono regional","Norte","region_15"
2017-07-06,2017,7,-34.82,-71.77,47,4.5,"4.0 a 4.9","Intermedio",0,0,"O'Higgins","Dentro del polígono regional","Centro","region_8"
2017-07-22,2017,7,-33.11,-71.79,26,4.4,"4.0 a 4.9","Superficial",0,0,"Valparaíso","Región más cercana","Centro","region_16"
2017-11-29,2017,11,-33.54,-70.01,116,4.4,"4.0 a 4.9","Profundo",0,0,"Región Metropolitana","Dentro del polígono regional","Centro","region_14"
2017-04-25,2017,4,-33.16,-72.08,27,4.9,"4.0 a 4.9","Superficial",0,0,"Valparaíso","Región más cercana","Centro","region_16"
2017-02-06,2017,2,-20.94,-69.01,95,4.7,"4.0 a 4.9","Profundo",0,0,"Tarapacá","Dentro del polígono regional","Norte","region_15"
2017-06-23,2017,6,-39.41,-71.82,122,5,"5.0 a 5.9","Profundo",1,0,"Araucanía","Dentro del polígono regional","Sur","region_2"
2017-07-07,2017,7,-33.77,-72.15,30,5.1,"5.0 a 5.9","Intermedio",1,0,"Valparaíso","Región más cercana","Centro","region_16"
2017-04-09,2017,4,-25.78,-69.56,109,5.2,"5.0 a 5.9","Profundo",1,0,"Antofagasta","Dentro del polígono regional","Norte","region_1"
2017-01-31,2017,1,-25.22,-70.36,56,4,"4.0 a 4.9","Intermedio",0,0,"Antofagasta","Dentro del polígono regional","Norte","region_1"
2017-08-20,2017,8,-25.53,-70.66,51,4.2,"4.0 a 4.9","Intermedio",0,0,"Antofagasta","Región más cercana","Norte","region_1"
2017-06-18,2017,6,-32.13,-71.84,34,4.4,"4.0 a 4.9","Intermedio",0,0,"Coquimbo","Región más cercana","Norte","region_7"
2017-06-12,2017,6,-33.08,-71.76,30,4.6,"4.0 a 4.9","Intermedio",0,0,"Valparaíso","Región más cercana","Centro","region_16"
2017-06-19,2017,6,-19.13,-69.32,111,4.5,"4.0 a 4.9","Profundo",0,0,"Tarapacá","Dentro del polígono regional","Norte","region_15"
2017-09-29,2017,9,-29.94,-71.58,38,4.2,"4.0 a 4.9","Intermedio",0,0,"Coquimbo","Región más cercana","Norte","region_7"
2017-05-16,2017,5,-18.89,-70.12,31,4.2,"4.0 a 4.9","Intermedio",0,0,"Arica y Parinacota","Dentro del polígono regional","Norte","region_3"
2017-04-24,2017,4,-33.31,-71.77,21,4.3,"4.0 a 4.9","Superficial",0,0,"Valparaíso","Región más cercana","Centro","region_16"
2017-03-06,2017,3,-40.38,-71.95,149,4.2,"4.0 a 4.9","Profundo",0,0,"Los Ríos","Dentro del polígono regional","Sur","region_10"
2017-04-17,2017,4,-22.38,-69.79,62,4.8,"4.0 a 4.9","Intermedio",0,0,"Antofagasta","Dentro del polígono regional","Norte","region_1"
2017-12-02,2017,12,-28.41,-70.19,112,4.2,"4.0 a 4.9","Profundo",0,0,"Atacama","Dentro del polígono regional","Norte","region_4"
2017-09-04,2017,9,-29.22,-71.32,63,4.1,"4.0 a 4.9","Intermedio",0,0,"Coquimbo","Dentro del polígono regional","Norte","region_7"
2017-04-15,2017,4,-19.41,-70.37,70,4.2,"4.0 a 4.9","Profundo",0,0,"Tarapacá","Región más cercana","Norte","region_15"
2017-09-25,2017,9,-32.68,-71.99,24,4.6,"4.0 a 4.9","Superficial",0,0,"Valparaíso","Región más cercana","Centro","region_16"
2017-08-02,2017,8,-28.49,-71.22,49,4.5,"4.0 a 4.9","Intermedio",0,0,"Atacama","Dentro del polígono regional","Norte","region_4"
2017-03-18,2017,3,-20.29,-68.72,117,4.6,"4.0 a 4.9","Profundo",0,0,"Tarapacá","Dentro del polígono regional","Norte","region_15"
2017-08-20,2017,8,-20.31,-69.04,105,4.6,"4.0 a 4.9","Profundo",0,0,"Tarapacá","Dentro del polígono regional","Norte","region_15"
2017-04-23,2017,4,-33.06,-71.97,18,4.5,"4.0 a 4.9","Superficial",0,0,"Valparaíso","Región más cercana","Centro","region_16"
2017-03-21,2017,3,-21.62,-68.48,127,5.1,"5.0 a 5.9","Profundo",1,0,"Antofagasta","Dentro del polígono regional","Norte","region_1"
2017-05-17,2017,5,-22.02,-70.02,51,4.3,"4.0 a 4.9","Intermedio",0,0,"Antofagasta","Dentro del polígono regional","Norte","region_1"
2017-04-17,2017,4,-19.18,-70.12,58,4.4,"4.0 a 4.9","Intermedio",0,0,"Tarapacá","Dentro del polígono regional","Norte","region_15"
2017-04-25,2017,4,-33.16,-72.09,24,5.1,"5.0 a 5.9","Superficial",1,0,"Valparaíso","Región más cercana","Centro","region_16"
2017-07-26,2017,7,-23.99,-69.52,77,4.9,"4.0 a 4.9","Profundo",0,0,"Antofagasta","Dentro del polígono regional","Norte","region_1"
2017-04-28,2017,4,-33.36,-71.94,25,4.3,"4.0 a 4.9","Superficial",0,0,"Valparaíso","Región más cercana","Centro","region_16"
2017-04-26,2017,4,-20.44,-69.12,93,4.5,"4.0 a 4.9","Profundo",0,0,"Tarapacá","Dentro del polígono regional","Norte","region_15"
2017-04-26,2017,4,-32.96,-71.92,28,4,"4.0 a 4.9","Superficial",0,0,"Valparaíso","Región más cercana","Centro","region_16"
2017-01-07,2017,1,-19.52,-70.11,32,4,"4.0 a 4.9","Intermedio",0,0,"Tarapacá","Dentro del polígono regional","Norte","region_15"
2017-04-26,2017,4,-33.29,-71.85,26,4.4,"4.0 a 4.9","Superficial",0,0,"Valparaíso","Región más cercana","Centro","region_16"
2017-02-03,2017,2,-33.15,-69.81,8,5,"5.0 a 5.9","Superficial",1,0,"Región Metropolitana","Región más cercana","Centro","region_14"
2017-11-07,2017,11,-29.46,-71.29,45,4.1,"4.0 a 4.9","Intermedio",0,0,"Coquimbo","Dentro del polígono regional","Norte","region_7"
2017-06-29,2017,6,-34.75,-71.77,41,4.8,"4.0 a 4.9","Intermedio",0,0,"O'Higgins","Dentro del polígono regional","Centro","region_8"
2017-01-13,2017,1,-30.71,-71.39,48,4,"4.0 a 4.9","Intermedio",0,0,"Coquimbo","Dentro del polígono regional","Norte","region_7"
2017-04-28,2017,4,-33.24,-71.9,30,4,"4.0 a 4.9","Intermedio",0,0,"Valparaíso","Región más cercana","Centro","region_16"
2017-03-23,2017,3,-20.83,-69.02,105,4,"4.0 a 4.9","Profundo",0,0,"Tarapacá","Dentro del polígono regional","Norte","region_15"
2017-07-02,2017,7,-19.23,-70.17,49,4.1,"4.0 a 4.9","Intermedio",0,0,"Tarapacá","Dentro del polígono regional","Norte","region_15"
2017-04-24,2017,4,-32.42,-72.66,26,5.5,"5.0 a 5.9","Superficial",1,0,"Valparaíso","Región más cercana","Centro","region_16"
2017-06-20,2017,6,-20.66,-69.83,57,4.2,"4.0 a 4.9","Intermedio",0,0,"Tarapacá","Dentro del polígono regional","Norte","region_15"
2017-01-12,2017,1,-33.68,-70.53,97,4.1,"4.0 a 4.9","Profundo",0,0,"Región Metropolitana","Dentro del polígono regional","Centro","region_14"
2017-11-23,2017,11,-21.25,-68.42,124,4.3,"4.0 a 4.9","Profundo",0,0,"Antofagasta","Dentro del polígono regional","Norte","region_1"
2017-09-27,2017,9,-29.43,-71.27,40,4.1,"4.0 a 4.9","Intermedio",0,0,"Coquimbo","Dentro del polígono regional","Norte","region_7"
2017-08-10,2017,8,-20.79,-68.93,102,4,"4.0 a 4.9","Profundo",0,0,"Tarapacá","Dentro del polígono regional","Norte","region_15"
2017-12-20,2017,12,-32.49,-71.71,33,4.3,"4.0 a 4.9","Intermedio",0,0,"Valparaíso","Región más cercana","Centro","region_16"
2017-08-21,2017,8,-33.14,-70.34,98,4.7,"4.0 a 4.9","Profundo",0,0,"Región Metropolitana","Dentro del polígono regional","Centro","region_14"
2017-03-31,2017,3,-30.77,-71.4,47,4.2,"4.0 a 4.9","Intermedio",0,0,"Coquimbo","Dentro del polígono regional","Norte","region_7"
2017-08-09,2017,8,-35.12,-71.86,48,4.8,"4.0 a 4.9","Intermedio",0,0,"Maule","Dentro del polígono regional","Centro","region_12"
2017-04-24,2017,4,-33.16,-71.92,29,4.5,"4.0 a 4.9","Superficial",0,0,"Valparaíso","Región más cercana","Centro","region_16"
2017-04-28,2017,4,-33.28,-71.97,28,4.3,"4.0 a 4.9","Superficial",0,0,"Valparaíso","Región más cercana","Centro","region_16"
2017-09-23,2017,9,-33.78,-71.5,52,4.9,"4.0 a 4.9","Intermedio",0,0,"Región Metropolitana","Dentro del polígono regional","Centro","region_14"
2017-02-17,2017,2,-23.32,-70.4,54,4.4,"4.0 a 4.9","Intermedio",0,0,"Antofagasta","Dentro del polígono regional","Norte","region_1"
2017-04-25,2017,4,-33.1,-72,28,4.3,"4.0 a 4.9","Superficial",0,0,"Valparaíso","Región más cercana","Centro","region_16"
2017-01-06,2017,1,-22.31,-67.92,177,6.1,"6.0 o más","Profundo",1,1,"Antofagasta","Región más cercana","Norte","region_1"
2017-04-29,2017,4,-33.37,-71.99,24,4.4,"4.0 a 4.9","Superficial",0,0,"Valparaíso","Región más cercana","Centro","region_16"
2017-04-29,2017,4,-33.24,-71.97,26,4,"4.0 a 4.9","Superficial",0,0,"Valparaíso","Región más cercana","Centro","region_16"
2017-04-23,2017,4,-33.03,-72.06,22,4.6,"4.0 a 4.9","Superficial",0,0,"Valparaíso","Región más cercana","Centro","region_16"
2017-02-25,2017,2,-19.46,-69.15,114,5.4,"5.0 a 5.9","Profundo",1,0,"Tarapacá","Dentro del polígono regional","Norte","region_15"
2017-04-23,2017,4,-33.09,-71.89,26,4.7,"4.0 a 4.9","Superficial",0,0,"Valparaíso","Región más cercana","Centro","region_16"
2017-04-22,2017,4,-33.04,-71.96,28,4.5,"4.0 a 4.9","Superficial",0,0,"Valparaíso","Región más cercana","Centro","region_16"
2017-04-24,2017,4,-33.06,-71.88,30,4.4,"4.0 a 4.9","Intermedio",0,0,"Valparaíso","Región más cercana","Centro","region_16"
2017-06-03,2017,6,-21.87,-68.77,120,5.2,"5.0 a 5.9","Profundo",1,0,"Antofagasta","Dentro del polígono regional","Norte","region_1"
2017-03-30,2017,3,-20.41,-69.13,109,4.4,"4.0 a 4.9","Profundo",0,0,"Tarapacá","Dentro del polígono regional","Norte","region_15"
2017-01-05,2017,1,-22.06,-70.28,35,4.1,"4.0 a 4.9","Intermedio",0,0,"Antofagasta","Región más cercana","Norte","region_1"
2017-04-27,2017,4,-33.3,-71.73,21,4.1,"4.0 a 4.9","Superficial",0,0,"Valparaíso","Región más cercana","Centro","region_16"
2017-07-13,2017,7,-21.38,-68.64,124,4.8,"4.0 a 4.9","Profundo",0,0,"Antofagasta","Dentro del polígono regional","Norte","region_1"
2017-04-28,2017,4,-33.33,-71.93,28,4,"4.0 a 4.9","Superficial",0,0,"Valparaíso","Región más cercana","Centro","region_16"
2017-07-02,2017,7,-21.89,-68.64,112,5.5,"5.0 a 5.9","Profundo",1,0,"Antofagasta","Dentro del polígono regional","Norte","region_1"
2017-06-10,2017,6,-20.85,-69.12,105,4,"4.0 a 4.9","Profundo",0,0,"Tarapacá","Dentro del polígono regional","Norte","region_15"
2017-04-27,2017,4,-33.16,-71.63,23,4,"4.0 a 4.9","Superficial",0,0,"Valparaíso","Dentro del polígono regional","Centro","region_16"
2017-04-26,2017,4,-19.69,-69.3,107,5.3,"5.0 a 5.9","Profundo",1,0,"Tarapacá","Dentro del polígono regional","Norte","region_15"
2017-04-28,2017,4,-33.24,-72.02,21,4.3,"4.0 a 4.9","Superficial",0,0,"Valparaíso","Región más cercana","Centro","region_16"
2017-07-20,2017,7,-22.01,-70.39,45,4.1,"4.0 a 4.9","Intermedio",0,0,"Antofagasta","Región más cercana","Norte","region_1"
2017-01-03,2017,1,-43.41,-74.56,38,5.7,"5.0 a 5.9","Intermedio",1,0,"Los Lagos","Región más cercana","Sur","region_9"
2017-01-02,2017,1,-21.24,-70.22,66,4.4,"4.0 a 4.9","Intermedio",0,0,"Antofagasta","Región más cercana","Norte","region_1"
2017-04-28,2017,4,-33.25,-71.93,24,4.3,"4.0 a 4.9","Superficial",0,0,"Valparaíso","Región más cercana","Centro","region_16"
2017-03-14,2017,3,-33.58,-71.32,52,4.1,"4.0 a 4.9","Intermedio",0,0,"Región Metropolitana","Dentro del polígono regional","Centro","region_14"
2017-04-27,2017,4,-33.31,-71.9,28,4.8,"4.0 a 4.9","Superficial",0,0,"Valparaíso","Región más cercana","Centro","region_16"
2017-04-27,2017,4,-33.28,-71.89,27,4.7,"4.0 a 4.9","Superficial",0,0,"Valparaíso","Región más cercana","Centro","region_16"
2017-04-18,2017,4,-21.82,-68.41,124,4.8,"4.0 a 4.9","Profundo",0,0,"Antofagasta","Dentro del polígono regional","Norte","region_1"
2017-08-05,2017,8,-39.56,-72.34,98,4.1,"4.0 a 4.9","Profundo",0,0,"Los Ríos","Dentro del polígono regional","Sur","region_10"
2017-04-28,2017,4,-33.26,-71.91,29,4.5,"4.0 a 4.9","Superficial",0,0,"Valparaíso","Región más cercana","Centro","region_16"
2017-04-28,2017,4,-33.31,-71.91,26,4.7,"4.0 a 4.9","Superficial",0,0,"Valparaíso","Región más cercana","Centro","region_16"
2017-04-28,2017,4,-33.3,-71.98,22,5,"5.0 a 5.9","Superficial",1,0,"Valparaíso","Región más cercana","Centro","region_16"
2017-02-19,2017,2,-37.52,-74.08,36,4.8,"4.0 a 4.9","Intermedio",0,0,"Biobío","Región más cercana","Sur","region_6"
2017-03-08,2017,3,-38.16,-73.7,37,4.4,"4.0 a 4.9","Intermedio",0,0,"Biobío","Región más cercana","Sur","region_6"
2017-06-29,2017,6,-37.33,-72.15,127,4.1,"4.0 a 4.9","Profundo",0,0,"Biobío","Dentro del polígono regional","Sur","region_6"
2017-12-10,2017,12,-36.05,-73.06,51,5,"5.0 a 5.9","Intermedio",1,0,"Ñuble","Región más cercana","Sur","region_13"
2017-02-19,2017,2,-37.59,-73.66,31,4.8,"4.0 a 4.9","Intermedio",0,0,"Biobío","Región más cercana","Sur","region_6"
2017-03-27,2017,3,-36.16,-72.05,71,5.1,"5.0 a 5.9","Profundo",1,0,"Maule","Dentro del polígono regional","Centro","region_12"
2017-05-14,2017,5,-36.84,-73.85,18,4.7,"4.0 a 4.9","Superficial",0,0,"Biobío","Región más cercana","Sur","region_6"
2017-05-29,2017,5,-37.34,-71.8,87,5.8,"5.0 a 5.9","Profundo",1,0,"Biobío","Dentro del polígono regional","Sur","region_6"
2017-08-30,2017,8,-37.47,-73.35,29,5,"5.0 a 5.9","Superficial",1,0,"Biobío","Dentro del polígono regional","Sur","region_6"
2017-01-11,2017,1,-22.8,-69.78,69,4.3,"4.0 a 4.9","Intermedio",0,0,"Antofagasta","Dentro del polígono regional","Norte","region_1"
2017-01-15,2017,1,-22.5,-68.75,115,4.9,"4.0 a 4.9","Profundo",0,0,"Antofagasta","Dentro del polígono regional","Norte","region_1"
2017-01-27,2017,1,-22.48,-68.67,110,4.9,"4.0 a 4.9","Profundo",0,0,"Antofagasta","Dentro del polígono regional","Norte","region_1"
2017-02-18,2017,2,-22.11,-68.74,97,4.3,"4.0 a 4.9","Profundo",0,0,"Antofagasta","Dentro del polígono regional","Norte","region_1"
2017-04-19,2017,4,-22.33,-68.82,117,4.2,"4.0 a 4.9","Profundo",0,0,"Antofagasta","Dentro del polígono regional","Norte","region_1"
2017-05-31,2017,5,-22.7,-68.53,127,4.9,"4.0 a 4.9","Profundo",0,0,"Antofagasta","Dentro del polígono regional","Norte","region_1"
2017-06-09,2017,6,-22.57,-68.9,126,4.2,"4.0 a 4.9","Profundo",0,0,"Antofagasta","Dentro del polígono regional","Norte","region_1"
2017-06-17,2017,6,-22.75,-68.85,100,4.6,"4.0 a 4.9","Profundo",0,0,"Antofagasta","Dentro del polígono regional","Norte","region_1"
2017-06-25,2017,6,-22.37,-68.8,101,4.6,"4.0 a 4.9","Profundo",0,0,"Antofagasta","Dentro del polígono regional","Norte","region_1"
2017-07-24,2017,7,-21.91,-68.58,110,4.8,"4.0 a 4.9","Profundo",0,0,"Antofagasta","Dentro del polígono regional","Norte","region_1"
2017-07-25,2017,7,-22.74,-69.15,91,4.4,"4.0 a 4.9","Profundo",0,0,"Antofagasta","Dentro del polígono regional","Norte","region_1"
2017-08-12,2017,8,-22.55,-68.88,91,4.7,"4.0 a 4.9","Profundo",0,0,"Antofagasta","Dentro del polígono regional","Norte","region_1"
2017-10-02,2017,10,-22.21,-68.73,112,4.6,"4.0 a 4.9","Profundo",0,0,"Antofagasta","Dentro del polígono regional","Norte","region_1"
2017-09-20,2017,9,-18.05,-69.93,105,4.7,"4.0 a 4.9","Profundo",0,0,"Arica y Parinacota","Región más cercana","Norte","region_3"
2017-10-10,2017,10,-18.62,-69.78,75,4.5,"4.0 a 4.9","Profundo",0,0,"Arica y Parinacota","Dentro del polígono regional","Norte","region_3"
2017-12-15,2017,12,-18.01,-70.08,84,4.5,"4.0 a 4.9","Profundo",0,0,"Arica y Parinacota","Región más cercana","Norte","region_3"
2017-09-07,2017,9,-20.84,-69.11,112,4,"4.0 a 4.9","Profundo",0,0,"Tarapacá","Dentro del polígono regional","Norte","region_15"
2017-09-20,2017,9,-19.96,-70.96,32,4.4,"4.0 a 4.9","Intermedio",0,0,"Tarapacá","Región más cercana","Norte","region_15"
2017-09-26,2017,9,-21.35,-66.95,279,5.2,"5.0 a 5.9","Profundo",1,0,"Antofagasta","Región más cercana","Norte","region_1"
2017-10-14,2017,10,-21.07,-68.75,116,4.2,"4.0 a 4.9","Profundo",0,0,"Tarapacá","Dentro del polígono regional","Norte","region_15"
2017-10-17,2017,10,-22.63,-67.72,169,5.4,"5.0 a 5.9","Profundo",1,0,"Antofagasta","Región más cercana","Norte","region_1"
2017-11-02,2017,11,-19.67,-69.3,100,4.1,"4.0 a 4.9","Profundo",0,0,"Tarapacá","Dentro del polígono regional","Norte","region_15"
2017-11-02,2017,11,-23.16,-69.93,54,4.4,"4.0 a 4.9","Intermedio",0,0,"Antofagasta","Dentro del polígono regional","Norte","region_1"
2017-11-08,2017,11,-24,-69.29,94,4.3,"4.0 a 4.9","Profundo",0,0,"Antofagasta","Dentro del polígono regional","Norte","region_1"
2017-11-14,2017,11,-20.2,-69.21,91,4.3,"4.0 a 4.9","Profundo",0,0,"Tarapacá","Dentro del polígono regional","Norte","region_15"
2017-12-26,2017,12,-23.98,-69.35,95,4.6,"4.0 a 4.9","Profundo",0,0,"Antofagasta","Dentro del polígono regional","Norte","region_1"
2017-12-30,2017,12,-21.23,-68.68,119,4.2,"4.0 a 4.9","Profundo",0,0,"Antofagasta","Dentro del polígono regional","Norte","region_1"
2017-01-11,2017,1,-22.79,-69.83,73,5.8,"5.0 a 5.9","Profundo",1,0,"Antofagasta","Dentro del polígono regional","Norte","region_1"
2017-04-14,2017,4,-22.49,-68.82,122,5.2,"5.0 a 5.9","Profundo",1,0,"Antofagasta","Dentro del polígono regional","Norte","region_1"
2017-04-15,2017,4,-23.24,-68.05,156,6.2,"6.0 o más","Profundo",1,1,"Antofagasta","Dentro del polígono regional","Norte","region_1"
2017-06-06,2017,6,-22.93,-68.75,98,5.5,"5.0 a 5.9","Profundo",1,0,"Antofagasta","Dentro del polígono regional","Norte","region_1"
2017-07-04,2017,7,-19.4,-69.58,92,5,"5.0 a 5.9","Profundo",1,0,"Tarapacá","Dentro del polígono regional","Norte","region_15"
2017-07-19,2017,7,-23.84,-69.2,95,5.4,"5.0 a 5.9","Profundo",1,0,"Antofagasta","Dentro del polígono regional","Norte","region_1"
2017-07-22,2017,7,-21.18,-69.15,44,5.4,"5.0 a 5.9","Intermedio",1,0,"Tarapacá","Dentro del polígono regional","Norte","region_15"
2017-08-12,2017,8,-19.99,-70.99,31,5,"5.0 a 5.9","Intermedio",1,0,"Tarapacá","Región más cercana","Norte","region_15"
2017-10-09,2017,10,-21.23,-68.74,118,4.5,"4.0 a 4.9","Profundo",0,0,"Antofagasta","Dentro del polígono regional","Norte","region_1"
2017-10-15,2017,10,-22.76,-68.94,107,4.9,"4.0 a 4.9","Profundo",0,0,"Antofagasta","Dentro del polígono regional","Norte","region_1"
2017-11-07,2017,11,-22.14,-68.66,129,5.1,"5.0 a 5.9","Profundo",1,0,"Antofagasta","Dentro del polígono regional","Norte","region_1"
2017-11-27,2017,11,-22.51,-70.54,28,4.2,"4.0 a 4.9","Superficial",0,0,"Antofagasta","Región más cercana","Norte","region_1"
2017-12-11,2017,12,-19.66,-71.15,35,5.3,"5.0 a 5.9","Intermedio",1,0,"Tarapacá","Región más cercana","Norte","region_15"
2017-12-14,2017,12,-19.84,-70.24,23,4.6,"4.0 a 4.9","Superficial",0,0,"Tarapacá","Región más cercana","Norte","region_15"
2017-09-18,2017,9,-19.88,-69.07,105,4.1,"4.0 a 4.9","Profundo",0,0,"Tarapacá","Dentro del polígono regional","Norte","region_15"
2017-09-04,2017,9,-19.29,-70.08,71,5.2,"5.0 a 5.9","Profundo",1,0,"Tarapacá","Dentro del polígono regional","Norte","region_15"
2017-09-09,2017,9,-22.46,-66.82,278,5.3,"5.0 a 5.9","Profundo",1,0,"Antofagasta","Región más cercana","Norte","region_1"
2017-09-17,2017,9,-20.24,-69.25,96,4.1,"4.0 a 4.9","Profundo",0,0,"Tarapacá","Dentro del polígono regional","Norte","region_15"
2017-10-05,2017,10,-22.37,-68.54,115,5.8,"5.0 a 5.9","Profundo",1,0,"Antofagasta","Dentro del polígono regional","Norte","region_1"
2017-10-10,2017,10,-18.49,-69.74,100,6.3,"6.0 o más","Profundo",1,1,"Arica y Parinacota","Dentro del polígono regional","Norte","region_3"
2017-10-10,2017,10,-18.57,-69.77,90,4.9,"4.0 a 4.9","Profundo",0,0,"Arica y Parinacota","Dentro del polígono regional","Norte","region_3"
2017-10-12,2017,10,-19.67,-69.18,99,4.3,"4.0 a 4.9","Profundo",0,0,"Tarapacá","Dentro del polígono regional","Norte","region_15"
2017-10-13,2017,10,-20.29,-69.14,91,4,"4.0 a 4.9","Profundo",0,0,"Tarapacá","Dentro del polígono regional","Norte","region_15"
2017-10-21,2017,10,-20.76,-69.69,55,4,"4.0 a 4.9","Intermedio",0,0,"Tarapacá","Dentro del polígono regional","Norte","region_15"
2017-11-04,2017,11,-20,-69.13,98,4.1,"4.0 a 4.9","Profundo",0,0,"Tarapacá","Dentro del polígono regional","Norte","region_15"
2017-11-17,2017,11,-19.79,-69.28,105,5.3,"5.0 a 5.9","Profundo",1,0,"Tarapacá","Dentro del polígono regional","Norte","region_15"
2017-11-18,2017,11,-20.75,-69.13,108,5,"5.0 a 5.9","Profundo",1,0,"Tarapacá","Dentro del polígono regional","Norte","region_15"
2017-11-22,2017,11,-20.5,-68.92,103,4.3,"4.0 a 4.9","Profundo",0,0,"Tarapacá","Dentro del polígono regional","Norte","region_15"
2017-11-25,2017,11,-20.01,-70.8,44,4,"4.0 a 4.9","Intermedio",0,0,"Tarapacá","Región más cercana","Norte","region_15"
2017-12-11,2017,12,-19.16,-70.06,42,4.4,"4.0 a 4.9","Intermedio",0,0,"Tarapacá","Dentro del polígono regional","Norte","region_15"
2017-12-17,2017,12,-20.24,-69.15,100,4.5,"4.0 a 4.9","Profundo",0,0,"Tarapacá","Dentro del polígono regional","Norte","region_15"
2017-12-30,2017,12,-19.28,-69.36,104,5.1,"5.0 a 5.9","Profundo",1,0,"Tarapacá","Dentro del polígono regional","Norte","region_15"
2017-01-01,2017,1,-30.02,-71.53,44,4.4,"4.0 a 4.9","Intermedio",0,0,"Coquimbo","Región más cercana","Norte","region_7"
2017-01-01,2017,1,-30.05,-71.68,36,4.3,"4.0 a 4.9","Intermedio",0,0,"Coquimbo","Región más cercana","Norte","region_7"
2017-01-01,2017,1,-32.12,-71.17,88,4.2,"4.0 a 4.9","Profundo",0,0,"Coquimbo","Dentro del polígono regional","Norte","region_7"
2017-01-25,2017,1,-32,-71.66,36,4.1,"4.0 a 4.9","Intermedio",0,0,"Coquimbo","Región más cercana","Norte","region_7"
2017-03-09,2017,3,-31.8,-71.54,43,4.1,"4.0 a 4.9","Intermedio",0,0,"Coquimbo","Región más cercana","Norte","region_7"
2017-03-10,2017,3,-30.61,-72.02,24,4.5,"4.0 a 4.9","Superficial",0,0,"Coquimbo","Región más cercana","Norte","region_7"
2017-03-11,2017,3,-29.2,-69.5,130,4.7,"4.0 a 4.9","Profundo",0,0,"Atacama","Región más cercana","Norte","region_4"
2017-03-21,2017,3,-31.12,-71.26,58,4,"4.0 a 4.9","Intermedio",0,0,"Coquimbo","Dentro del polígono regional","Norte","region_7"
2017-04-14,2017,4,-31.77,-71.62,34,4.2,"4.0 a 4.9","Intermedio",0,0,"Coquimbo","Región más cercana","Norte","region_7"
2017-05-01,2017,5,-29.31,-70.33,84,4.1,"4.0 a 4.9","Profundo",0,0,"Atacama","Dentro del polígono regional","Norte","region_4"
2017-05-16,2017,5,-31.95,-71.55,65,4,"4.0 a 4.9","Intermedio",0,0,"Coquimbo","Región más cercana","Norte","region_7"
2017-05-23,2017,5,-30.63,-71.64,30,4.4,"4.0 a 4.9","Intermedio",0,0,"Coquimbo","Dentro del polígono regional","Norte","region_7"
2017-07-13,2017,7,-28.87,-69.44,115,4.7,"4.0 a 4.9","Profundo",0,0,"Atacama","Región más cercana","Norte","region_4"
2017-07-16,2017,7,-30.27,-71.35,51,4,"4.0 a 4.9","Intermedio",0,0,"Coquimbo","Dentro del polígono regional","Norte","region_7"
2017-07-26,2017,7,-31.22,-71.31,59,4,"4.0 a 4.9","Intermedio",0,0,"Coquimbo","Dentro del polígono regional","Norte","region_7"
2017-07-26,2017,7,-29.54,-69.5,132,4.5,"4.0 a 4.9","Profundo",0,0,"Coquimbo","Región más cercana","Norte","region_7"
2017-07-28,2017,7,-30.74,-71.77,36,4.7,"4.0 a 4.9","Intermedio",0,0,"Coquimbo","Región más cercana","Norte","region_7"
2017-08-12,2017,8,-30.38,-71.49,45,4.4,"4.0 a 4.9","Intermedio",0,0,"Coquimbo","Dentro del polígono regional","Norte","region_7"
2017-08-14,2017,8,-31.5,-71.73,33,4.8,"4.0 a 4.9","Intermedio",0,0,"Coquimbo","Región más cercana","Norte","region_7"
2017-08-15,2017,8,-31.66,-71.39,52,4,"4.0 a 4.9","Intermedio",0,0,"Coquimbo","Dentro del polígono regional","Norte","region_7"
2017-09-06,2017,9,-30.77,-71.35,44,4.2,"4.0 a 4.9","Intermedio",0,0,"Coquimbo","Dentro del polígono regional","Norte","region_7"
2017-09-13,2017,9,-28.02,-69.31,120,4,"4.0 a 4.9","Profundo",0,0,"Atacama","Dentro del polígono regional","Norte","region_4"
2017-10-17,2017,10,-32.59,-71.04,80,4,"4.0 a 4.9","Profundo",0,0,"Valparaíso","Dentro del polígono regional","Centro","region_16"
2017-10-19,2017,10,-30.63,-71.25,55,4.2,"4.0 a 4.9","Intermedio",0,0,"Coquimbo","Dentro del polígono regional","Norte","region_7"
2017-10-27,2017,10,-30.6,-71.65,31,4.2,"4.0 a 4.9","Intermedio",0,0,"Coquimbo","Dentro del polígono regional","Norte","region_7"
2017-10-29,2017,10,-31.05,-71.36,68,4.6,"4.0 a 4.9","Intermedio",0,0,"Coquimbo","Dentro del polígono regional","Norte","region_7"
2017-11-02,2017,11,-30.93,-71.26,54,4.3,"4.0 a 4.9","Intermedio",0,0,"Coquimbo","Dentro del polígono regional","Norte","region_7"
2017-11-17,2017,11,-32.12,-71.83,35,4.3,"4.0 a 4.9","Intermedio",0,0,"Coquimbo","Región más cercana","Norte","region_7"
2017-12-06,2017,12,-32.01,-71.52,38,4.3,"4.0 a 4.9","Intermedio",0,0,"Coquimbo","Región más cercana","Norte","region_7"
2017-12-06,2017,12,-32.13,-71.8,32,4.2,"4.0 a 4.9","Intermedio",0,0,"Coquimbo","Región más cercana","Norte","region_7"
2017-12-31,2017,12,-32.02,-71.56,35,4.1,"4.0 a 4.9","Intermedio",0,0,"Coquimbo","Región más cercana","Norte","region_7"
2017-12-31,2017,12,-29.27,-71.56,62,4,"4.0 a 4.9","Intermedio",0,0,"Coquimbo","Región más cercana","Norte","region_7"
2017-01-01,2017,1,-29.7,-71.19,47,4.4,"4.0 a 4.9","Intermedio",0,0,"Coquimbo","Dentro del polígono regional","Norte","region_7"
2017-01-04,2017,1,-30.3,-71.53,49,5.1,"5.0 a 5.9","Intermedio",1,0,"Coquimbo","Dentro del polígono regional","Norte","region_7"
2017-01-10,2017,1,-31.34,-70.94,93,4.9,"4.0 a 4.9","Profundo",0,0,"Coquimbo","Dentro del polígono regional","Norte","region_7"
2017-01-12,2017,1,-30.4,-71.49,24,4.7,"4.0 a 4.9","Superficial",0,0,"Coquimbo","Dentro del polígono regional","Norte","region_7"
2017-01-19,2017,1,-30.85,-71.37,47,5,"5.0 a 5.9","Intermedio",1,0,"Coquimbo","Dentro del polígono regional","Norte","region_7"
2017-01-21,2017,1,-30.64,-71.3,52,4.5,"4.0 a 4.9","Intermedio",0,0,"Coquimbo","Dentro del polígono regional","Norte","region_7"
2017-01-23,2017,1,-30.65,-71.26,44,4.2,"4.0 a 4.9","Intermedio",0,0,"Coquimbo","Dentro del polígono regional","Norte","region_7"
2017-01-27,2017,1,-30.96,-71.4,55,4.8,"4.0 a 4.9","Intermedio",0,0,"Coquimbo","Dentro del polígono regional","Norte","region_7"
2017-01-31,2017,1,-30.48,-71.55,62,4.2,"4.0 a 4.9","Intermedio",0,0,"Coquimbo","Dentro del polígono regional","Norte","region_7"
2017-02-16,2017,2,-30.05,-71.3,54,4.6,"4.0 a 4.9","Intermedio",0,0,"Coquimbo","Dentro del polígono regional","Norte","region_7"
2017-02-21,2017,2,-30.83,-71.61,37,4.4,"4.0 a 4.9","Intermedio",0,0,"Coquimbo","Dentro del polígono regional","Norte","region_7"
2017-02-26,2017,2,-28.95,-71.3,38,4.8,"4.0 a 4.9","Intermedio",0,0,"Atacama","Dentro del polígono regional","Norte","region_4"
2017-03-13,2017,3,-30.44,-71.33,51,5.3,"5.0 a 5.9","Intermedio",1,0,"Coquimbo","Dentro del polígono regional","Norte","region_7"
2017-03-17,2017,3,-32.46,-71.67,34,5,"5.0 a 5.9","Intermedio",1,0,"Valparaíso","Región más cercana","Centro","region_16"
2017-03-20,2017,3,-28.8,-70.88,74,4.4,"4.0 a 4.9","Profundo",0,0,"Atacama","Dentro del polígono regional","Norte","region_4"
2017-03-31,2017,3,-30.74,-71.35,40,5,"5.0 a 5.9","Intermedio",1,0,"Coquimbo","Dentro del polígono regional","Norte","region_7"
2017-04-03,2017,4,-30.64,-70.98,81,4.4,"4.0 a 4.9","Profundo",0,0,"Coquimbo","Dentro del polígono regional","Norte","region_7"
2017-04-08,2017,4,-25.85,-70.94,38,4.5,"4.0 a 4.9","Intermedio",0,0,"Antofagasta","Región más cercana","Norte","region_1"
2017-04-11,2017,4,-27.64,-70.05,82,5.3,"5.0 a 5.9","Profundo",1,0,"Atacama","Dentro del polígono regional","Norte","region_4"
2017-04-13,2017,4,-30.97,-71.42,48,5.3,"5.0 a 5.9","Intermedio",1,0,"Coquimbo","Dentro del polígono regional","Norte","region_7"
2017-04-15,2017,4,-32.04,-70.99,96,4.2,"4.0 a 4.9","Profundo",0,0,"Coquimbo","Dentro del polígono regional","Norte","region_7"
2017-04-18,2017,4,-31.86,-71.22,55,4.4,"4.0 a 4.9","Intermedio",0,0,"Coquimbo","Dentro del polígono regional","Norte","region_7"
2017-04-23,2017,4,-33.02,-72.12,24,6,"6.0 o más","Superficial",1,1,"Valparaíso","Región más cercana","Centro","region_16"
2017-04-23,2017,4,-33.05,-72.16,17,5.4,"5.0 a 5.9","Superficial",1,0,"Valparaíso","Región más cercana","Centro","region_16"
2017-04-24,2017,4,-33.09,-72.09,25,6.9,"6.0 o más","Superficial",1,1,"Valparaíso","Región más cercana","Centro","region_16"
2017-04-27,2017,4,-28.64,-70.64,71,4.3,"4.0 a 4.9","Profundo",0,0,"Atacama","Dentro del polígono regional","Norte","region_4"
2017-04-28,2017,4,-33.26,-72.11,23,5.5,"5.0 a 5.9","Superficial",1,0,"Valparaíso","Región más cercana","Centro","region_16"
2017-04-28,2017,4,-33.17,-71.66,26,5.8,"5.0 a 5.9","Superficial",1,0,"Valparaíso","Dentro del polígono regional","Centro","region_16"
2017-05-10,2017,5,-27.41,-69.56,113,4.2,"4.0 a 4.9","Profundo",0,0,"Atacama","Dentro del polígono regional","Norte","region_4"
2017-05-13,2017,5,-32.93,-72.04,24,5.2,"5.0 a 5.9","Superficial",1,0,"Valparaíso","Región más cercana","Centro","region_16"
2017-05-16,2017,5,-32,-71.63,36,4.3,"4.0 a 4.9","Intermedio",0,0,"Coquimbo","Región más cercana","Norte","region_7"
2017-05-28,2017,5,-30.72,-71.39,45,4.6,"4.0 a 4.9","Intermedio",0,0,"Coquimbo","Dentro del polígono regional","Norte","region_7"
2017-05-30,2017,5,-30.65,-71.21,58,4.1,"4.0 a 4.9","Intermedio",0,0,"Coquimbo","Dentro del polígono regional","Norte","region_7"
2017-06-04,2017,6,-27.84,-71.07,41,4.7,"4.0 a 4.9","Intermedio",0,0,"Atacama","Dentro del polígono regional","Norte","region_4"
2017-06-12,2017,6,-31.52,-71.67,27,5.8,"5.0 a 5.9","Superficial",1,0,"Coquimbo","Región más cercana","Norte","region_7"
2017-06-16,2017,6,-30.95,-70.98,85,4.6,"4.0 a 4.9","Profundo",0,0,"Coquimbo","Dentro del polígono regional","Norte","region_7"
2017-06-23,2017,6,-27.5,-70.53,57,4,"4.0 a 4.9","Intermedio",0,0,"Atacama","Dentro del polígono regional","Norte","region_4"
2017-06-26,2017,6,-30.66,-71.26,53,5.3,"5.0 a 5.9","Intermedio",1,0,"Coquimbo","Dentro del polígono regional","Norte","region_7"
2017-08-01,2017,8,-28.54,-69.29,139,5.6,"5.0 a 5.9","Profundo",1,0,"Atacama","Región más cercana","Norte","region_4"
2017-08-02,2017,8,-33.2,-70.61,99,5.5,"5.0 a 5.9","Profundo",1,0,"Región Metropolitana","Dentro del polígono regional","Centro","region_14"
2017-08-02,2017,8,-28.48,-71.21,42,5.4,"5.0 a 5.9","Intermedio",1,0,"Atacama","Dentro del polígono regional","Norte","region_4"
2017-08-12,2017,8,-30.34,-72.15,28,5.5,"5.0 a 5.9","Superficial",1,0,"Coquimbo","Región más cercana","Norte","region_7"
2017-08-15,2017,8,-30.01,-72.09,28,5.2,"5.0 a 5.9","Superficial",1,0,"Coquimbo","Región más cercana","Norte","region_7"
2017-09-18,2017,9,-31.85,-72.09,33,5.7,"5.0 a 5.9","Intermedio",1,0,"Coquimbo","Región más cercana","Norte","region_7"
2017-09-24,2017,9,-27.97,-71.17,37,4.8,"4.0 a 4.9","Intermedio",0,0,"Atacama","Región más cercana","Norte","region_4"
2017-09-25,2017,9,-30.11,-71.43,38,4.7,"4.0 a 4.9","Intermedio",0,0,"Coquimbo","Región más cercana","Norte","region_7"
2017-10-01,2017,10,-28.4,-70.75,72,4.3,"4.0 a 4.9","Profundo",0,0,"Atacama","Dentro del polígono regional","Norte","region_4"
2017-10-04,2017,10,-30.72,-71.34,42,4.3,"4.0 a 4.9","Intermedio",0,0,"Coquimbo","Dentro del polígono regional","Norte","region_7"
2017-10-09,2017,10,-27.84,-70.09,98,4.1,"4.0 a 4.9","Profundo",0,0,"Atacama","Dentro del polígono regional","Norte","region_4"
2017-10-09,2017,10,-30.01,-71.24,50,4.7,"4.0 a 4.9","Intermedio",0,0,"Coquimbo","Dentro del polígono regional","Norte","region_7"
2017-10-10,2017,10,-27.72,-70.21,75,4,"4.0 a 4.9","Profundo",0,0,"Atacama","Dentro del polígono regional","Norte","region_4"
2017-11-09,2017,11,-30.7,-71.36,39,5,"5.0 a 5.9","Intermedio",1,0,"Coquimbo","Dentro del polígono regional","Norte","region_7"
2017-11-26,2017,11,-32.23,-71.03,66,5.4,"5.0 a 5.9","Intermedio",1,0,"Valparaíso","Dentro del polígono regional","Centro","region_16"
2017-12-06,2017,12,-32.28,-71.36,45,4.5,"4.0 a 4.9","Intermedio",0,0,"Valparaíso","Dentro del polígono regional","Centro","region_16"
2017-12-19,2017,12,-26.05,-70.43,55,4.7,"4.0 a 4.9","Intermedio",0,0,"Atacama","Dentro del polígono regional","Norte","region_4"
2017-12-23,2017,12,-29.86,-71.44,55,4,"4.0 a 4.9","Intermedio",0,0,"Coquimbo","Región más cercana","Norte","region_7"
2017-12-28,2017,12,-24.91,-70.17,53,5.5,"5.0 a 5.9","Intermedio",1,0,"Antofagasta","Dentro del polígono regional","Norte","region_1"
2017-12-30,2017,12,-28.02,-71.34,45,4,"4.0 a 4.9","Intermedio",0,0,"Atacama","Región más cercana","Norte","region_4"
2018-01-04,2018,1,-32.72,-71.66,27,4.4,"4.0 a 4.9","Superficial",0,0,"Valparaíso","Región más cercana","Centro","region_16"
2018-03-27,2018,3,-21.52,-70.01,78,4,"4.0 a 4.9","Profundo",0,0,"Antofagasta","Dentro del polígono regional","Norte","region_1"
2018-04-05,2018,4,-42.62,-73.93,36,5,"5.0 a 5.9","Intermedio",1,0,"Los Lagos","Dentro del polígono regional","Sur","region_9"
2018-01-21,2018,1,-22.54,-68.92,89,4,"4.0 a 4.9","Profundo",0,0,"Antofagasta","Dentro del polígono regional","Norte","region_1"
2018-06-02,2018,6,-38.27,-73.75,29,5.1,"5.0 a 5.9","Superficial",1,0,"Biobío","Región más cercana","Sur","region_6"
2018-04-23,2018,4,-22.37,-68.65,107,5,"5.0 a 5.9","Profundo",1,0,"Antofagasta","Dentro del polígono regional","Norte","region_1"
2018-03-22,2018,3,-21.41,-68.72,119,4.6,"4.0 a 4.9","Profundo",0,0,"Antofagasta","Dentro del polígono regional","Norte","region_1"
2018-06-03,2018,6,-21.92,-68.77,98,4.6,"4.0 a 4.9","Profundo",0,0,"Antofagasta","Dentro del polígono regional","Norte","region_1"
2018-07-02,2018,7,-23.22,-68.91,110,5.1,"5.0 a 5.9","Profundo",1,0,"Antofagasta","Dentro del polígono regional","Norte","region_1"
2018-05-02,2018,5,-33.26,-70.11,110,5.1,"5.0 a 5.9","Profundo",1,0,"Región Metropolitana","Dentro del polígono regional","Centro","region_14"
2018-01-25,2018,1,-18.25,-69.12,11,5.3,"5.0 a 5.9","Superficial",1,0,"Arica y Parinacota","Dentro del polígono regional","Norte","region_3"
2018-01-25,2018,1,-18.32,-69.19,12,4.2,"4.0 a 4.9","Superficial",0,0,"Arica y Parinacota","Dentro del polígono regional","Norte","region_3"
2018-08-18,2018,8,-22.56,-66.5,297,4,"4.0 a 4.9","Profundo",0,0,"Antofagasta","Región más cercana","Norte","region_1"
2018-08-23,2018,8,-21.29,-68.79,108,4.3,"4.0 a 4.9","Profundo",0,0,"Antofagasta","Dentro del polígono regional","Norte","region_1"
2018-08-29,2018,8,-20.72,-68.95,99,4.1,"4.0 a 4.9","Profundo",0,0,"Tarapacá","Dentro del polígono regional","Norte","region_15"
2018-09-05,2018,9,-34.38,-70.59,127,5,"5.0 a 5.9","Profundo",1,0,"O'Higgins","Dentro del polígono regional","Centro","region_8"
2018-09-16,2018,9,-18.83,-69.94,80,4,"4.0 a 4.9","Profundo",0,0,"Arica y Parinacota","Dentro del polígono regional","Norte","region_3"
2018-09-22,2018,9,-26.07,-70.49,39,5.3,"5.0 a 5.9","Intermedio",1,0,"Atacama","Dentro del polígono regional","Norte","region_4"
2018-09-23,2018,9,-24.36,-70.04,66,5.6,"5.0 a 5.9","Intermedio",1,0,"Antofagasta","Dentro del polígono regional","Norte","region_1"
2018-01-13,2018,1,-21.46,-68.78,116,4.6,"4.0 a 4.9","Profundo",0,0,"Antofagasta","Dentro del polígono regional","Norte","region_1"
2018-01-15,2018,1,-21.72,-68.57,112,4.5,"4.0 a 4.9","Profundo",0,0,"Antofagasta","Dentro del polígono regional","Norte","region_1"
2018-03-17,2018,3,-23.36,-69.19,94,4.4,"4.0 a 4.9","Profundo",0,0,"Antofagasta","Dentro del polígono regional","Norte","region_1"
2018-03-26,2018,3,-24.73,-69.49,88,4.6,"4.0 a 4.9","Profundo",0,0,"Antofagasta","Dentro del polígono regional","Norte","region_1"
2018-04-24,2018,4,-21.78,-68.48,140,4.6,"4.0 a 4.9","Profundo",0,0,"Antofagasta","Dentro del polígono regional","Norte","region_1"
2018-06-23,2018,6,-20.96,-69.01,105,4.1,"4.0 a 4.9","Profundo",0,0,"Tarapacá","Dentro del polígono regional","Norte","region_15"
2018-06-28,2018,6,-21.16,-69.01,116,4,"4.0 a 4.9","Profundo",0,0,"Tarapacá","Dentro del polígono regional","Norte","region_15"
2018-07-03,2018,7,-20.84,-69.09,107,4,"4.0 a 4.9","Profundo",0,0,"Tarapacá","Dentro del polígono regional","Norte","region_15"
2018-07-06,2018,7,-21.09,-68.91,112,4.2,"4.0 a 4.9","Profundo",0,0,"Tarapacá","Dentro del polígono regional","Norte","region_15"
2018-07-07,2018,7,-22.71,-70.19,54,4.1,"4.0 a 4.9","Intermedio",0,0,"Antofagasta","Dentro del polígono regional","Norte","region_1"
2018-10-04,2018,10,-22.9,-66.67,275,4.4,"4.0 a 4.9","Profundo",0,0,"Antofagasta","Región más cercana","Norte","region_1"
2018-10-27,2018,10,-22.44,-68.68,110,4.6,"4.0 a 4.9","Profundo",0,0,"Antofagasta","Dentro del polígono regional","Norte","region_1"
2018-01-10,2018,1,-18.22,-69.57,130,4.7,"4.0 a 4.9","Profundo",0,0,"Arica y Parinacota","Dentro del polígono regional","Norte","region_3"
2018-02-20,2018,2,-20.02,-70.51,33,4.1,"4.0 a 4.9","Intermedio",0,0,"Tarapacá","Región más cercana","Norte","region_15"
2018-02-20,2018,2,-25.34,-70.5,18,4.2,"4.0 a 4.9","Superficial",0,0,"Antofagasta","Región más cercana","Norte","region_1"
2018-03-08,2018,3,-22.94,-69.13,109,4.8,"4.0 a 4.9","Profundo",0,0,"Antofagasta","Dentro del polígono regional","Norte","region_1"
2018-03-17,2018,3,-18.79,-69.15,122,4.8,"4.0 a 4.9","Profundo",0,0,"Arica y Parinacota","Dentro del polígono regional","Norte","region_3"
2018-03-18,2018,3,-21.56,-69.57,18,4,"4.0 a 4.9","Superficial",0,0,"Tarapacá","Dentro del polígono regional","Norte","region_15"
2018-05-22,2018,5,-21.29,-68.73,113,4.7,"4.0 a 4.9","Profundo",0,0,"Antofagasta","Dentro del polígono regional","Norte","region_1"
2018-06-21,2018,6,-21.3,-69.86,46,4,"4.0 a 4.9","Intermedio",0,0,"Tarapacá","Dentro del polígono regional","Norte","region_15"
2018-06-21,2018,6,-24.25,-67.47,190,6.1,"6.0 o más","Profundo",1,1,"Antofagasta","Región más cercana","Norte","region_1"
2018-06-22,2018,6,-19.43,-70.34,53,4.4,"4.0 a 4.9","Intermedio",0,0,"Tarapacá","Región más cercana","Norte","region_15"
2018-06-26,2018,6,-18.61,-69.82,135,4.5,"4.0 a 4.9","Profundo",0,0,"Arica y Parinacota","Dentro del polígono regional","Norte","region_3"
2018-07-21,2018,7,-22.25,-68.67,117,4.9,"4.0 a 4.9","Profundo",0,0,"Antofagasta","Dentro del polígono regional","Norte","region_1"
2018-08-24,2018,8,-22.19,-70.41,56,4.1,"4.0 a 4.9","Intermedio",0,0,"Antofagasta","Región más cercana","Norte","region_1"
2018-02-22,2018,2,-20.22,-69.18,94,4,"4.0 a 4.9","Profundo",0,0,"Tarapacá","Dentro del polígono regional","Norte","region_15"
2018-03-30,2018,3,-20.65,-68.9,105,4.1,"4.0 a 4.9","Profundo",0,0,"Tarapacá","Dentro del polígono regional","Norte","region_15"
2018-04-19,2018,4,-20.17,-69.4,85,4.1,"4.0 a 4.9","Profundo",0,0,"Tarapacá","Dentro del polígono regional","Norte","region_15"
2018-06-07,2018,6,-20.81,-69.06,115,4.3,"4.0 a 4.9","Profundo",0,0,"Tarapacá","Dentro del polígono regional","Norte","region_15"
2018-08-01,2018,8,-20.4,-69.04,119,4.4,"4.0 a 4.9","Profundo",0,0,"Tarapacá","Dentro del polígono regional","Norte","region_15"
2018-09-03,2018,9,-20.64,-69.13,119,4.1,"4.0 a 4.9","Profundo",0,0,"Tarapacá","Dentro del polígono regional","Norte","region_15"
2018-09-14,2018,9,-19.26,-69.34,105,4.1,"4.0 a 4.9","Profundo",0,0,"Tarapacá","Dentro del polígono regional","Norte","region_15"
2018-11-01,2018,11,-22.29,-68.75,103,4.9,"4.0 a 4.9","Profundo",0,0,"Antofagasta","Dentro del polígono regional","Norte","region_1"
2018-11-01,2018,11,-19.65,-69.41,101,6.3,"6.0 o más","Profundo",1,1,"Tarapacá","Dentro del polígono regional","Norte","region_15"
2018-11-06,2018,11,-19.73,-69.39,89,4.8,"4.0 a 4.9","Profundo",0,0,"Tarapacá","Dentro del polígono regional","Norte","region_15"
2018-11-08,2018,11,-18.62,-70.52,39,4,"4.0 a 4.9","Intermedio",0,0,"Arica y Parinacota","Región más cercana","Norte","region_3"
2018-11-12,2018,11,-21.11,-68.96,112,4.5,"4.0 a 4.9","Profundo",0,0,"Tarapacá","Dentro del polígono regional","Norte","region_15"
2018-01-21,2018,1,-18.88,-69.61,129,6.2,"6.0 o más","Profundo",1,1,"Arica y Parinacota","Dentro del polígono regional","Norte","region_3"
2018-01-24,2018,1,-20.31,-69.11,106,5.3,"5.0 a 5.9","Profundo",1,0,"Tarapacá","Dentro del polígono regional","Norte","region_15"
2018-02-21,2018,2,-18.95,-69.35,107,4.9,"4.0 a 4.9","Profundo",0,0,"Arica y Parinacota","Dentro del polígono regional","Norte","region_3"
2018-03-04,2018,3,-20.45,-68.65,126,5.1,"5.0 a 5.9","Profundo",1,0,"Tarapacá","Región más cercana","Norte","region_15"
2018-03-10,2018,3,-19.96,-70.09,50,4,"4.0 a 4.9","Intermedio",0,0,"Tarapacá","Dentro del polígono regional","Norte","region_15"
2018-04-05,2018,4,-20.29,-70.53,46,5.4,"5.0 a 5.9","Intermedio",1,0,"Tarapacá","Región más cercana","Norte","region_15"
2018-04-17,2018,4,-21.46,-68.81,103,5,"5.0 a 5.9","Profundo",1,0,"Antofagasta","Dentro del polígono regional","Norte","region_1"
2018-05-02,2018,5,-20.14,-69.17,95,4.7,"4.0 a 4.9","Profundo",0,0,"Tarapacá","Dentro del polígono regional","Norte","region_15"
2018-05-22,2018,5,-19.43,-69.21,113,4.3,"4.0 a 4.9","Profundo",0,0,"Tarapacá","Dentro del polígono regional","Norte","region_15"
2018-05-23,2018,5,-20.72,-69.18,99,4,"4.0 a 4.9","Profundo",0,0,"Tarapacá","Dentro del polígono regional","Norte","region_15"
2018-05-29,2018,5,-20.17,-69.04,105,4.9,"4.0 a 4.9","Profundo",0,0,"Tarapacá","Dentro del polígono regional","Norte","region_15"
2018-06-07,2018,6,-20.87,-69.11,107,4.1,"4.0 a 4.9","Profundo",0,0,"Tarapacá","Dentro del polígono regional","Norte","region_15"
2018-06-12,2018,6,-20.78,-69.2,107,4.9,"4.0 a 4.9","Profundo",0,0,"Tarapacá","Dentro del polígono regional","Norte","region_15"
2018-06-14,2018,6,-19.93,-69.42,107,4.4,"4.0 a 4.9","Profundo",0,0,"Tarapacá","Dentro del polígono regional","Norte","region_15"
2018-06-15,2018,6,-20.04,-69.05,90,4.1,"4.0 a 4.9","Profundo",0,0,"Tarapacá","Dentro del polígono regional","Norte","region_15"
2018-07-11,2018,7,-19.92,-69.61,12,4.1,"4.0 a 4.9","Superficial",0,0,"Tarapacá","Dentro del polígono regional","Norte","region_15"
2018-08-04,2018,8,-19.64,-69.48,88,5.3,"5.0 a 5.9","Profundo",1,0,"Tarapacá","Dentro del polígono regional","Norte","region_15"
2018-08-14,2018,8,-19.62,-69.3,97,4.6,"4.0 a 4.9","Profundo",0,0,"Tarapacá","Dentro del polígono regional","Norte","region_15"
2018-09-16,2018,9,-20.4,-69.93,44,4.2,"4.0 a 4.9","Intermedio",0,0,"Tarapacá","Dentro del polígono regional","Norte","region_15"
2018-09-19,2018,9,-19.54,-70.38,56,5.2,"5.0 a 5.9","Intermedio",1,0,"Tarapacá","Región más cercana","Norte","region_15"
2018-12-01,2018,12,-33.93,-72.47,36,5.2,"5.0 a 5.9","Intermedio",1,0,"O'Higgins","Región más cercana","Centro","region_8"
2018-12-11,2018,12,-20.99,-69.95,68,5.1,"5.0 a 5.9","Intermedio",1,0,"Tarapacá","Región más cercana","Norte","region_15"
2018-12-16,2018,12,-23.44,-69.36,89,5,"5.0 a 5.9","Profundo",1,0,"Antofagasta","Dentro del polígono regional","Norte","region_1"
2018-12-17,2018,12,-21.69,-69.04,94,4.2,"4.0 a 4.9","Profundo",0,0,"Antofagasta","Dentro del polígono regional","Norte","region_1"
2018-12-20,2018,12,-19.96,-69.35,84,4.2,"4.0 a 4.9","Profundo",0,0,"Tarapacá","Dentro del polígono regional","Norte","region_15"
2018-12-24,2018,12,-22.09,-68.9,98,4.7,"4.0 a 4.9","Profundo",0,0,"Antofagasta","Dentro del polígono regional","Norte","region_1"
2018-12-28,2018,12,-19.91,-69.21,92,4,"4.0 a 4.9","Profundo",0,0,"Tarapacá","Dentro del polígono regional","Norte","region_15"
2018-05-21,2018,5,-30.27,-71.62,33,4.2,"4.0 a 4.9","Intermedio",0,0,"Coquimbo","Dentro del polígono regional","Norte","region_7"
2018-07-15,2018,7,-30.83,-71.39,55,4.1,"4.0 a 4.9","Intermedio",0,0,"Coquimbo","Dentro del polígono regional","Norte","region_7"
2018-07-16,2018,7,-30.92,-71.28,60,4.1,"4.0 a 4.9","Intermedio",0,0,"Coquimbo","Dentro del polígono regional","Norte","region_7"
2018-09-01,2018,9,-30.39,-71.61,42,4,"4.0 a 4.9","Intermedio",0,0,"Coquimbo","Dentro del polígono regional","Norte","region_7"
2018-11-06,2018,11,-31.38,-72.41,18,4.2,"4.0 a 4.9","Superficial",0,0,"Coquimbo","Región más cercana","Norte","region_7"
2018-11-15,2018,11,-30.16,-71.23,78,4,"4.0 a 4.9","Profundo",0,0,"Coquimbo","Dentro del polígono regional","Norte","region_7"
2018-12-01,2018,12,-30.72,-71.44,39,4,"4.0 a 4.9","Intermedio",0,0,"Coquimbo","Dentro del polígono regional","Norte","region_7"
2018-12-11,2018,12,-30.57,-71.28,60,4.4,"4.0 a 4.9","Intermedio",0,0,"Coquimbo","Dentro del polígono regional","Norte","region_7"
2018-09-02,2018,9,-29.39,-71.2,49,4.6,"4.0 a 4.9","Intermedio",0,0,"Coquimbo","Dentro del polígono regional","Norte","region_7"
2018-09-10,2018,9,-28.82,-71.52,32,5,"5.0 a 5.9","Intermedio",1,0,"Atacama","Región más cercana","Norte","region_4"
2018-09-26,2018,9,-29.64,-70.64,102,4.1,"4.0 a 4.9","Profundo",0,0,"Coquimbo","Dentro del polígono regional","Norte","region_7"
2018-09-28,2018,9,-30.3,-71.34,48,4.2,"4.0 a 4.9","Intermedio",0,0,"Coquimbo","Dentro del polígono regional","Norte","region_7"
2018-09-28,2018,9,-30.02,-71.74,32,4.3,"4.0 a 4.9","Intermedio",0,0,"Coquimbo","Región más cercana","Norte","region_7"
2018-11-06,2018,11,-29.79,-71.48,47,4.1,"4.0 a 4.9","Intermedio",0,0,"Coquimbo","Región más cercana","Norte","region_7"
2018-12-05,2018,12,-30.32,-71.53,26,4.2,"4.0 a 4.9","Superficial",0,0,"Coquimbo","Dentro del polígono regional","Norte","region_7"
2018-12-07,2018,12,-29.01,-70.36,97,4.8,"4.0 a 4.9","Profundo",0,0,"Atacama","Dentro del polígono regional","Norte","region_4"
2018-08-12,2018,8,-29.72,-71.3,53,4.2,"4.0 a 4.9","Intermedio",0,0,"Coquimbo","Dentro del polígono regional","Norte","region_7"
2018-11-20,2018,11,-29.87,-71.36,49,4.2,"4.0 a 4.9","Intermedio",0,0,"Coquimbo","Región más cercana","Norte","region_7"
2018-03-19,2018,3,-32.71,-71.63,32,4,"4.0 a 4.9","Intermedio",0,0,"Valparaíso","Región más cercana","Centro","region_16"
2018-03-19,2018,3,-32.39,-69.75,149,5.1,"5.0 a 5.9","Profundo",1,0,"Valparaíso","Región más cercana","Centro","region_16"
2018-04-02,2018,4,-31.66,-71.72,43,4.7,"4.0 a 4.9","Intermedio",0,0,"Coquimbo","Región más cercana","Norte","region_7"
2018-04-14,2018,4,-31.77,-71.61,37,4.6,"4.0 a 4.9","Intermedio",0,0,"Coquimbo","Región más cercana","Norte","region_7"
2018-05-19,2018,5,-32.2,-71.38,40,4.8,"4.0 a 4.9","Intermedio",0,0,"Valparaíso","Dentro del polígono regional","Centro","region_16"
2018-05-27,2018,5,-31.3,-71.36,47,4.4,"4.0 a 4.9","Intermedio",0,0,"Coquimbo","Dentro del polígono regional","Norte","region_7"
2018-05-28,2018,5,-31.24,-68.96,150,5.2,"5.0 a 5.9","Profundo",1,0,"Coquimbo","Región más cercana","Norte","region_7"
2018-06-24,2018,6,-31.92,-71.57,74,4.4,"4.0 a 4.9","Profundo",0,0,"Coquimbo","Región más cercana","Norte","region_7"
2018-06-26,2018,6,-32.16,-71.73,35,4.6,"4.0 a 4.9","Intermedio",0,0,"Valparaíso","Región más cercana","Centro","region_16"
2018-08-18,2018,8,-32.27,-71.6,63,4.2,"4.0 a 4.9","Intermedio",0,0,"Valparaíso","Región más cercana","Centro","region_16"
2018-09-14,2018,9,-32.52,-71.59,33,4.5,"4.0 a 4.9","Intermedio",0,0,"Valparaíso","Región más cercana","Centro","region_16"
2018-09-14,2018,9,-32.53,-71.59,29,4.1,"4.0 a 4.9","Superficial",0,0,"Valparaíso","Región más cercana","Centro","region_16"
2018-03-23,2018,3,-31.3,-71.19,67,4.2,"4.0 a 4.9","Intermedio",0,0,"Coquimbo","Dentro del polígono regional","Norte","region_7"
2018-06-20,2018,6,-30.71,-71.4,49,4.1,"4.0 a 4.9","Intermedio",0,0,"Coquimbo","Dentro del polígono regional","Norte","region_7"
2018-06-28,2018,6,-31.16,-71.29,53,4.4,"4.0 a 4.9","Intermedio",0,0,"Coquimbo","Dentro del polígono regional","Norte","region_7"
2018-06-29,2018,6,-30.64,-71.25,49,4.4,"4.0 a 4.9","Intermedio",0,0,"Coquimbo","Dentro del polígono regional","Norte","region_7"
2018-08-01,2018,8,-31.37,-72.13,44,4.7,"4.0 a 4.9","Intermedio",0,0,"Coquimbo","Región más cercana","Norte","region_7"
2018-08-22,2018,8,-30.71,-71.39,49,4,"4.0 a 4.9","Intermedio",0,0,"Coquimbo","Dentro del polígono regional","Norte","region_7"
2018-08-27,2018,8,-29.73,-71.48,57,5.1,"5.0 a 5.9","Intermedio",1,0,"Coquimbo","Región más cercana","Norte","region_7"
2018-08-30,2018,8,-32.4,-71.23,56,5,"5.0 a 5.9","Intermedio",1,0,"Valparaíso","Dentro del polígono regional","Centro","region_16"
2018-08-31,2018,8,-32.23,-70.49,106,5.2,"5.0 a 5.9","Profundo",1,0,"Valparaíso","Dentro del polígono regional","Centro","region_16"
2018-09-07,2018,9,-28.91,-70.17,97,6.1,"6.0 o más","Profundo",1,1,"Atacama","Dentro del polígono regional","Norte","region_4"
2018-09-07,2018,9,-30.43,-70,115,4.9,"4.0 a 4.9","Profundo",0,0,"Coquimbo","Región más cercana","Norte","region_7"
2018-09-18,2018,9,-30.85,-71.33,42,4.1,"4.0 a 4.9","Intermedio",0,0,"Coquimbo","Dentro del polígono regional","Norte","region_7"
2018-11-21,2018,11,-31.6,-71.44,47,4.9,"4.0 a 4.9","Intermedio",0,0,"Coquimbo","Dentro del polígono regional","Norte","region_7"
2018-12-05,2018,12,-33.69,-71.5,40,5.3,"5.0 a 5.9","Intermedio",1,0,"Valparaíso","Dentro del polígono regional","Centro","region_16"
2018-12-31,2018,12,-31.82,-69.8,151,5.6,"5.0 a 5.9","Profundo",1,0,"Coquimbo","Región más cercana","Norte","region_7"
2018-01-26,2018,1,-30.99,-71.32,55,4.1,"4.0 a 4.9","Intermedio",0,0,"Coquimbo","Dentro del polígono regional","Norte","region_7"
2018-02-02,2018,2,-30.03,-71.66,26,4,"4.0 a 4.9","Superficial",0,0,"Coquimbo","Región más cercana","Norte","region_7"
2018-02-18,2018,2,-31.44,-68.84,100,4.2,"4.0 a 4.9","Profundo",0,0,"Coquimbo","Región más cercana","Norte","region_7"
2018-02-19,2018,2,-31.58,-71.87,32,4.4,"4.0 a 4.9","Intermedio",0,0,"Coquimbo","Región más cercana","Norte","region_7"
2018-02-19,2018,2,-30.29,-71.51,51,4.2,"4.0 a 4.9","Intermedio",0,0,"Coquimbo","Dentro del polígono regional","Norte","region_7"
2018-02-20,2018,2,-31.61,-71.9,31,4.4,"4.0 a 4.9","Intermedio",0,0,"Coquimbo","Región más cercana","Norte","region_7"
2018-02-23,2018,2,-33.08,-72.09,32,4,"4.0 a 4.9","Intermedio",0,0,"Valparaíso","Región más cercana","Centro","region_16"
2018-02-23,2018,2,-34.52,-72.24,28,4.6,"4.0 a 4.9","Superficial",0,0,"O'Higgins","Región más cercana","Centro","region_8"
2018-02-26,2018,2,-28.38,-67.55,139,4.9,"4.0 a 4.9","Profundo",0,0,"Atacama","Región más cercana","Norte","region_4"
2018-03-02,2018,3,-34.38,-70.52,99,4.3,"4.0 a 4.9","Profundo",0,0,"O'Higgins","Dentro del polígono regional","Centro","region_8"
2018-03-08,2018,3,-33.51,-70.13,120,4.2,"4.0 a 4.9","Profundo",0,0,"Región Metropolitana","Dentro del polígono regional","Centro","region_14"
2018-03-09,2018,3,-31.84,-71.98,30,4.5,"4.0 a 4.9","Intermedio",0,0,"Coquimbo","Región más cercana","Norte","region_7"
2018-03-24,2018,3,-25.69,-69.06,115,4.7,"4.0 a 4.9","Profundo",0,0,"Atacama","Dentro del polígono regional","Norte","region_4"
2018-04-14,2018,4,-28.36,-70.21,96,4,"4.0 a 4.9","Profundo",0,0,"Atacama","Dentro del polígono regional","Norte","region_4"
2018-07-05,2018,7,-30.63,-71.67,40,4,"4.0 a 4.9","Intermedio",0,0,"Coquimbo","Dentro del polígono regional","Norte","region_7"
2018-12-02,2018,12,-30.67,-71.84,34,4.4,"4.0 a 4.9","Intermedio",0,0,"Coquimbo","Región más cercana","Norte","region_7"
2018-01-20,2018,1,-28.98,-71.74,49,5.2,"5.0 a 5.9","Intermedio",1,0,"Atacama","Región más cercana","Norte","region_4"
2018-01-22,2018,1,-29.62,-71.49,49,4.3,"4.0 a 4.9","Intermedio",0,0,"Coquimbo","Región más cercana","Norte","region_7"
2018-01-27,2018,1,-29.19,-71.13,59,4.2,"4.0 a 4.9","Intermedio",0,0,"Atacama","Dentro del polígono regional","Norte","region_4"
2018-01-28,2018,1,-28.2,-69.39,127,5.1,"5.0 a 5.9","Profundo",1,0,"Atacama","Dentro del polígono regional","Norte","region_4"
2018-01-28,2018,1,-31.27,-69.27,183,5.5,"5.0 a 5.9","Profundo",1,0,"Coquimbo","Región más cercana","Norte","region_7"
2018-02-01,2018,2,-31.56,-70.3,133,5.2,"5.0 a 5.9","Profundo",1,0,"Coquimbo","Región más cercana","Norte","region_7"
2018-02-06,2018,2,-29.39,-71.74,44,4,"4.0 a 4.9","Intermedio",0,0,"Coquimbo","Región más cercana","Norte","region_7"
2018-02-16,2018,2,-29.37,-69.64,123,4.9,"4.0 a 4.9","Profundo",0,0,"Atacama","Región más cercana","Norte","region_4"
2018-02-20,2018,2,-25.34,-70.5,35,5.3,"5.0 a 5.9","Intermedio",1,0,"Antofagasta","Región más cercana","Norte","region_1"
2018-02-25,2018,2,-31.59,-71.46,50,4,"4.0 a 4.9","Intermedio",0,0,"Coquimbo","Dentro del polígono regional","Norte","region_7"
2018-03-04,2018,3,-31.04,-71.36,63,4.3,"4.0 a 4.9","Intermedio",0,0,"Coquimbo","Dentro del polígono regional","Norte","region_7"
2018-03-04,2018,3,-30.87,-71.17,58,4.7,"4.0 a 4.9","Intermedio",0,0,"Coquimbo","Dentro del polígono regional","Norte","region_7"
2018-03-06,2018,3,-29.02,-71.5,35,4.4,"4.0 a 4.9","Intermedio",0,0,"Atacama","Dentro del polígono regional","Norte","region_4"
2018-03-07,2018,3,-30.7,-71.36,52,4.8,"4.0 a 4.9","Intermedio",0,0,"Coquimbo","Dentro del polígono regional","Norte","region_7"
2018-03-10,2018,3,-27.19,-70.23,90,4.4,"4.0 a 4.9","Profundo",0,0,"Atacama","Dentro del polígono regional","Norte","region_4"
2018-03-18,2018,3,-28.88,-71.29,40,4,"4.0 a 4.9","Intermedio",0,0,"Atacama","Dentro del polígono regional","Norte","region_4"
2018-03-19,2018,3,-27.49,-69.92,99,4.4,"4.0 a 4.9","Profundo",0,0,"Atacama","Dentro del polígono regional","Norte","region_4"
2018-03-30,2018,3,-30.68,-71.69,36,4.4,"4.0 a 4.9","Intermedio",0,0,"Coquimbo","Dentro del polígono regional","Norte","region_7"
2018-04-02,2018,4,-30.36,-71.38,41,4,"4.0 a 4.9","Intermedio",0,0,"Coquimbo","Dentro del polígono regional","Norte","region_7"
2018-04-05,2018,4,-28.16,-70.65,68,4.3,"4.0 a 4.9","Intermedio",0,0,"Atacama","Dentro del polígono regional","Norte","region_4"
2018-04-10,2018,4,-31,-71.54,74,6.2,"6.0 o más","Profundo",1,1,"Coquimbo","Dentro del polígono regional","Norte","region_7"
2018-04-15,2018,4,-28.98,-70.2,115,4.5,"4.0 a 4.9","Profundo",0,0,"Atacama","Dentro del polígono regional","Norte","region_4"
2018-04-16,2018,4,-29.85,-71.7,27,4.5,"4.0 a 4.9","Superficial",0,0,"Coquimbo","Región más cercana","Norte","region_7"
2018-04-21,2018,4,-27.25,-69.27,115,4.4,"4.0 a 4.9","Profundo",0,0,"Atacama","Dentro del polígono regional","Norte","region_4"
2018-04-26,2018,4,-30.62,-71.17,56,5.3,"5.0 a 5.9","Intermedio",1,0,"Coquimbo","Dentro del polígono regional","Norte","region_7"
2018-05-04,2018,5,-29.82,-71.38,49,5,"5.0 a 5.9","Intermedio",1,0,"Coquimbo","Región más cercana","Norte","region_7"
2018-05-11,2018,5,-29.93,-71.63,40,4,"4.0 a 4.9","Intermedio",0,0,"Coquimbo","Región más cercana","Norte","region_7"
2018-06-15,2018,6,-29.59,-71.3,60,4.3,"4.0 a 4.9","Intermedio",0,0,"Coquimbo","Dentro del polígono regional","Norte","region_7"
2018-06-21,2018,6,-30.38,-71.49,28,4.3,"4.0 a 4.9","Superficial",0,0,"Coquimbo","Dentro del polígono regional","Norte","region_7"
2018-06-22,2018,6,-28.79,-70.72,13,4.9,"4.0 a 4.9","Superficial",0,0,"Atacama","Dentro del polígono regional","Norte","region_4"
2018-06-26,2018,6,-30.38,-71.69,38,4.8,"4.0 a 4.9","Intermedio",0,0,"Coquimbo","Región más cercana","Norte","region_7"
2018-07-01,2018,7,-28.86,-71.15,44,4.4,"4.0 a 4.9","Intermedio",0,0,"Atacama","Dentro del polígono regional","Norte","region_4"
2018-07-21,2018,7,-29.87,-71.61,36,4.4,"4.0 a 4.9","Intermedio",0,0,"Coquimbo","Región más cercana","Norte","region_7"
2018-08-10,2018,8,-29.37,-71.72,38,4.1,"4.0 a 4.9","Intermedio",0,0,"Coquimbo","Región más cercana","Norte","region_7"
2018-08-28,2018,8,-29.7,-71.3,47,5.1,"5.0 a 5.9","Intermedio",1,0,"Coquimbo","Dentro del polígono regional","Norte","region_7"
2018-10-25,2018,10,-30.64,-71.74,37,4.9,"4.0 a 4.9","Intermedio",0,0,"Coquimbo","Región más cercana","Norte","region_7"
2018-11-09,2018,11,-30.68,-71.75,35,5.2,"5.0 a 5.9","Intermedio",1,0,"Coquimbo","Región más cercana","Norte","region_7"
2018-12-06,2018,12,-30.72,-71.41,50,4.6,"4.0 a 4.9","Intermedio",0,0,"Coquimbo","Dentro del polígono regional","Norte","region_7"
2018-12-16,2018,12,-30.65,-71.63,31,4.7,"4.0 a 4.9","Intermedio",0,0,"Coquimbo","Dentro del polígono regional","Norte","region_7"
2019-01-06,2019,1,-19.6,-69.67,102,5,"5.0 a 5.9","Profundo",1,0,"Tarapacá","Dentro del polígono regional","Norte","region_15"
2019-01-07,2019,1,-19.61,-69.13,104,4.9,"4.0 a 4.9","Profundo",0,0,"Tarapacá","Dentro del polígono regional","Norte","region_15"
2019-01-08,2019,1,-20.59,-69.79,24,4.3,"4.0 a 4.9","Superficial",0,0,"Tarapacá","Dentro del polígono regional","Norte","region_15"
2019-01-22,2019,1,-30.23,-71.22,60,4,"4.0 a 4.9","Intermedio",0,0,"Coquimbo","Dentro del polígono regional","Norte","region_7"
2019-01-25,2019,1,-30.24,-71.33,66,4,"4.0 a 4.9","Intermedio",0,0,"Coquimbo","Dentro del polígono regional","Norte","region_7"
2019-01-26,2019,1,-19.17,-70.12,68,4.2,"4.0 a 4.9","Intermedio",0,0,"Tarapacá","Dentro del polígono regional","Norte","region_15"
2019-01-30,2019,1,-25.87,-70.62,54,5.5,"5.0 a 5.9","Intermedio",1,0,"Antofagasta","Dentro del polígono regional","Norte","region_1"
2019-01-09,2019,1,-30.17,-71.68,54,4.2,"4.0 a 4.9","Intermedio",0,0,"Coquimbo","Región más cercana","Norte","region_7"
2019-01-20,2019,1,-30.14,-71.24,62,4.3,"4.0 a 4.9","Intermedio",0,0,"Coquimbo","Dentro del polígono regional","Norte","region_7"
2019-01-20,2019,1,-29.97,-71.95,24,4.7,"4.0 a 4.9","Superficial",0,0,"Coquimbo","Región más cercana","Norte","region_7"
2019-01-22,2019,1,-30.22,-71.24,64,4.2,"4.0 a 4.9","Intermedio",0,0,"Coquimbo","Dentro del polígono regional","Norte","region_7"
2019-01-22,2019,1,-30.23,-71.24,59,4.3,"4.0 a 4.9","Intermedio",0,0,"Coquimbo","Dentro del polígono regional","Norte","region_7"
2019-01-24,2019,1,-30.12,-71.3,65,4,"4.0 a 4.9","Intermedio",0,0,"Coquimbo","Dentro del polígono regional","Norte","region_7"
2019-01-28,2019,1,-29.68,-71.28,50,4.5,"4.0 a 4.9","Intermedio",0,0,"Coquimbo","Dentro del polígono regional","Norte","region_7"
2019-01-29,2019,1,-31.72,-71.3,56,4,"4.0 a 4.9","Intermedio",0,0,"Coquimbo","Dentro del polígono regional","Norte","region_7"
2019-01-20,2019,1,-30.28,-71.36,50,6.7,"6.0 o más","Intermedio",1,1,"Coquimbo","Dentro del polígono regional","Norte","region_7"
2019-01-20,2019,1,-30.27,-71.29,61,4.1,"4.0 a 4.9","Intermedio",0,0,"Coquimbo","Dentro del polígono regional","Norte","region_7"
2019-01-20,2019,1,-30.09,-71.24,64,4.2,"4.0 a 4.9","Intermedio",0,0,"Coquimbo","Dentro del polígono regional","Norte","region_7"
2019-01-22,2019,1,-30.15,-71.25,61,4.5,"4.0 a 4.9","Intermedio",0,0,"Coquimbo","Dentro del polígono regional","Norte","region_7"
2019-01-22,2019,1,-30.21,-71.18,65,4.3,"4.0 a 4.9","Intermedio",0,0,"Coquimbo","Dentro del polígono regional","Norte","region_7"
2019-01-29,2019,1,-30.75,-71.03,72,4.4,"4.0 a 4.9","Profundo",0,0,"Coquimbo","Dentro del polígono regional","Norte","region_7"
2019-02-03,2019,2,-31.41,-71.74,26,5,"5.0 a 5.9","Superficial",1,0,"Coquimbo","Región más cercana","Norte","region_7"
2019-02-07,2019,2,-30.13,-71.26,60,4.3,"4.0 a 4.9","Intermedio",0,0,"Coquimbo","Dentro del polígono regional","Norte","region_7"
2019-02-25,2019,2,-29.78,-71.65,36,5.3,"5.0 a 5.9","Intermedio",1,0,"Coquimbo","Región más cercana","Norte","region_7"
2019-01-18,2019,1,-30.77,-71.3,62,4.4,"4.0 a 4.9","Intermedio",0,0,"Coquimbo","Dentro del polígono regional","Norte","region_7"
2019-01-24,2019,1,-30.17,-71.22,58,5,"5.0 a 5.9","Intermedio",1,0,"Coquimbo","Dentro del polígono regional","Norte","region_7"
2022-04-16,2022,4,-34,-72.38,31,4.9,"4.0 a 4.9","Intermedio",0,0,"O'Higgins","Región más cercana","Centro","region_8"
2021-01-21,2021,1,-25.45,-69.47,113,4.3,"4.0 a 4.9","Profundo",0,0,"Antofagasta","Dentro del polígono regional","Norte","region_1"
2021-12-05,2021,12,-25.32,-69.01,122,5.3,"5.0 a 5.9","Profundo",1,0,"Antofagasta","Dentro del polígono regional","Norte","region_1"
2022-09-06,2022,9,-22.98,-68.96,82,5.3,"5.0 a 5.9","Profundo",1,0,"Antofagasta","Dentro del polígono regional","Norte","region_1"
2020-06-03,2020,6,-23.25,-68.53,123,6.9,"6.0 o más","Profundo",1,1,"Antofagasta","Dentro del polígono regional","Norte","region_1"
2020-06-25,2020,6,-32.25,-71.66,41,5.2,"5.0 a 5.9","Intermedio",1,0,"Valparaíso","Región más cercana","Centro","region_16"
2023-05-07,2023,5,-25.36,-70.45,48,5.3,"5.0 a 5.9","Intermedio",1,0,"Antofagasta","Región más cercana","Norte","region_1"
2023-05-28,2023,5,-23.39,-69.89,36,5,"5.0 a 5.9","Intermedio",1,0,"Antofagasta","Dentro del polígono regional","Norte","region_1"
2023-05-30,2023,5,-20.65,-70.57,42,5.5,"5.0 a 5.9","Intermedio",1,0,"Tarapacá","Región más cercana","Norte","region_15"
2022-05-20,2022,5,-27.02,-70.73,49,4.5,"4.0 a 4.9","Intermedio",0,0,"Atacama","Dentro del polígono regional","Norte","region_4"
2022-07-13,2022,7,-27.29,-70.24,88,3.8,"Menor a 4","Profundo",0,0,"Atacama","Dentro del polígono regional","Norte","region_4"
2022-09-16,2022,9,-27.61,-70.12,74,3.5,"Menor a 4","Profundo",0,0,"Atacama","Dentro del polígono regional","Norte","region_4"
2022-10-29,2022,10,-28.69,-71.38,40,4.7,"4.0 a 4.9","Intermedio",0,0,"Atacama","Región más cercana","Norte","region_4"
2022-11-03,2022,11,-27.82,-71.08,32,4.3,"4.0 a 4.9","Intermedio",0,0,"Atacama","Dentro del polígono regional","Norte","region_4"
2023-01-20,2023,1,-27.94,-70.18,96,3.9,"Menor a 4","Profundo",0,0,"Atacama","Dentro del polígono regional","Norte","region_4"
2023-02-27,2023,2,-26.88,-70.2,80,4.5,"4.0 a 4.9","Profundo",0,0,"Atacama","Dentro del polígono regional","Norte","region_4"
2023-03-05,2023,3,-28.26,-71.21,33,4.4,"4.0 a 4.9","Intermedio",0,0,"Atacama","Región más cercana","Norte","region_4"
2022-12-30,2022,12,-27.64,-70.24,94,4.5,"4.0 a 4.9","Profundo",0,0,"Atacama","Dentro del polígono regional","Norte","region_4"
2022-11-19,2022,11,-32.4,-71.74,33,4.2,"4.0 a 4.9","Intermedio",0,0,"Valparaíso","Región más cercana","Centro","region_16"
2022-12-27,2022,12,-32.65,-72.71,20,4.6,"4.0 a 4.9","Superficial",0,0,"Valparaíso","Región más cercana","Centro","region_16"
2023-01-16,2023,1,-32.61,-71.75,35,4.3,"4.0 a 4.9","Intermedio",0,0,"Valparaíso","Región más cercana","Centro","region_16"
2023-02-24,2023,2,-32.15,-71.71,29,4.4,"4.0 a 4.9","Superficial",0,0,"Valparaíso","Región más cercana","Centro","region_16"
2023-04-24,2023,4,-33.66,-72.04,31,4.8,"4.0 a 4.9","Intermedio",0,0,"Valparaíso","Región más cercana","Centro","region_16"
2023-02-25,2023,2,-26.85,-71.05,24,3.7,"Menor a 4","Superficial",0,0,"Atacama","Región más cercana","Norte","region_4"
2023-03-14,2023,3,-26.97,-71.16,38,4.1,"4.0 a 4.9","Intermedio",0,0,"Atacama","Región más cercana","Norte","region_4"
2022-06-16,2022,6,-27.78,-70.51,82,3.2,"Menor a 4","Profundo",0,0,"Atacama","Dentro del polígono regional","Norte","region_4"
2023-04-06,2023,4,-27.48,-71.05,52,4,"4.0 a 4.9","Intermedio",0,0,"Atacama","Región más cercana","Norte","region_4"
2022-06-29,2022,6,-28.84,-71.04,70,4,"4.0 a 4.9","Profundo",0,0,"Atacama","Dentro del polígono regional","Norte","region_4"
2022-07-13,2022,7,-28.74,-70.56,90,4.4,"4.0 a 4.9","Profundo",0,0,"Atacama","Dentro del polígono regional","Norte","region_4"
2022-08-23,2022,8,-28.67,-71.21,54,4,"4.0 a 4.9","Intermedio",0,0,"Atacama","Dentro del polígono regional","Norte","region_4"
2021-07-29,2021,7,-28.87,-71.05,77,4.1,"4.0 a 4.9","Profundo",0,0,"Atacama","Dentro del polígono regional","Norte","region_4"
2021-06-01,2021,6,-27.61,-69.32,21,3.8,"Menor a 4","Superficial",0,0,"Atacama","Dentro del polígono regional","Norte","region_4"
2020-09-12,2020,9,-28.16,-71.36,35,4,"4.0 a 4.9","Intermedio",0,0,"Atacama","Región más cercana","Norte","region_4"
2020-09-15,2020,9,-27.95,-71.42,19,4.6,"4.0 a 4.9","Superficial",0,0,"Atacama","Región más cercana","Norte","region_4"
2020-09-14,2020,9,-28.62,-71.42,44,4.4,"4.0 a 4.9","Intermedio",0,0,"Atacama","Región más cercana","Norte","region_4"
2021-06-22,2021,6,-28.64,-71.31,28,3.4,"Menor a 4","Superficial",0,0,"Atacama","Región más cercana","Norte","region_4"
2021-07-04,2021,7,-28.76,-71.43,21,4.1,"4.0 a 4.9","Superficial",0,0,"Atacama","Región más cercana","Norte","region_4"
2021-07-04,2021,7,-28.79,-71.53,34,3.9,"Menor a 4","Intermedio",0,0,"Atacama","Región más cercana","Norte","region_4"
2021-07-04,2021,7,-28.75,-71.57,24,3.9,"Menor a 4","Superficial",0,0,"Atacama","Región más cercana","Norte","region_4"
2021-07-04,2021,7,-28.71,-71.56,29,4.4,"4.0 a 4.9","Superficial",0,0,"Atacama","Región más cercana","Norte","region_4"
2021-07-05,2021,7,-28.8,-71.53,39,4.3,"4.0 a 4.9","Intermedio",0,0,"Atacama","Región más cercana","Norte","region_4"
2021-07-14,2021,7,-29.24,-71.14,56,4,"4.0 a 4.9","Intermedio",0,0,"Atacama","Dentro del polígono regional","Norte","region_4"
2021-07-16,2021,7,-28.88,-70.72,69,3.9,"Menor a 4","Intermedio",0,0,"Atacama","Dentro del polígono regional","Norte","region_4"
2021-09-18,2021,9,-28.76,-71.48,31,4.3,"4.0 a 4.9","Intermedio",0,0,"Atacama","Región más cercana","Norte","region_4"
2022-09-23,2022,9,-29,-71.55,49,4.7,"4.0 a 4.9","Intermedio",0,0,"Atacama","Región más cercana","Norte","region_4"
2022-12-06,2022,12,-29.22,-71.36,55,4.4,"4.0 a 4.9","Intermedio",0,0,"Coquimbo","Dentro del polígono regional","Norte","region_7"
2023-02-14,2023,2,-28.71,-71.61,19,3.8,"Menor a 4","Superficial",0,0,"Atacama","Región más cercana","Norte","region_4"
2020-10-25,2020,10,-29.54,-71.43,46,3.7,"Menor a 4","Intermedio",0,0,"Coquimbo","Región más cercana","Norte","region_7"
2020-10-28,2020,10,-29.35,-71.18,54,3.9,"Menor a 4","Intermedio",0,0,"Coquimbo","Dentro del polígono regional","Norte","region_7"
2021-02-22,2021,2,-29.33,-71.06,70,3.6,"Menor a 4","Profundo",0,0,"Atacama","Dentro del polígono regional","Norte","region_4"
2021-07-04,2021,7,-28.75,-71.56,35,4.6,"4.0 a 4.9","Intermedio",0,0,"Atacama","Región más cercana","Norte","region_4"
2021-07-04,2021,7,-28.77,-71.5,30,4.3,"4.0 a 4.9","Intermedio",0,0,"Atacama","Región más cercana","Norte","region_4"
2021-07-05,2021,7,-28.77,-71.69,21,4.6,"4.0 a 4.9","Superficial",0,0,"Atacama","Región más cercana","Norte","region_4"
2021-07-05,2021,7,-28.79,-71.67,35,4.9,"4.0 a 4.9","Intermedio",0,0,"Atacama","Región más cercana","Norte","region_4"
2021-07-13,2021,7,-28.79,-71.37,39,4,"4.0 a 4.9","Intermedio",0,0,"Atacama","Dentro del polígono regional","Norte","region_4"
2021-07-25,2021,7,-28.76,-71.47,37,4.3,"4.0 a 4.9","Intermedio",0,0,"Atacama","Región más cercana","Norte","region_4"
2023-01-05,2023,1,-28.29,-70.91,52,4.3,"4.0 a 4.9","Intermedio",0,0,"Atacama","Dentro del polígono regional","Norte","region_4"
2020-09-27,2020,9,-28.83,-71.1,44,3.4,"Menor a 4","Intermedio",0,0,"Atacama","Dentro del polígono regional","Norte","region_4"
2020-10-18,2020,10,-29.01,-71.1,46,3.5,"Menor a 4","Intermedio",0,0,"Atacama","Dentro del polígono regional","Norte","region_4"
2022-12-01,2022,12,-28.84,-71.04,50,4,"4.0 a 4.9","Intermedio",0,0,"Atacama","Dentro del polígono regional","Norte","region_4"
2020-11-15,2020,11,-29.33,-71.15,54,3.8,"Menor a 4","Intermedio",0,0,"Coquimbo","Dentro del polígono regional","Norte","region_7"
2021-02-05,2021,2,-29.27,-71.29,60,3.2,"Menor a 4","Intermedio",0,0,"Coquimbo","Dentro del polígono regional","Norte","region_7"
2021-03-15,2021,3,-29.45,-71.03,55,3.7,"Menor a 4","Intermedio",0,0,"Coquimbo","Dentro del polígono regional","Norte","region_7"
2021-03-25,2021,3,-29.31,-71.25,66,3.5,"Menor a 4","Intermedio",0,0,"Coquimbo","Dentro del polígono regional","Norte","region_7"
2021-05-09,2021,5,-28.87,-71.47,32,3.5,"Menor a 4","Intermedio",0,0,"Atacama","Dentro del polígono regional","Norte","region_4"
2021-07-12,2021,7,-29.6,-71.25,51,3.6,"Menor a 4","Intermedio",0,0,"Coquimbo","Dentro del polígono regional","Norte","region_7"
2021-09-11,2021,9,-29.22,-71.35,72,3.3,"Menor a 4","Profundo",0,0,"Coquimbo","Dentro del polígono regional","Norte","region_7"
2023-06-03,2023,6,-20.72,-68.89,109,5.2,"5.0 a 5.9","Profundo",1,0,"Tarapacá","Dentro del polígono regional","Norte","region_15"
2023-06-15,2023,6,-34.51,-71.87,47,5.1,"5.0 a 5.9","Intermedio",1,0,"O'Higgins","Dentro del polígono regional","Centro","region_8"
2022-09-14,2022,9,-30.62,-71.24,46,4.7,"4.0 a 4.9","Intermedio",0,0,"Coquimbo","Dentro del polígono regional","Norte","region_7"
2022-10-10,2022,10,-29.81,-71.58,36,4.8,"4.0 a 4.9","Intermedio",0,0,"Coquimbo","Región más cercana","Norte","region_7"
2022-11-15,2022,11,-30.63,-71.28,50,4.6,"4.0 a 4.9","Intermedio",0,0,"Coquimbo","Dentro del polígono regional","Norte","region_7"
2022-11-24,2022,11,-29.99,-71.62,43,4,"4.0 a 4.9","Intermedio",0,0,"Coquimbo","Región más cercana","Norte","region_7"
2022-12-16,2022,12,-29.56,-71.51,71,4.3,"4.0 a 4.9","Profundo",0,0,"Coquimbo","Región más cercana","Norte","region_7"
2022-12-20,2022,12,-29.23,-71.25,49,3.9,"Menor a 4","Intermedio",0,0,"Coquimbo","Dentro del polígono regional","Norte","region_7"
2022-12-24,2022,12,-30.16,-71.28,65,4.1,"4.0 a 4.9","Intermedio",0,0,"Coquimbo","Dentro del polígono regional","Norte","region_7"
2022-12-28,2022,12,-30.66,-71.22,58,4.8,"4.0 a 4.9","Intermedio",0,0,"Coquimbo","Dentro del polígono regional","Norte","region_7"
2023-01-12,2023,1,-30.64,-71.23,50,4.5,"4.0 a 4.9","Intermedio",0,0,"Coquimbo","Dentro del polígono regional","Norte","region_7"
2023-02-03,2023,2,-30.58,-71.21,20,4.2,"4.0 a 4.9","Superficial",0,0,"Coquimbo","Dentro del polígono regional","Norte","region_7"
2023-02-04,2023,2,-29.93,-71.68,33,4.4,"4.0 a 4.9","Intermedio",0,0,"Coquimbo","Región más cercana","Norte","region_7"
2023-02-04,2023,2,-29.93,-71.66,36,3.9,"Menor a 4","Intermedio",0,0,"Coquimbo","Región más cercana","Norte","region_7"
2023-02-28,2023,2,-30.1,-71.28,51,4.1,"4.0 a 4.9","Intermedio",0,0,"Coquimbo","Dentro del polígono regional","Norte","region_7"
2022-11-22,2022,11,-30.06,-71.61,37,3.5,"Menor a 4","Intermedio",0,0,"Coquimbo","Región más cercana","Norte","region_7"
2022-01-16,2022,1,-31.06,-71.59,74,4.4,"4.0 a 4.9","Profundo",0,0,"Coquimbo","Dentro del polígono regional","Norte","region_7"
2023-04-10,2023,4,-32.62,-70.84,78,4.5,"4.0 a 4.9","Profundo",0,0,"Valparaíso","Dentro del polígono regional","Centro","region_16"
2023-05-06,2023,5,-32.13,-71.4,45,3.8,"Menor a 4","Intermedio",0,0,"Coquimbo","Dentro del polígono regional","Norte","region_7"
2020-06-28,2020,6,-29.49,-71.15,13,3.1,"Menor a 4","Superficial",0,0,"Coquimbo","Dentro del polígono regional","Norte","region_7"
2020-10-15,2020,10,-29.59,-71.32,70,3.6,"Menor a 4","Profundo",0,0,"Coquimbo","Región más cercana","Norte","region_7"
2021-01-13,2021,1,-29.3,-71.25,47,3.8,"Menor a 4","Intermedio",0,0,"Coquimbo","Dentro del polígono regional","Norte","region_7"
2021-03-15,2021,3,-28.95,-71.27,44,3.7,"Menor a 4","Intermedio",0,0,"Atacama","Dentro del polígono regional","Norte","region_4"
2021-10-12,2021,10,-29.49,-71.73,36,4,"4.0 a 4.9","Intermedio",0,0,"Coquimbo","Región más cercana","Norte","region_7"
2022-03-21,2022,3,-29.52,-71.18,42,3.7,"Menor a 4","Intermedio",0,0,"Coquimbo","Dentro del polígono regional","Norte","region_7"
2022-10-23,2022,10,-29.58,-71.02,78,4,"4.0 a 4.9","Profundo",0,0,"Coquimbo","Dentro del polígono regional","Norte","region_7"
2022-12-14,2022,12,-29.09,-71.31,79,4.1,"4.0 a 4.9","Profundo",0,0,"Atacama","Dentro del polígono regional","Norte","region_4"
2023-05-02,2023,5,-29.02,-71.59,50,4.4,"4.0 a 4.9","Intermedio",0,0,"Atacama","Región más cercana","Norte","region_4"
2023-05-08,2023,5,-28.71,-71.29,53,4.4,"4.0 a 4.9","Intermedio",0,0,"Atacama","Dentro del polígono regional","Norte","region_4"
2022-12-28,2022,12,-29.49,-71.12,44,3.8,"Menor a 4","Intermedio",0,0,"Coquimbo","Dentro del polígono regional","Norte","region_7"
2020-10-15,2020,10,-31.5,-69.15,116,5,"5.0 a 5.9","Profundo",1,0,"Coquimbo","Región más cercana","Norte","region_7"
2022-09-15,2022,9,-30.65,-71.3,52,4.3,"4.0 a 4.9","Intermedio",0,0,"Coquimbo","Dentro del polígono regional","Norte","region_7"
2022-10-12,2022,10,-30.78,-71.31,60,4.5,"4.0 a 4.9","Intermedio",0,0,"Coquimbo","Dentro del polígono regional","Norte","region_7"
2021-12-21,2021,12,-30.71,-71.36,53,4.4,"4.0 a 4.9","Intermedio",0,0,"Coquimbo","Dentro del polígono regional","Norte","region_7"
2022-10-24,2022,10,-30.7,-71.36,45,4.3,"4.0 a 4.9","Intermedio",0,0,"Coquimbo","Dentro del polígono regional","Norte","region_7"
2020-10-26,2020,10,-31.11,-70.53,96,4.2,"4.0 a 4.9","Profundo",0,0,"Coquimbo","Dentro del polígono regional","Norte","region_7"
2021-01-05,2021,1,-31.68,-70.56,119,4.8,"4.0 a 4.9","Profundo",0,0,"Coquimbo","Dentro del polígono regional","Norte","region_7"
2022-05-03,2022,5,-30.79,-71.31,56,4.2,"4.0 a 4.9","Intermedio",0,0,"Coquimbo","Dentro del polígono regional","Norte","region_7"
2023-03-24,2023,3,-30.1,-71.24,65,4,"4.0 a 4.9","Intermedio",0,0,"Coquimbo","Dentro del polígono regional","Norte","region_7"
2019-07-12,2019,7,-32.15,-71.08,74,3.2,"Menor a 4","Profundo",0,0,"Valparaíso","Dentro del polígono regional","Centro","region_16"
2019-09-14,2019,9,-31.36,-68.89,148,5.1,"5.0 a 5.9","Profundo",1,0,"Coquimbo","Región más cercana","Norte","region_7"
2019-11-07,2019,11,-31.78,-71.32,55,3.7,"Menor a 4","Intermedio",0,0,"Coquimbo","Dentro del polígono regional","Norte","region_7"
2019-11-08,2019,11,-31.8,-71.33,57,3.8,"Menor a 4","Intermedio",0,0,"Coquimbo","Dentro del polígono regional","Norte","region_7"
2019-11-08,2019,11,-31.83,-71.33,58,3.6,"Menor a 4","Intermedio",0,0,"Coquimbo","Dentro del polígono regional","Norte","region_7"
2020-07-02,2020,7,-31.63,-71.7,40,4.2,"4.0 a 4.9","Intermedio",0,0,"Coquimbo","Región más cercana","Norte","region_7"
2020-12-22,2020,12,-32.5,-70.53,102,4.2,"4.0 a 4.9","Profundo",0,0,"Valparaíso","Dentro del polígono regional","Centro","region_16"
2021-04-11,2021,4,-31.68,-69.97,140,4.9,"4.0 a 4.9","Profundo",0,0,"Coquimbo","Región más cercana","Norte","region_7"
2022-06-07,2022,6,-32.09,-71.12,62,3.5,"Menor a 4","Intermedio",0,0,"Coquimbo","Dentro del polígono regional","Norte","region_7"
2022-09-07,2022,9,-32.07,-70.94,94,3.8,"Menor a 4","Profundo",0,0,"Coquimbo","Dentro del polígono regional","Norte","region_7"
2022-10-14,2022,10,-31.73,-71.17,48,4.1,"4.0 a 4.9","Intermedio",0,0,"Coquimbo","Dentro del polígono regional","Norte","region_7"
2023-02-18,2023,2,-31.15,-70.61,109,4.2,"4.0 a 4.9","Profundo",0,0,"Coquimbo","Dentro del polígono regional","Norte","region_7"
2023-04-05,2023,4,-32.1,-71.69,36,4,"4.0 a 4.9","Intermedio",0,0,"Coquimbo","Región más cercana","Norte","region_7"
2020-09-22,2020,9,-30.7,-71.56,27,4.7,"4.0 a 4.9","Superficial",0,0,"Coquimbo","Dentro del polígono regional","Norte","region_7"
2020-10-20,2020,10,-30.74,-71.45,49,4.1,"4.0 a 4.9","Intermedio",0,0,"Coquimbo","Dentro del polígono regional","Norte","region_7"
2021-06-06,2021,6,-30.68,-71.7,35,4.2,"4.0 a 4.9","Intermedio",0,0,"Coquimbo","Dentro del polígono regional","Norte","region_7"
2021-09-07,2021,9,-30.73,-71.69,35,4.4,"4.0 a 4.9","Intermedio",0,0,"Coquimbo","Dentro del polígono regional","Norte","region_7"
2022-07-05,2022,7,-30.53,-72.13,24,4.8,"4.0 a 4.9","Superficial",0,0,"Coquimbo","Región más cercana","Norte","region_7"
2022-07-16,2022,7,-30.87,-71.67,26,4,"4.0 a 4.9","Superficial",0,0,"Coquimbo","Dentro del polígono regional","Norte","region_7"
2022-10-21,2022,10,-30.59,-71.59,42,4.4,"4.0 a 4.9","Intermedio",0,0,"Coquimbo","Dentro del polígono regional","Norte","region_7"
2022-10-31,2022,10,-30.7,-71.46,28,3.8,"Menor a 4","Superficial",0,0,"Coquimbo","Dentro del polígono regional","Norte","region_7"
2023-01-02,2023,1,-30.44,-71.64,33,3.9,"Menor a 4","Intermedio",0,0,"Coquimbo","Dentro del polígono regional","Norte","region_7"
2023-01-23,2023,1,-30.62,-71.71,40,4.3,"4.0 a 4.9","Intermedio",0,0,"Coquimbo","Región más cercana","Norte","region_7"
2023-02-23,2023,2,-30.44,-71.69,34,4.3,"4.0 a 4.9","Intermedio",0,0,"Coquimbo","Región más cercana","Norte","region_7"
2023-02-23,2023,2,-30.42,-71.65,26,4.1,"4.0 a 4.9","Superficial",0,0,"Coquimbo","Dentro del polígono regional","Norte","region_7"
2020-11-12,2020,11,-30.71,-71.4,51,4.2,"4.0 a 4.9","Intermedio",0,0,"Coquimbo","Dentro del polígono regional","Norte","region_7"
2021-03-12,2021,3,-30.73,-71.42,51,3.8,"Menor a 4","Intermedio",0,0,"Coquimbo","Dentro del polígono regional","Norte","region_7"
2021-05-27,2021,5,-30.7,-71.4,46,4.2,"4.0 a 4.9","Intermedio",0,0,"Coquimbo","Dentro del polígono regional","Norte","region_7"
2021-09-27,2021,9,-30.67,-71.4,45,4.2,"4.0 a 4.9","Intermedio",0,0,"Coquimbo","Dentro del polígono regional","Norte","region_7"
2021-12-24,2021,12,-30.74,-71.41,49,3.6,"Menor a 4","Intermedio",0,0,"Coquimbo","Dentro del polígono regional","Norte","region_7"
2022-05-13,2022,5,-30.64,-71.27,55,4.1,"4.0 a 4.9","Intermedio",0,0,"Coquimbo","Dentro del polígono regional","Norte","region_7"
2022-06-05,2022,6,-30.72,-71.23,40,3.8,"Menor a 4","Intermedio",0,0,"Coquimbo","Dentro del polígono regional","Norte","region_7"
2022-06-22,2022,6,-31.06,-69.09,98,4.7,"4.0 a 4.9","Profundo",0,0,"Coquimbo","Región más cercana","Norte","region_7"
2022-07-15,2022,7,-30.99,-71.29,60,4.1,"4.0 a 4.9","Intermedio",0,0,"Coquimbo","Dentro del polígono regional","Norte","region_7"
2022-11-15,2022,11,-30.73,-71.41,48,3.8,"Menor a 4","Intermedio",0,0,"Coquimbo","Dentro del polígono regional","Norte","region_7"
2022-11-25,2022,11,-30.71,-71.41,44,3.7,"Menor a 4","Intermedio",0,0,"Coquimbo","Dentro del polígono regional","Norte","region_7"
2022-12-10,2022,12,-30.47,-71.04,17,5,"5.0 a 5.9","Superficial",1,0,"Coquimbo","Dentro del polígono regional","Norte","region_7"
2023-01-14,2023,1,-30.98,-71.61,73,4.2,"4.0 a 4.9","Profundo",0,0,"Coquimbo","Dentro del polígono regional","Norte","region_7"
2023-02-10,2023,2,-30.68,-71.32,56,3.8,"Menor a 4","Intermedio",0,0,"Coquimbo","Dentro del polígono regional","Norte","region_7"
2023-04-20,2023,4,-30.91,-71.44,51,4.1,"4.0 a 4.9","Intermedio",0,0,"Coquimbo","Dentro del polígono regional","Norte","region_7"
2023-04-23,2023,4,-30.64,-71.26,56,4.3,"4.0 a 4.9","Intermedio",0,0,"Coquimbo","Dentro del polígono regional","Norte","region_7"
2023-05-19,2023,5,-30.61,-71.32,68,4.7,"4.0 a 4.9","Intermedio",0,0,"Coquimbo","Dentro del polígono regional","Norte","region_7"
2021-01-24,2021,1,-30.67,-71.34,54,3.7,"Menor a 4","Intermedio",0,0,"Coquimbo","Dentro del polígono regional","Norte","region_7"
2021-02-12,2021,2,-30.71,-71.43,47,4.1,"4.0 a 4.9","Intermedio",0,0,"Coquimbo","Dentro del polígono regional","Norte","region_7"
2022-11-14,2022,11,-30.61,-71.24,44,3.9,"Menor a 4","Intermedio",0,0,"Coquimbo","Dentro del polígono regional","Norte","region_7"
2022-03-14,2022,3,-30.7,-71.4,49,3.9,"Menor a 4","Intermedio",0,0,"Coquimbo","Dentro del polígono regional","Norte","region_7"
2020-08-11,2020,8,-32.85,-71.45,51,4,"4.0 a 4.9","Intermedio",0,0,"Valparaíso","Dentro del polígono regional","Centro","region_16"
2020-12-16,2020,12,-32.84,-72,29,4.3,"4.0 a 4.9","Superficial",0,0,"Valparaíso","Región más cercana","Centro","region_16"
2020-12-18,2020,12,-33.05,-71.25,62,3.8,"Menor a 4","Intermedio",0,0,"Valparaíso","Dentro del polígono regional","Centro","region_16"
2021-03-12,2021,3,-33.23,-71.89,24,3.7,"Menor a 4","Superficial",0,0,"Valparaíso","Región más cercana","Centro","region_16"
2022-01-30,2022,1,-32.66,-71.73,32,3.5,"Menor a 4","Intermedio",0,0,"Valparaíso","Región más cercana","Centro","region_16"
2022-10-10,2022,10,-33.03,-70.92,76,4.3,"4.0 a 4.9","Profundo",0,0,"Región Metropolitana","Dentro del polígono regional","Centro","region_14"
2022-11-06,2022,11,-32.57,-71.53,30,3.6,"Menor a 4","Intermedio",0,0,"Valparaíso","Región más cercana","Centro","region_16"
2019-12-07,2019,12,-22.3,-68.98,115,4.1,"4.0 a 4.9","Profundo",0,0,"Antofagasta","Dentro del polígono regional","Norte","region_1"
2022-09-06,2022,9,-22.69,-68.89,103,4.1,"4.0 a 4.9","Profundo",0,0,"Antofagasta","Dentro del polígono regional","Norte","region_1"
2023-02-27,2023,2,-22.51,-68.84,103,4.3,"4.0 a 4.9","Profundo",0,0,"Antofagasta","Dentro del polígono regional","Norte","region_1"
2023-03-25,2023,3,-22.9,-68.84,121,4.5,"4.0 a 4.9","Profundo",0,0,"Antofagasta","Dentro del polígono regional","Norte","region_1"
2023-05-07,2023,5,-22.4,-68.72,106,4.4,"4.0 a 4.9","Profundo",0,0,"Antofagasta","Dentro del polígono regional","Norte","region_1"
2020-12-21,2020,12,-22,-68.8,122,4.1,"4.0 a 4.9","Profundo",0,0,"Antofagasta","Dentro del polígono regional","Norte","region_1"
2020-12-25,2020,12,-22.39,-68.68,119,4.4,"4.0 a 4.9","Profundo",0,0,"Antofagasta","Dentro del polígono regional","Norte","region_1"
2021-05-07,2021,5,-21.94,-68.69,118,4.7,"4.0 a 4.9","Profundo",0,0,"Antofagasta","Dentro del polígono regional","Norte","region_1"
2021-11-24,2021,11,-22.45,-68.55,119,4.5,"4.0 a 4.9","Profundo",0,0,"Antofagasta","Dentro del polígono regional","Norte","region_1"
2022-02-03,2022,2,-22.43,-68.73,116,4,"4.0 a 4.9","Profundo",0,0,"Antofagasta","Dentro del polígono regional","Norte","region_1"
2022-09-12,2022,9,-22.31,-68.69,112,4.5,"4.0 a 4.9","Profundo",0,0,"Antofagasta","Dentro del polígono regional","Norte","region_1"
2022-09-19,2022,9,-22.25,-68.74,122,4.4,"4.0 a 4.9","Profundo",0,0,"Antofagasta","Dentro del polígono regional","Norte","region_1"
2022-10-25,2022,10,-29.32,-71.26,58,3.7,"Menor a 4","Intermedio",0,0,"Coquimbo","Dentro del polígono regional","Norte","region_7"
2022-11-06,2022,11,-29.67,-71.3,52,3.3,"Menor a 4","Intermedio",0,0,"Coquimbo","Dentro del polígono regional","Norte","region_7"
2022-11-15,2022,11,-29.94,-71.34,52,3.7,"Menor a 4","Intermedio",0,0,"Coquimbo","Dentro del polígono regional","Norte","region_7"
2023-01-28,2023,1,-30.16,-71.16,80,3.9,"Menor a 4","Profundo",0,0,"Coquimbo","Dentro del polígono regional","Norte","region_7"
2021-02-18,2021,2,-31.46,-71.31,52,3.2,"Menor a 4","Intermedio",0,0,"Coquimbo","Dentro del polígono regional","Norte","region_7"
2021-10-04,2021,10,-31.88,-71.23,51,3.4,"Menor a 4","Intermedio",0,0,"Coquimbo","Dentro del polígono regional","Norte","region_7"
2022-02-27,2022,2,-31.96,-71.25,56,3.8,"Menor a 4","Intermedio",0,0,"Coquimbo","Dentro del polígono regional","Norte","region_7"
2022-03-17,2022,3,-31.83,-71.28,79,3.9,"Menor a 4","Profundo",0,0,"Coquimbo","Dentro del polígono regional","Norte","region_7"
2022-07-26,2022,7,-31.77,-71.42,36,3.2,"Menor a 4","Intermedio",0,0,"Coquimbo","Dentro del polígono regional","Norte","region_7"
2022-12-03,2022,12,-31.52,-71.17,78,4.1,"4.0 a 4.9","Profundo",0,0,"Coquimbo","Dentro del polígono regional","Norte","region_7"
2020-09-01,2020,9,-29.21,-71.3,60,3,"Menor a 4","Intermedio",0,0,"Coquimbo","Dentro del polígono regional","Norte","region_7"
2021-12-12,2021,12,-29.57,-71.24,52,3.4,"Menor a 4","Intermedio",0,0,"Coquimbo","Dentro del polígono regional","Norte","region_7"
2022-02-04,2022,2,-29.34,-71.16,58,3.4,"Menor a 4","Intermedio",0,0,"Coquimbo","Dentro del polígono regional","Norte","region_7"
2022-02-08,2022,2,-29.52,-71.35,63,3.2,"Menor a 4","Intermedio",0,0,"Coquimbo","Región más cercana","Norte","region_7"
2022-11-04,2022,11,-29.31,-71.33,49,3.1,"Menor a 4","Intermedio",0,0,"Coquimbo","Dentro del polígono regional","Norte","region_7"
2023-01-08,2023,1,-29.27,-71.24,52,3.7,"Menor a 4","Intermedio",0,0,"Coquimbo","Dentro del polígono regional","Norte","region_7"
2020-10-29,2020,10,-29.33,-71.18,56,3.5,"Menor a 4","Intermedio",0,0,"Coquimbo","Dentro del polígono regional","Norte","region_7"
2021-08-26,2021,8,-29.33,-71.19,57,3,"Menor a 4","Intermedio",0,0,"Coquimbo","Dentro del polígono regional","Norte","region_7"
2021-12-11,2021,12,-29.57,-71.22,49,3.6,"Menor a 4","Intermedio",0,0,"Coquimbo","Dentro del polígono regional","Norte","region_7"
2021-12-26,2021,12,-29.52,-71.24,48,3.5,"Menor a 4","Intermedio",0,0,"Coquimbo","Dentro del polígono regional","Norte","region_7"
2022-11-27,2022,11,-29.4,-70.58,84,3.6,"Menor a 4","Profundo",0,0,"Coquimbo","Dentro del polígono regional","Norte","region_7"
2022-12-11,2022,12,-30.07,-71.18,47,3.7,"Menor a 4","Intermedio",0,0,"Coquimbo","Dentro del polígono regional","Norte","region_7"
2022-06-28,2022,6,-30.2,-71.27,70,3.5,"Menor a 4","Profundo",0,0,"Coquimbo","Dentro del polígono regional","Norte","region_7"
2023-01-24,2023,1,-31.07,-71.54,65,4.1,"4.0 a 4.9","Intermedio",0,0,"Coquimbo","Dentro del polígono regional","Norte","region_7"
2019-06-24,2019,6,-31.95,-71.55,40,3.3,"Menor a 4","Intermedio",0,0,"Coquimbo","Región más cercana","Norte","region_7"
2020-03-27,2020,3,-31.63,-71.47,52,3.6,"Menor a 4","Intermedio",0,0,"Coquimbo","Dentro del polígono regional","Norte","region_7"
2020-10-17,2020,10,-31.74,-71.25,47,3.8,"Menor a 4","Intermedio",0,0,"Coquimbo","Dentro del polígono regional","Norte","region_7"
2020-11-16,2020,11,-32.44,-71.42,80,4.2,"4.0 a 4.9","Profundo",0,0,"Valparaíso","Dentro del polígono regional","Centro","region_16"
2021-07-22,2021,7,-32.05,-71.17,60,3.6,"Menor a 4","Intermedio",0,0,"Coquimbo","Dentro del polígono regional","Norte","region_7"
2021-08-22,2021,8,-31.64,-71.51,37,3,"Menor a 4","Intermedio",0,0,"Coquimbo","Dentro del polígono regional","Norte","region_7"
2021-09-06,2021,9,-32.35,-71.14,88,3.5,"Menor a 4","Profundo",0,0,"Valparaíso","Dentro del polígono regional","Centro","region_16"
2022-02-23,2022,2,-32.1,-71.13,87,3.4,"Menor a 4","Profundo",0,0,"Coquimbo","Dentro del polígono regional","Norte","region_7"
2022-05-05,2022,5,-32.12,-71.14,75,3.7,"Menor a 4","Profundo",0,0,"Coquimbo","Dentro del polígono regional","Norte","region_7"
2022-09-30,2022,9,-32.08,-71.67,36,4.2,"4.0 a 4.9","Intermedio",0,0,"Coquimbo","Región más cercana","Norte","region_7"
2022-11-22,2022,11,-32.09,-71.14,89,3.9,"Menor a 4","Profundo",0,0,"Coquimbo","Dentro del polígono regional","Norte","region_7"
2019-02-15,2019,2,-30,-71.19,59,3.6,"Menor a 4","Intermedio",0,0,"Coquimbo","Dentro del polígono regional","Norte","region_7"
2019-02-15,2019,2,-29,-70.17,120,3.9,"Menor a 4","Profundo",0,0,"Atacama","Dentro del polígono regional","Norte","region_4"
2022-09-01,2022,9,-30.56,-71.4,20,3.7,"Menor a 4","Superficial",0,0,"Coquimbo","Dentro del polígono regional","Norte","region_7"
2020-06-26,2020,6,-30.84,-71.56,63,3.7,"Menor a 4","Intermedio",0,0,"Coquimbo","Dentro del polígono regional","Norte","region_7"
2020-07-14,2020,7,-31.31,-71.33,71,3.5,"Menor a 4","Profundo",0,0,"Coquimbo","Dentro del polígono regional","Norte","region_7"
2020-09-26,2020,9,-30.68,-71.32,41,3.7,"Menor a 4","Intermedio",0,0,"Coquimbo","Dentro del polígono regional","Norte","region_7"
2020-10-17,2020,10,-30.89,-71.39,63,3.9,"Menor a 4","Intermedio",0,0,"Coquimbo","Dentro del polígono regional","Norte","region_7"
2020-10-21,2020,10,-30.72,-71.45,43,3.7,"Menor a 4","Intermedio",0,0,"Coquimbo","Dentro del polígono regional","Norte","region_7"
2021-01-03,2021,1,-30.87,-71.3,52,4.2,"4.0 a 4.9","Intermedio",0,0,"Coquimbo","Dentro del polígono regional","Norte","region_7"
2021-01-18,2021,1,-31.02,-71.37,63,3.4,"Menor a 4","Intermedio",0,0,"Coquimbo","Dentro del polígono regional","Norte","region_7"
2021-02-25,2021,2,-31.41,-71.19,78,3.3,"Menor a 4","Profundo",0,0,"Coquimbo","Dentro del polígono regional","Norte","region_7"
2021-06-26,2021,6,-31.01,-71.35,63,3.9,"Menor a 4","Intermedio",0,0,"Coquimbo","Dentro del polígono regional","Norte","region_7"
2022-06-15,2022,6,-31.4,-71.67,51,3.3,"Menor a 4","Intermedio",0,0,"Coquimbo","Región más cercana","Norte","region_7"
2022-11-21,2022,11,-30.71,-71.38,45,3.6,"Menor a 4","Intermedio",0,0,"Coquimbo","Dentro del polígono regional","Norte","region_7"
2023-01-13,2023,1,-31.25,-71.54,49,3.4,"Menor a 4","Intermedio",0,0,"Coquimbo","Dentro del polígono regional","Norte","region_7"
2023-01-14,2023,1,-31.16,-71.17,35,3,"Menor a 4","Intermedio",0,0,"Coquimbo","Dentro del polígono regional","Norte","region_7"
2023-04-25,2023,4,-30.7,-71.39,52,3.7,"Menor a 4","Intermedio",0,0,"Coquimbo","Dentro del polígono regional","Norte","region_7"
2020-07-17,2020,7,-30.82,-71.42,49,3.5,"Menor a 4","Intermedio",0,0,"Coquimbo","Dentro del polígono regional","Norte","region_7"
2020-08-07,2020,8,-30.76,-71.27,56,3.6,"Menor a 4","Intermedio",0,0,"Coquimbo","Dentro del polígono regional","Norte","region_7"
2020-08-14,2020,8,-31,-71.35,63,3.9,"Menor a 4","Intermedio",0,0,"Coquimbo","Dentro del polígono regional","Norte","region_7"
2022-05-21,2022,5,-30.77,-71.38,43,3.8,"Menor a 4","Intermedio",0,0,"Coquimbo","Dentro del polígono regional","Norte","region_7"
2022-06-11,2022,6,-30.99,-71.39,65,3.4,"Menor a 4","Intermedio",0,0,"Coquimbo","Dentro del polígono regional","Norte","region_7"
2022-07-19,2022,7,-30.95,-71.33,52,3,"Menor a 4","Intermedio",0,0,"Coquimbo","Dentro del polígono regional","Norte","region_7"
2023-01-04,2023,1,-30.78,-71.42,44,4,"4.0 a 4.9","Intermedio",0,0,"Coquimbo","Dentro del polígono regional","Norte","region_7"
2023-01-23,2023,1,-30.73,-71.42,48,3.3,"Menor a 4","Intermedio",0,0,"Coquimbo","Dentro del polígono regional","Norte","region_7"
2019-07-18,2019,7,-30.46,-71.31,72,4,"4.0 a 4.9","Profundo",0,0,"Coquimbo","Dentro del polígono regional","Norte","region_7"
2020-10-18,2020,10,-30.71,-71.34,52,3.3,"Menor a 4","Intermedio",0,0,"Coquimbo","Dentro del polígono regional","Norte","region_7"
2021-01-31,2021,1,-31.8,-68.98,9,4.9,"4.0 a 4.9","Superficial",0,0,"Coquimbo","Región más cercana","Norte","region_7"
2021-04-12,2021,4,-30.58,-71.3,40,3.6,"Menor a 4","Intermedio",0,0,"Coquimbo","Dentro del polígono regional","Norte","region_7"
2022-09-01,2022,9,-30.47,-71.25,22,3.2,"Menor a 4","Superficial",0,0,"Coquimbo","Dentro del polígono regional","Norte","region_7"
2023-01-15,2023,1,-30.59,-71.53,48,3.4,"Menor a 4","Intermedio",0,0,"Coquimbo","Dentro del polígono regional","Norte","region_7"
2021-01-24,2021,1,-33.29,-71.88,34,3.4,"Menor a 4","Intermedio",0,0,"Valparaíso","Región más cercana","Centro","region_16"
2022-02-05,2022,2,-32.8,-71.34,46,3.3,"Menor a 4","Intermedio",0,0,"Valparaíso","Dentro del polígono regional","Centro","region_16"
2022-02-17,2022,2,-32.78,-71.28,46,3,"Menor a 4","Intermedio",0,0,"Valparaíso","Dentro del polígono regional","Centro","region_16"
2022-05-11,2022,5,-32.82,-71.35,54,3.4,"Menor a 4","Intermedio",0,0,"Valparaíso","Dentro del polígono regional","Centro","region_16"
2022-08-24,2022,8,-32.61,-70.47,17,3.9,"Menor a 4","Superficial",0,0,"Valparaíso","Dentro del polígono regional","Centro","region_16"
2022-11-26,2022,11,-32.63,-71.11,56,3.9,"Menor a 4","Intermedio",0,0,"Valparaíso","Dentro del polígono regional","Centro","region_16"
2022-09-18,2022,9,-22.08,-69.81,60,4,"4.0 a 4.9","Intermedio",0,0,"Antofagasta","Dentro del polígono regional","Norte","region_1"
2022-12-10,2022,12,-31.61,-71.35,43,4.7,"4.0 a 4.9","Intermedio",0,0,"Coquimbo","Dentro del polígono regional","Norte","region_7"
2023-07-06,2023,7,-23.97,-67.98,130,5.7,"5.0 a 5.9","Profundo",1,0,"Antofagasta","Dentro del polígono regional","Norte","region_1"
2023-07-09,2023,7,-33.23,-70.27,111,5.6,"5.0 a 5.9","Profundo",1,0,"Región Metropolitana","Dentro del polígono regional","Centro","region_14"
2023-07-17,2023,7,-38.22,-70.86,206,6.4,"6.0 o más","Profundo",1,1,"Araucanía","Región más cercana","Sur","region_2"
2023-07-21,2023,7,-30.61,-71.62,36,5,"5.0 a 5.9","Intermedio",1,0,"Coquimbo","Dentro del polígono regional","Norte","region_7"
2022-08-14,2022,8,-33.11,-72,24,4.3,"4.0 a 4.9","Superficial",0,0,"Valparaíso","Región más cercana","Centro","region_16"
2023-06-07,2023,6,-32.51,-71.75,35,4.3,"4.0 a 4.9","Intermedio",0,0,"Valparaíso","Región más cercana","Centro","region_16"
2023-08-05,2023,8,-19.61,-69.25,106,5.1,"5.0 a 5.9","Profundo",1,0,"Tarapacá","Dentro del polígono regional","Norte","region_15"
2023-08-05,2023,8,-23.5,-69.67,81,5.2,"5.0 a 5.9","Profundo",1,0,"Antofagasta","Dentro del polígono regional","Norte","region_1"
2023-08-23,2023,8,-20.46,-69.31,86,5.2,"5.0 a 5.9","Profundo",1,0,"Tarapacá","Dentro del polígono regional","Norte","region_15"
2023-08-30,2023,8,-29.49,-71.26,53,5.4,"5.0 a 5.9","Intermedio",1,0,"Coquimbo","Dentro del polígono regional","Norte","region_7"
2023-07-14,2023,7,-33.67,-71.13,75,4.2,"4.0 a 4.9","Profundo",0,0,"Región Metropolitana","Dentro del polígono regional","Centro","region_14"
2025-03-05,2025,3,-31.53,-71.44,54,5.1,"5.0 a 5.9","Intermedio",1,0,"Coquimbo","Dentro del polígono regional","Norte","region_7"
2025-03-06,2025,3,-23.33,-69.21,103,6,"6.0 o más","Profundo",1,1,"Antofagasta","Dentro del polígono regional","Norte","region_1"
2025-03-16,2025,3,-29.28,-69.84,108,5.2,"5.0 a 5.9","Profundo",1,0,"Atacama","Región más cercana","Norte","region_4"
2025-03-18,2025,3,-30.06,-71.26,66,5.8,"5.0 a 5.9","Intermedio",1,0,"Coquimbo","Dentro del polígono regional","Norte","region_7"
2025-03-24,2025,3,-29.73,-71.24,75,5.3,"5.0 a 5.9","Profundo",1,0,"Coquimbo","Dentro del polígono regional","Norte","region_7"
2025-03-25,2025,3,-20.25,-69.2,96,5.6,"5.0 a 5.9","Profundo",1,0,"Tarapacá","Dentro del polígono regional","Norte","region_15"
2023-08-24,2023,8,-33.56,-70.87,80,4.1,"4.0 a 4.9","Profundo",0,0,"Región Metropolitana","Dentro del polígono regional","Centro","region_14"
2024-04-24,2024,4,-33.77,-70.26,116,4.7,"4.0 a 4.9","Profundo",0,0,"Región Metropolitana","Dentro del polígono regional","Centro","region_14"
2024-05-05,2024,5,-33.68,-70.82,71,3.9,"Menor a 4","Profundo",0,0,"Región Metropolitana","Dentro del polígono regional","Centro","region_14"
2023-04-27,2023,4,-37.14,-72.35,83,3.9,"Menor a 4","Profundo",0,0,"Biobío","Dentro del polígono regional","Sur","region_6"
2023-10-21,2023,10,-36.91,-72.83,41,4.1,"4.0 a 4.9","Intermedio",0,0,"Biobío","Dentro del polígono regional","Sur","region_6"
2024-04-27,2024,4,-37.34,-72.07,79,3.6,"Menor a 4","Profundo",0,0,"Biobío","Dentro del polígono regional","Sur","region_6"
2024-10-10,2024,10,-37.01,-72.64,15,3.4,"Menor a 4","Superficial",0,0,"Biobío","Dentro del polígono regional","Sur","region_6"
2023-12-17,2023,12,-51.67,-72.4,40,3.8,"Menor a 4","Intermedio",0,0,"Magallanes y Antártica Chilena","Dentro del polígono regional","Austral","region_11"
2023-10-08,2023,10,-36.95,-72.78,35,3,"Menor a 4","Intermedio",0,0,"Biobío","Dentro del polígono regional","Sur","region_6"
2026-01-13,2026,1,-21.34,-68.92,114,5.1,"5.0 a 5.9","Profundo",1,0,"Antofagasta","Dentro del polígono regional","Norte","region_1"
2026-02-04,2026,2,-22.06,-68.95,103,5,"5.0 a 5.9","Profundo",1,0,"Antofagasta","Dentro del polígono regional","Norte","region_1"
2026-02-08,2026,2,-20.11,-68.97,121,5.8,"5.0 a 5.9","Profundo",1,0,"Tarapacá","Dentro del polígono regional","Norte","region_15"
2026-02-12,2026,2,-30.82,-71.39,54,6.1,"6.0 o más","Intermedio",1,1,"Coquimbo","Dentro del polígono regional","Norte","region_7"
2026-02-16,2026,2,-22.22,-69.03,105,5.2,"5.0 a 5.9","Profundo",1,0,"Antofagasta","Dentro del polígono regional","Norte","region_1"
2025-07-27,2025,7,-29.31,-71.82,44,4.8,"4.0 a 4.9","Intermedio",0,0,"Coquimbo","Región más cercana","Norte","region_7"
2025-01-28,2025,1,-30.47,-71.61,20,3.8,"Menor a 4","Superficial",0,0,"Coquimbo","Dentro del polígono regional","Norte","region_7"
2025-08-02,2025,8,-29.86,-71.47,65,4.4,"4.0 a 4.9","Intermedio",0,0,"Coquimbo","Región más cercana","Norte","region_7"
2025-08-19,2025,8,-29.8,-71.25,47,3.9,"Menor a 4","Intermedio",0,0,"Coquimbo","Dentro del polígono regional","Norte","region_7"
2025-10-24,2025,10,-29.87,-71.62,36,4.4,"4.0 a 4.9","Intermedio",0,0,"Coquimbo","Región más cercana","Norte","region_7"
2025-08-23,2025,8,-31.67,-71.63,40,3.9,"Menor a 4","Intermedio",0,0,"Coquimbo","Región más cercana","Norte","region_7"
2025-12-10,2025,12,-31.82,-71.3,56,4.1,"4.0 a 4.9","Intermedio",0,0,"Coquimbo","Dentro del polígono regional","Norte","region_7"
2025-12-27,2025,12,-31.95,-71.39,65,3.9,"Menor a 4","Intermedio",0,0,"Coquimbo","Dentro del polígono regional","Norte","region_7"
2026-01-25,2026,1,-31.48,-71.49,40,4.7,"4.0 a 4.9","Intermedio",0,0,"Coquimbo","Dentro del polígono regional","Norte","region_7"
2025-08-15,2025,8,-30,-71.06,82,3.8,"Menor a 4","Profundo",0,0,"Coquimbo","Dentro del polígono regional","Norte","region_7"
2024-12-23,2024,12,-29.13,-70.58,90,4,"4.0 a 4.9","Profundo",0,0,"Coquimbo","Dentro del polígono regional","Norte","region_7"
2024-06-17,2024,6,-32.37,-70.44,102,4.2,"4.0 a 4.9","Profundo",0,0,"Valparaíso","Dentro del polígono regional","Centro","region_16"
2024-07-19,2024,7,-32.13,-71.67,28,4.4,"4.0 a 4.9","Superficial",0,0,"Coquimbo","Región más cercana","Norte","region_7"
2024-10-12,2024,10,-31.6,-70.38,137,4.1,"4.0 a 4.9","Profundo",0,0,"Coquimbo","Región más cercana","Norte","region_7"
2025-06-09,2025,6,-32.25,-71.06,90,4.2,"4.0 a 4.9","Profundo",0,0,"Valparaíso","Dentro del polígono regional","Centro","region_16"
2025-06-22,2025,6,-31.72,-69.65,150,4.6,"4.0 a 4.9","Profundo",0,0,"Coquimbo","Región más cercana","Norte","region_7"
2025-08-14,2025,8,-31.76,-71.57,31,3.6,"Menor a 4","Intermedio",0,0,"Coquimbo","Región más cercana","Norte","region_7"
2025-01-23,2025,1,-32.05,-71.27,79,4.1,"4.0 a 4.9","Profundo",0,0,"Coquimbo","Dentro del polígono regional","Norte","region_7"
2024-06-30,2024,6,-30.81,-71.34,53,4,"4.0 a 4.9","Intermedio",0,0,"Coquimbo","Dentro del polígono regional","Norte","region_7"
2025-08-11,2025,8,-30.69,-71.63,32,4.3,"4.0 a 4.9","Intermedio",0,0,"Coquimbo","Dentro del polígono regional","Norte","region_7"
2026-02-12,2026,2,-30.79,-71.36,35,4.1,"4.0 a 4.9","Intermedio",0,0,"Coquimbo","Dentro del polígono regional","Norte","region_7"
2026-02-13,2026,2,-30.78,-71.37,44,4.6,"4.0 a 4.9","Intermedio",0,0,"Coquimbo","Dentro del polígono regional","Norte","region_7"
2026-02-15,2026,2,-30.79,-71.38,50,3.8,"Menor a 4","Intermedio",0,0,"Coquimbo","Dentro del polígono regional","Norte","region_7"
2026-02-16,2026,2,-30.82,-71.38,45,4.7,"4.0 a 4.9","Intermedio",0,0,"Coquimbo","Dentro del polígono regional","Norte","region_7"
2025-09-01,2025,9,-30.64,-71.23,55,4.4,"4.0 a 4.9","Intermedio",0,0,"Coquimbo","Dentro del polígono regional","Norte","region_7"
2025-08-17,2025,8,-29.93,-71.4,50,4,"4.0 a 4.9","Intermedio",0,0,"Coquimbo","Región más cercana","Norte","region_7"
2025-10-30,2025,10,-34.76,-71.66,49,4.3,"4.0 a 4.9","Intermedio",0,0,"O'Higgins","Dentro del polígono regional","Centro","region_8"
2025-08-16,2025,8,-28.39,-70.67,72,3.8,"Menor a 4","Profundo",0,0,"Atacama","Dentro del polígono regional","Norte","region_4"
2025-02-19,2025,2,-26.29,-70.68,34,4.7,"4.0 a 4.9","Intermedio",0,0,"Atacama","Región más cercana","Norte","region_4"
2025-07-21,2025,7,-26.11,-69.24,109,4.4,"4.0 a 4.9","Profundo",0,0,"Atacama","Dentro del polígono regional","Norte","region_4"
2024-12-31,2024,12,-28.74,-70.14,102,3.9,"Menor a 4","Profundo",0,0,"Atacama","Dentro del polígono regional","Norte","region_4"
2025-08-02,2025,8,-29.08,-71.43,39,4.1,"4.0 a 4.9","Intermedio",0,0,"Atacama","Dentro del polígono regional","Norte","region_4"
2025-08-28,2025,8,-28.81,-70.41,102,3.9,"Menor a 4","Profundo",0,0,"Atacama","Dentro del polígono regional","Norte","region_4"
2025-09-12,2025,9,-28.69,-70.38,92,4.2,"4.0 a 4.9","Profundo",0,0,"Atacama","Dentro del polígono regional","Norte","region_4"
2024-11-17,2024,11,-29.67,-70.7,74,3.5,"Menor a 4","Profundo",0,0,"Coquimbo","Dentro del polígono regional","Norte","region_7"
2025-09-22,2025,9,-29.31,-71.23,47,4.5,"4.0 a 4.9","Intermedio",0,0,"Coquimbo","Dentro del polígono regional","Norte","region_7"
2025-11-15,2025,11,-28.87,-71.35,43,5.1,"5.0 a 5.9","Intermedio",1,0,"Atacama","Dentro del polígono regional","Norte","region_4"
2025-11-15,2025,11,-28.86,-71.44,45,4.1,"4.0 a 4.9","Intermedio",0,0,"Atacama","Dentro del polígono regional","Norte","region_4"
2025-11-24,2025,11,-28.61,-70.4,95,4.1,"4.0 a 4.9","Profundo",0,0,"Atacama","Dentro del polígono regional","Norte","region_4"
2025-12-25,2025,12,-28.85,-71.43,30,4.1,"4.0 a 4.9","Intermedio",0,0,"Atacama","Dentro del polígono regional","Norte","region_4"
2025-12-30,2025,12,-28.56,-71.36,26,4.2,"4.0 a 4.9","Superficial",0,0,"Atacama","Región más cercana","Norte","region_4"
2026-01-01,2026,1,-29.17,-71.43,48,4,"4.0 a 4.9","Intermedio",0,0,"Atacama","Dentro del polígono regional","Norte","region_4"
2026-03-01,2026,3,-22.09,-68.72,114,5.6,"5.0 a 5.9","Profundo",1,0,"Antofagasta","Dentro del polígono regional","Norte","region_1"
2026-03-05,2026,3,-29.67,-71.53,51,5,"5.0 a 5.9","Intermedio",1,0,"Coquimbo","Región más cercana","Norte","region_7"
2026-03-13,2026,3,-28.63,-71.78,30,6.4,"6.0 o más","Intermedio",1,1,"Atacama","Región más cercana","Norte","region_4"
2026-03-21,2026,3,-24.1,-67.09,227,5.7,"5.0 a 5.9","Profundo",1,0,"Antofagasta","Región más cercana","Norte","region_1"
2023-11-17,2023,11,-33.35,-71.73,31,3.4,"Menor a 4","Intermedio",0,0,"Valparaíso","Región más cercana","Centro","region_16"
2025-01-20,2025,1,-20.55,-69.96,72,3.5,"Menor a 4","Profundo",0,0,"Tarapacá","Dentro del polígono regional","Norte","region_15"
2025-12-06,2025,12,-20.51,-69.09,96,4.4,"4.0 a 4.9","Profundo",0,0,"Tarapacá","Dentro del polígono regional","Norte","region_15"
2025-05-02,2025,5,-41.21,-73.85,41,4.2,"4.0 a 4.9","Intermedio",0,0,"Los Lagos","Dentro del polígono regional","Sur","region_9"
2025-04-05,2025,4,-20.55,-69.17,98,3.4,"Menor a 4","Profundo",0,0,"Tarapacá","Dentro del polígono regional","Norte","region_15"
2025-06-20,2025,6,-20.76,-69.1,102,3.7,"Menor a 4","Profundo",0,0,"Tarapacá","Dentro del polígono regional","Norte","region_15"
2025-09-07,2025,9,-20.98,-69.08,115,4.4,"4.0 a 4.9","Profundo",0,0,"Tarapacá","Dentro del polígono regional","Norte","region_15"
2024-11-08,2024,11,-46.91,-75.75,10,6.2,"6.0 o más","Superficial",1,1,"Aysén","Región más cercana","Austral","region_5"
2025-01-04,2025,1,-20.09,-70.44,41,3.9,"Menor a 4","Intermedio",0,0,"Tarapacá","Región más cercana","Norte","region_15"
2026-04-24,2026,4,-27.92,-70.88,54,5.3,"5.0 a 5.9","Intermedio",1,0,"Atacama","Dentro del polígono regional","Norte","region_4"
2025-10-22,2025,10,-33.62,-71.11,75,4,"4.0 a 4.9","Profundo",0,0,"Región Metropolitana","Dentro del polígono regional","Centro","region_14"
2025-12-24,2025,12,-33.97,-71.16,67,3.8,"Menor a 4","Intermedio",0,0,"Región Metropolitana","Dentro del polígono regional","Centro","region_14"
2026-05-10,2026,5,-37.74,-73.2,10,5.7,"5.0 a 5.9","Superficial",1,0,"Biobío","Dentro del polígono regional","Sur","region_6"
2026-05-25,2026,5,-22.38,-68.76,114,6.9,"6.0 o más","Profundo",1,1,"Antofagasta","Dentro del polígono regional","Norte","region_1"
2026-05-27,2026,5,-22.34,-68.62,137,5.3,"5.0 a 5.9","Profundo",1,0,"Antofagasta","Dentro del polígono regional","Norte","region_1"
2025-10-26,2025,10,-33.82,-70.53,103,4.4,"4.0 a 4.9","Profundo",0,0,"Región Metropolitana","Dentro del polígono regional","Centro","region_14"
2025-12-24,2025,12,-33.97,-71.16,67,3.8,"Menor a 4","Intermedio",0,0,"Región Metropolitana","Dentro del polígono regional","Centro","region_14"
2025-05-15,2025,5,-22.75,-69.93,4,3.7,"Menor a 4","Superficial",0,0,"Antofagasta","Dentro del polígono regional","Norte","region_1"
2025-05-29,2025,5,-21.78,-68.5,130,4.8,"4.0 a 4.9","Profundo",0,0,"Antofagasta","Dentro del polígono regional","Norte","region_1"
2025-07-20,2025,7,-22.88,-68.97,98,4.5,"4.0 a 4.9","Profundo",0,0,"Antofagasta","Dentro del polígono regional","Norte","region_1"
2025-08-10,2025,8,-22.37,-69.68,73,4,"4.0 a 4.9","Profundo",0,0,"Antofagasta","Dentro del polígono regional","Norte","region_1"
2025-09-24,2025,9,-22.1,-68.98,106,4.8,"4.0 a 4.9","Profundo",0,0,"Antofagasta","Dentro del polígono regional","Norte","region_1"
2025-10-14,2025,10,-21.88,-68.63,110,4.8,"4.0 a 4.9","Profundo",0,0,"Antofagasta","Dentro del polígono regional","Norte","region_1"
2025-12-24,2025,12,-22.59,-69.04,113,4.3,"4.0 a 4.9","Profundo",0,0,"Antofagasta","Dentro del polígono regional","Norte","region_1"
2026-03-23,2026,3,-22.71,-69.46,88,4.2,"4.0 a 4.9","Profundo",0,0,"Antofagasta","Dentro del polígono regional","Norte","region_1"
2026-03-23,2026,3,-22.71,-69.46,85,3.8,"Menor a 4","Profundo",0,0,"Antofagasta","Dentro del polígono regional","Norte","region_1"
2025-05-23,2025,5,-22.21,-68.85,127,4.3,"4.0 a 4.9","Profundo",0,0,"Antofagasta","Dentro del polígono regional","Norte","region_1"
2026-05-25,2026,5,-22.38,-68.86,106,4.3,"4.0 a 4.9","Profundo",0,0,"Antofagasta","Dentro del polígono regional","Norte","region_1"
2026-05-27,2026,5,-23.22,-69.14,97,5,"5.0 a 5.9","Profundo",1,0,"Antofagasta","Dentro del polígono regional","Norte","region_1"
2026-05-27,2026,5,-22.23,-68.74,103,5.3,"5.0 a 5.9","Profundo",1,0,"Antofagasta","Dentro del polígono regional","Norte","region_1"
2023-11-07,2023,11,-21.11,-68.98,121,4.5,"4.0 a 4.9","Profundo",0,0,"Tarapacá","Dentro del polígono regional","Norte","region_15"
2023-11-11,2023,11,-21.95,-68.79,118,4.5,"4.0 a 4.9","Profundo",0,0,"Antofagasta","Dentro del polígono regional","Norte","region_1"
2023-12-20,2023,12,-21.43,-68.64,114,4.5,"4.0 a 4.9","Profundo",0,0,"Antofagasta","Dentro del polígono regional","Norte","region_1"
2024-01-03,2024,1,-21.46,-68.86,108,4.6,"4.0 a 4.9","Profundo",0,0,"Antofagasta","Dentro del polígono regional","Norte","region_1"
2024-04-11,2024,4,-21.26,-69.94,51,4.5,"4.0 a 4.9","Intermedio",0,0,"Tarapacá","Región más cercana","Norte","region_15"
2024-07-14,2024,7,-21.34,-68.55,130,4.9,"4.0 a 4.9","Profundo",0,0,"Antofagasta","Dentro del polígono regional","Norte","region_1"
2024-11-06,2024,11,-21.35,-68.63,103,4.8,"4.0 a 4.9","Profundo",0,0,"Antofagasta","Dentro del polígono regional","Norte","region_1"
2025-05-12,2025,5,-21.51,-69.11,93,3.9,"Menor a 4","Profundo",0,0,"Antofagasta","Dentro del polígono regional","Norte","region_1"
2025-08-05,2025,8,-21.93,-68.81,104,4.5,"4.0 a 4.9","Profundo",0,0,"Antofagasta","Dentro del polígono regional","Norte","region_1"
2025-06-15,2025,6,-22.33,-68.71,117,4.2,"4.0 a 4.9","Profundo",0,0,"Antofagasta","Dentro del polígono regional","Norte","region_1"
2024-02-01,2024,2,-21.54,-69.64,19,3.7,"Menor a 4","Superficial",0,0,"Antofagasta","Dentro del polígono regional","Norte","region_1"
2024-03-23,2024,3,-22.19,-70.36,31,4,"4.0 a 4.9","Intermedio",0,0,"Antofagasta","Región más cercana","Norte","region_1"
2025-03-14,2025,3,-21.34,-68.64,138,4.3,"4.0 a 4.9","Profundo",0,0,"Antofagasta","Dentro del polígono regional","Norte","region_1"
2025-06-22,2025,6,-21.71,-68.77,117,4.5,"4.0 a 4.9","Profundo",0,0,"Antofagasta","Dentro del polígono regional","Norte","region_1"
2023-09-06,2023,9,-30.34,-71.46,46,6.5,"6.0 o más","Intermedio",1,1,"Coquimbo","Dentro del polígono regional","Norte","region_7"
2023-09-12,2023,9,-20.57,-68.74,116,5.3,"5.0 a 5.9","Profundo",1,0,"Tarapacá","Dentro del polígono regional","Norte","region_15"
2023-09-17,2023,9,-29.46,-71.3,50,5.1,"5.0 a 5.9","Intermedio",1,0,"Coquimbo","Dentro del polígono regional","Norte","region_7"
2022-12-28,2022,12,-19.08,-69.76,82,4.7,"4.0 a 4.9","Profundo",0,0,"Tarapacá","Dentro del polígono regional","Norte","region_15"
2023-01-21,2023,1,-18.29,-70.8,30,4.3,"4.0 a 4.9","Intermedio",0,0,"Arica y Parinacota","Región más cercana","Norte","region_3"
2021-06-26,2021,6,-18.5,-69.37,124,4.5,"4.0 a 4.9","Profundo",0,0,"Arica y Parinacota","Dentro del polígono regional","Norte","region_3"
2021-09-10,2021,9,-18.23,-70,96,4.4,"4.0 a 4.9","Profundo",0,0,"Arica y Parinacota","Región más cercana","Norte","region_3"
2022-07-30,2022,7,-18.44,-69.83,120,4.4,"4.0 a 4.9","Profundo",0,0,"Arica y Parinacota","Dentro del polígono regional","Norte","region_3"
2022-10-17,2022,10,-18.51,-69.35,120,5.1,"5.0 a 5.9","Profundo",1,0,"Arica y Parinacota","Dentro del polígono regional","Norte","region_3"
2023-01-31,2023,1,-19.05,-69.42,116,4.7,"4.0 a 4.9","Profundo",0,0,"Tarapacá","Dentro del polígono regional","Norte","region_15"
2023-02-03,2023,2,-18.86,-69.71,92,4.6,"4.0 a 4.9","Profundo",0,0,"Arica y Parinacota","Dentro del polígono regional","Norte","region_3"
2022-08-05,2022,8,-19.16,-70.03,56,4.2,"4.0 a 4.9","Intermedio",0,0,"Tarapacá","Dentro del polígono regional","Norte","region_15"
2022-08-28,2022,8,-18.88,-69.78,91,4.4,"4.0 a 4.9","Profundo",0,0,"Arica y Parinacota","Dentro del polígono regional","Norte","region_3"
2022-09-28,2022,9,-19.2,-69.87,45,4,"4.0 a 4.9","Intermedio",0,0,"Tarapacá","Dentro del polígono regional","Norte","region_15"
2022-11-17,2022,11,-18.39,-69.87,84,4.1,"4.0 a 4.9","Profundo",0,0,"Arica y Parinacota","Dentro del polígono regional","Norte","region_3"
2023-01-31,2023,1,-18.91,-69.89,100,4,"4.0 a 4.9","Profundo",0,0,"Arica y Parinacota","Dentro del polígono regional","Norte","region_3"
2023-02-21,2023,2,-19.07,-70.08,62,3.9,"Menor a 4","Intermedio",0,0,"Arica y Parinacota","Dentro del polígono regional","Norte","region_3"
2022-11-15,2022,11,-33.21,-71.92,34,4.5,"4.0 a 4.9","Intermedio",0,0,"Valparaíso","Región más cercana","Centro","region_16"
2023-07-10,2023,7,-32.62,-71.49,35,4.1,"4.0 a 4.9","Intermedio",0,0,"Valparaíso","Región más cercana","Centro","region_16"
2023-07-07,2023,7,-32.74,-71.83,35,4.3,"4.0 a 4.9","Intermedio",0,0,"Valparaíso","Región más cercana","Centro","region_16"
2023-07-18,2023,7,-32.88,-72,39,4,"4.0 a 4.9","Intermedio",0,0,"Valparaíso","Región más cercana","Centro","region_16"
2023-08-09,2023,8,-33.29,-71.38,57,3.8,"Menor a 4","Intermedio",0,0,"Valparaíso","Dentro del polígono regional","Centro","region_16"
2022-11-23,2022,11,-33.58,-71.33,53,4,"4.0 a 4.9","Intermedio",0,0,"Valparaíso","Dentro del polígono regional","Centro","region_16"
2022-05-18,2022,5,-33.77,-71.12,57,3.6,"Menor a 4","Intermedio",0,0,"Región Metropolitana","Dentro del polígono regional","Centro","region_14"
2023-07-24,2023,7,-34.08,-70.35,6,3.9,"Menor a 4","Superficial",0,0,"O'Higgins","Dentro del polígono regional","Centro","region_8"
2023-01-06,2023,1,-34.23,-71.59,49,4,"4.0 a 4.9","Intermedio",0,0,"O'Higgins","Dentro del polígono regional","Centro","region_8"
2022-09-17,2022,9,-20.18,-69.17,93,4.8,"4.0 a 4.9","Profundo",0,0,"Tarapacá","Dentro del polígono regional","Norte","region_15"
2022-11-04,2022,11,-20.15,-70.59,26,5,"5.0 a 5.9","Superficial",1,0,"Tarapacá","Región más cercana","Norte","region_15"
2023-01-13,2023,1,-20.73,-70.35,39,4.2,"4.0 a 4.9","Intermedio",0,0,"Tarapacá","Región más cercana","Norte","region_15"
2023-03-09,2023,3,-19.53,-69.78,31,4.2,"4.0 a 4.9","Intermedio",0,0,"Tarapacá","Dentro del polígono regional","Norte","region_15"
2023-08-10,2023,8,-20.17,-69.22,95,4.5,"4.0 a 4.9","Profundo",0,0,"Tarapacá","Dentro del polígono regional","Norte","region_15"
2023-02-03,2023,2,-20.87,-69.91,15,4.3,"4.0 a 4.9","Superficial",0,0,"Tarapacá","Dentro del polígono regional","Norte","region_15"
2023-04-01,2023,4,-20.88,-70.44,30,4.2,"4.0 a 4.9","Intermedio",0,0,"Tarapacá","Región más cercana","Norte","region_15"
2023-07-08,2023,7,-32.07,-71.41,70,4,"4.0 a 4.9","Profundo",0,0,"Coquimbo","Dentro del polígono regional","Norte","region_7"
2023-08-23,2023,8,-34.15,-71.05,69,3.4,"Menor a 4","Intermedio",0,0,"Región Metropolitana","Dentro del polígono regional","Centro","region_14"
2020-05-13,2020,5,-27.75,-70.95,69,4,"4.0 a 4.9","Intermedio",0,0,"Atacama","Dentro del polígono regional","Norte","region_4"
2020-10-21,2020,10,-25.57,-70.83,24,5.6,"5.0 a 5.9","Superficial",1,0,"Antofagasta","Región más cercana","Norte","region_1"
2020-08-27,2020,8,-28.11,-71.33,43,4.5,"4.0 a 4.9","Intermedio",0,0,"Atacama","Región más cercana","Norte","region_4"
2020-04-02,2020,4,-26.19,-70.54,59,4.9,"4.0 a 4.9","Intermedio",0,0,"Atacama","Dentro del polígono regional","Norte","region_4"
2019-03-14,2019,3,-27.99,-70.05,90,3.7,"Menor a 4","Profundo",0,0,"Atacama","Dentro del polígono regional","Norte","region_4"
2018-09-16,2018,9,-27.37,-70.84,47,3.6,"Menor a 4","Intermedio",0,0,"Atacama","Dentro del polígono regional","Norte","region_4"
2019-06-09,2019,6,-27.37,-71.21,17,4.1,"4.0 a 4.9","Superficial",0,0,"Atacama","Región más cercana","Norte","region_4"
2020-07-26,2020,7,-28.96,-71.39,55,3.7,"Menor a 4","Intermedio",0,0,"Atacama","Dentro del polígono regional","Norte","region_4"
2019-10-10,2019,10,-26.32,-70.71,42,3.4,"Menor a 4","Intermedio",0,0,"Atacama","Región más cercana","Norte","region_4"
2020-08-24,2020,8,-29.22,-71.2,75,3.5,"Menor a 4","Profundo",0,0,"Coquimbo","Dentro del polígono regional","Norte","region_7"
2018-08-24,2018,8,-27.55,-70.19,91,3.4,"Menor a 4","Profundo",0,0,"Atacama","Dentro del polígono regional","Norte","region_4"
2019-04-07,2019,4,-28.43,-70.12,88,3.7,"Menor a 4","Profundo",0,0,"Atacama","Dentro del polígono regional","Norte","region_4"
2019-01-14,2019,1,-27.05,-70.16,98,3.9,"Menor a 4","Profundo",0,0,"Atacama","Dentro del polígono regional","Norte","region_4"
2019-10-23,2019,10,-26.32,-70.78,42,3.7,"Menor a 4","Intermedio",0,0,"Atacama","Región más cercana","Norte","region_4"
2020-08-25,2020,8,-26.17,-69.48,16,4.7,"4.0 a 4.9","Superficial",0,0,"Atacama","Dentro del polígono regional","Norte","region_4"
2019-05-26,2019,5,-25.96,-69.05,121,4.1,"4.0 a 4.9","Profundo",0,0,"Atacama","Dentro del polígono regional","Norte","region_4"
2019-07-12,2019,7,-27.63,-70.21,88,3.6,"Menor a 4","Profundo",0,0,"Atacama","Dentro del polígono regional","Norte","region_4"
2020-07-22,2020,7,-27.3,-70.08,99,4.9,"4.0 a 4.9","Profundo",0,0,"Atacama","Dentro del polígono regional","Norte","region_4"
2019-11-27,2019,11,-28.59,-70.93,65,3.2,"Menor a 4","Intermedio",0,0,"Atacama","Dentro del polígono regional","Norte","region_4"
2018-10-15,2018,10,-27.78,-69.26,49,4.3,"4.0 a 4.9","Intermedio",0,0,"Atacama","Dentro del polígono regional","Norte","region_4"
2020-02-29,2020,2,-25.84,-69.35,107,4.4,"4.0 a 4.9","Profundo",0,0,"Antofagasta","Dentro del polígono regional","Norte","region_1"
2018-10-28,2018,10,-27.49,-71.1,45,3.8,"Menor a 4","Intermedio",0,0,"Atacama","Región más cercana","Norte","region_4"
2019-05-24,2019,5,-27.91,-66.95,176,5.8,"5.0 a 5.9","Profundo",1,0,"Atacama","Región más cercana","Norte","region_4"
2019-07-31,2019,7,-28.41,-70.94,72,3.8,"Menor a 4","Profundo",0,0,"Atacama","Dentro del polígono regional","Norte","region_4"
2020-02-06,2020,2,-29.34,-70.64,87,4.1,"4.0 a 4.9","Profundo",0,0,"Coquimbo","Dentro del polígono regional","Norte","region_7"
2019-09-01,2019,9,-27.48,-70.26,101,4.3,"4.0 a 4.9","Profundo",0,0,"Atacama","Dentro del polígono regional","Norte","region_4"
2020-02-07,2020,2,-26.46,-70.69,50,3.6,"Menor a 4","Intermedio",0,0,"Atacama","Región más cercana","Norte","region_4"
2020-02-10,2020,2,-29.32,-70.67,78,3.3,"Menor a 4","Profundo",0,0,"Coquimbo","Dentro del polígono regional","Norte","region_7"
2020-03-28,2020,3,-26.26,-69.57,15,3.3,"Menor a 4","Superficial",0,0,"Atacama","Dentro del polígono regional","Norte","region_4"
2019-09-13,2019,9,-27.35,-70.87,37,3.2,"Menor a 4","Intermedio",0,0,"Atacama","Dentro del polígono regional","Norte","region_4"
2019-06-01,2019,6,-27.12,-70.91,35,3.9,"Menor a 4","Intermedio",0,0,"Atacama","Región más cercana","Norte","region_4"
2019-12-17,2019,12,-27.04,-69.33,122,4.1,"4.0 a 4.9","Profundo",0,0,"Atacama","Dentro del polígono regional","Norte","region_4"
2019-12-22,2019,12,-27.91,-71.29,26,3.9,"Menor a 4","Superficial",0,0,"Atacama","Región más cercana","Norte","region_4"
2019-10-08,2019,10,-27.35,-70.97,33,3.7,"Menor a 4","Intermedio",0,0,"Atacama","Región más cercana","Norte","region_4"
2019-11-21,2019,11,-27.76,-70.56,65,4.4,"4.0 a 4.9","Intermedio",0,0,"Atacama","Dentro del polígono regional","Norte","region_4"
2020-03-02,2020,3,-27.67,-70.34,88,3.8,"Menor a 4","Profundo",0,0,"Atacama","Dentro del polígono regional","Norte","region_4"
2020-01-06,2020,1,-27.21,-71.11,25,3.8,"Menor a 4","Superficial",0,0,"Atacama","Región más cercana","Norte","region_4"
2020-04-14,2020,4,-25.81,-69.35,25,5.2,"5.0 a 5.9","Superficial",1,0,"Antofagasta","Dentro del polígono regional","Norte","region_1"
2020-10-28,2020,10,-21.36,-69.85,53,4,"4.0 a 4.9","Intermedio",0,0,"Tarapacá","Dentro del polígono regional","Norte","region_15"
2020-08-23,2020,8,-27.89,-71.2,28,4.5,"4.0 a 4.9","Superficial",0,0,"Atacama","Región más cercana","Norte","region_4"
2020-07-22,2020,7,-26.2,-70.68,48,4.1,"4.0 a 4.9","Intermedio",0,0,"Atacama","Región más cercana","Norte","region_4"
2020-07-04,2020,7,-28.43,-70.58,82,4.3,"4.0 a 4.9","Profundo",0,0,"Atacama","Dentro del polígono regional","Norte","region_4"
2018-10-31,2018,10,-27.65,-70.35,76,3.7,"Menor a 4","Profundo",0,0,"Atacama","Dentro del polígono regional","Norte","region_4"
2020-06-13,2020,6,-27.73,-70.36,90,3.7,"Menor a 4","Profundo",0,0,"Atacama","Dentro del polígono regional","Norte","region_4"
2019-11-28,2019,11,-27.29,-71.1,15,4.2,"4.0 a 4.9","Superficial",0,0,"Atacama","Región más cercana","Norte","region_4"
2020-10-28,2020,10,-34.91,-71.68,64,5.3,"5.0 a 5.9","Intermedio",1,0,"O'Higgins","Dentro del polígono regional","Centro","region_8"
2019-11-23,2019,11,-27.21,-70.9,44,3.5,"Menor a 4","Intermedio",0,0,"Atacama","Dentro del polígono regional","Norte","region_4"
2020-10-28,2020,10,-29.33,-71.2,60,5.9,"5.0 a 5.9","Intermedio",1,0,"Coquimbo","Dentro del polígono regional","Norte","region_7"
2019-04-06,2019,4,-27.32,-70.69,51,3.6,"Menor a 4","Intermedio",0,0,"Atacama","Dentro del polígono regional","Norte","region_4"
2020-07-21,2020,7,-29.29,-71.25,57,3.2,"Menor a 4","Intermedio",0,0,"Coquimbo","Dentro del polígono regional","Norte","region_7"
2020-10-06,2020,10,-21.4,-69.78,46,4.2,"4.0 a 4.9","Intermedio",0,0,"Tarapacá","Dentro del polígono regional","Norte","region_15"
2020-03-30,2020,3,-27.08,-71.23,24,4.5,"4.0 a 4.9","Superficial",0,0,"Atacama","Región más cercana","Norte","region_4"
2020-06-28,2020,6,-27.48,-69.4,120,4.2,"4.0 a 4.9","Profundo",0,0,"Atacama","Dentro del polígono regional","Norte","region_4"
2018-09-22,2018,9,-27.46,-70.87,48,3.9,"Menor a 4","Intermedio",0,0,"Atacama","Dentro del polígono regional","Norte","region_4"
2020-06-17,2020,6,-27.1,-70.46,28,3.4,"Menor a 4","Superficial",0,0,"Atacama","Dentro del polígono regional","Norte","region_4"
2019-08-27,2019,8,-26.83,-71.09,55,3.4,"Menor a 4","Intermedio",0,0,"Atacama","Región más cercana","Norte","region_4"
2020-10-05,2020,10,-20.24,-70.28,40,3.6,"Menor a 4","Intermedio",0,0,"Tarapacá","Región más cercana","Norte","region_15"
2020-10-12,2020,10,-21.94,-69.97,70,4,"4.0 a 4.9","Profundo",0,0,"Antofagasta","Dentro del polígono regional","Norte","region_1"
2020-07-03,2020,7,-27.3,-71.06,44,3.9,"Menor a 4","Intermedio",0,0,"Atacama","Región más cercana","Norte","region_4"
2019-09-19,2019,9,-27.19,-71.07,37,4.5,"4.0 a 4.9","Intermedio",0,0,"Atacama","Región más cercana","Norte","region_4"
2019-12-11,2019,12,-29.94,-71.39,45,3.1,"Menor a 4","Intermedio",0,0,"Coquimbo","Región más cercana","Norte","region_7"
2020-11-20,2020,11,-18.18,-69.95,131,4.6,"4.0 a 4.9","Profundo",0,0,"Arica y Parinacota","Región más cercana","Norte","region_3"
2020-11-16,2020,11,-28.42,-71.1,49,5.1,"5.0 a 5.9","Intermedio",1,0,"Atacama","Dentro del polígono regional","Norte","region_4"
2019-05-10,2019,5,-29.92,-71.38,50,3,"Menor a 4","Intermedio",0,0,"Coquimbo","Región más cercana","Norte","region_7"
2020-11-22,2020,11,-34.63,-73.06,41,6,"6.0 o más","Intermedio",1,1,"Maule","Región más cercana","Centro","region_12"
2019-07-31,2019,7,-30.21,-71.25,54,3.7,"Menor a 4","Intermedio",0,0,"Coquimbo","Dentro del polígono regional","Norte","region_7"
2019-05-16,2019,5,-29.92,-71.42,53,3.8,"Menor a 4","Intermedio",0,0,"Coquimbo","Región más cercana","Norte","region_7"
2020-02-14,2020,2,-30.1,-71.27,63,3.5,"Menor a 4","Intermedio",0,0,"Coquimbo","Dentro del polígono regional","Norte","region_7"
2019-11-16,2019,11,-30.26,-71.21,63,3.9,"Menor a 4","Intermedio",0,0,"Coquimbo","Dentro del polígono regional","Norte","region_7"
2020-01-16,2020,1,-29.93,-71.36,50,3.4,"Menor a 4","Intermedio",0,0,"Coquimbo","Región más cercana","Norte","region_7"
2020-03-15,2020,3,-30.07,-71.28,64,3.6,"Menor a 4","Intermedio",0,0,"Coquimbo","Dentro del polígono regional","Norte","region_7"
2020-11-21,2020,11,-30.92,-71.26,56,5.6,"5.0 a 5.9","Intermedio",1,0,"Coquimbo","Dentro del polígono regional","Norte","region_7"
2019-10-25,2019,10,-29.9,-71.4,50,3.4,"Menor a 4","Intermedio",0,0,"Coquimbo","Región más cercana","Norte","region_7"
2020-11-25,2020,11,-35.61,-71.62,84,5,"5.0 a 5.9","Profundo",1,0,"Maule","Dentro del polígono regional","Centro","region_12"
2019-07-24,2019,7,-30.07,-71.26,68,3.5,"Menor a 4","Intermedio",0,0,"Coquimbo","Dentro del polígono regional","Norte","region_7"
2020-11-14,2020,11,-20.39,-69.22,97,4.9,"4.0 a 4.9","Profundo",0,0,"Tarapacá","Dentro del polígono regional","Norte","region_15"
2020-11-18,2020,11,-20.32,-69.07,97,4.3,"4.0 a 4.9","Profundo",0,0,"Tarapacá","Dentro del polígono regional","Norte","region_15"
2020-05-12,2020,5,-29.99,-71.22,59,3.7,"Menor a 4","Intermedio",0,0,"Coquimbo","Dentro del polígono regional","Norte","region_7"
2020-06-17,2020,6,-36.66,-73.13,29,4.7,"4.0 a 4.9","Superficial",0,0,"Biobío","Región más cercana","Sur","region_6"
2020-11-30,2020,11,-24.26,-67.49,213,6.4,"6.0 o más","Profundo",1,1,"Antofagasta","Región más cercana","Norte","region_1"
2019-11-13,2019,11,-30.15,-71.29,63,3.7,"Menor a 4","Intermedio",0,0,"Coquimbo","Dentro del polígono regional","Norte","region_7"
2020-12-14,2020,12,-21.8,-68.71,109,5.9,"5.0 a 5.9","Profundo",1,0,"Antofagasta","Dentro del polígono regional","Norte","region_1"
2020-12-02,2020,12,-24.27,-69.5,88,5.5,"5.0 a 5.9","Profundo",1,0,"Antofagasta","Dentro del polígono regional","Norte","region_1"
2020-12-27,2020,12,-39.33,-74.82,26,6.2,"6.0 o más","Superficial",1,1,"Los Ríos","Región más cercana","Sur","region_10"
2020-12-08,2020,12,-32.09,-71.47,58,5,"5.0 a 5.9","Intermedio",1,0,"Coquimbo","Dentro del polígono regional","Norte","region_7"
2020-12-06,2020,12,-20.36,-69.07,108,6.1,"6.0 o más","Profundo",1,1,"Tarapacá","Dentro del polígono regional","Norte","region_15"
2020-12-27,2020,12,-19.12,-69.52,115,5.1,"5.0 a 5.9","Profundo",1,0,"Tarapacá","Dentro del polígono regional","Norte","region_15"
2021-01-30,2021,1,-18.24,-69.78,118,4.5,"4.0 a 4.9","Profundo",0,0,"Arica y Parinacota","Dentro del polígono regional","Norte","region_3"
2021-01-10,2021,1,-23.97,-67.06,226,6.4,"6.0 o más","Profundo",1,1,"Antofagasta","Región más cercana","Norte","region_1"
2021-01-14,2021,1,-22.26,-70.57,24,3.8,"Menor a 4","Superficial",0,0,"Antofagasta","Región más cercana","Norte","region_1"
2021-01-26,2021,1,-19.94,-69.74,58,3.8,"Menor a 4","Intermedio",0,0,"Tarapacá","Dentro del polígono regional","Norte","region_15"
2021-01-30,2021,1,-19.93,-70.33,61,5.1,"5.0 a 5.9","Intermedio",1,0,"Tarapacá","Región más cercana","Norte","region_15"
2021-01-24,2021,1,-33.35,-70.21,123,5.7,"5.0 a 5.9","Profundo",1,0,"Región Metropolitana","Dentro del polígono regional","Centro","region_14"
2021-01-19,2021,1,-31.83,-69.03,5,6.3,"6.0 o más","Superficial",1,1,"Coquimbo","Región más cercana","Norte","region_7"
2021-01-06,2021,1,-19.55,-69.25,99,5.1,"5.0 a 5.9","Profundo",1,0,"Tarapacá","Dentro del polígono regional","Norte","region_15"
2021-01-16,2021,1,-31.02,-71.39,67,5.1,"5.0 a 5.9","Intermedio",1,0,"Coquimbo","Dentro del polígono regional","Norte","region_7"
2020-12-11,2020,12,-19.2,-70.16,46,4.7,"4.0 a 4.9","Intermedio",0,0,"Tarapacá","Dentro del polígono regional","Norte","region_15"
2021-01-15,2021,1,-19.65,-69.35,100,3.8,"Menor a 4","Profundo",0,0,"Tarapacá","Dentro del polígono regional","Norte","region_15"
2021-02-13,2021,2,-20.51,-70.59,41,5.2,"5.0 a 5.9","Intermedio",1,0,"Tarapacá","Región más cercana","Norte","region_15"
2021-02-10,2021,2,-31.77,-71.25,52,5.2,"5.0 a 5.9","Intermedio",1,0,"Coquimbo","Dentro del polígono regional","Norte","region_7"
2020-08-07,2020,8,-32.97,-70.19,115,4.6,"4.0 a 4.9","Profundo",0,0,"Valparaíso","Dentro del polígono regional","Centro","region_16"
2020-10-08,2020,10,-32.71,-71.62,34,4.1,"4.0 a 4.9","Intermedio",0,0,"Valparaíso","Región más cercana","Centro","region_16"
2019-05-18,2019,5,-33.3,-70.34,105,4,"4.0 a 4.9","Profundo",0,0,"Región Metropolitana","Dentro del polígono regional","Centro","region_14"
2021-02-06,2021,2,-20.11,-70.12,54,3.7,"Menor a 4","Intermedio",0,0,"Tarapacá","Región más cercana","Norte","region_15"
2019-12-28,2019,12,-33.07,-70.22,114,4.5,"4.0 a 4.9","Profundo",0,0,"Valparaíso","Dentro del polígono regional","Centro","region_16"
2020-10-14,2020,10,-33.01,-70.19,126,4.3,"4.0 a 4.9","Profundo",0,0,"Valparaíso","Dentro del polígono regional","Centro","region_16"
2020-08-13,2020,8,-32.68,-71.52,31,3.7,"Menor a 4","Intermedio",0,0,"Valparaíso","Región más cercana","Centro","region_16"
2020-12-07,2020,12,-32.87,-71.11,70,4.3,"4.0 a 4.9","Profundo",0,0,"Valparaíso","Dentro del polígono regional","Centro","region_16"
2019-08-29,2019,8,-34.36,-72.07,21,3.9,"Menor a 4","Superficial",0,0,"O'Higgins","Región más cercana","Centro","region_8"
2020-08-15,2020,8,-33.2,-70.07,10,4.7,"4.0 a 4.9","Superficial",0,0,"Región Metropolitana","Dentro del polígono regional","Centro","region_14"
2021-02-19,2021,2,-29.35,-71.6,47,5,"5.0 a 5.9","Intermedio",1,0,"Coquimbo","Región más cercana","Norte","region_7"
2020-12-29,2020,12,-34.37,-70.78,96,4.6,"4.0 a 4.9","Profundo",0,0,"O'Higgins","Dentro del polígono regional","Centro","region_8"
2021-02-09,2021,2,-18.59,-69.89,92,4.6,"4.0 a 4.9","Profundo",0,0,"Arica y Parinacota","Dentro del polígono regional","Norte","region_3"
2020-08-10,2020,8,-33.45,-71.78,35,4.4,"4.0 a 4.9","Intermedio",0,0,"Valparaíso","Región más cercana","Centro","region_16"
2020-07-01,2020,7,-33.34,-70.2,120,4,"4.0 a 4.9","Profundo",0,0,"Región Metropolitana","Dentro del polígono regional","Centro","region_14"
2024-10-01,2024,10,-20.13,-70.72,25,5.2,"5.0 a 5.9","Superficial",1,0,"Tarapacá","Región más cercana","Norte","region_15"
2024-04-22,2024,4,-32.38,-71.69,59,4.2,"4.0 a 4.9","Intermedio",0,0,"Valparaíso","Región más cercana","Centro","region_16"
2024-09-13,2024,9,-32.48,-71.56,30,3.6,"Menor a 4","Intermedio",0,0,"Valparaíso","Región más cercana","Centro","region_16"
2024-09-14,2024,9,-32.37,-71.57,69,4.2,"4.0 a 4.9","Intermedio",0,0,"Valparaíso","Región más cercana","Centro","region_16"
2024-09-18,2024,9,-32.59,-71.56,34,3.5,"Menor a 4","Intermedio",0,0,"Valparaíso","Región más cercana","Centro","region_16"
2024-09-20,2024,9,-32.52,-71.71,39,3.7,"Menor a 4","Intermedio",0,0,"Valparaíso","Región más cercana","Centro","region_16"
2024-09-29,2024,9,-32.49,-71.72,15,4,"4.0 a 4.9","Superficial",0,0,"Valparaíso","Región más cercana","Centro","region_16"
2023-09-09,2023,9,-33.93,-71.3,55,4.2,"4.0 a 4.9","Intermedio",0,0,"Región Metropolitana","Dentro del polígono regional","Centro","region_14"
2024-08-31,2024,8,-27.22,-70.88,54,4.2,"4.0 a 4.9","Intermedio",0,0,"Atacama","Dentro del polígono regional","Norte","region_4"
2024-08-23,2024,8,-32.57,-71.66,20,3.1,"Menor a 4","Superficial",0,0,"Valparaíso","Región más cercana","Centro","region_16"
2024-09-18,2024,9,-32.59,-71.55,34,3.1,"Menor a 4","Intermedio",0,0,"Valparaíso","Región más cercana","Centro","region_16"
2024-11-26,2024,11,-30.44,-71.26,48,5.6,"5.0 a 5.9","Intermedio",1,0,"Coquimbo","Dentro del polígono regional","Norte","region_7"
2024-09-08,2024,9,-34.12,-70.5,107,4.4,"4.0 a 4.9","Profundo",0,0,"O'Higgins","Dentro del polígono regional","Centro","region_8"
2024-10-07,2024,10,-34.43,-71.56,53,3.9,"Menor a 4","Intermedio",0,0,"O'Higgins","Dentro del polígono regional","Centro","region_8"
2024-12-07,2024,12,-39.02,-73.64,41,5.3,"5.0 a 5.9","Intermedio",1,0,"Araucanía","Región más cercana","Sur","region_2"
2024-12-13,2024,12,-35.34,-70.87,114,6.3,"6.0 o más","Profundo",1,1,"Maule","Dentro del polígono regional","Centro","region_12"
2024-12-18,2024,12,-20.16,-70.02,52,5.5,"5.0 a 5.9","Intermedio",1,0,"Tarapacá","Dentro del polígono regional","Norte","region_15"
2024-12-30,2024,12,-29.96,-71.98,37,5.1,"5.0 a 5.9","Intermedio",1,0,"Coquimbo","Región más cercana","Norte","region_7"
2024-12-31,2024,12,-20.17,-70.69,23,5,"5.0 a 5.9","Superficial",1,0,"Tarapacá","Región más cercana","Norte","region_15"
2025-01-02,2025,1,-21.73,-69.04,98,6,"6.0 o más","Profundo",1,1,"Antofagasta","Dentro del polígono regional","Norte","region_1"
2024-09-05,2024,9,-32.05,-71.88,17,4.3,"4.0 a 4.9","Superficial",0,0,"Coquimbo","Región más cercana","Norte","region_7"
2024-11-03,2024,11,-35.66,-69.69,199,5.3,"5.0 a 5.9","Profundo",1,0,"Maule","Región más cercana","Centro","region_12"
2024-04-03,2024,4,-36.07,-73.74,37,5,"5.0 a 5.9","Intermedio",1,0,"Biobío","Región más cercana","Sur","region_6"
2024-08-18,2024,8,-37.07,-74.17,24,5.4,"5.0 a 5.9","Superficial",1,0,"Biobío","Región más cercana","Sur","region_6"
2024-08-28,2024,8,-36.23,-73.66,38,4.7,"4.0 a 4.9","Intermedio",0,0,"Biobío","Región más cercana","Sur","region_6"
2022-03-22,2022,3,-36.55,-72.9,41,3.5,"Menor a 4","Intermedio",0,0,"Biobío","Dentro del polígono regional","Sur","region_6"
2024-10-17,2024,10,-36.94,-73.35,35,3.8,"Menor a 4","Intermedio",0,0,"Biobío","Región más cercana","Sur","region_6"
2024-08-07,2024,8,-26.98,-71.12,41,4.6,"4.0 a 4.9","Intermedio",0,0,"Atacama","Región más cercana","Norte","region_4"
2024-08-08,2024,8,-26.99,-71.17,31,4.2,"4.0 a 4.9","Intermedio",0,0,"Atacama","Región más cercana","Norte","region_4"
2024-08-25,2024,8,-27.38,-71.21,51,3.7,"Menor a 4","Intermedio",0,0,"Atacama","Región más cercana","Norte","region_4"
2024-10-20,2024,10,-29.16,-71.02,72,4.6,"4.0 a 4.9","Profundo",0,0,"Atacama","Dentro del polígono regional","Norte","region_4"
2024-10-24,2024,10,-28.7,-71.76,32,5,"5.0 a 5.9","Intermedio",1,0,"Atacama","Región más cercana","Norte","region_4"
2024-06-12,2024,6,-28.86,-71.5,40,3.6,"Menor a 4","Intermedio",0,0,"Atacama","Región más cercana","Norte","region_4"
2024-06-30,2024,6,-28.85,-70.61,88,4.2,"4.0 a 4.9","Profundo",0,0,"Atacama","Dentro del polígono regional","Norte","region_4"
2024-09-26,2024,9,-28.76,-70.6,104,3.9,"Menor a 4","Profundo",0,0,"Atacama","Dentro del polígono regional","Norte","region_4"
2023-11-26,2023,11,-28.44,-71.45,29,4.5,"4.0 a 4.9","Superficial",0,0,"Atacama","Región más cercana","Norte","region_4"
2024-02-09,2024,2,-29.78,-70.72,94,3.8,"Menor a 4","Profundo",0,0,"Coquimbo","Dentro del polígono regional","Norte","region_7"
2024-02-14,2024,2,-28.91,-71.48,40,3.7,"Menor a 4","Intermedio",0,0,"Atacama","Dentro del polígono regional","Norte","region_4"
2024-02-18,2024,2,-28.91,-71.48,42,4,"4.0 a 4.9","Intermedio",0,0,"Atacama","Dentro del polígono regional","Norte","region_4"
2024-07-05,2024,7,-28.79,-69.56,115,4.9,"4.0 a 4.9","Profundo",0,0,"Atacama","Región más cercana","Norte","region_4"
2024-08-07,2024,8,-29.7,-71.32,50,4.1,"4.0 a 4.9","Intermedio",0,0,"Coquimbo","Dentro del polígono regional","Norte","region_7"
2024-08-28,2024,8,-28.58,-69.83,113,4.8,"4.0 a 4.9","Profundo",0,0,"Atacama","Dentro del polígono regional","Norte","region_4"
2024-08-30,2024,8,-30.1,-71.48,40,4.5,"4.0 a 4.9","Intermedio",0,0,"Coquimbo","Región más cercana","Norte","region_7"
2024-09-11,2024,9,-28.95,-69.68,128,4.5,"4.0 a 4.9","Profundo",0,0,"Atacama","Región más cercana","Norte","region_4"
2024-10-20,2024,10,-30.9,-68.91,125,5.7,"5.0 a 5.9","Profundo",1,0,"Coquimbo","Región más cercana","Norte","region_7"
2024-11-02,2024,11,-29.68,-71.17,71,4.8,"4.0 a 4.9","Profundo",0,0,"Coquimbo","Dentro del polígono regional","Norte","region_7"
2024-11-03,2024,11,-29.26,-71.23,53,4.3,"4.0 a 4.9","Intermedio",0,0,"Coquimbo","Dentro del polígono regional","Norte","region_7"
2023-01-15,2023,1,-36.33,-73.06,24,3.9,"Menor a 4","Superficial",0,0,"Ñuble","Región más cercana","Sur","region_13"
2024-06-14,2024,6,-28.62,-70.99,41,3.7,"Menor a 4","Intermedio",0,0,"Atacama","Dentro del polígono regional","Norte","region_4"
2024-03-03,2024,3,-29.36,-71.23,64,3.7,"Menor a 4","Intermedio",0,0,"Coquimbo","Dentro del polígono regional","Norte","region_7"
2024-03-06,2024,3,-29.99,-71.34,78,4,"4.0 a 4.9","Profundo",0,0,"Coquimbo","Dentro del polígono regional","Norte","region_7"
2024-03-26,2024,3,-29.22,-71.32,60,3.5,"Menor a 4","Intermedio",0,0,"Coquimbo","Dentro del polígono regional","Norte","region_7"
2024-06-03,2024,6,-29.28,-71.18,53,3.3,"Menor a 4","Intermedio",0,0,"Atacama","Dentro del polígono regional","Norte","region_4"
2024-06-25,2024,6,-29.57,-71.23,53,3.6,"Menor a 4","Intermedio",0,0,"Coquimbo","Dentro del polígono regional","Norte","region_7"
2024-08-01,2024,8,-29.78,-71.56,80,4.5,"4.0 a 4.9","Profundo",0,0,"Coquimbo","Región más cercana","Norte","region_7"
2024-10-17,2024,10,-29.29,-71.2,55,3.3,"Menor a 4","Intermedio",0,0,"Coquimbo","Dentro del polígono regional","Norte","region_7"
2025-02-02,2025,2,-30.74,-71.41,44,5.1,"5.0 a 5.9","Intermedio",1,0,"Coquimbo","Dentro del polígono regional","Norte","region_7"
2025-02-16,2025,2,-38.48,-74.12,31,5.2,"5.0 a 5.9","Intermedio",1,0,"Biobío","Región más cercana","Sur","region_6"
2025-02-18,2025,2,-26.29,-70.74,35,5.5,"5.0 a 5.9","Intermedio",1,0,"Atacama","Región más cercana","Norte","region_4"
2025-02-20,2025,2,-19.69,-69.37,114,5,"5.0 a 5.9","Profundo",1,0,"Tarapacá","Dentro del polígono regional","Norte","region_15"
2023-11-12,2023,11,-34.91,-71.72,43,4,"4.0 a 4.9","Intermedio",0,0,"O'Higgins","Dentro del polígono regional","Centro","region_8"
2023-11-18,2023,11,-35.03,-71.8,44,4,"4.0 a 4.9","Intermedio",0,0,"Maule","Dentro del polígono regional","Centro","region_12"
2024-01-11,2024,1,-34.77,-71.7,50,4.4,"4.0 a 4.9","Intermedio",0,0,"O'Higgins","Dentro del polígono regional","Centro","region_8"
2024-02-27,2024,2,-35.01,-71.06,105,4,"4.0 a 4.9","Profundo",0,0,"Maule","Dentro del polígono regional","Centro","region_12"
2022-12-08,2022,12,-35.54,-71.52,75,4.3,"4.0 a 4.9","Profundo",0,0,"Maule","Dentro del polígono regional","Centro","region_12"
2023-07-06,2023,7,-35.09,-71.31,80,3.7,"Menor a 4","Profundo",0,0,"Maule","Dentro del polígono regional","Centro","region_12"
2023-07-25,2023,7,-35.62,-71.46,93,4.2,"4.0 a 4.9","Profundo",0,0,"Maule","Dentro del polígono regional","Centro","region_12"
2024-03-03,2024,3,-35.07,-71.09,96,3.8,"Menor a 4","Profundo",0,0,"Maule","Dentro del polígono regional","Centro","region_12"
2024-08-10,2024,8,-35.92,-71.81,78,4,"4.0 a 4.9","Profundo",0,0,"Maule","Dentro del polígono regional","Centro","region_12"
2024-08-30,2024,8,-36.02,-71.78,70,4.1,"4.0 a 4.9","Profundo",0,0,"Maule","Dentro del polígono regional","Centro","region_12"
2023-07-13,2023,7,-34.91,-71.8,42,3.9,"Menor a 4","Intermedio",0,0,"Maule","Dentro del polígono regional","Centro","region_12"
2024-05-13,2024,5,-35.41,-73.28,36,5.2,"5.0 a 5.9","Intermedio",1,0,"Maule","Región más cercana","Centro","region_12"
2023-08-05,2023,8,-41.73,-73.9,28,3.9,"Menor a 4","Superficial",0,0,"Los Lagos","Región más cercana","Sur","region_9"
2023-08-28,2023,8,-41.64,-73.94,28,4,"4.0 a 4.9","Superficial",0,0,"Los Lagos","Región más cercana","Sur","region_9"
2023-03-01,2023,3,-34.8,-71.83,41,3.9,"Menor a 4","Intermedio",0,0,"O'Higgins","Dentro del polígono regional","Centro","region_8"
2024-07-06,2024,7,-41.95,-73.52,59,4.2,"4.0 a 4.9","Intermedio",0,0,"Los Lagos","Región más cercana","Sur","region_9"
2019-04-29,2019,4,-30.84,-71.51,50,4.4,"4.0 a 4.9","Intermedio",0,0,"Coquimbo","Dentro del polígono regional","Norte","region_7"
2020-01-06,2020,1,-31.16,-71.44,59,3.7,"Menor a 4","Intermedio",0,0,"Coquimbo","Dentro del polígono regional","Norte","region_7"
2020-01-10,2020,1,-30.84,-71.36,45,4.9,"4.0 a 4.9","Intermedio",0,0,"Coquimbo","Dentro del polígono regional","Norte","region_7"
2020-05-27,2020,5,-29.23,-71.58,44,3.2,"Menor a 4","Intermedio",0,0,"Coquimbo","Región más cercana","Norte","region_7"
2019-04-11,2019,4,-29.53,-71.34,58,3.7,"Menor a 4","Intermedio",0,0,"Coquimbo","Región más cercana","Norte","region_7"
2020-03-26,2020,3,-30.61,-71.68,36,3.9,"Menor a 4","Intermedio",0,0,"Coquimbo","Dentro del polígono regional","Norte","region_7"
2019-04-25,2019,4,-29.66,-71.3,68,3.8,"Menor a 4","Intermedio",0,0,"Coquimbo","Dentro del polígono regional","Norte","region_7"
2020-04-21,2020,4,-30.98,-71.38,54,3.1,"Menor a 4","Intermedio",0,0,"Coquimbo","Dentro del polígono regional","Norte","region_7"
2020-05-30,2020,5,-29.23,-71.14,60,4.5,"4.0 a 4.9","Intermedio",0,0,"Atacama","Dentro del polígono regional","Norte","region_4"
2020-05-06,2020,5,-30.72,-71.41,50,3.7,"Menor a 4","Intermedio",0,0,"Coquimbo","Dentro del polígono regional","Norte","region_7"
2019-03-06,2019,3,-29.29,-71.16,35,3.9,"Menor a 4","Intermedio",0,0,"Atacama","Dentro del polígono regional","Norte","region_4"
2019-11-24,2019,11,-31.79,-71.45,44,4.4,"4.0 a 4.9","Intermedio",0,0,"Coquimbo","Dentro del polígono regional","Norte","region_7"
2020-03-11,2020,3,-30.45,-71.63,36,4.4,"4.0 a 4.9","Intermedio",0,0,"Coquimbo","Dentro del polígono regional","Norte","region_7"
2020-04-03,2020,4,-29.07,-71.51,65,4.9,"4.0 a 4.9","Intermedio",0,0,"Atacama","Región más cercana","Norte","region_4"
2019-10-21,2019,10,-30.71,-71.37,49,4.3,"4.0 a 4.9","Intermedio",0,0,"Coquimbo","Dentro del polígono regional","Norte","region_7"
2019-07-29,2019,7,-31.63,-71.47,56,3.9,"Menor a 4","Intermedio",0,0,"Coquimbo","Dentro del polígono regional","Norte","region_7"
2020-02-26,2020,2,-30.99,-71.34,57,4.8,"4.0 a 4.9","Intermedio",0,0,"Coquimbo","Dentro del polígono regional","Norte","region_7"
2019-06-19,2019,6,-29.19,-71.31,50,3.9,"Menor a 4","Intermedio",0,0,"Coquimbo","Dentro del polígono regional","Norte","region_7"
2020-01-21,2020,1,-30.73,-71.41,52,3.6,"Menor a 4","Intermedio",0,0,"Coquimbo","Dentro del polígono regional","Norte","region_7"
2019-09-10,2019,9,-30.72,-71.39,50,4.1,"4.0 a 4.9","Intermedio",0,0,"Coquimbo","Dentro del polígono regional","Norte","region_7"
2019-04-24,2019,4,-30.66,-71.38,51,3.4,"Menor a 4","Intermedio",0,0,"Coquimbo","Dentro del polígono regional","Norte","region_7"
2019-03-14,2019,3,-30.66,-71.27,44,3.1,"Menor a 4","Intermedio",0,0,"Coquimbo","Dentro del polígono regional","Norte","region_7"
2019-03-09,2019,3,-31.43,-70.37,139,4.9,"4.0 a 4.9","Profundo",0,0,"Coquimbo","Región más cercana","Norte","region_7"
2020-03-07,2020,3,-31.57,-71.52,44,3.9,"Menor a 4","Intermedio",0,0,"Coquimbo","Dentro del polígono regional","Norte","region_7"
2020-01-17,2020,1,-29.47,-71.28,50,3.2,"Menor a 4","Intermedio",0,0,"Coquimbo","Dentro del polígono regional","Norte","region_7"
2019-08-10,2019,8,-31.77,-71.39,54,4.7,"4.0 a 4.9","Intermedio",0,0,"Coquimbo","Dentro del polígono regional","Norte","region_7"
2020-04-03,2020,4,-30.64,-71.75,36,4.7,"4.0 a 4.9","Intermedio",0,0,"Coquimbo","Región más cercana","Norte","region_7"
2019-03-23,2019,3,-29.51,-71.49,47,3.7,"Menor a 4","Intermedio",0,0,"Coquimbo","Región más cercana","Norte","region_7"
2019-08-21,2019,8,-28.9,-71.38,32,4.1,"4.0 a 4.9","Intermedio",0,0,"Atacama","Dentro del polígono regional","Norte","region_4"
2020-01-01,2020,1,-30.28,-71.56,47,4.9,"4.0 a 4.9","Intermedio",0,0,"Coquimbo","Región más cercana","Norte","region_7"
2018-09-04,2018,9,-29.36,-71.22,32,3.1,"Menor a 4","Intermedio",0,0,"Coquimbo","Dentro del polígono regional","Norte","region_7"
2020-01-28,2020,1,-31.74,-71.38,46,4,"4.0 a 4.9","Intermedio",0,0,"Coquimbo","Dentro del polígono regional","Norte","region_7"
2019-05-06,2019,5,-30.71,-71.39,54,3.6,"Menor a 4","Intermedio",0,0,"Coquimbo","Dentro del polígono regional","Norte","region_7"
2019-03-09,2019,3,-30.7,-71.36,54,4.3,"4.0 a 4.9","Intermedio",0,0,"Coquimbo","Dentro del polígono regional","Norte","region_7"
2020-01-18,2020,1,-29.33,-71.33,56,3.7,"Menor a 4","Intermedio",0,0,"Coquimbo","Dentro del polígono regional","Norte","region_7"
2019-06-23,2019,6,-29.27,-71.26,47,3.6,"Menor a 4","Intermedio",0,0,"Coquimbo","Dentro del polígono regional","Norte","region_7"
2018-12-17,2018,12,-29.6,-71.27,52,3.6,"Menor a 4","Intermedio",0,0,"Coquimbo","Dentro del polígono regional","Norte","region_7"
2019-03-15,2019,3,-29.59,-71.15,55,3.7,"Menor a 4","Intermedio",0,0,"Coquimbo","Dentro del polígono regional","Norte","region_7"
2020-04-23,2020,4,-31.06,-71.42,63,4.1,"4.0 a 4.9","Intermedio",0,0,"Coquimbo","Dentro del polígono regional","Norte","region_7"
2018-11-17,2018,11,-29.05,-71.27,56,3.8,"Menor a 4","Intermedio",0,0,"Atacama","Dentro del polígono regional","Norte","region_4"
2020-07-17,2020,7,-20.24,-70.08,76,5.7,"5.0 a 5.9","Profundo",1,0,"Tarapacá","Dentro del polígono regional","Norte","region_15"
2020-05-01,2020,5,-30.66,-71.31,54,4.3,"4.0 a 4.9","Intermedio",0,0,"Coquimbo","Dentro del polígono regional","Norte","region_7"
2019-03-13,2019,3,-30.71,-71.41,42,4.1,"4.0 a 4.9","Intermedio",0,0,"Coquimbo","Dentro del polígono regional","Norte","region_7"
2019-05-11,2019,5,-30.74,-71.35,37,3.6,"Menor a 4","Intermedio",0,0,"Coquimbo","Dentro del polígono regional","Norte","region_7"
2020-05-05,2020,5,-30.65,-71.68,36,4.7,"4.0 a 4.9","Intermedio",0,0,"Coquimbo","Dentro del polígono regional","Norte","region_7"
2019-05-16,2019,5,-31.5,-69.7,139,5,"5.0 a 5.9","Profundo",1,0,"Coquimbo","Región más cercana","Norte","region_7"
2019-01-18,2019,1,-29.76,-70.77,55,3.5,"Menor a 4","Intermedio",0,0,"Coquimbo","Dentro del polígono regional","Norte","region_7"
2019-04-20,2019,4,-30.86,-71.29,44,4.3,"4.0 a 4.9","Intermedio",0,0,"Coquimbo","Dentro del polígono regional","Norte","region_7"
2019-11-25,2019,11,-30.79,-71.27,43,3.5,"Menor a 4","Intermedio",0,0,"Coquimbo","Dentro del polígono regional","Norte","region_7"
2019-06-30,2019,6,-31.55,-71.51,46,4.4,"4.0 a 4.9","Intermedio",0,0,"Coquimbo","Dentro del polígono regional","Norte","region_7"
2020-07-10,2020,7,-20.97,-69.31,60,4.1,"4.0 a 4.9","Intermedio",0,0,"Tarapacá","Dentro del polígono regional","Norte","region_15"
2018-11-08,2018,11,-29.43,-71.17,52,3.8,"Menor a 4","Intermedio",0,0,"Coquimbo","Dentro del polígono regional","Norte","region_7"
2020-03-24,2020,3,-30.63,-71.57,42,4.9,"4.0 a 4.9","Intermedio",0,0,"Coquimbo","Dentro del polígono regional","Norte","region_7"
2019-06-24,2019,6,-30.59,-71.6,32,4.5,"4.0 a 4.9","Intermedio",0,0,"Coquimbo","Dentro del polígono regional","Norte","region_7"
2019-07-12,2019,7,-30.72,-71.33,50,4.3,"4.0 a 4.9","Intermedio",0,0,"Coquimbo","Dentro del polígono regional","Norte","region_7"
2020-04-06,2020,4,-29.56,-71.41,59,4.6,"4.0 a 4.9","Intermedio",0,0,"Coquimbo","Región más cercana","Norte","region_7"
2020-06-05,2020,6,-30.45,-71.65,34,4.6,"4.0 a 4.9","Intermedio",0,0,"Coquimbo","Dentro del polígono regional","Norte","region_7"
2019-02-07,2019,2,-29.46,-71.54,29,3,"Menor a 4","Superficial",0,0,"Coquimbo","Región más cercana","Norte","region_7"
2019-11-01,2019,11,-29.25,-71.59,40,4.2,"4.0 a 4.9","Intermedio",0,0,"Coquimbo","Región más cercana","Norte","region_7"
2019-05-27,2019,5,-30.68,-71.76,35,4.2,"4.0 a 4.9","Intermedio",0,0,"Coquimbo","Región más cercana","Norte","region_7"
2019-11-11,2019,11,-31.81,-71.31,55,4.2,"4.0 a 4.9","Intermedio",0,0,"Coquimbo","Dentro del polígono regional","Norte","region_7"
2020-07-19,2020,7,-20.26,-70.06,77,4.7,"4.0 a 4.9","Profundo",0,0,"Tarapacá","Dentro del polígono regional","Norte","region_15"
2019-02-23,2019,2,-30.99,-71.36,62,3.7,"Menor a 4","Intermedio",0,0,"Coquimbo","Dentro del polígono regional","Norte","region_7"
2019-04-20,2019,4,-29.59,-71.11,34,3.4,"Menor a 4","Intermedio",0,0,"Coquimbo","Dentro del polígono regional","Norte","region_7"
2019-06-27,2019,6,-30.77,-71.38,51,3.8,"Menor a 4","Intermedio",0,0,"Coquimbo","Dentro del polígono regional","Norte","region_7"
2019-02-22,2019,2,-31.36,-71.28,71,3.8,"Menor a 4","Profundo",0,0,"Coquimbo","Dentro del polígono regional","Norte","region_7"
2019-02-15,2019,2,-30.59,-71.52,14,3.7,"Menor a 4","Superficial",0,0,"Coquimbo","Dentro del polígono regional","Norte","region_7"
2019-11-04,2019,11,-31.82,-71.33,56,4.3,"4.0 a 4.9","Intermedio",0,0,"Coquimbo","Dentro del polígono regional","Norte","region_7"
2020-01-31,2020,1,-30.97,-71.33,67,3.9,"Menor a 4","Intermedio",0,0,"Coquimbo","Dentro del polígono regional","Norte","region_7"
2019-09-19,2019,9,-30.7,-71.71,36,4.3,"4.0 a 4.9","Intermedio",0,0,"Coquimbo","Región más cercana","Norte","region_7"
2020-08-03,2020,8,-19.57,-69.22,102,5.4,"5.0 a 5.9","Profundo",1,0,"Tarapacá","Dentro del polígono regional","Norte","region_15"
2019-12-18,2019,12,-30.02,-71.26,52,4.5,"4.0 a 4.9","Intermedio",0,0,"Coquimbo","Dentro del polígono regional","Norte","region_7"
2019-11-21,2019,11,-29.86,-71.55,45,3.8,"Menor a 4","Intermedio",0,0,"Coquimbo","Región más cercana","Norte","region_7"
2018-09-01,2018,9,-29.08,-71.54,40,3.9,"Menor a 4","Intermedio",0,0,"Atacama","Región más cercana","Norte","region_4"
2019-11-26,2019,11,-28.53,-71.34,42,4.8,"4.0 a 4.9","Intermedio",0,0,"Atacama","Región más cercana","Norte","region_4"
2020-04-05,2020,4,-31.77,-71.66,32,4.1,"4.0 a 4.9","Intermedio",0,0,"Coquimbo","Región más cercana","Norte","region_7"
2019-07-07,2019,7,-30.9,-71.33,55,3.7,"Menor a 4","Intermedio",0,0,"Coquimbo","Dentro del polígono regional","Norte","region_7"
2019-12-23,2019,12,-28.67,-71.45,33,4.4,"4.0 a 4.9","Intermedio",0,0,"Atacama","Región más cercana","Norte","region_4"
2019-09-22,2019,9,-31.47,-71.65,40,3.7,"Menor a 4","Intermedio",0,0,"Coquimbo","Región más cercana","Norte","region_7"
2019-04-03,2019,4,-29.75,-70.9,82,3.8,"Menor a 4","Profundo",0,0,"Coquimbo","Dentro del polígono regional","Norte","region_7"
2019-12-10,2019,12,-31.83,-71.29,57,4.2,"4.0 a 4.9","Intermedio",0,0,"Coquimbo","Dentro del polígono regional","Norte","region_7"
2019-11-16,2019,11,-31.77,-71.36,48,3.9,"Menor a 4","Intermedio",0,0,"Coquimbo","Dentro del polígono regional","Norte","region_7"
2020-08-16,2020,8,-19.2,-70.24,72,5.2,"5.0 a 5.9","Profundo",1,0,"Arica y Parinacota","Dentro del polígono regional","Norte","region_3"
2019-04-25,2019,4,-29.66,-71.3,68,3.8,"Menor a 4","Intermedio",0,0,"Coquimbo","Dentro del polígono regional","Norte","region_7"
2019-05-27,2019,5,-28.73,-70.57,92,4.6,"4.0 a 4.9","Profundo",0,0,"Atacama","Dentro del polígono regional","Norte","region_4"
2018-09-11,2018,9,-31.43,-71.48,36,3.3,"Menor a 4","Intermedio",0,0,"Coquimbo","Dentro del polígono regional","Norte","region_7"
2019-09-20,2019,9,-28.58,-71.22,40,4.5,"4.0 a 4.9","Intermedio",0,0,"Atacama","Dentro del polígono regional","Norte","region_4"
2019-09-19,2019,9,-31.51,-71.54,49,3.4,"Menor a 4","Intermedio",0,0,"Coquimbo","Dentro del polígono regional","Norte","region_7"
2019-08-29,2019,8,-31.49,-71.69,25,3.8,"Menor a 4","Superficial",0,0,"Coquimbo","Región más cercana","Norte","region_7"
2020-09-01,2020,9,-28.06,-71.36,24,5.2,"5.0 a 5.9","Superficial",1,0,"Atacama","Región más cercana","Norte","region_4"
2020-09-01,2020,9,-27.97,-71.24,31,7,"6.0 o más","Intermedio",1,1,"Atacama","Región más cercana","Norte","region_4"
2019-03-12,2019,3,-31.24,-71.85,32,3.8,"Menor a 4","Intermedio",0,0,"Coquimbo","Región más cercana","Norte","region_7"
2020-06-15,2020,6,-30.01,-71.5,44,4.3,"4.0 a 4.9","Intermedio",0,0,"Coquimbo","Región más cercana","Norte","region_7"
2019-08-08,2019,8,-30.33,-71.18,60,4,"4.0 a 4.9","Intermedio",0,0,"Coquimbo","Dentro del polígono regional","Norte","region_7"
2020-02-11,2020,2,-30.39,-71.55,41,3.9,"Menor a 4","Intermedio",0,0,"Coquimbo","Dentro del polígono regional","Norte","region_7"
2019-06-14,2019,6,-31,-71.31,65,3.6,"Menor a 4","Intermedio",0,0,"Coquimbo","Dentro del polígono regional","Norte","region_7"
2020-06-11,2020,6,-30.29,-71.45,55,3.9,"Menor a 4","Intermedio",0,0,"Coquimbo","Dentro del polígono regional","Norte","region_7"
2020-04-07,2020,4,-31.47,-71.63,36,4.4,"4.0 a 4.9","Intermedio",0,0,"Coquimbo","Región más cercana","Norte","region_7"
2020-08-28,2020,8,-20.01,-69.83,64,4.6,"4.0 a 4.9","Intermedio",0,0,"Tarapacá","Dentro del polígono regional","Norte","region_15"
2019-07-17,2019,7,-30.99,-71.49,33,4.1,"4.0 a 4.9","Intermedio",0,0,"Coquimbo","Dentro del polígono regional","Norte","region_7"
2020-02-25,2020,2,-31.3,-71.46,60,3.6,"Menor a 4","Intermedio",0,0,"Coquimbo","Dentro del polígono regional","Norte","region_7"
2020-05-26,2020,5,-20.47,-69.22,85,4.3,"4.0 a 4.9","Profundo",0,0,"Tarapacá","Dentro del polígono regional","Norte","region_15"
2019-08-14,2019,8,-31.97,-71.53,38,3.8,"Menor a 4","Intermedio",0,0,"Coquimbo","Región más cercana","Norte","region_7"
2019-04-20,2019,4,-31.49,-71.69,32,3.8,"Menor a 4","Intermedio",0,0,"Coquimbo","Región más cercana","Norte","region_7"
2019-10-23,2019,10,-31.48,-71.66,42,4.1,"4.0 a 4.9","Intermedio",0,0,"Coquimbo","Región más cercana","Norte","region_7"
2019-08-07,2019,8,-32.01,-71.59,40,3.5,"Menor a 4","Intermedio",0,0,"Coquimbo","Región más cercana","Norte","region_7"
2019-11-30,2019,11,-31.52,-71.67,27,4,"4.0 a 4.9","Superficial",0,0,"Coquimbo","Región más cercana","Norte","region_7"
2020-09-01,2020,9,-28.07,-71.21,36,6.1,"6.0 o más","Intermedio",1,1,"Atacama","Región más cercana","Norte","region_4"
2020-06-11,2020,6,-29.44,-71.14,37,4,"4.0 a 4.9","Intermedio",0,0,"Coquimbo","Dentro del polígono regional","Norte","region_7"
2019-07-06,2019,7,-30.27,-71.64,35,3.8,"Menor a 4","Intermedio",0,0,"Coquimbo","Dentro del polígono regional","Norte","region_7"
2019-03-29,2019,3,-31.54,-71.35,49,3.5,"Menor a 4","Intermedio",0,0,"Coquimbo","Dentro del polígono regional","Norte","region_7"
2019-08-17,2019,8,-30.02,-71.67,38,4.2,"4.0 a 4.9","Intermedio",0,0,"Coquimbo","Región más cercana","Norte","region_7"
2019-05-26,2019,5,-30.4,-71.44,11,3.5,"Menor a 4","Superficial",0,0,"Coquimbo","Dentro del polígono regional","Norte","region_7"
2020-04-05,2020,4,-31.77,-71.59,36,4.5,"4.0 a 4.9","Intermedio",0,0,"Coquimbo","Región más cercana","Norte","region_7"
2018-10-19,2018,10,-31.58,-71.45,46,3.5,"Menor a 4","Intermedio",0,0,"Coquimbo","Dentro del polígono regional","Norte","region_7"
2019-11-21,2019,11,-29.84,-71.22,58,4.4,"4.0 a 4.9","Intermedio",0,0,"Coquimbo","Dentro del polígono regional","Norte","region_7"
2019-06-29,2019,6,-30.21,-71.32,65,4.3,"4.0 a 4.9","Intermedio",0,0,"Coquimbo","Dentro del polígono regional","Norte","region_7"
2019-10-31,2019,10,-31.74,-71.54,36,3.9,"Menor a 4","Intermedio",0,0,"Coquimbo","Región más cercana","Norte","region_7"
2018-11-27,2018,11,-29.56,-71.44,41,3.7,"Menor a 4","Intermedio",0,0,"Coquimbo","Región más cercana","Norte","region_7"
2020-04-06,2020,4,-31.82,-71.39,55,3.9,"Menor a 4","Intermedio",0,0,"Coquimbo","Dentro del polígono regional","Norte","region_7"
2020-04-18,2020,4,-29.09,-71.14,43,3.4,"Menor a 4","Intermedio",0,0,"Atacama","Dentro del polígono regional","Norte","region_4"
2019-07-30,2019,7,-31.52,-71.69,30,3.9,"Menor a 4","Intermedio",0,0,"Coquimbo","Región más cercana","Norte","region_7"
2019-08-15,2019,8,-29.97,-72.02,32,4.7,"4.0 a 4.9","Intermedio",0,0,"Coquimbo","Región más cercana","Norte","region_7"
2020-08-02,2020,8,-19.75,-69.87,32,3.9,"Menor a 4","Intermedio",0,0,"Tarapacá","Dentro del polígono regional","Norte","region_15"
2020-08-23,2020,8,-20.61,-69.8,48,3.9,"Menor a 4","Intermedio",0,0,"Tarapacá","Dentro del polígono regional","Norte","region_15"
2019-04-22,2019,4,-30.2,-71.27,58,3.9,"Menor a 4","Intermedio",0,0,"Coquimbo","Dentro del polígono regional","Norte","region_7"
2019-10-23,2019,10,-31.46,-71.61,34,4.5,"4.0 a 4.9","Intermedio",0,0,"Coquimbo","Región más cercana","Norte","region_7"
2019-08-31,2019,8,-30.21,-71.23,70,4.1,"4.0 a 4.9","Profundo",0,0,"Coquimbo","Dentro del polígono regional","Norte","region_7"
2019-06-13,2019,6,-28.81,-71.05,60,4.8,"4.0 a 4.9","Intermedio",0,0,"Atacama","Dentro del polígono regional","Norte","region_4"
2020-04-07,2020,4,-31.54,-71.54,45,4.5,"4.0 a 4.9","Intermedio",0,0,"Coquimbo","Dentro del polígono regional","Norte","region_7"
2020-04-25,2020,4,-27.91,-71.3,27,4.9,"4.0 a 4.9","Superficial",0,0,"Atacama","Región más cercana","Norte","region_4"
2018-08-28,2018,8,-31.51,-71.7,24,3.1,"Menor a 4","Superficial",0,0,"Coquimbo","Región más cercana","Norte","region_7"
2019-12-30,2019,12,-30.28,-71.57,43,4.2,"4.0 a 4.9","Intermedio",0,0,"Coquimbo","Región más cercana","Norte","region_7"
2019-02-27,2019,2,-30.18,-71.28,66,3.6,"Menor a 4","Intermedio",0,0,"Coquimbo","Dentro del polígono regional","Norte","region_7"
2020-06-06,2020,6,-31.02,-71.44,55,3.7,"Menor a 4","Intermedio",0,0,"Coquimbo","Dentro del polígono regional","Norte","region_7"
2019-03-13,2019,3,-30.71,-71.41,42,4.1,"4.0 a 4.9","Intermedio",0,0,"Coquimbo","Dentro del polígono regional","Norte","region_7"
2020-04-22,2020,4,-30.38,-71.5,44,4.4,"4.0 a 4.9","Intermedio",0,0,"Coquimbo","Dentro del polígono regional","Norte","region_7"
2019-11-25,2019,11,-31.05,-71.27,65,3.8,"Menor a 4","Intermedio",0,0,"Coquimbo","Dentro del polígono regional","Norte","region_7"
2019-06-04,2019,6,-30.3,-71.33,24,3.1,"Menor a 4","Superficial",0,0,"Coquimbo","Dentro del polígono regional","Norte","region_7"
2019-11-06,2019,11,-31.81,-71.29,48,4,"4.0 a 4.9","Intermedio",0,0,"Coquimbo","Dentro del polígono regional","Norte","region_7"
2020-07-02,2020,7,-30.82,-71.39,50,4.5,"4.0 a 4.9","Intermedio",0,0,"Coquimbo","Dentro del polígono regional","Norte","region_7"
2020-03-05,2020,3,-28.44,-67.88,128,5.3,"5.0 a 5.9","Profundo",1,0,"Atacama","Región más cercana","Norte","region_4"
2019-08-24,2019,8,-30.06,-71.51,27,3.9,"Menor a 4","Superficial",0,0,"Coquimbo","Región más cercana","Norte","region_7"
2019-10-11,2019,10,-29.25,-71.72,36,4.9,"4.0 a 4.9","Intermedio",0,0,"Coquimbo","Región más cercana","Norte","region_7"
2020-05-21,2020,5,-31.25,-71.69,44,4,"4.0 a 4.9","Intermedio",0,0,"Coquimbo","Región más cercana","Norte","region_7"
2019-06-13,2019,6,-30.44,-71.33,55,4.9,"4.0 a 4.9","Intermedio",0,0,"Coquimbo","Dentro del polígono regional","Norte","region_7"
2019-05-18,2019,5,-30.26,-71.17,59,4,"4.0 a 4.9","Intermedio",0,0,"Coquimbo","Dentro del polígono regional","Norte","region_7"
2019-09-09,2019,9,-30.2,-71.3,65,4,"4.0 a 4.9","Intermedio",0,0,"Coquimbo","Dentro del polígono regional","Norte","region_7"
2020-09-01,2020,9,-28.05,-71.33,30,5.5,"5.0 a 5.9","Intermedio",1,0,"Atacama","Región más cercana","Norte","region_4"
2020-07-15,2020,7,-20.15,-70.22,45,4.2,"4.0 a 4.9","Intermedio",0,0,"Tarapacá","Región más cercana","Norte","region_15"
2019-06-10,2019,6,-31.98,-71.26,55,4.4,"4.0 a 4.9","Intermedio",0,0,"Coquimbo","Dentro del polígono regional","Norte","region_7"
2018-10-13,2018,10,-31.56,-71.5,45,3.6,"Menor a 4","Intermedio",0,0,"Coquimbo","Dentro del polígono regional","Norte","region_7"
2019-12-05,2019,12,-29.8,-71.28,50,4.5,"4.0 a 4.9","Intermedio",0,0,"Coquimbo","Dentro del polígono regional","Norte","region_7"
2020-01-17,2020,1,-28.64,-71.41,27,3.9,"Menor a 4","Superficial",0,0,"Atacama","Región más cercana","Norte","region_4"
2020-02-14,2020,2,-30.18,-71.17,65,4,"4.0 a 4.9","Intermedio",0,0,"Coquimbo","Dentro del polígono regional","Norte","region_7"
2020-08-21,2020,8,-19.61,-69.45,104,4.2,"4.0 a 4.9","Profundo",0,0,"Tarapacá","Dentro del polígono regional","Norte","region_15"
2019-11-27,2019,11,-28.24,-70.94,63,4,"4.0 a 4.9","Intermedio",0,0,"Atacama","Dentro del polígono regional","Norte","region_4"
2019-11-01,2019,11,-29.25,-71.59,40,4.2,"4.0 a 4.9","Intermedio",0,0,"Coquimbo","Región más cercana","Norte","region_7"
2020-04-26,2020,4,-31.74,-71.28,53,3.7,"Menor a 4","Intermedio",0,0,"Coquimbo","Dentro del polígono regional","Norte","region_7"
2019-11-10,2019,11,-28.33,-70.56,90,4.8,"4.0 a 4.9","Profundo",0,0,"Atacama","Dentro del polígono regional","Norte","region_4"
2020-06-10,2020,6,-29.29,-71.4,31,3.8,"Menor a 4","Intermedio",0,0,"Coquimbo","Región más cercana","Norte","region_7"
2019-08-11,2019,8,-30.39,-71.48,26,3.7,"Menor a 4","Superficial",0,0,"Coquimbo","Dentro del polígono regional","Norte","region_7"
2019-06-26,2019,6,-29.43,-71.29,48,4,"4.0 a 4.9","Intermedio",0,0,"Coquimbo","Dentro del polígono regional","Norte","region_7"
2019-07-05,2019,7,-29.68,-71.17,58,3.5,"Menor a 4","Intermedio",0,0,"Coquimbo","Dentro del polígono regional","Norte","region_7"
2019-10-29,2019,10,-30.65,-71.28,47,3.5,"Menor a 4","Intermedio",0,0,"Coquimbo","Dentro del polígono regional","Norte","region_7"
2019-02-23,2019,2,-30.24,-71.29,68,3.9,"Menor a 4","Intermedio",0,0,"Coquimbo","Dentro del polígono regional","Norte","region_7"
2018-07-27,2018,7,-31.43,-71.45,51,3.7,"Menor a 4","Intermedio",0,0,"Coquimbo","Dentro del polígono regional","Norte","region_7"
2019-10-27,2019,10,-29.22,-71.7,38,4.5,"4.0 a 4.9","Intermedio",0,0,"Coquimbo","Región más cercana","Norte","region_7"
2019-06-01,2019,6,-29.69,-71.31,59,4.5,"4.0 a 4.9","Intermedio",0,0,"Coquimbo","Dentro del polígono regional","Norte","region_7"
2019-11-05,2019,11,-31.78,-71.3,56,4,"4.0 a 4.9","Intermedio",0,0,"Coquimbo","Dentro del polígono regional","Norte","region_7"
2020-05-06,2020,5,-28.67,-71.42,22,3.7,"Menor a 4","Superficial",0,0,"Atacama","Región más cercana","Norte","region_4"
2019-08-20,2019,8,-31.93,-71.13,76,4.1,"4.0 a 4.9","Profundo",0,0,"Coquimbo","Dentro del polígono regional","Norte","region_7"
2019-09-06,2019,9,-29.74,-71.51,69,4.1,"4.0 a 4.9","Intermedio",0,0,"Coquimbo","Región más cercana","Norte","region_7"
2019-06-22,2019,6,-31.3,-71.75,26,3.8,"Menor a 4","Superficial",0,0,"Coquimbo","Región más cercana","Norte","region_7"
2020-09-01,2020,9,-27.94,-71.33,25,5.3,"5.0 a 5.9","Superficial",1,0,"Atacama","Región más cercana","Norte","region_4"
2019-05-21,2019,5,-30.5,-71.24,57,4.6,"4.0 a 4.9","Intermedio",0,0,"Coquimbo","Dentro del polígono regional","Norte","region_7"
2019-03-24,2019,3,-30.18,-71.3,65,3.6,"Menor a 4","Intermedio",0,0,"Coquimbo","Dentro del polígono regional","Norte","region_7"
2020-09-01,2020,9,-27.98,-71.55,24,6.3,"6.0 o más","Superficial",1,1,"Atacama","Región más cercana","Norte","region_4"
2019-11-15,2019,11,-34.06,-72.28,33,4.9,"4.0 a 4.9","Intermedio",0,0,"O'Higgins","Región más cercana","Centro","region_8"
2019-03-29,2019,3,-32.48,-71.81,46,3.9,"Menor a 4","Intermedio",0,0,"Valparaíso","Región más cercana","Centro","region_16"
2019-10-31,2019,10,-32.36,-71.39,49,4.6,"4.0 a 4.9","Intermedio",0,0,"Valparaíso","Dentro del polígono regional","Centro","region_16"
2020-09-01,2020,9,-28,-71.07,32,4.5,"4.0 a 4.9","Intermedio",0,0,"Atacama","Dentro del polígono regional","Norte","region_4"
2019-04-27,2019,4,-32.5,-71.7,30,4,"4.0 a 4.9","Intermedio",0,0,"Valparaíso","Región más cercana","Centro","region_16"
2020-01-29,2020,1,-32.75,-71.72,30,3.3,"Menor a 4","Intermedio",0,0,"Valparaíso","Región más cercana","Centro","region_16"
2020-09-02,2020,9,-27.95,-71.43,26,4.7,"4.0 a 4.9","Superficial",0,0,"Atacama","Región más cercana","Norte","region_4"
2020-09-02,2020,9,-28,-71.31,26,4.6,"4.0 a 4.9","Superficial",0,0,"Atacama","Región más cercana","Norte","region_4"
2019-09-21,2019,9,-32.77,-71.78,31,3.2,"Menor a 4","Intermedio",0,0,"Valparaíso","Región más cercana","Centro","region_16"
2020-09-01,2020,9,-27.96,-71.34,31,4.8,"4.0 a 4.9","Intermedio",0,0,"Atacama","Región más cercana","Norte","region_4"
2020-05-21,2020,5,-33.55,-70.75,89,4.8,"4.0 a 4.9","Profundo",0,0,"Región Metropolitana","Dentro del polígono regional","Centro","region_14"
2019-08-31,2019,8,-32.67,-71.75,29,3.7,"Menor a 4","Superficial",0,0,"Valparaíso","Región más cercana","Centro","region_16"
2019-12-12,2019,12,-32.63,-71.62,37,3.7,"Menor a 4","Intermedio",0,0,"Valparaíso","Región más cercana","Centro","region_16"
2019-09-01,2019,9,-32.65,-71.81,24,3.8,"Menor a 4","Superficial",0,0,"Valparaíso","Región más cercana","Centro","region_16"
2019-03-23,2019,3,-32.77,-71.77,20,3.2,"Menor a 4","Superficial",0,0,"Valparaíso","Región más cercana","Centro","region_16"
2020-09-01,2020,9,-27.98,-71.08,20,4.8,"4.0 a 4.9","Superficial",0,0,"Atacama","Dentro del polígono regional","Norte","region_4"
2020-09-02,2020,9,-30.32,-71.39,50,3.7,"Menor a 4","Intermedio",0,0,"Coquimbo","Dentro del polígono regional","Norte","region_7"
2020-09-03,2020,9,-28.01,-71.44,27,4.7,"4.0 a 4.9","Superficial",0,0,"Atacama","Región más cercana","Norte","region_4"
2020-07-26,2020,7,-32.15,-71.92,32,4.7,"4.0 a 4.9","Intermedio",0,0,"Valparaíso","Región más cercana","Centro","region_16"
2020-03-28,2020,3,-32.45,-71.75,36,4.4,"4.0 a 4.9","Intermedio",0,0,"Valparaíso","Región más cercana","Centro","region_16"
2020-09-02,2020,9,-28.06,-71.05,35,4.1,"4.0 a 4.9","Intermedio",0,0,"Atacama","Dentro del polígono regional","Norte","region_4"
2019-10-05,2019,10,-32.58,-71.53,53,4.3,"4.0 a 4.9","Intermedio",0,0,"Valparaíso","Región más cercana","Centro","region_16"
2020-09-06,2020,9,-30.35,-71.54,30,6.3,"6.0 o más","Intermedio",1,1,"Coquimbo","Dentro del polígono regional","Norte","region_7"
2020-09-04,2020,9,-28.03,-71.26,21,3.2,"Menor a 4","Superficial",0,0,"Atacama","Región más cercana","Norte","region_4"
2020-09-06,2020,9,-28.03,-71.41,21,4.8,"4.0 a 4.9","Superficial",0,0,"Atacama","Región más cercana","Norte","region_4"
2020-09-07,2020,9,-27.96,-71.11,30,4.2,"4.0 a 4.9","Intermedio",0,0,"Atacama","Dentro del polígono regional","Norte","region_4"
2020-09-01,2020,9,-27.97,-71.33,24,3.9,"Menor a 4","Superficial",0,0,"Atacama","Región más cercana","Norte","region_4"
2019-09-15,2019,9,-32.28,-71.83,24,4,"4.0 a 4.9","Superficial",0,0,"Valparaíso","Región más cercana","Centro","region_16"
2020-09-11,2020,9,-21.36,-69.91,54,6,"6.0 o más","Intermedio",1,1,"Tarapacá","Dentro del polígono regional","Norte","region_15"
2020-03-17,2020,3,-36.19,-73.29,42,5.6,"5.0 a 5.9","Intermedio",1,0,"Ñuble","Región más cercana","Sur","region_13"
2019-09-14,2019,9,-32.85,-70.41,107,4.4,"4.0 a 4.9","Profundo",0,0,"Valparaíso","Dentro del polígono regional","Centro","region_16"
2019-04-09,2019,4,-32.35,-71.26,51,3.7,"Menor a 4","Intermedio",0,0,"Valparaíso","Dentro del polígono regional","Centro","region_16"
2019-07-31,2019,7,-32.21,-71.17,67,3.1,"Menor a 4","Intermedio",0,0,"Valparaíso","Dentro del polígono regional","Centro","region_16"
2020-07-29,2020,7,-33.69,-71.14,47,3.5,"Menor a 4","Intermedio",0,0,"Región Metropolitana","Dentro del polígono regional","Centro","region_14"
2020-05-23,2020,5,-33.07,-71.22,60,3.3,"Menor a 4","Intermedio",0,0,"Valparaíso","Dentro del polígono regional","Centro","region_16"
2020-03-19,2020,3,-33.39,-71.32,55,4.1,"4.0 a 4.9","Intermedio",0,0,"Valparaíso","Dentro del polígono regional","Centro","region_16"
2019-05-27,2019,5,-33.09,-71.89,28,4.3,"4.0 a 4.9","Superficial",0,0,"Valparaíso","Región más cercana","Centro","region_16"
2019-12-09,2019,12,-32.09,-70.53,130,4.9,"4.0 a 4.9","Profundo",0,0,"Coquimbo","Dentro del polígono regional","Norte","region_7"
2019-12-02,2019,12,-32.83,-71.56,47,3.1,"Menor a 4","Intermedio",0,0,"Valparaíso","Región más cercana","Centro","region_16"
2020-06-23,2020,6,-32.27,-71.72,32,4.1,"4.0 a 4.9","Intermedio",0,0,"Valparaíso","Región más cercana","Centro","region_16"
2019-03-17,2019,3,-32.58,-71.58,37,3.2,"Menor a 4","Intermedio",0,0,"Valparaíso","Región más cercana","Centro","region_16"
2020-09-17,2020,9,-30.35,-71.52,40,5.1,"5.0 a 5.9","Intermedio",1,0,"Coquimbo","Dentro del polígono regional","Norte","region_7"
2020-07-27,2020,7,-32.47,-71.48,42,3.5,"Menor a 4","Intermedio",0,0,"Valparaíso","Región más cercana","Centro","region_16"
2020-06-20,2020,6,-32.8,-71.75,30,3.9,"Menor a 4","Intermedio",0,0,"Valparaíso","Región más cercana","Centro","region_16"
2020-03-23,2020,3,-32.62,-71.5,27,3.1,"Menor a 4","Superficial",0,0,"Valparaíso","Región más cercana","Centro","region_16"
2019-03-02,2019,3,-33.14,-71.67,54,3.8,"Menor a 4","Intermedio",0,0,"Valparaíso","Dentro del polígono regional","Centro","region_16"
2019-08-25,2019,8,-32.53,-71.86,18,3.9,"Menor a 4","Superficial",0,0,"Valparaíso","Región más cercana","Centro","region_16"
2020-05-03,2020,5,-31.78,-71.34,42,3.6,"Menor a 4","Intermedio",0,0,"Coquimbo","Dentro del polígono regional","Norte","region_7"
2020-09-11,2020,9,-21.37,-69.84,53,3.2,"Menor a 4","Intermedio",0,0,"Tarapacá","Dentro del polígono regional","Norte","region_15"
2020-03-06,2020,3,-32.5,-71.55,44,3.2,"Menor a 4","Intermedio",0,0,"Valparaíso","Región más cercana","Centro","region_16"
2019-10-22,2019,10,-32.56,-71.56,61,3.5,"Menor a 4","Intermedio",0,0,"Valparaíso","Región más cercana","Centro","region_16"
2020-09-11,2020,9,-21.39,-69.86,48,3.6,"Menor a 4","Intermedio",0,0,"Tarapacá","Dentro del polígono regional","Norte","region_15"
2020-05-05,2020,5,-34.05,-71.23,56,4.6,"4.0 a 4.9","Intermedio",0,0,"Región Metropolitana","Dentro del polígono regional","Centro","region_14"
2020-07-09,2020,7,-32.5,-71.51,47,3.7,"Menor a 4","Intermedio",0,0,"Valparaíso","Región más cercana","Centro","region_16"
2020-07-14,2020,7,-31.92,-71.41,48,3.3,"Menor a 4","Intermedio",0,0,"Coquimbo","Dentro del polígono regional","Norte","region_7"
2020-09-11,2020,9,-21.35,-69.85,48,3.9,"Menor a 4","Intermedio",0,0,"Tarapacá","Dentro del polígono regional","Norte","region_15"
2019-04-09,2019,4,-33.42,-71.95,37,3.8,"Menor a 4","Intermedio",0,0,"Valparaíso","Región más cercana","Centro","region_16"
2019-04-10,2019,4,-32.13,-71.57,37,3.7,"Menor a 4","Intermedio",0,0,"Coquimbo","Región más cercana","Norte","region_7"
2020-06-25,2020,6,-32.24,-71.71,37,3.8,"Menor a 4","Intermedio",0,0,"Valparaíso","Región más cercana","Centro","region_16"
2020-06-10,2020,6,-32.18,-71.57,52,3.8,"Menor a 4","Intermedio",0,0,"Valparaíso","Región más cercana","Centro","region_16"
2020-09-11,2020,9,-21.39,-69.89,48,4.6,"4.0 a 4.9","Intermedio",0,0,"Tarapacá","Dentro del polígono regional","Norte","region_15"
2019-06-21,2019,6,-32.57,-71.55,33,3.1,"Menor a 4","Intermedio",0,0,"Valparaíso","Región más cercana","Centro","region_16"
2020-09-17,2020,9,-21.38,-69.81,47,3.8,"Menor a 4","Intermedio",0,0,"Tarapacá","Dentro del polígono regional","Norte","region_15"
2019-06-16,2019,6,-32.77,-71.53,24,3.5,"Menor a 4","Superficial",0,0,"Valparaíso","Dentro del polígono regional","Centro","region_16"
2020-09-19,2020,9,-20.38,-70.05,62,4,"4.0 a 4.9","Intermedio",0,0,"Tarapacá","Dentro del polígono regional","Norte","region_15"
2020-09-30,2020,9,-19.46,-69.32,102,3.7,"Menor a 4","Profundo",0,0,"Tarapacá","Dentro del polígono regional","Norte","region_15"
2025-11-03,2025,11,-27.52,-71.47,31,5.3,"5.0 a 5.9","Intermedio",1,0,"Atacama","Región más cercana","Norte","region_4"
2025-11-10,2025,11,-23.41,-70.31,62,5.5,"5.0 a 5.9","Intermedio",1,0,"Antofagasta","Dentro del polígono regional","Norte","region_1"
2024-09-16,2024,9,-18.83,-69.51,105,3.9,"Menor a 4","Profundo",0,0,"Arica y Parinacota","Dentro del polígono regional","Norte","region_3"
2025-10-05,2025,10,-33.32,-70.11,14,3.9,"Menor a 4","Superficial",0,0,"Región Metropolitana","Dentro del polígono regional","Centro","region_14"
2025-08-23,2025,8,-32.49,-71.57,46,4.6,"4.0 a 4.9","Intermedio",0,0,"Valparaíso","Región más cercana","Centro","region_16"
2025-06-29,2025,6,-35.68,-72.3,53,3.6,"Menor a 4","Intermedio",0,0,"Maule","Dentro del polígono regional","Centro","region_12"
2025-08-24,2025,8,-19.44,-69.53,91,4.7,"4.0 a 4.9","Profundo",0,0,"Tarapacá","Dentro del polígono regional","Norte","region_15"
2025-12-10,2025,12,-28.9,-71.28,46,5.1,"5.0 a 5.9","Intermedio",1,0,"Atacama","Dentro del polígono regional","Norte","region_4"
2025-12-13,2025,12,-21.2,-68.93,96,5.4,"5.0 a 5.9","Profundo",1,0,"Tarapacá","Dentro del polígono regional","Norte","region_15"
2025-12-20,2025,12,-20.16,-68.28,163,5.2,"5.0 a 5.9","Profundo",1,0,"Tarapacá","Región más cercana","Norte","region_15"
2025-08-24,2025,8,-33.31,-71.64,28,3.4,"Menor a 4","Superficial",0,0,"Valparaíso","Dentro del polígono regional","Centro","region_16"
2024-12-24,2024,12,-39.14,-72.28,98,4.7,"4.0 a 4.9","Profundo",0,0,"Araucanía","Dentro del polígono regional","Sur","region_2"
2025-02-17,2025,2,-37.91,-72.47,61,4.4,"4.0 a 4.9","Intermedio",0,0,"Araucanía","Dentro del polígono regional","Sur","region_2"
2025-03-24,2025,3,-36.97,-73.42,31,4.5,"4.0 a 4.9","Intermedio",0,0,"Biobío","Región más cercana","Sur","region_6"
2025-05-19,2025,5,-37.77,-73.26,65,4,"4.0 a 4.9","Intermedio",0,0,"Biobío","Dentro del polígono regional","Sur","region_6"
2024-06-04,2024,6,-38.06,-72.32,60,3.8,"Menor a 4","Intermedio",0,0,"Araucanía","Dentro del polígono regional","Sur","region_2"
2025-02-08,2025,2,-38.25,-72.54,44,4,"4.0 a 4.9","Intermedio",0,0,"Araucanía","Dentro del polígono regional","Sur","region_2"
2024-05-06,2024,5,-22.01,-70.5,15,3.7,"Menor a 4","Superficial",0,0,"Antofagasta","Región más cercana","Norte","region_1"
2025-07-05,2025,7,-24.8,-70.19,52,4.6,"4.0 a 4.9","Intermedio",0,0,"Antofagasta","Dentro del polígono regional","Norte","region_1"
2024-09-08,2024,9,-21.45,-69.9,33,3.8,"Menor a 4","Intermedio",0,0,"Antofagasta","Dentro del polígono regional","Norte","region_1"
2024-11-19,2024,11,-21.44,-69.58,30,4.3,"4.0 a 4.9","Intermedio",0,0,"Tarapacá","Dentro del polígono regional","Norte","region_15"
2025-07-24,2025,7,-22.19,-68.75,115,5.2,"5.0 a 5.9","Profundo",1,0,"Antofagasta","Dentro del polígono regional","Norte","region_1"
2025-08-11,2025,8,-21.77,-68.65,127,4.9,"4.0 a 4.9","Profundo",0,0,"Antofagasta","Dentro del polígono regional","Norte","region_1"
2025-05-19,2025,5,-23.92,-67.12,214,4.5,"4.0 a 4.9","Profundo",0,0,"Antofagasta","Región más cercana","Norte","region_1"
2025-08-16,2025,8,-25.33,-70.77,53,3.7,"Menor a 4","Intermedio",0,0,"Antofagasta","Región más cercana","Norte","region_1"
2025-08-24,2025,8,-32.51,-71.43,76,4.2,"4.0 a 4.9","Profundo",0,0,"Valparaíso","Dentro del polígono regional","Centro","region_16"
2024-09-26,2024,9,-21.93,-70.39,18,3,"Menor a 4","Superficial",0,0,"Antofagasta","Región más cercana","Norte","region_1"
2024-10-25,2024,10,-22.21,-70.04,28,4.2,"4.0 a 4.9","Superficial",0,0,"Antofagasta","Dentro del polígono regional","Norte","region_1"
2025-05-16,2025,5,-22.49,-70.13,42,3.4,"Menor a 4","Intermedio",0,0,"Antofagasta","Dentro del polígono regional","Norte","region_1"
2025-08-24,2025,8,-22.38,-70.49,20,4,"4.0 a 4.9","Superficial",0,0,"Antofagasta","Región más cercana","Norte","region_1"
2025-08-04,2025,8,-25.89,-70.47,56,3.6,"Menor a 4","Intermedio",0,0,"Antofagasta","Dentro del polígono regional","Norte","region_1"
2024-12-06,2024,12,-21.48,-70.04,43,3.2,"Menor a 4","Intermedio",0,0,"Antofagasta","Dentro del polígono regional","Norte","region_1"
2025-08-10,2025,8,-21.69,-69.77,45,3.6,"Menor a 4","Intermedio",0,0,"Antofagasta","Dentro del polígono regional","Norte","region_1"
2026-01-13,2026,1,-21.34,-68.92,114,5.1,"5.0 a 5.9","Profundo",1,0,"Antofagasta","Dentro del polígono regional","Norte","region_1"
2024-04-29,2024,4,-36.96,-73.58,18,4,"4.0 a 4.9","Superficial",0,0,"Biobío","Región más cercana","Sur","region_6"
2025-11-02,2025,11,-36.91,-74,21,4.6,"4.0 a 4.9","Superficial",0,0,"Biobío","Región más cercana","Sur","region_6"
2023-04-07,2023,4,-38.23,-72.42,44,3.9,"Menor a 4","Intermedio",0,0,"Araucanía","Dentro del polígono regional","Sur","region_2"
2024-07-03,2024,7,-37.64,-72.23,75,3.4,"Menor a 4","Profundo",0,0,"Biobío","Dentro del polígono regional","Sur","region_6"
2023-12-24,2023,12,-38.15,-74.32,34,4.8,"4.0 a 4.9","Intermedio",0,0,"Biobío","Región más cercana","Sur","region_6"
2024-07-22,2024,7,-38.22,-73.93,30,4.2,"4.0 a 4.9","Intermedio",0,0,"Biobío","Región más cercana","Sur","region_6"
2024-04-24,2024,4,-39.57,-72.6,76,4.4,"4.0 a 4.9","Profundo",0,0,"Los Ríos","Dentro del polígono regional","Sur","region_10"
2022-06-30,2022,6,-36.76,-73.34,32,3,"Menor a 4","Intermedio",0,0,"Biobío","Región más cercana","Sur","region_6"
2024-12-15,2024,12,-36.82,-73.25,28,3,"Menor a 4","Superficial",0,0,"Biobío","Región más cercana","Sur","region_6"
2024-09-28,2024,9,-39.45,-72.25,82,3.8,"Menor a 4","Profundo",0,0,"Araucanía","Dentro del polígono regional","Sur","region_2"
2022-08-07,2022,8,-19.41,-69.34,97,5.1,"5.0 a 5.9","Profundo",1,0,"Tarapacá","Dentro del polígono regional","Norte","region_15"
2022-08-18,2022,8,-34.37,-70.57,114,5.5,"5.0 a 5.9","Profundo",1,0,"O'Higgins","Dentro del polígono regional","Centro","region_8"
2022-08-24,2022,8,-22.01,-68.75,134,5.6,"5.0 a 5.9","Profundo",1,0,"Antofagasta","Dentro del polígono regional","Norte","region_1"
2021-07-31,2021,7,-32.68,-71.79,35,4.9,"4.0 a 4.9","Intermedio",0,0,"Valparaíso","Región más cercana","Centro","region_16"
2021-08-08,2021,8,-32.92,-71.26,58,4.2,"4.0 a 4.9","Intermedio",0,0,"Valparaíso","Dentro del polígono regional","Centro","region_16"
2021-10-23,2021,10,-33.27,-71.77,43,4.5,"4.0 a 4.9","Intermedio",0,0,"Valparaíso","Región más cercana","Centro","region_16"
2021-10-25,2021,10,-32.69,-71.76,29,4.1,"4.0 a 4.9","Superficial",0,0,"Valparaíso","Región más cercana","Centro","region_16"
2020-09-28,2020,9,-33.01,-71.99,25,4.6,"4.0 a 4.9","Superficial",0,0,"Valparaíso","Región más cercana","Centro","region_16"
2021-06-12,2021,6,-33.8,-72.29,14,4.8,"4.0 a 4.9","Superficial",0,0,"O'Higgins","Región más cercana","Centro","region_8"
2021-12-05,2021,12,-32.72,-72.09,38,3.9,"Menor a 4","Intermedio",0,0,"Valparaíso","Región más cercana","Centro","region_16"
2022-04-29,2022,4,-32.45,-71.86,24,3.9,"Menor a 4","Superficial",0,0,"Valparaíso","Región más cercana","Centro","region_16"
2022-05-05,2022,5,-33.22,-72.79,23,5.4,"5.0 a 5.9","Superficial",1,0,"Valparaíso","Región más cercana","Centro","region_16"
2022-05-13,2022,5,-33.3,-71.91,32,3.8,"Menor a 4","Intermedio",0,0,"Valparaíso","Región más cercana","Centro","region_16"
2022-05-21,2022,5,-32.6,-71.73,34,4.2,"4.0 a 4.9","Intermedio",0,0,"Valparaíso","Región más cercana","Centro","region_16"
2022-07-04,2022,7,-32.95,-71.83,39,4.5,"4.0 a 4.9","Intermedio",0,0,"Valparaíso","Región más cercana","Centro","region_16"
2021-09-14,2021,9,-31.75,-71.95,28,4.8,"4.0 a 4.9","Superficial",0,0,"Coquimbo","Región más cercana","Norte","region_7"
2021-10-04,2021,10,-31.69,-71.98,40,4.9,"4.0 a 4.9","Intermedio",0,0,"Coquimbo","Región más cercana","Norte","region_7"
2021-10-15,2021,10,-32.27,-71.74,35,4,"4.0 a 4.9","Intermedio",0,0,"Valparaíso","Región más cercana","Centro","region_16"
2021-11-16,2021,11,-32.14,-71.75,22,4,"4.0 a 4.9","Superficial",0,0,"Coquimbo","Región más cercana","Norte","region_7"
2022-03-02,2022,3,-32.27,-71.76,28,4,"4.0 a 4.9","Superficial",0,0,"Valparaíso","Región más cercana","Centro","region_16"
2022-04-17,2022,4,-32.19,-71.41,50,3.9,"Menor a 4","Intermedio",0,0,"Valparaíso","Dentro del polígono regional","Centro","region_16"
2022-04-20,2022,4,-32.1,-71.09,61,4.5,"4.0 a 4.9","Intermedio",0,0,"Coquimbo","Dentro del polígono regional","Norte","region_7"
2022-05-04,2022,5,-32.41,-71.67,33,3.6,"Menor a 4","Intermedio",0,0,"Valparaíso","Región más cercana","Centro","region_16"
2022-06-08,2022,6,-32.1,-71.74,24,3.7,"Menor a 4","Superficial",0,0,"Coquimbo","Región más cercana","Norte","region_7"
2022-07-05,2022,7,-32.43,-71.45,74,4.1,"4.0 a 4.9","Profundo",0,0,"Valparaíso","Región más cercana","Centro","region_16"
2021-08-03,2021,8,-32.34,-70.77,98,4.3,"4.0 a 4.9","Profundo",0,0,"Valparaíso","Dentro del polígono regional","Centro","region_16"
2021-08-07,2021,8,-32.56,-71.73,36,3.5,"Menor a 4","Intermedio",0,0,"Valparaíso","Región más cercana","Centro","region_16"
2021-09-21,2021,9,-32.52,-71.71,35,3.5,"Menor a 4","Intermedio",0,0,"Valparaíso","Región más cercana","Centro","region_16"
2021-10-21,2021,10,-32.49,-71.68,36,3.3,"Menor a 4","Intermedio",0,0,"Valparaíso","Región más cercana","Centro","region_16"
2022-03-10,2022,3,-32.49,-71.63,36,3.3,"Menor a 4","Intermedio",0,0,"Valparaíso","Región más cercana","Centro","region_16"
2018-12-06,2018,12,-34.77,-71.78,40,3.6,"Menor a 4","Intermedio",0,0,"O'Higgins","Dentro del polígono regional","Centro","region_8"
2019-05-10,2019,5,-34.82,-71.73,44,4,"4.0 a 4.9","Intermedio",0,0,"O'Higgins","Dentro del polígono regional","Centro","region_8"
2020-10-28,2020,10,-34.92,-71.68,62,4,"4.0 a 4.9","Intermedio",0,0,"O'Higgins","Dentro del polígono regional","Centro","region_8"
2021-07-01,2021,7,-35.25,-71.41,74,4.1,"4.0 a 4.9","Profundo",0,0,"Maule","Dentro del polígono regional","Centro","region_12"
2022-02-04,2022,2,-35.13,-71.31,83,3.6,"Menor a 4","Profundo",0,0,"Maule","Dentro del polígono regional","Centro","region_12"
2020-01-04,2020,1,-35.04,-71.14,100,4.1,"4.0 a 4.9","Profundo",0,0,"Maule","Dentro del polígono regional","Centro","region_12"
2020-05-22,2020,5,-34.98,-71.1,97,3.9,"Menor a 4","Profundo",0,0,"Maule","Dentro del polígono regional","Centro","region_12"
2021-03-03,2021,3,-35.08,-71.14,100,4.4,"4.0 a 4.9","Profundo",0,0,"Maule","Dentro del polígono regional","Centro","region_12"
2021-11-08,2021,11,-35.51,-71.36,94,4.1,"4.0 a 4.9","Profundo",0,0,"Maule","Dentro del polígono regional","Centro","region_12"
2022-01-24,2022,1,-35.88,-71.52,95,4.2,"4.0 a 4.9","Profundo",0,0,"Maule","Dentro del polígono regional","Centro","region_12"
2022-02-26,2022,2,-34.82,-71.8,44,4.3,"4.0 a 4.9","Intermedio",0,0,"O'Higgins","Dentro del polígono regional","Centro","region_8"
2022-04-26,2022,4,-34.99,-71.91,42,3.9,"Menor a 4","Intermedio",0,0,"Maule","Dentro del polígono regional","Centro","region_12"
2022-06-15,2022,6,-34.98,-71.12,104,3.9,"Menor a 4","Profundo",0,0,"Maule","Dentro del polígono regional","Centro","region_12"
2022-05-26,2022,5,-34.63,-73.68,35,4.7,"4.0 a 4.9","Intermedio",0,0,"Maule","Región más cercana","Centro","region_12"
2021-12-10,2021,12,-35.17,-72.23,44,3.6,"Menor a 4","Intermedio",0,0,"Maule","Dentro del polígono regional","Centro","region_12"
2022-05-07,2022,5,-36.54,-72.86,32,4.4,"4.0 a 4.9","Intermedio",0,0,"Biobío","Dentro del polígono regional","Sur","region_6"
2022-07-03,2022,7,-19.35,-70.24,76,4.8,"4.0 a 4.9","Profundo",0,0,"Tarapacá","Dentro del polígono regional","Norte","region_15"
2022-01-20,2022,1,-21.15,-70.21,36,3.9,"Menor a 4","Intermedio",0,0,"Tarapacá","Región más cercana","Norte","region_15"
2022-03-15,2022,3,-21.43,-69.6,8,4,"4.0 a 4.9","Superficial",0,0,"Tarapacá","Dentro del polígono regional","Norte","region_15"
2021-02-06,2021,2,-32.74,-72.12,40,3.7,"Menor a 4","Intermedio",0,0,"Valparaíso","Región más cercana","Centro","region_16"
2021-07-31,2021,7,-32.68,-71.74,34,3.7,"Menor a 4","Intermedio",0,0,"Valparaíso","Región más cercana","Centro","region_16"
2021-07-31,2021,7,-32.68,-71.84,42,3.1,"Menor a 4","Intermedio",0,0,"Valparaíso","Región más cercana","Centro","region_16"
2021-07-31,2021,7,-32.66,-71.69,36,3.2,"Menor a 4","Intermedio",0,0,"Valparaíso","Región más cercana","Centro","region_16"
2022-01-27,2022,1,-32.63,-71.56,34,3.7,"Menor a 4","Intermedio",0,0,"Valparaíso","Región más cercana","Centro","region_16"
2022-05-09,2022,5,-32.4,-71.34,56,3,"Menor a 4","Intermedio",0,0,"Valparaíso","Dentro del polígono regional","Centro","region_16"
2022-05-26,2022,5,-32.42,-71.68,36,3,"Menor a 4","Intermedio",0,0,"Valparaíso","Región más cercana","Centro","region_16"
2022-04-30,2022,4,-35.02,-72.14,38,3.3,"Menor a 4","Intermedio",0,0,"Maule","Dentro del polígono regional","Centro","region_12"
2022-01-12,2022,1,-21.31,-69.79,44,4.3,"4.0 a 4.9","Intermedio",0,0,"Tarapacá","Dentro del polígono regional","Norte","region_15"
2022-06-03,2022,6,-21.16,-70.06,77,4.5,"4.0 a 4.9","Profundo",0,0,"Tarapacá","Región más cercana","Norte","region_15"
2022-07-09,2022,7,-21.15,-70.17,42,4,"4.0 a 4.9","Intermedio",0,0,"Tarapacá","Región más cercana","Norte","region_15"
2024-01-24,2024,1,-22.17,-68.77,132,5.4,"5.0 a 5.9","Profundo",1,0,"Antofagasta","Dentro del polígono regional","Norte","region_1"
2022-07-17,2022,7,-37.65,-73.99,40,3.7,"Menor a 4","Intermedio",0,0,"Biobío","Región más cercana","Sur","region_6"
2022-07-17,2022,7,-37.65,-73.91,36,3.3,"Menor a 4","Intermedio",0,0,"Biobío","Región más cercana","Sur","region_6"
2022-11-13,2022,11,-37.52,-73.81,20,3.4,"Menor a 4","Superficial",0,0,"Biobío","Región más cercana","Sur","region_6"
2022-11-13,2022,11,-37.59,-73.68,4,3.8,"Menor a 4","Superficial",0,0,"Biobío","Región más cercana","Sur","region_6"
2022-11-13,2022,11,-37.54,-73.61,18,3.6,"Menor a 4","Superficial",0,0,"Biobío","Dentro del polígono regional","Sur","region_6"
2022-11-14,2022,11,-37.58,-73.62,14,3,"Menor a 4","Superficial",0,0,"Biobío","Dentro del polígono regional","Sur","region_6"
2023-12-16,2023,12,-37.05,-74.23,16,4.6,"4.0 a 4.9","Superficial",0,0,"Biobío","Región más cercana","Sur","region_6"
2020-10-16,2020,10,-38.15,-73.78,28,3.9,"Menor a 4","Superficial",0,0,"Biobío","Región más cercana","Sur","region_6"
2020-12-16,2020,12,-38.33,-73.53,9,4.2,"4.0 a 4.9","Superficial",0,0,"Biobío","Región más cercana","Sur","region_6"
2023-11-23,2023,11,-39.99,-72.61,90,3.7,"Menor a 4","Profundo",0,0,"Los Ríos","Dentro del polígono regional","Sur","region_10"
2022-11-13,2022,11,-37.56,-74.22,32,4.2,"4.0 a 4.9","Intermedio",0,0,"Biobío","Región más cercana","Sur","region_6"
2022-11-13,2022,11,-37.58,-73.65,23,3,"Menor a 4","Superficial",0,0,"Biobío","Región más cercana","Sur","region_6"
2022-11-13,2022,11,-37.53,-73.88,14,3,"Menor a 4","Superficial",0,0,"Biobío","Región más cercana","Sur","region_6"
2022-11-13,2022,11,-37.68,-73.85,17,3.2,"Menor a 4","Superficial",0,0,"Biobío","Región más cercana","Sur","region_6"
2022-11-14,2022,11,-37.56,-74.19,36,3.5,"Menor a 4","Intermedio",0,0,"Biobío","Región más cercana","Sur","region_6"
2022-11-20,2022,11,-37.56,-73.57,14,3.2,"Menor a 4","Superficial",0,0,"Biobío","Dentro del polígono regional","Sur","region_6"
2022-11-24,2022,11,-37.54,-73.93,40,3.3,"Menor a 4","Intermedio",0,0,"Biobío","Región más cercana","Sur","region_6"
2022-12-25,2022,12,-37.42,-73.78,42,3.4,"Menor a 4","Intermedio",0,0,"Biobío","Región más cercana","Sur","region_6"
2024-02-03,2024,2,-32.74,-70.66,92,5,"5.0 a 5.9","Profundo",1,0,"Valparaíso","Dentro del polígono regional","Centro","region_16"
2024-02-11,2024,2,-28.24,-71.32,44,5.7,"5.0 a 5.9","Intermedio",1,0,"Atacama","Región más cercana","Norte","region_4"
2024-02-14,2024,2,-28.91,-71.44,45,5.8,"5.0 a 5.9","Intermedio",1,0,"Atacama","Dentro del polígono regional","Norte","region_4"
2024-03-13,2024,3,-18.68,-69.52,114,5.1,"5.0 a 5.9","Profundo",1,0,"Arica y Parinacota","Dentro del polígono regional","Norte","region_3"
2024-03-24,2024,3,-19.47,-70.08,74,5.1,"5.0 a 5.9","Profundo",1,0,"Tarapacá","Dentro del polígono regional","Norte","region_15"
2024-03-27,2024,3,-23.54,-68.21,148,5.4,"5.0 a 5.9","Profundo",1,0,"Antofagasta","Dentro del polígono regional","Norte","region_1"
2022-02-01,2022,2,-40.43,-74.07,23,4.5,"4.0 a 4.9","Superficial",0,0,"Los Lagos","Región más cercana","Sur","region_9"
2023-08-03,2023,8,-41.44,-73.66,46,3.7,"Menor a 4","Intermedio",0,0,"Los Lagos","Dentro del polígono regional","Sur","region_9"
2023-10-31,2023,10,-40.59,-74.09,40,3.6,"Menor a 4","Intermedio",0,0,"Los Lagos","Región más cercana","Sur","region_9"
2024-04-03,2024,4,-36.97,-72.85,38,5.4,"5.0 a 5.9","Intermedio",1,0,"Biobío","Dentro del polígono regional","Sur","region_6"
2024-04-04,2024,4,-24.43,-69.61,83,5.2,"5.0 a 5.9","Profundo",1,0,"Antofagasta","Dentro del polígono regional","Norte","region_1"
2024-01-28,2024,1,-39.67,-72.53,89,4.5,"4.0 a 4.9","Profundo",0,0,"Los Ríos","Dentro del polígono regional","Sur","region_10"
2023-02-05,2023,2,-40.09,-72.44,5,3.2,"Menor a 4","Superficial",0,0,"Los Ríos","Dentro del polígono regional","Sur","region_10"
2023-03-14,2023,3,-38.34,-75.73,15,5.5,"5.0 a 5.9","Superficial",1,0,"Biobío","Región más cercana","Sur","region_6"
2023-11-27,2023,11,-24.56,-70.12,49,5,"5.0 a 5.9","Intermedio",1,0,"Antofagasta","Dentro del polígono regional","Norte","region_1"
2022-12-07,2022,12,-39.96,-72.77,82,3.2,"Menor a 4","Profundo",0,0,"Los Ríos","Dentro del polígono regional","Sur","region_10"
2019-04-27,2019,4,-30.27,-71.34,66,4,"4.0 a 4.9","Intermedio",0,0,"Coquimbo","Dentro del polígono regional","Norte","region_7"
2018-07-30,2018,7,-27.71,-71.49,30,4.8,"4.0 a 4.9","Intermedio",0,0,"Atacama","Región más cercana","Norte","region_4"
2019-02-19,2019,2,-28,-71.36,47,4.5,"4.0 a 4.9","Intermedio",0,0,"Atacama","Región más cercana","Norte","region_4"
2018-11-08,2018,11,-27.87,-71.12,33,4.9,"4.0 a 4.9","Intermedio",0,0,"Atacama","Región más cercana","Norte","region_4"
2019-02-22,2019,2,-30.78,-70.89,90,4.8,"4.0 a 4.9","Profundo",0,0,"Coquimbo","Dentro del polígono regional","Norte","region_7"
2019-04-20,2019,4,-32,-71.67,40,4,"4.0 a 4.9","Intermedio",0,0,"Coquimbo","Región más cercana","Norte","region_7"
2019-02-26,2019,2,-30.23,-71.26,57,4.7,"4.0 a 4.9","Intermedio",0,0,"Coquimbo","Dentro del polígono regional","Norte","region_7"
2019-04-01,2019,4,-30.24,-71.29,67,4.5,"4.0 a 4.9","Intermedio",0,0,"Coquimbo","Dentro del polígono regional","Norte","region_7"
2018-06-17,2018,6,-26.76,-70.9,43,4.1,"4.0 a 4.9","Intermedio",0,0,"Atacama","Región más cercana","Norte","region_4"
2019-05-17,2019,5,-19.75,-70.28,69,5,"5.0 a 5.9","Intermedio",1,0,"Tarapacá","Región más cercana","Norte","region_15"
2019-04-11,2019,4,-24.58,-70.11,61,4.9,"4.0 a 4.9","Intermedio",0,0,"Antofagasta","Dentro del polígono regional","Norte","region_1"
2018-07-02,2018,7,-28.02,-71.19,35,4,"4.0 a 4.9","Intermedio",0,0,"Atacama","Región más cercana","Norte","region_4"
2019-03-13,2019,3,-28.64,-70.4,88,4,"4.0 a 4.9","Profundo",0,0,"Atacama","Dentro del polígono regional","Norte","region_4"
2019-04-25,2019,4,-29.69,-71.34,51,4,"4.0 a 4.9","Intermedio",0,0,"Coquimbo","Región más cercana","Norte","region_7"
2019-02-25,2019,2,-29.68,-71.28,52,4.6,"4.0 a 4.9","Intermedio",0,0,"Coquimbo","Dentro del polígono regional","Norte","region_7"
2019-02-10,2019,2,-28.07,-70.58,90,4.2,"4.0 a 4.9","Profundo",0,0,"Atacama","Dentro del polígono regional","Norte","region_4"
2019-05-20,2019,5,-31.49,-70.23,134,5.6,"5.0 a 5.9","Profundo",1,0,"Coquimbo","Región más cercana","Norte","region_7"
2018-12-13,2018,12,-27.67,-69.29,111,4.8,"4.0 a 4.9","Profundo",0,0,"Atacama","Dentro del polígono regional","Norte","region_4"
2019-05-12,2019,5,-22.02,-69.95,50,4,"4.0 a 4.9","Intermedio",0,0,"Antofagasta","Dentro del polígono regional","Norte","region_1"
2018-12-23,2018,12,-27.58,-69.38,118,4.4,"4.0 a 4.9","Profundo",0,0,"Atacama","Dentro del polígono regional","Norte","region_4"
2019-03-09,2019,3,-30.24,-71.32,55,4.9,"4.0 a 4.9","Intermedio",0,0,"Coquimbo","Dentro del polígono regional","Norte","region_7"
2019-04-04,2019,4,-30.25,-71.2,64,4.7,"4.0 a 4.9","Intermedio",0,0,"Coquimbo","Dentro del polígono regional","Norte","region_7"
2019-04-07,2019,4,-32,-71.59,48,4.1,"4.0 a 4.9","Intermedio",0,0,"Coquimbo","Región más cercana","Norte","region_7"
2019-05-09,2019,5,-21.19,-70.02,51,4.5,"4.0 a 4.9","Intermedio",0,0,"Tarapacá","Región más cercana","Norte","region_15"
2019-05-04,2019,5,-29.81,-71.52,49,4.2,"4.0 a 4.9","Intermedio",0,0,"Coquimbo","Región más cercana","Norte","region_7"
2019-03-18,2019,3,-30.22,-71.17,67,4.2,"4.0 a 4.9","Intermedio",0,0,"Coquimbo","Dentro del polígono regional","Norte","region_7"
2019-02-04,2019,2,-28.49,-70.48,111,4,"4.0 a 4.9","Profundo",0,0,"Atacama","Dentro del polígono regional","Norte","region_4"
2019-04-16,2019,4,-27.89,-71.37,27,4.7,"4.0 a 4.9","Superficial",0,0,"Atacama","Región más cercana","Norte","region_4"
2019-05-30,2019,5,-23.46,-68.87,104,5,"5.0 a 5.9","Profundo",1,0,"Antofagasta","Dentro del polígono regional","Norte","region_1"
2018-07-20,2018,7,-27.61,-70.27,88,4,"4.0 a 4.9","Profundo",0,0,"Atacama","Dentro del polígono regional","Norte","region_4"
2019-03-07,2019,3,-30.23,-71.26,55,4,"4.0 a 4.9","Intermedio",0,0,"Coquimbo","Dentro del polígono regional","Norte","region_7"
2019-04-08,2019,4,-32.14,-71.54,32,4.6,"4.0 a 4.9","Intermedio",0,0,"Coquimbo","Región más cercana","Norte","region_7"
2018-09-02,2018,9,-28.33,-70.51,79,4.5,"4.0 a 4.9","Profundo",0,0,"Atacama","Dentro del polígono regional","Norte","region_4"
2019-03-10,2019,3,-25.78,-70.44,45,4.8,"4.0 a 4.9","Intermedio",0,0,"Antofagasta","Dentro del polígono regional","Norte","region_1"
2019-03-20,2019,3,-30.07,-71.29,64,4.1,"4.0 a 4.9","Intermedio",0,0,"Coquimbo","Dentro del polígono regional","Norte","region_7"
2018-11-01,2018,11,-27.22,-71.21,28,4.6,"4.0 a 4.9","Superficial",0,0,"Atacama","Región más cercana","Norte","region_4"
2018-12-29,2018,12,-30.05,-71.14,75,4.1,"4.0 a 4.9","Profundo",0,0,"Coquimbo","Dentro del polígono regional","Norte","region_7"
2019-04-06,2019,4,-30.07,-71.27,63,4.9,"4.0 a 4.9","Intermedio",0,0,"Coquimbo","Dentro del polígono regional","Norte","region_7"
2019-02-12,2019,2,-29.73,-71.35,54,4.3,"4.0 a 4.9","Intermedio",0,0,"Coquimbo","Región más cercana","Norte","region_7"
2019-03-05,2019,3,-29.93,-71.59,44,4.4,"4.0 a 4.9","Intermedio",0,0,"Coquimbo","Región más cercana","Norte","region_7"
2019-03-07,2019,3,-30.18,-71.23,58,4.4,"4.0 a 4.9","Intermedio",0,0,"Coquimbo","Dentro del polígono regional","Norte","region_7"
2018-12-23,2018,12,-27.48,-70.25,96,4.3,"4.0 a 4.9","Profundo",0,0,"Atacama","Dentro del polígono regional","Norte","region_4"
2019-04-28,2019,4,-32.2,-71.86,35,4.8,"4.0 a 4.9","Intermedio",0,0,"Valparaíso","Región más cercana","Centro","region_16"
2019-04-28,2019,4,-24.09,-70.72,43,4.7,"4.0 a 4.9","Intermedio",0,0,"Antofagasta","Región más cercana","Norte","region_1"
2019-05-18,2019,5,-20.19,-69.37,102,4,"4.0 a 4.9","Profundo",0,0,"Tarapacá","Dentro del polígono regional","Norte","region_15"
2019-05-15,2019,5,-21.66,-70.49,40,4.3,"4.0 a 4.9","Intermedio",0,0,"Antofagasta","Región más cercana","Norte","region_1"
2019-02-15,2019,2,-30.04,-71.21,61,4.4,"4.0 a 4.9","Intermedio",0,0,"Coquimbo","Dentro del polígono regional","Norte","region_7"
2019-06-05,2019,6,-27.41,-70.23,91,5.4,"5.0 a 5.9","Profundo",1,0,"Atacama","Dentro del polígono regional","Norte","region_4"
2019-06-11,2019,6,-18.93,-70.34,37,4.6,"4.0 a 4.9","Intermedio",0,0,"Arica y Parinacota","Región más cercana","Norte","region_3"
2019-06-14,2019,6,-30.08,-72.2,37,6.3,"6.0 o más","Intermedio",1,1,"Coquimbo","Región más cercana","Norte","region_7"
2019-06-20,2019,6,-33.59,-69.31,190,5.5,"5.0 a 5.9","Profundo",1,0,"Región Metropolitana","Región más cercana","Centro","region_14"
2019-06-23,2019,6,-21.95,-70.42,21,4.4,"4.0 a 4.9","Superficial",0,0,"Antofagasta","Región más cercana","Norte","region_1"
2019-06-16,2019,6,-24.25,-66.87,204,5.3,"5.0 a 5.9","Profundo",1,0,"Antofagasta","Región más cercana","Norte","region_1"
2019-06-03,2019,6,-19.64,-70.42,57,5.2,"5.0 a 5.9","Intermedio",1,0,"Tarapacá","Región más cercana","Norte","region_15"
2019-06-03,2019,6,-32.74,-71.4,63,5.1,"5.0 a 5.9","Intermedio",1,0,"Valparaíso","Dentro del polígono regional","Centro","region_16"
2019-06-28,2019,6,-29.36,-70.84,73,5.1,"5.0 a 5.9","Profundo",1,0,"Coquimbo","Dentro del polígono regional","Norte","region_7"
2023-03-06,2023,3,-29.72,-71.38,65,5.3,"5.0 a 5.9","Intermedio",1,0,"Coquimbo","Región más cercana","Norte","region_7"
2023-03-21,2023,3,-33.61,-71.33,64,5.5,"5.0 a 5.9","Intermedio",1,0,"Región Metropolitana","Dentro del polígono regional","Centro","region_14"
2023-03-22,2023,3,-23.51,-66.69,240,6.3,"6.0 o más","Profundo",1,1,"Antofagasta","Región más cercana","Norte","region_1"
2023-03-26,2023,3,-21.04,-68.72,106,5.5,"5.0 a 5.9","Profundo",1,0,"Tarapacá","Dentro del polígono regional","Norte","region_15"
2023-03-30,2023,3,-35.62,-73.82,22,5.5,"5.0 a 5.9","Superficial",1,0,"Maule","Región más cercana","Centro","region_12"
2023-03-31,2023,3,-24.83,-70.19,54,5.5,"5.0 a 5.9","Intermedio",1,0,"Antofagasta","Dentro del polígono regional","Norte","region_1"
2022-05-30,2022,5,-22.25,-70.17,66,4.4,"4.0 a 4.9","Intermedio",0,0,"Antofagasta","Dentro del polígono regional","Norte","region_1"
2021-01-10,2021,1,-22.45,-68.59,102,4.7,"4.0 a 4.9","Profundo",0,0,"Antofagasta","Dentro del polígono regional","Norte","region_1"
2022-12-31,2022,12,-23.02,-68.89,98,5.4,"5.0 a 5.9","Profundo",1,0,"Antofagasta","Dentro del polígono regional","Norte","region_1"
2021-03-20,2021,3,-22.94,-69.92,46,4.4,"4.0 a 4.9","Intermedio",0,0,"Antofagasta","Dentro del polígono regional","Norte","region_1"
2022-01-14,2022,1,-23.41,-70.75,24,4.6,"4.0 a 4.9","Superficial",0,0,"Antofagasta","Región más cercana","Norte","region_1"
2021-04-29,2021,4,-23.23,-68.77,108,4.8,"4.0 a 4.9","Profundo",0,0,"Antofagasta","Dentro del polígono regional","Norte","region_1"
2022-01-22,2022,1,-22.77,-68.51,16,4.6,"4.0 a 4.9","Superficial",0,0,"Antofagasta","Dentro del polígono regional","Norte","region_1"
2022-01-26,2022,1,-22.8,-68.51,8,4.3,"4.0 a 4.9","Superficial",0,0,"Antofagasta","Dentro del polígono regional","Norte","region_1"
2022-11-26,2022,11,-22.45,-69.15,117,4.6,"4.0 a 4.9","Profundo",0,0,"Antofagasta","Dentro del polígono regional","Norte","region_1"
2022-12-19,2022,12,-22.31,-68.64,114,5,"5.0 a 5.9","Profundo",1,0,"Antofagasta","Dentro del polígono regional","Norte","region_1"
2020-06-16,2020,6,-23.21,-68.59,115,4.8,"4.0 a 4.9","Profundo",0,0,"Antofagasta","Dentro del polígono regional","Norte","region_1"
2020-06-17,2020,6,-23.25,-68.57,108,3.9,"Menor a 4","Profundo",0,0,"Antofagasta","Dentro del polígono regional","Norte","region_1"
2020-10-26,2020,10,-23.33,-68.46,121,4.4,"4.0 a 4.9","Profundo",0,0,"Antofagasta","Dentro del polígono regional","Norte","region_1"
2021-01-01,2021,1,-23.48,-68.78,112,4.4,"4.0 a 4.9","Profundo",0,0,"Antofagasta","Dentro del polígono regional","Norte","region_1"
2021-01-02,2021,1,-23.48,-68.89,106,4.3,"4.0 a 4.9","Profundo",0,0,"Antofagasta","Dentro del polígono regional","Norte","region_1"
2020-07-21,2020,7,-22.16,-68.59,120,4.7,"4.0 a 4.9","Profundo",0,0,"Antofagasta","Dentro del polígono regional","Norte","region_1"
2021-10-22,2021,10,-22.15,-69.16,101,4.2,"4.0 a 4.9","Profundo",0,0,"Antofagasta","Dentro del polígono regional","Norte","region_1"
2020-04-30,2020,4,-24,-67.16,172,5.4,"5.0 a 5.9","Profundo",1,0,"Antofagasta","Región más cercana","Norte","region_1"
2020-10-11,2020,10,-23.16,-69.29,93,4,"4.0 a 4.9","Profundo",0,0,"Antofagasta","Dentro del polígono regional","Norte","region_1"
2020-10-13,2020,10,-23.04,-69.33,99,4.5,"4.0 a 4.9","Profundo",0,0,"Antofagasta","Dentro del polígono regional","Norte","region_1"
2020-10-25,2020,10,-23.23,-68.61,125,4.6,"4.0 a 4.9","Profundo",0,0,"Antofagasta","Dentro del polígono regional","Norte","region_1"
2020-11-08,2020,11,-22.34,-69.57,80,3.9,"Menor a 4","Profundo",0,0,"Antofagasta","Dentro del polígono regional","Norte","region_1"
2021-02-22,2021,2,-22.79,-69.39,102,3.9,"Menor a 4","Profundo",0,0,"Antofagasta","Dentro del polígono regional","Norte","region_1"
2021-03-09,2021,3,-22.79,-69.27,90,4,"4.0 a 4.9","Profundo",0,0,"Antofagasta","Dentro del polígono regional","Norte","region_1"
2021-03-13,2021,3,-22.9,-69.74,69,4.3,"4.0 a 4.9","Intermedio",0,0,"Antofagasta","Dentro del polígono regional","Norte","region_1"
2021-03-26,2021,3,-23.32,-69.17,82,4,"4.0 a 4.9","Profundo",0,0,"Antofagasta","Dentro del polígono regional","Norte","region_1"
2021-05-04,2021,5,-22.85,-68.72,107,4.2,"4.0 a 4.9","Profundo",0,0,"Antofagasta","Dentro del polígono regional","Norte","region_1"
2021-11-22,2021,11,-23.23,-69.11,95,3.6,"Menor a 4","Profundo",0,0,"Antofagasta","Dentro del polígono regional","Norte","region_1"
2022-01-13,2022,1,-22.99,-69.29,82,4.2,"4.0 a 4.9","Profundo",0,0,"Antofagasta","Dentro del polígono regional","Norte","region_1"
2022-01-18,2022,1,-22.8,-69.05,111,4,"4.0 a 4.9","Profundo",0,0,"Antofagasta","Dentro del polígono regional","Norte","region_1"
2022-02-27,2022,2,-23.32,-68.93,100,4.3,"4.0 a 4.9","Profundo",0,0,"Antofagasta","Dentro del polígono regional","Norte","region_1"
2022-03-10,2022,3,-22.89,-69.63,72,3.3,"Menor a 4","Profundo",0,0,"Antofagasta","Dentro del polígono regional","Norte","region_1"
2022-04-14,2022,4,-23,-69.45,84,3.9,"Menor a 4","Profundo",0,0,"Antofagasta","Dentro del polígono regional","Norte","region_1"
2022-06-26,2022,6,-23.12,-69.31,86,3.9,"Menor a 4","Profundo",0,0,"Antofagasta","Dentro del polígono regional","Norte","region_1"
2022-06-27,2022,6,-22.65,-68.83,106,4.2,"4.0 a 4.9","Profundo",0,0,"Antofagasta","Dentro del polígono regional","Norte","region_1"
2022-07-03,2022,7,-23.07,-69.49,88,4.2,"4.0 a 4.9","Profundo",0,0,"Antofagasta","Dentro del polígono regional","Norte","region_1"
2022-07-11,2022,7,-22.63,-69.13,89,4,"4.0 a 4.9","Profundo",0,0,"Antofagasta","Dentro del polígono regional","Norte","region_1"
2022-08-16,2022,8,-22.52,-69.04,112,4.3,"4.0 a 4.9","Profundo",0,0,"Antofagasta","Dentro del polígono regional","Norte","region_1"
2022-09-21,2022,9,-23.62,-69.02,102,4.3,"4.0 a 4.9","Profundo",0,0,"Antofagasta","Dentro del polígono regional","Norte","region_1"
2022-12-25,2022,12,-22.53,-69.26,108,4.4,"4.0 a 4.9","Profundo",0,0,"Antofagasta","Dentro del polígono regional","Norte","region_1"
2023-01-04,2023,1,-23,-68.95,105,4.5,"4.0 a 4.9","Profundo",0,0,"Antofagasta","Dentro del polígono regional","Norte","region_1"
2023-01-05,2023,1,-22.91,-68.57,123,4.4,"4.0 a 4.9","Profundo",0,0,"Antofagasta","Dentro del polígono regional","Norte","region_1"
2021-11-30,2021,11,-22.48,-69.45,91,4,"4.0 a 4.9","Profundo",0,0,"Antofagasta","Dentro del polígono regional","Norte","region_1"
2022-01-12,2022,1,-23.05,-69.45,85,4,"4.0 a 4.9","Profundo",0,0,"Antofagasta","Dentro del polígono regional","Norte","region_1"
2022-08-12,2022,8,-22.97,-70.17,29,4.4,"4.0 a 4.9","Superficial",0,0,"Antofagasta","Dentro del polígono regional","Norte","region_1"
2019-03-28,2019,3,-24.6,-70.12,61,5.5,"5.0 a 5.9","Intermedio",1,0,"Antofagasta","Dentro del polígono regional","Norte","region_1"
2019-03-07,2019,3,-18.87,-69.64,119,4.8,"4.0 a 4.9","Profundo",0,0,"Arica y Parinacota","Dentro del polígono regional","Norte","region_3"
2019-03-16,2019,3,-29.77,-71.42,45,5.2,"5.0 a 5.9","Intermedio",1,0,"Coquimbo","Región más cercana","Norte","region_7"
2019-03-27,2019,3,-18.44,-69.59,117,4.6,"4.0 a 4.9","Profundo",0,0,"Arica y Parinacota","Dentro del polígono regional","Norte","region_3"
2019-03-07,2019,3,-29.62,-72.48,20,5.7,"5.0 a 5.9","Superficial",1,0,"Coquimbo","Región más cercana","Norte","region_7"
2019-03-25,2019,3,-21.34,-70.14,66,4.9,"4.0 a 4.9","Intermedio",0,0,"Antofagasta","Región más cercana","Norte","region_1"
2019-03-09,2019,3,-19.94,-69.12,98,4.2,"4.0 a 4.9","Profundo",0,0,"Tarapacá","Dentro del polígono regional","Norte","region_15"
2019-03-11,2019,3,-21.28,-68.73,130,4.5,"4.0 a 4.9","Profundo",0,0,"Antofagasta","Dentro del polígono regional","Norte","region_1"
2019-03-01,2019,3,-30.63,-71.7,34,5.3,"5.0 a 5.9","Intermedio",1,0,"Coquimbo","Dentro del polígono regional","Norte","region_7"
2019-04-21,2019,4,-35.78,-71.85,85,5.2,"5.0 a 5.9","Profundo",1,0,"Maule","Dentro del polígono regional","Centro","region_12"
2019-04-19,2019,4,-20.34,-69.13,91,5,"5.0 a 5.9","Profundo",1,0,"Tarapacá","Dentro del polígono regional","Norte","region_15"
2019-04-24,2019,4,-21.49,-69.78,49,5,"5.0 a 5.9","Intermedio",1,0,"Antofagasta","Dentro del polígono regional","Norte","region_1"
2018-04-19,2018,4,-32.75,-71.11,58,4.1,"4.0 a 4.9","Intermedio",0,0,"Valparaíso","Dentro del polígono regional","Centro","region_16"
2018-07-16,2018,7,-32.63,-71.64,29,4.3,"4.0 a 4.9","Superficial",0,0,"Valparaíso","Región más cercana","Centro","region_16"
2015-09-21,2015,9,-33.06,-72.09,22,4.1,"4.0 a 4.9","Superficial",0,0,"Valparaíso","Región más cercana","Centro","region_16"
2015-09-21,2015,9,-33.07,-72.07,20,4.1,"4.0 a 4.9","Superficial",0,0,"Valparaíso","Región más cercana","Centro","region_16"
2018-08-31,2018,8,-31.81,-70.65,97,4,"4.0 a 4.9","Profundo",0,0,"Coquimbo","Dentro del polígono regional","Norte","region_7"
2018-07-08,2018,7,-33.72,-71.29,55,4,"4.0 a 4.9","Intermedio",0,0,"Región Metropolitana","Dentro del polígono regional","Centro","region_14"
2019-04-26,2019,4,-26,-70.75,50,5.6,"5.0 a 5.9","Intermedio",1,0,"Antofagasta","Región más cercana","Norte","region_1"
2018-04-25,2018,4,-32.5,-71.56,67,4,"4.0 a 4.9","Intermedio",0,0,"Valparaíso","Región más cercana","Centro","region_16"
2018-10-22,2018,10,-32.65,-71.33,51,4,"4.0 a 4.9","Intermedio",0,0,"Valparaíso","Dentro del polígono regional","Centro","region_16"
2019-04-18,2019,4,-29.38,-71.63,65,5.7,"5.0 a 5.9","Intermedio",1,0,"Coquimbo","Región más cercana","Norte","region_7"
2018-11-28,2018,11,-33.7,-72.06,36,4.3,"4.0 a 4.9","Intermedio",0,0,"Valparaíso","Región más cercana","Centro","region_16"
2017-11-26,2017,11,-32.65,-71.59,32,4,"4.0 a 4.9","Intermedio",0,0,"Valparaíso","Región más cercana","Centro","region_16"
2018-07-01,2018,7,-31.24,-71.45,40,4.2,"4.0 a 4.9","Intermedio",0,0,"Coquimbo","Dentro del polígono regional","Norte","region_7"
2019-01-28,2019,1,-32.66,-71.58,53,4.1,"4.0 a 4.9","Intermedio",0,0,"Valparaíso","Región más cercana","Centro","region_16"
2018-05-11,2018,5,-32.79,-71.76,29,4.5,"4.0 a 4.9","Superficial",0,0,"Valparaíso","Región más cercana","Centro","region_16"
2018-02-06,2018,2,-32.47,-70.31,104,4.4,"4.0 a 4.9","Profundo",0,0,"Valparaíso","Dentro del polígono regional","Centro","region_16"
2015-01-09,2015,1,-34.23,-72.45,40,4.7,"4.0 a 4.9","Intermedio",0,0,"O'Higgins","Región más cercana","Centro","region_8"
